site_id,site_name,ts_utc,ts_local,jk_in,jk_out,pp_in,pp_out
raatti,Karjasilta,2025-12-31T22:00:00Z,2026-01-01T00:00:00+02:00,1,8,4,4
raatti,Karjasilta,2025-12-31T23:00:00Z,2026-01-01T01:00:00+02:00,5,1,2,2
raatti,Karjasilta,2026-01-01T00:00:00Z,2026-01-01T02:00:00+02:00,1,3,4,2
raatti,Karjasilta,2026-01-01T01:00:00Z,2026-01-01T03:00:00+02:00,0,4,2,2
raatti,Karjasilta,2026-01-01T02:00:00Z,2026-01-01T04:00:00+02:00,2,5,1,0
raatti,Karjasilta,2026-01-01T03:00:00Z,2026-01-01T05:00:00+02:00,1,3,2,1
raatti,Karjasilta,2026-01-01T04:00:00Z,2026-01-01T06:00:00+02:00,0,1,3,8
raatti,Karjasilta,2026-01-01T05:00:00Z,2026-01-01T07:00:00+02:00,0,1,2,1
raatti,Karjasilta,2026-01-01T06:00:00Z,2026-01-01T08:00:00+02:00,3,4,1,1
raatti,Karjasilta,2026-01-01T07:00:00Z,2026-01-01T09:00:00+02:00,4,2,1,4
raatti,Karjasilta,2026-01-01T08:00:00Z,2026-01-01T10:00:00+02:00,1,4,3,6
raatti,Karjasilta,2026-01-01T09:00:00Z,2026-01-01T11:00:00+02:00,2,3,0,3
raatti,Karjasilta,2026-01-01T10:00:00Z,2026-01-01T12:00:00+02:00,6,7,4,5
raatti,Karjasilta,2026-01-01T11:00:00Z,2026-01-01T13:00:00+02:00,4,7,8,10
raatti,Karjasilta,2026-01-01T12:00:00Z,2026-01-01T14:00:00+02:00,9,8,7,4
raatti,Karjasilta,2026-01-01T13:00:00Z,2026-01-01T15:00:00+02:00,4,4,6,9
raatti,Karjasilta,2026-01-01T14:00:00Z,2026-01-01T16:00:00+02:00,3,5,6,12
raatti,Karjasilta,2026-01-01T15:00:00Z,2026-01-01T17:00:00+02:00,6,9,4,3
raatti,Karjasilta,2026-01-01T16:00:00Z,2026-01-01T18:00:00+02:00,7,5,2,4
raatti,Karjasilta,2026-01-01T17:00:00Z,2026-01-01T19:00:00+02:00,0,4,5,5
raatti,Karjasilta,2026-01-01T18:00:00Z,2026-01-01T20:00:00+02:00,8,10,7,2
raatti,Karjasilta,2026-01-01T19:00:00Z,2026-01-01T21:00:00+02:00,4,6,2,3
raatti,Karjasilta,2026-01-01T20:00:00Z,2026-01-01T22:00:00+02:00,2,5,1,0
raatti,Karjasilta,2026-01-01T21:00:00Z,2026-01-01T23:00:00+02:00,1,5,5,0
raatti,Karjasilta,2026-01-01T22:00:00Z,2026-01-02T00:00:00+02:00,0,1,1,2
raatti,Karjasilta,2026-01-01T23:00:00Z,2026-01-02T01:00:00+02:00,1,0,0,0
raatti,Karjasilta,2026-01-02T00:00:00Z,2026-01-02T02:00:00+02:00,0,0,0,1
raatti,Karjasilta,2026-01-02T01:00:00Z,2026-01-02T03:00:00+02:00,0,0,0,1
raatti,Karjasilta,2026-01-02T02:00:00Z,2026-01-02T04:00:00+02:00,4,0,0,2
raatti,Karjasilta,2026-01-02T03:00:00Z,2026-01-02T05:00:00+02:00,2,0,0,0
raatti,Karjasilta,2026-01-02T04:00:00Z,2026-01-02T06:00:00+02:00,3,1,3,8
raatti,Karjasilta,2026-01-02T05:00:00Z,2026-01-02T07:00:00+02:00,5,1,5,4
raatti,Karjasilta,2026-01-02T06:00:00Z,2026-01-02T08:00:00+02:00,4,0,3,10
raatti,Karjasilta,2026-01-02T07:00:00Z,2026-01-02T09:00:00+02:00,6,4,5,9
raatti,Karjasilta,2026-01-02T08:00:00Z,2026-01-02T10:00:00+02:00,3,13,3,6
raatti,Karjasilta,2026-01-02T09:00:00Z,2026-01-02T11:00:00+02:00,3,8,2,8
raatti,Karjasilta,2026-01-02T10:00:00Z,2026-01-02T12:00:00+02:00,7,7,10,10
raatti,Karjasilta,2026-01-02T11:00:00Z,2026-01-02T13:00:00+02:00,9,10,7,10
raatti,Karjasilta,2026-01-02T12:00:00Z,2026-01-02T14:00:00+02:00,4,10,15,10
raatti,Karjasilta,2026-01-02T13:00:00Z,2026-01-02T15:00:00+02:00,5,10,12,6
raatti,Karjasilta,2026-01-02T14:00:00Z,2026-01-02T16:00:00+02:00,3,7,8,5
raatti,Karjasilta,2026-01-02T15:00:00Z,2026-01-02T17:00:00+02:00,5,8,7,8
raatti,Karjasilta,2026-01-02T16:00:00Z,2026-01-02T18:00:00+02:00,5,5,9,6
raatti,Karjasilta,2026-01-02T17:00:00Z,2026-01-02T19:00:00+02:00,4,9,11,5
raatti,Karjasilta,2026-01-02T18:00:00Z,2026-01-02T20:00:00+02:00,4,6,5,3
raatti,Karjasilta,2026-01-02T19:00:00Z,2026-01-02T21:00:00+02:00,2,5,4,4
raatti,Karjasilta,2026-01-02T20:00:00Z,2026-01-02T22:00:00+02:00,2,4,6,1
raatti,Karjasilta,2026-01-02T21:00:00Z,2026-01-02T23:00:00+02:00,1,0,2,1
raatti,Karjasilta,2026-01-02T22:00:00Z,2026-01-03T00:00:00+02:00,0,0,3,0
raatti,Karjasilta,2026-01-02T23:00:00Z,2026-01-03T01:00:00+02:00,0,1,0,1
raatti,Karjasilta,2026-01-03T00:00:00Z,2026-01-03T02:00:00+02:00,0,0,0,0
raatti,Karjasilta,2026-01-03T01:00:00Z,2026-01-03T03:00:00+02:00,4,6,0,0
raatti,Karjasilta,2026-01-03T02:00:00Z,2026-01-03T04:00:00+02:00,0,0,1,0
raatti,Karjasilta,2026-01-03T03:00:00Z,2026-01-03T05:00:00+02:00,0,1,0,0
raatti,Karjasilta,2026-01-03T04:00:00Z,2026-01-03T06:00:00+02:00,0,2,3,5
raatti,Karjasilta,2026-01-03T05:00:00Z,2026-01-03T07:00:00+02:00,0,3,1,1
raatti,Karjasilta,2026-01-03T06:00:00Z,2026-01-03T08:00:00+02:00,3,2,2,2
raatti,Karjasilta,2026-01-03T07:00:00Z,2026-01-03T09:00:00+02:00,2,4,3,8
raatti,Karjasilta,2026-01-03T08:00:00Z,2026-01-03T10:00:00+02:00,4,5,5,3
raatti,Karjasilta,2026-01-03T09:00:00Z,2026-01-03T11:00:00+02:00,5,8,1,8
raatti,Karjasilta,2026-01-03T10:00:00Z,2026-01-03T12:00:00+02:00,3,9,3,7
raatti,Karjasilta,2026-01-03T11:00:00Z,2026-01-03T13:00:00+02:00,3,6,5,7
raatti,Karjasilta,2026-01-03T12:00:00Z,2026-01-03T14:00:00+02:00,3,9,9,10
raatti,Karjasilta,2026-01-03T13:00:00Z,2026-01-03T15:00:00+02:00,4,6,9,2
raatti,Karjasilta,2026-01-03T14:00:00Z,2026-01-03T16:00:00+02:00,2,5,7,6
raatti,Karjasilta,2026-01-03T15:00:00Z,2026-01-03T17:00:00+02:00,7,10,5,9
raatti,Karjasilta,2026-01-03T16:00:00Z,2026-01-03T18:00:00+02:00,5,5,6,8
raatti,Karjasilta,2026-01-03T17:00:00Z,2026-01-03T19:00:00+02:00,2,7,7,2
raatti,Karjasilta,2026-01-03T18:00:00Z,2026-01-03T20:00:00+02:00,4,6,6,2
raatti,Karjasilta,2026-01-03T19:00:00Z,2026-01-03T21:00:00+02:00,5,2,3,3
raatti,Karjasilta,2026-01-03T20:00:00Z,2026-01-03T22:00:00+02:00,1,3,4,2
raatti,Karjasilta,2026-01-03T21:00:00Z,2026-01-03T23:00:00+02:00,1,0,2,2
raatti,Karjasilta,2026-01-03T22:00:00Z,2026-01-04T00:00:00+02:00,0,1,2,0
raatti,Karjasilta,2026-01-03T23:00:00Z,2026-01-04T01:00:00+02:00,1,1,0,1
raatti,Karjasilta,2026-01-04T00:00:00Z,2026-01-04T02:00:00+02:00,0,0,0,0
raatti,Karjasilta,2026-01-04T01:00:00Z,2026-01-04T03:00:00+02:00,0,3,0,0
raatti,Karjasilta,2026-01-04T02:00:00Z,2026-01-04T04:00:00+02:00,1,2,0,0
raatti,Karjasilta,2026-01-04T03:00:00Z,2026-01-04T05:00:00+02:00,1,0,2,2
raatti,Karjasilta,2026-01-04T04:00:00Z,2026-01-04T06:00:00+02:00,0,0,2,5
raatti,Karjasilta,2026-01-04T05:00:00Z,2026-01-04T07:00:00+02:00,2,0,4,3
raatti,Karjasilta,2026-01-04T06:00:00Z,2026-01-04T08:00:00+02:00,3,1,0,2
raatti,Karjasilta,2026-01-04T07:00:00Z,2026-01-04T09:00:00+02:00,2,6,0,4
raatti,Karjasilta,2026-01-04T08:00:00Z,2026-01-04T10:00:00+02:00,2,3,3,3
raatti,Karjasilta,2026-01-04T09:00:00Z,2026-01-04T11:00:00+02:00,5,6,2,3
raatti,Karjasilta,2026-01-04T10:00:00Z,2026-01-04T12:00:00+02:00,4,5,5,8
raatti,Karjasilta,2026-01-04T11:00:00Z,2026-01-04T13:00:00+02:00,7,4,4,11
raatti,Karjasilta,2026-01-04T12:00:00Z,2026-01-04T14:00:00+02:00,3,9,8,4
raatti,Karjasilta,2026-01-04T13:00:00Z,2026-01-04T15:00:00+02:00,4,7,4,8
raatti,Karjasilta,2026-01-04T14:00:00Z,2026-01-04T16:00:00+02:00,5,6,6,5
raatti,Karjasilta,2026-01-04T15:00:00Z,2026-01-04T17:00:00+02:00,4,2,5,5
raatti,Karjasilta,2026-01-04T16:00:00Z,2026-01-04T18:00:00+02:00,3,5,4,7
raatti,Karjasilta,2026-01-04T17:00:00Z,2026-01-04T19:00:00+02:00,4,5,10,6
raatti,Karjasilta,2026-01-04T18:00:00Z,2026-01-04T20:00:00+02:00,2,5,6,5
raatti,Karjasilta,2026-01-04T19:00:00Z,2026-01-04T21:00:00+02:00,2,3,7,4
raatti,Karjasilta,2026-01-04T20:00:00Z,2026-01-04T22:00:00+02:00,2,2,2,0
raatti,Karjasilta,2026-01-04T21:00:00Z,2026-01-04T23:00:00+02:00,1,2,2,3
raatti,Karjasilta,2026-01-04T22:00:00Z,2026-01-05T00:00:00+02:00,2,1,1,0
raatti,Karjasilta,2026-01-04T23:00:00Z,2026-01-05T01:00:00+02:00,0,0,0,1
raatti,Karjasilta,2026-01-05T00:00:00Z,2026-01-05T02:00:00+02:00,0,0,2,0
raatti,Karjasilta,2026-01-05T01:00:00Z,2026-01-05T03:00:00+02:00,0,0,0,1
raatti,Karjasilta,2026-01-05T02:00:00Z,2026-01-05T04:00:00+02:00,0,1,0,3
raatti,Karjasilta,2026-01-05T03:00:00Z,2026-01-05T05:00:00+02:00,2,0,1,0
raatti,Karjasilta,2026-01-05T04:00:00Z,2026-01-05T06:00:00+02:00,4,1,2,10
raatti,Karjasilta,2026-01-05T05:00:00Z,2026-01-05T07:00:00+02:00,3,0,6,16
raatti,Karjasilta,2026-01-05T06:00:00Z,2026-01-05T08:00:00+02:00,6,2,5,19
raatti,Karjasilta,2026-01-05T07:00:00Z,2026-01-05T09:00:00+02:00,4,1,3,8
raatti,Karjasilta,2026-01-05T08:00:00Z,2026-01-05T10:00:00+02:00,1,3,5,12
raatti,Karjasilta,2026-01-05T09:00:00Z,2026-01-05T11:00:00+02:00,2,4,1,15
raatti,Karjasilta,2026-01-05T10:00:00Z,2026-01-05T12:00:00+02:00,3,2,9,14
raatti,Karjasilta,2026-01-05T11:00:00Z,2026-01-05T13:00:00+02:00,3,10,8,13
raatti,Karjasilta,2026-01-05T12:00:00Z,2026-01-05T14:00:00+02:00,5,3,12,16
raatti,Karjasilta,2026-01-05T13:00:00Z,2026-01-05T15:00:00+02:00,4,4,22,7
raatti,Karjasilta,2026-01-05T14:00:00Z,2026-01-05T16:00:00+02:00,1,0,27,7
raatti,Karjasilta,2026-01-05T15:00:00Z,2026-01-05T17:00:00+02:00,0,1,5,9
raatti,Karjasilta,2026-01-05T16:00:00Z,2026-01-05T18:00:00+02:00,0,5,13,5
raatti,Karjasilta,2026-01-05T17:00:00Z,2026-01-05T19:00:00+02:00,2,2,4,5
raatti,Karjasilta,2026-01-05T18:00:00Z,2026-01-05T20:00:00+02:00,0,3,12,9
raatti,Karjasilta,2026-01-05T19:00:00Z,2026-01-05T21:00:00+02:00,0,3,7,3
raatti,Karjasilta,2026-01-05T20:00:00Z,2026-01-05T22:00:00+02:00,1,0,5,1
raatti,Karjasilta,2026-01-05T21:00:00Z,2026-01-05T23:00:00+02:00,1,1,3,2
raatti,Karjasilta,2026-01-05T22:00:00Z,2026-01-06T00:00:00+02:00,0,3,0,0
raatti,Karjasilta,2026-01-05T23:00:00Z,2026-01-06T01:00:00+02:00,0,1,1,1
raatti,Karjasilta,2026-01-06T00:00:00Z,2026-01-06T02:00:00+02:00,0,0,3,0
raatti,Karjasilta,2026-01-06T01:00:00Z,2026-01-06T03:00:00+02:00,0,1,0,1
raatti,Karjasilta,2026-01-06T02:00:00Z,2026-01-06T04:00:00+02:00,0,1,0,0
raatti,Karjasilta,2026-01-06T03:00:00Z,2026-01-06T05:00:00+02:00,0,0,0,0
raatti,Karjasilta,2026-01-06T04:00:00Z,2026-01-06T06:00:00+02:00,0,1,1,2
raatti,Karjasilta,2026-01-06T05:00:00Z,2026-01-06T07:00:00+02:00,1,1,1,3
raatti,Karjasilta,2026-01-06T06:00:00Z,2026-01-06T08:00:00+02:00,0,0,0,1
raatti,Karjasilta,2026-01-06T07:00:00Z,2026-01-06T09:00:00+02:00,1,0,3,2
raatti,Karjasilta,2026-01-06T08:00:00Z,2026-01-06T10:00:00+02:00,0,3,2,3
raatti,Karjasilta,2026-01-06T09:00:00Z,2026-01-06T11:00:00+02:00,1,4,3,5
raatti,Karjasilta,2026-01-06T10:00:00Z,2026-01-06T12:00:00+02:00,2,2,7,9
raatti,Karjasilta,2026-01-06T11:00:00Z,2026-01-06T13:00:00+02:00,3,10,5,3
raatti,Karjasilta,2026-01-06T12:00:00Z,2026-01-06T14:00:00+02:00,1,8,5,10
raatti,Karjasilta,2026-01-06T13:00:00Z,2026-01-06T15:00:00+02:00,3,1,8,8
raatti,Karjasilta,2026-01-06T14:00:00Z,2026-01-06T16:00:00+02:00,2,3,5,5
raatti,Karjasilta,2026-01-06T15:00:00Z,2026-01-06T17:00:00+02:00,2,2,16,5
raatti,Karjasilta,2026-01-06T16:00:00Z,2026-01-06T18:00:00+02:00,1,1,7,5
raatti,Karjasilta,2026-01-06T17:00:00Z,2026-01-06T19:00:00+02:00,0,1,4,2
raatti,Karjasilta,2026-01-06T18:00:00Z,2026-01-06T20:00:00+02:00,0,1,2,8
raatti,Karjasilta,2026-01-06T19:00:00Z,2026-01-06T21:00:00+02:00,0,0,6,6
raatti,Karjasilta,2026-01-06T20:00:00Z,2026-01-06T22:00:00+02:00,0,1,2,0
raatti,Karjasilta,2026-01-06T21:00:00Z,2026-01-06T23:00:00+02:00,0,1,1,1
raatti,Karjasilta,2026-01-06T22:00:00Z,2026-01-07T00:00:00+02:00,0,0,0,0
raatti,Karjasilta,2026-01-06T23:00:00Z,2026-01-07T01:00:00+02:00,0,0,0,0
raatti,Karjasilta,2026-01-07T00:00:00Z,2026-01-07T02:00:00+02:00,0,0,0,0
raatti,Karjasilta,2026-01-07T01:00:00Z,2026-01-07T03:00:00+02:00,0,0,0,1
raatti,Karjasilta,2026-01-07T02:00:00Z,2026-01-07T04:00:00+02:00,0,0,0,1
raatti,Karjasilta,2026-01-07T03:00:00Z,2026-01-07T05:00:00+02:00,0,0,2,5
raatti,Karjasilta,2026-01-07T04:00:00Z,2026-01-07T06:00:00+02:00,0,0,6,19
raatti,Karjasilta,2026-01-07T05:00:00Z,2026-01-07T07:00:00+02:00,3,1,11,42
raatti,Karjasilta,2026-01-07T06:00:00Z,2026-01-07T08:00:00+02:00,4,1,5,56
raatti,Karjasilta,2026-01-07T07:00:00Z,2026-01-07T09:00:00+02:00,0,0,5,27
raatti,Karjasilta,2026-01-07T08:00:00Z,2026-01-07T10:00:00+02:00,1,4,6,8
raatti,Karjasilta,2026-01-07T09:00:00Z,2026-01-07T11:00:00+02:00,0,2,9,17
raatti,Karjasilta,2026-01-07T10:00:00Z,2026-01-07T12:00:00+02:00,0,0,6,13
raatti,Karjasilta,2026-01-07T11:00:00Z,2026-01-07T13:00:00+02:00,0,0,12,13
raatti,Karjasilta,2026-01-07T12:00:00Z,2026-01-07T14:00:00+02:00,0,3,46,10
raatti,Karjasilta,2026-01-07T13:00:00Z,2026-01-07T15:00:00+02:00,0,0,33,21
raatti,Karjasilta,2026-01-07T14:00:00Z,2026-01-07T16:00:00+02:00,0,2,49,16
raatti,Karjasilta,2026-01-07T15:00:00Z,2026-01-07T17:00:00+02:00,2,2,12,9
raatti,Karjasilta,2026-01-07T16:00:00Z,2026-01-07T18:00:00+02:00,0,1,17,12
raatti,Karjasilta,2026-01-07T17:00:00Z,2026-01-07T19:00:00+02:00,0,1,14,1
raatti,Karjasilta,2026-01-07T18:00:00Z,2026-01-07T20:00:00+02:00,0,2,8,6
raatti,Karjasilta,2026-01-07T19:00:00Z,2026-01-07T21:00:00+02:00,0,2,10,8
raatti,Karjasilta,2026-01-07T20:00:00Z,2026-01-07T22:00:00+02:00,0,0,3,1
raatti,Karjasilta,2026-01-07T21:00:00Z,2026-01-07T23:00:00+02:00,0,3,3,1
raatti,Karjasilta,2026-01-07T22:00:00Z,2026-01-08T00:00:00+02:00,0,1,1,2
raatti,Karjasilta,2026-01-07T23:00:00Z,2026-01-08T01:00:00+02:00,0,0,1,2
raatti,Karjasilta,2026-01-08T00:00:00Z,2026-01-08T02:00:00+02:00,0,0,0,0
raatti,Karjasilta,2026-01-08T01:00:00Z,2026-01-08T03:00:00+02:00,0,0,0,0
raatti,Karjasilta,2026-01-08T02:00:00Z,2026-01-08T04:00:00+02:00,0,0,0,0
raatti,Karjasilta,2026-01-08T03:00:00Z,2026-01-08T05:00:00+02:00,0,1,0,4
raatti,Karjasilta,2026-01-08T04:00:00Z,2026-01-08T06:00:00+02:00,0,0,7,13
raatti,Karjasilta,2026-01-08T05:00:00Z,2026-01-08T07:00:00+02:00,7,2,15,50
raatti,Karjasilta,2026-01-08T06:00:00Z,2026-01-08T08:00:00+02:00,4,1,5,68
raatti,Karjasilta,2026-01-08T07:00:00Z,2026-01-08T09:00:00+02:00,4,0,7,28
raatti,Karjasilta,2026-01-08T08:00:00Z,2026-01-08T10:00:00+02:00,1,2,7,9
raatti,Karjasilta,2026-01-08T09:00:00Z,2026-01-08T11:00:00+02:00,3,2,5,13
raatti,Karjasilta,2026-01-08T10:00:00Z,2026-01-08T12:00:00+02:00,2,2,10,10
raatti,Karjasilta,2026-01-08T11:00:00Z,2026-01-08T13:00:00+02:00,4,7,11,4
raatti,Karjasilta,2026-01-08T12:00:00Z,2026-01-08T14:00:00+02:00,1,6,29,12
raatti,Karjasilta,2026-01-08T13:00:00Z,2026-01-08T15:00:00+02:00,2,2,32,14
raatti,Karjasilta,2026-01-08T14:00:00Z,2026-01-08T16:00:00+02:00,4,17,46,13
raatti,Karjasilta,2026-01-08T15:00:00Z,2026-01-08T17:00:00+02:00,1,5,28,8
raatti,Karjasilta,2026-01-08T16:00:00Z,2026-01-08T18:00:00+02:00,0,9,22,11
raatti,Karjasilta,2026-01-08T17:00:00Z,2026-01-08T19:00:00+02:00,1,9,11,6
raatti,Karjasilta,2026-01-08T18:00:00Z,2026-01-08T20:00:00+02:00,1,3,11,6
raatti,Karjasilta,2026-01-08T19:00:00Z,2026-01-08T21:00:00+02:00,1,1,5,9
raatti,Karjasilta,2026-01-08T20:00:00Z,2026-01-08T22:00:00+02:00,0,2,3,4
raatti,Karjasilta,2026-01-08T21:00:00Z,2026-01-08T23:00:00+02:00,1,0,2,0
raatti,Karjasilta,2026-01-08T22:00:00Z,2026-01-09T00:00:00+02:00,0,1,0,2
raatti,Karjasilta,2026-01-08T23:00:00Z,2026-01-09T01:00:00+02:00,0,0,0,0
raatti,Karjasilta,2026-01-09T00:00:00Z,2026-01-09T02:00:00+02:00,0,0,1,0
raatti,Karjasilta,2026-01-09T01:00:00Z,2026-01-09T03:00:00+02:00,0,0,1,2
raatti,Karjasilta,2026-01-09T02:00:00Z,2026-01-09T04:00:00+02:00,0,0,0,1
raatti,Karjasilta,2026-01-09T03:00:00Z,2026-01-09T05:00:00+02:00,0,1,0,5
raatti,Karjasilta,2026-01-09T04:00:00Z,2026-01-09T06:00:00+02:00,2,0,10,8
raatti,Karjasilta,2026-01-09T05:00:00Z,2026-01-09T07:00:00+02:00,3,0,10,37
raatti,Karjasilta,2026-01-09T06:00:00Z,2026-01-09T08:00:00+02:00,2,0,5,47
raatti,Karjasilta,2026-01-09T07:00:00Z,2026-01-09T09:00:00+02:00,3,1,3,19
raatti,Karjasilta,2026-01-09T08:00:00Z,2026-01-09T10:00:00+02:00,1,1,4,6
raatti,Karjasilta,2026-01-09T09:00:00Z,2026-01-09T11:00:00+02:00,6,9,6,7
raatti,Karjasilta,2026-01-09T10:00:00Z,2026-01-09T12:00:00+02:00,1,3,5,8
raatti,Karjasilta,2026-01-09T11:00:00Z,2026-01-09T13:00:00+02:00,1,5,14,7
raatti,Karjasilta,2026-01-09T12:00:00Z,2026-01-09T14:00:00+02:00,2,13,32,11
raatti,Karjasilta,2026-01-09T13:00:00Z,2026-01-09T15:00:00+02:00,4,12,28,9
raatti,Karjasilta,2026-01-09T14:00:00Z,2026-01-09T16:00:00+02:00,0,7,18,11
raatti,Karjasilta,2026-01-09T15:00:00Z,2026-01-09T17:00:00+02:00,2,5,9,6
raatti,Karjasilta,2026-01-09T16:00:00Z,2026-01-09T18:00:00+02:00,1,5,7,3
raatti,Karjasilta,2026-01-09T17:00:00Z,2026-01-09T19:00:00+02:00,2,1,5,6
raatti,Karjasilta,2026-01-09T18:00:00Z,2026-01-09T20:00:00+02:00,2,4,4,1
raatti,Karjasilta,2026-01-09T19:00:00Z,2026-01-09T21:00:00+02:00,0,2,1,4
raatti,Karjasilta,2026-01-09T20:00:00Z,2026-01-09T22:00:00+02:00,1,3,5,2
raatti,Karjasilta,2026-01-09T21:00:00Z,2026-01-09T23:00:00+02:00,0,0,3,1
raatti,Karjasilta,2026-01-09T22:00:00Z,2026-01-10T00:00:00+02:00,0,2,5,0
raatti,Karjasilta,2026-01-09T23:00:00Z,2026-01-10T01:00:00+02:00,0,0,2,2
raatti,Karjasilta,2026-01-10T00:00:00Z,2026-01-10T02:00:00+02:00,0,0,1,0
raatti,Karjasilta,2026-01-10T01:00:00Z,2026-01-10T03:00:00+02:00,0,0,0,0
raatti,Karjasilta,2026-01-10T02:00:00Z,2026-01-10T04:00:00+02:00,0,0,0,0
raatti,Karjasilta,2026-01-10T03:00:00Z,2026-01-10T05:00:00+02:00,1,1,3,2
raatti,Karjasilta,2026-01-10T04:00:00Z,2026-01-10T06:00:00+02:00,0,0,2,2
raatti,Karjasilta,2026-01-10T05:00:00Z,2026-01-10T07:00:00+02:00,0,0,2,2
raatti,Karjasilta,2026-01-10T06:00:00Z,2026-01-10T08:00:00+02:00,1,0,2,0
raatti,Karjasilta,2026-01-10T07:00:00Z,2026-01-10T09:00:00+02:00,0,1,1,6
raatti,Karjasilta,2026-01-10T08:00:00Z,2026-01-10T10:00:00+02:00,0,0,2,4
raatti,Karjasilta,2026-01-10T09:00:00Z,2026-01-10T11:00:00+02:00,1,1,1,8
raatti,Karjasilta,2026-01-10T10:00:00Z,2026-01-10T12:00:00+02:00,1,2,5,7
raatti,Karjasilta,2026-01-10T11:00:00Z,2026-01-10T13:00:00+02:00,0,1,7,0
raatti,Karjasilta,2026-01-10T12:00:00Z,2026-01-10T14:00:00+02:00,2,1,6,8
raatti,Karjasilta,2026-01-10T13:00:00Z,2026-01-10T15:00:00+02:00,0,3,10,5
raatti,Karjasilta,2026-01-10T14:00:00Z,2026-01-10T16:00:00+02:00,3,7,3,4
raatti,Karjasilta,2026-01-10T15:00:00Z,2026-01-10T17:00:00+02:00,1,3,1,4
raatti,Karjasilta,2026-01-10T16:00:00Z,2026-01-10T18:00:00+02:00,2,1,5,5
raatti,Karjasilta,2026-01-10T17:00:00Z,2026-01-10T19:00:00+02:00,1,2,3,3
raatti,Karjasilta,2026-01-10T18:00:00Z,2026-01-10T20:00:00+02:00,1,0,4,6
raatti,Karjasilta,2026-01-10T19:00:00Z,2026-01-10T21:00:00+02:00,1,0,2,4
raatti,Karjasilta,2026-01-10T20:00:00Z,2026-01-10T22:00:00+02:00,0,0,2,1
raatti,Karjasilta,2026-01-10T21:00:00Z,2026-01-10T23:00:00+02:00,0,2,2,1
raatti,Karjasilta,2026-01-10T22:00:00Z,2026-01-11T00:00:00+02:00,1,1,1,1
raatti,Karjasilta,2026-01-10T23:00:00Z,2026-01-11T01:00:00+02:00,0,0,2,0
raatti,Karjasilta,2026-01-11T00:00:00Z,2026-01-11T02:00:00+02:00,0,1,1,1
raatti,Karjasilta,2026-01-11T01:00:00Z,2026-01-11T03:00:00+02:00,0,0,0,0
raatti,Karjasilta,2026-01-11T02:00:00Z,2026-01-11T04:00:00+02:00,0,0,0,0
raatti,Karjasilta,2026-01-11T03:00:00Z,2026-01-11T05:00:00+02:00,0,0,1,0
raatti,Karjasilta,2026-01-11T04:00:00Z,2026-01-11T06:00:00+02:00,0,0,1,2
raatti,Karjasilta,2026-01-11T05:00:00Z,2026-01-11T07:00:00+02:00,2,0,2,1
raatti,Karjasilta,2026-01-11T06:00:00Z,2026-01-11T08:00:00+02:00,0,2,1,5
raatti,Karjasilta,2026-01-11T07:00:00Z,2026-01-11T09:00:00+02:00,1,0,1,2
raatti,Karjasilta,2026-01-11T08:00:00Z,2026-01-11T10:00:00+02:00,0,1,4,4
raatti,Karjasilta,2026-01-11T09:00:00Z,2026-01-11T11:00:00+02:00,1,3,7,12
raatti,Karjasilta,2026-01-11T10:00:00Z,2026-01-11T12:00:00+02:00,3,2,11,9
raatti,Karjasilta,2026-01-11T11:00:00Z,2026-01-11T13:00:00+02:00,0,1,15,13
raatti,Karjasilta,2026-01-11T12:00:00Z,2026-01-11T14:00:00+02:00,0,1,4,13
raatti,Karjasilta,2026-01-11T13:00:00Z,2026-01-11T15:00:00+02:00,0,1,11,8
raatti,Karjasilta,2026-01-11T14:00:00Z,2026-01-11T16:00:00+02:00,0,1,7,15
raatti,Karjasilta,2026-01-11T15:00:00Z,2026-01-11T17:00:00+02:00,0,2,7,12
raatti,Karjasilta,2026-01-11T16:00:00Z,2026-01-11T18:00:00+02:00,0,0,6,2
raatti,Karjasilta,2026-01-11T17:00:00Z,2026-01-11T19:00:00+02:00,2,2,6,13
raatti,Karjasilta,2026-01-11T18:00:00Z,2026-01-11T20:00:00+02:00,2,3,5,7
raatti,Karjasilta,2026-01-11T19:00:00Z,2026-01-11T21:00:00+02:00,0,0,3,2
raatti,Karjasilta,2026-01-11T20:00:00Z,2026-01-11T22:00:00+02:00,0,1,2,1
raatti,Karjasilta,2026-01-11T21:00:00Z,2026-01-11T23:00:00+02:00,0,1,3,5
raatti,Karjasilta,2026-01-11T22:00:00Z,2026-01-12T00:00:00+02:00,0,0,1,0
raatti,Karjasilta,2026-01-11T23:00:00Z,2026-01-12T01:00:00+02:00,0,0,0,1
raatti,Karjasilta,2026-01-12T00:00:00Z,2026-01-12T02:00:00+02:00,0,0,0,2
raatti,Karjasilta,2026-01-12T01:00:00Z,2026-01-12T03:00:00+02:00,0,0,0,0
raatti,Karjasilta,2026-01-12T02:00:00Z,2026-01-12T04:00:00+02:00,0,0,1,1
raatti,Karjasilta,2026-01-12T03:00:00Z,2026-01-12T05:00:00+02:00,0,1,1,6
raatti,Karjasilta,2026-01-12T04:00:00Z,2026-01-12T06:00:00+02:00,1,0,7,14
raatti,Karjasilta,2026-01-12T05:00:00Z,2026-01-12T07:00:00+02:00,2,0,13,41
raatti,Karjasilta,2026-01-12T06:00:00Z,2026-01-12T08:00:00+02:00,4,0,9,76
raatti,Karjasilta,2026-01-12T07:00:00Z,2026-01-12T09:00:00+02:00,0,0,9,32
raatti,Karjasilta,2026-01-12T08:00:00Z,2026-01-12T10:00:00+02:00,0,0,6,9
raatti,Karjasilta,2026-01-12T09:00:00Z,2026-01-12T11:00:00+02:00,0,0,11,22
raatti,Karjasilta,2026-01-12T10:00:00Z,2026-01-12T12:00:00+02:00,0,3,12,24
raatti,Karjasilta,2026-01-12T11:00:00Z,2026-01-12T13:00:00+02:00,0,1,17,17
raatti,Karjasilta,2026-01-12T12:00:00Z,2026-01-12T14:00:00+02:00,3,3,36,15
raatti,Karjasilta,2026-01-12T13:00:00Z,2026-01-12T15:00:00+02:00,0,2,34,18
raatti,Karjasilta,2026-01-12T14:00:00Z,2026-01-12T16:00:00+02:00,0,2,66,14
raatti,Karjasilta,2026-01-12T15:00:00Z,2026-01-12T17:00:00+02:00,0,0,29,13
raatti,Karjasilta,2026-01-12T16:00:00Z,2026-01-12T18:00:00+02:00,0,1,27,16
raatti,Karjasilta,2026-01-12T17:00:00Z,2026-01-12T19:00:00+02:00,0,2,20,12
raatti,Karjasilta,2026-01-12T18:00:00Z,2026-01-12T20:00:00+02:00,0,1,18,8
raatti,Karjasilta,2026-01-12T19:00:00Z,2026-01-12T21:00:00+02:00,0,0,13,4
raatti,Karjasilta,2026-01-12T20:00:00Z,2026-01-12T22:00:00+02:00,0,0,5,2
raatti,Karjasilta,2026-01-12T21:00:00Z,2026-01-12T23:00:00+02:00,0,0,2,2
raatti,Karjasilta,2026-01-12T22:00:00Z,2026-01-13T00:00:00+02:00,0,0,0,1
raatti,Karjasilta,2026-01-12T23:00:00Z,2026-01-13T01:00:00+02:00,0,0,0,0
raatti,Karjasilta,2026-01-13T00:00:00Z,2026-01-13T02:00:00+02:00,0,0,2,0
raatti,Karjasilta,2026-01-13T01:00:00Z,2026-01-13T03:00:00+02:00,0,0,0,1
raatti,Karjasilta,2026-01-13T02:00:00Z,2026-01-13T04:00:00+02:00,0,0,1,3
raatti,Karjasilta,2026-01-13T03:00:00Z,2026-01-13T05:00:00+02:00,0,0,1,4
raatti,Karjasilta,2026-01-13T04:00:00Z,2026-01-13T06:00:00+02:00,0,0,5,16
raatti,Karjasilta,2026-01-13T05:00:00Z,2026-01-13T07:00:00+02:00,0,0,12,60
raatti,Karjasilta,2026-01-13T06:00:00Z,2026-01-13T08:00:00+02:00,0,1,11,69
raatti,Karjasilta,2026-01-13T07:00:00Z,2026-01-13T09:00:00+02:00,1,0,7,29
raatti,Karjasilta,2026-01-13T08:00:00Z,2026-01-13T10:00:00+02:00,0,0,7,20
raatti,Karjasilta,2026-01-13T09:00:00Z,2026-01-13T11:00:00+02:00,0,0,26,19
raatti,Karjasilta,2026-01-13T10:00:00Z,2026-01-13T12:00:00+02:00,0,0,15,9
raatti,Karjasilta,2026-01-13T11:00:00Z,2026-01-13T13:00:00+02:00,1,1,16,22
raatti,Karjasilta,2026-01-13T12:00:00Z,2026-01-13T14:00:00+02:00,1,2,39,18
raatti,Karjasilta,2026-01-13T13:00:00Z,2026-01-13T15:00:00+02:00,1,0,45,11
raatti,Karjasilta,2026-01-13T14:00:00Z,2026-01-13T16:00:00+02:00,0,0,70,26
raatti,Karjasilta,2026-01-13T15:00:00Z,2026-01-13T17:00:00+02:00,0,0,37,17
raatti,Karjasilta,2026-01-13T16:00:00Z,2026-01-13T18:00:00+02:00,0,1,26,12
raatti,Karjasilta,2026-01-13T17:00:00Z,2026-01-13T19:00:00+02:00,0,0,17,13
raatti,Karjasilta,2026-01-13T18:00:00Z,2026-01-13T20:00:00+02:00,0,0,14,8
raatti,Karjasilta,2026-01-13T19:00:00Z,2026-01-13T21:00:00+02:00,0,0,10,4
raatti,Karjasilta,2026-01-13T20:00:00Z,2026-01-13T22:00:00+02:00,0,1,3,3
raatti,Karjasilta,2026-01-13T21:00:00Z,2026-01-13T23:00:00+02:00,0,0,4,2
raatti,Karjasilta,2026-01-13T22:00:00Z,2026-01-14T00:00:00+02:00,0,1,0,0
raatti,Karjasilta,2026-01-13T23:00:00Z,2026-01-14T01:00:00+02:00,0,0,0,0
raatti,Karjasilta,2026-01-14T00:00:00Z,2026-01-14T02:00:00+02:00,0,0,0,0
raatti,Karjasilta,2026-01-14T01:00:00Z,2026-01-14T03:00:00+02:00,0,0,0,1
raatti,Karjasilta,2026-01-14T02:00:00Z,2026-01-14T04:00:00+02:00,1,0,1,1
raatti,Karjasilta,2026-01-14T03:00:00Z,2026-01-14T05:00:00+02:00,0,1,1,2
raatti,Karjasilta,2026-01-14T04:00:00Z,2026-01-14T06:00:00+02:00,1,2,9,12
raatti,Karjasilta,2026-01-14T05:00:00Z,2026-01-14T07:00:00+02:00,1,1,13,56
raatti,Karjasilta,2026-01-14T06:00:00Z,2026-01-14T08:00:00+02:00,0,1,7,83
raatti,Karjasilta,2026-01-14T07:00:00Z,2026-01-14T09:00:00+02:00,0,0,8,44
raatti,Karjasilta,2026-01-14T08:00:00Z,2026-01-14T10:00:00+02:00,0,1,18,24
raatti,Karjasilta,2026-01-14T09:00:00Z,2026-01-14T11:00:00+02:00,0,0,20,33
raatti,Karjasilta,2026-01-14T10:00:00Z,2026-01-14T12:00:00+02:00,1,1,21,25
raatti,Karjasilta,2026-01-14T11:00:00Z,2026-01-14T13:00:00+02:00,0,1,16,15
raatti,Karjasilta,2026-01-14T12:00:00Z,2026-01-14T14:00:00+02:00,0,1,43,19
raatti,Karjasilta,2026-01-14T13:00:00Z,2026-01-14T15:00:00+02:00,0,1,40,20
raatti,Karjasilta,2026-01-14T14:00:00Z,2026-01-14T16:00:00+02:00,0,1,56,20
raatti,Karjasilta,2026-01-14T15:00:00Z,2026-01-14T17:00:00+02:00,2,2,29,23
raatti,Karjasilta,2026-01-14T16:00:00Z,2026-01-14T18:00:00+02:00,0,0,22,16
raatti,Karjasilta,2026-01-14T17:00:00Z,2026-01-14T19:00:00+02:00,0,1,26,7
raatti,Karjasilta,2026-01-14T18:00:00Z,2026-01-14T20:00:00+02:00,0,0,13,13
raatti,Karjasilta,2026-01-14T19:00:00Z,2026-01-14T21:00:00+02:00,0,0,8,2
raatti,Karjasilta,2026-01-14T20:00:00Z,2026-01-14T22:00:00+02:00,0,0,9,2
raatti,Karjasilta,2026-01-14T21:00:00Z,2026-01-14T23:00:00+02:00,0,0,2,7
raatti,Karjasilta,2026-01-14T22:00:00Z,2026-01-15T00:00:00+02:00,1,0,4,0
raatti,Karjasilta,2026-01-14T23:00:00Z,2026-01-15T01:00:00+02:00,0,0,2,0
raatti,Karjasilta,2026-01-15T00:00:00Z,2026-01-15T02:00:00+02:00,0,0,1,1
raatti,Karjasilta,2026-01-15T01:00:00Z,2026-01-15T03:00:00+02:00,0,0,0,0
raatti,Karjasilta,2026-01-15T02:00:00Z,2026-01-15T04:00:00+02:00,0,0,1,0
raatti,Karjasilta,2026-01-15T03:00:00Z,2026-01-15T05:00:00+02:00,0,0,2,5
raatti,Karjasilta,2026-01-15T04:00:00Z,2026-01-15T06:00:00+02:00,0,1,4,18
raatti,Karjasilta,2026-01-15T05:00:00Z,2026-01-15T07:00:00+02:00,0,0,19,56
raatti,Karjasilta,2026-01-15T06:00:00Z,2026-01-15T08:00:00+02:00,1,0,10,74
raatti,Karjasilta,2026-01-15T07:00:00Z,2026-01-15T09:00:00+02:00,1,1,4,32
raatti,Karjasilta,2026-01-15T08:00:00Z,2026-01-15T10:00:00+02:00,0,1,18,26
raatti,Karjasilta,2026-01-15T09:00:00Z,2026-01-15T11:00:00+02:00,1,2,16,22
raatti,Karjasilta,2026-01-15T10:00:00Z,2026-01-15T12:00:00+02:00,0,1,18,23
raatti,Karjasilta,2026-01-15T11:00:00Z,2026-01-15T13:00:00+02:00,1,1,14,20
raatti,Karjasilta,2026-01-15T12:00:00Z,2026-01-15T14:00:00+02:00,0,3,37,23
raatti,Karjasilta,2026-01-15T13:00:00Z,2026-01-15T15:00:00+02:00,0,1,39,22
raatti,Karjasilta,2026-01-15T14:00:00Z,2026-01-15T16:00:00+02:00,2,3,65,31
raatti,Karjasilta,2026-01-15T15:00:00Z,2026-01-15T17:00:00+02:00,1,4,24,14
raatti,Karjasilta,2026-01-15T16:00:00Z,2026-01-15T18:00:00+02:00,3,5,30,13
raatti,Karjasilta,2026-01-15T17:00:00Z,2026-01-15T19:00:00+02:00,1,4,24,6
raatti,Karjasilta,2026-01-15T18:00:00Z,2026-01-15T20:00:00+02:00,0,0,17,8
raatti,Karjasilta,2026-01-15T19:00:00Z,2026-01-15T21:00:00+02:00,1,0,11,6
raatti,Karjasilta,2026-01-15T20:00:00Z,2026-01-15T22:00:00+02:00,2,3,3,3
raatti,Karjasilta,2026-01-15T21:00:00Z,2026-01-15T23:00:00+02:00,1,2,3,2
raatti,Karjasilta,2026-01-15T22:00:00Z,2026-01-16T00:00:00+02:00,0,2,1,0
raatti,Karjasilta,2026-01-15T23:00:00Z,2026-01-16T01:00:00+02:00,0,0,0,0
raatti,Karjasilta,2026-01-16T00:00:00Z,2026-01-16T02:00:00+02:00,0,0,0,0
raatti,Karjasilta,2026-01-16T01:00:00Z,2026-01-16T03:00:00+02:00,0,0,1,2
raatti,Karjasilta,2026-01-16T02:00:00Z,2026-01-16T04:00:00+02:00,1,1,1,1
raatti,Karjasilta,2026-01-16T03:00:00Z,2026-01-16T05:00:00+02:00,0,0,1,6
raatti,Karjasilta,2026-01-16T04:00:00Z,2026-01-16T06:00:00+02:00,1,0,6,5
raatti,Karjasilta,2026-01-16T05:00:00Z,2026-01-16T07:00:00+02:00,5,1,15,54
raatti,Karjasilta,2026-01-16T06:00:00Z,2026-01-16T08:00:00+02:00,7,2,4,75
raatti,Karjasilta,2026-01-16T07:00:00Z,2026-01-16T09:00:00+02:00,4,1,16,37
raatti,Karjasilta,2026-01-16T08:00:00Z,2026-01-16T10:00:00+02:00,1,2,12,23
raatti,Karjasilta,2026-01-16T09:00:00Z,2026-01-16T11:00:00+02:00,1,1,14,20
raatti,Karjasilta,2026-01-16T10:00:00Z,2026-01-16T12:00:00+02:00,2,4,18,17
raatti,Karjasilta,2026-01-16T11:00:00Z,2026-01-16T13:00:00+02:00,1,3,22,13
raatti,Karjasilta,2026-01-16T12:00:00Z,2026-01-16T14:00:00+02:00,1,12,46,33
raatti,Karjasilta,2026-01-16T13:00:00Z,2026-01-16T15:00:00+02:00,2,6,51,36
raatti,Karjasilta,2026-01-16T14:00:00Z,2026-01-16T16:00:00+02:00,4,11,34,22
raatti,Karjasilta,2026-01-16T15:00:00Z,2026-01-16T17:00:00+02:00,2,4,32,21
raatti,Karjasilta,2026-01-16T16:00:00Z,2026-01-16T18:00:00+02:00,3,2,20,14
raatti,Karjasilta,2026-01-16T17:00:00Z,2026-01-16T19:00:00+02:00,5,3,18,9
raatti,Karjasilta,2026-01-16T18:00:00Z,2026-01-16T20:00:00+02:00,8,7,20,7
raatti,Karjasilta,2026-01-16T19:00:00Z,2026-01-16T21:00:00+02:00,0,1,22,8
raatti,Karjasilta,2026-01-16T20:00:00Z,2026-01-16T22:00:00+02:00,0,0,13,6
raatti,Karjasilta,2026-01-16T21:00:00Z,2026-01-16T23:00:00+02:00,0,0,8,2
raatti,Karjasilta,2026-01-16T22:00:00Z,2026-01-17T00:00:00+02:00,0,0,4,3
raatti,Karjasilta,2026-01-16T23:00:00Z,2026-01-17T01:00:00+02:00,0,0,4,0
raatti,Karjasilta,2026-01-17T00:00:00Z,2026-01-17T02:00:00+02:00,0,0,1,1
raatti,Karjasilta,2026-01-17T01:00:00Z,2026-01-17T03:00:00+02:00,0,0,1,0
raatti,Karjasilta,2026-01-17T02:00:00Z,2026-01-17T04:00:00+02:00,1,0,1,0
raatti,Karjasilta,2026-01-17T03:00:00Z,2026-01-17T05:00:00+02:00,0,0,2,3
raatti,Karjasilta,2026-01-17T04:00:00Z,2026-01-17T06:00:00+02:00,1,2,2,3
raatti,Karjasilta,2026-01-17T05:00:00Z,2026-01-17T07:00:00+02:00,0,1,3,6
raatti,Karjasilta,2026-01-17T06:00:00Z,2026-01-17T08:00:00+02:00,1,0,2,4
raatti,Karjasilta,2026-01-17T07:00:00Z,2026-01-17T09:00:00+02:00,0,0,6,8
raatti,Karjasilta,2026-01-17T08:00:00Z,2026-01-17T10:00:00+02:00,0,1,4,14
raatti,Karjasilta,2026-01-17T09:00:00Z,2026-01-17T11:00:00+02:00,1,0,6,20
raatti,Karjasilta,2026-01-17T10:00:00Z,2026-01-17T12:00:00+02:00,3,1,10,16
raatti,Karjasilta,2026-01-17T11:00:00Z,2026-01-17T13:00:00+02:00,0,1,25,25
raatti,Karjasilta,2026-01-17T12:00:00Z,2026-01-17T14:00:00+02:00,5,0,27,21
raatti,Karjasilta,2026-01-17T13:00:00Z,2026-01-17T15:00:00+02:00,1,2,14,22
raatti,Karjasilta,2026-01-17T14:00:00Z,2026-01-17T16:00:00+02:00,1,1,13,17
raatti,Karjasilta,2026-01-17T15:00:00Z,2026-01-17T17:00:00+02:00,2,2,9,12
raatti,Karjasilta,2026-01-17T16:00:00Z,2026-01-17T18:00:00+02:00,5,3,14,10
raatti,Karjasilta,2026-01-17T17:00:00Z,2026-01-17T19:00:00+02:00,3,4,10,7
raatti,Karjasilta,2026-01-17T18:00:00Z,2026-01-17T20:00:00+02:00,1,4,15,9
raatti,Karjasilta,2026-01-17T19:00:00Z,2026-01-17T21:00:00+02:00,2,6,14,7
raatti,Karjasilta,2026-01-17T20:00:00Z,2026-01-17T22:00:00+02:00,2,2,6,8
raatti,Karjasilta,2026-01-17T21:00:00Z,2026-01-17T23:00:00+02:00,3,4,5,6
raatti,Karjasilta,2026-01-17T22:00:00Z,2026-01-18T00:00:00+02:00,1,1,2,1
raatti,Karjasilta,2026-01-17T23:00:00Z,2026-01-18T01:00:00+02:00,1,1,2,0
raatti,Karjasilta,2026-01-18T00:00:00Z,2026-01-18T02:00:00+02:00,3,0,5,5
raatti,Karjasilta,2026-01-18T01:00:00Z,2026-01-18T03:00:00+02:00,0,2,1,0
raatti,Karjasilta,2026-01-18T02:00:00Z,2026-01-18T04:00:00+02:00,0,0,3,0
raatti,Karjasilta,2026-01-18T03:00:00Z,2026-01-18T05:00:00+02:00,0,1,1,0
raatti,Karjasilta,2026-01-18T04:00:00Z,2026-01-18T06:00:00+02:00,1,0,1,11
raatti,Karjasilta,2026-01-18T05:00:00Z,2026-01-18T07:00:00+02:00,3,3,2,3
raatti,Karjasilta,2026-01-18T06:00:00Z,2026-01-18T08:00:00+02:00,1,4,4,3
raatti,Karjasilta,2026-01-18T07:00:00Z,2026-01-18T09:00:00+02:00,8,12,6,2
raatti,Karjasilta,2026-01-18T08:00:00Z,2026-01-18T10:00:00+02:00,7,4,8,12
raatti,Karjasilta,2026-01-18T09:00:00Z,2026-01-18T11:00:00+02:00,22,14,4,16
raatti,Karjasilta,2026-01-18T10:00:00Z,2026-01-18T12:00:00+02:00,14,11,11,17
raatti,Karjasilta,2026-01-18T11:00:00Z,2026-01-18T13:00:00+02:00,6,7,13,20
raatti,Karjasilta,2026-01-18T12:00:00Z,2026-01-18T14:00:00+02:00,10,6,21,22
raatti,Karjasilta,2026-01-18T13:00:00Z,2026-01-18T15:00:00+02:00,4,8,15,12
raatti,Karjasilta,2026-01-18T14:00:00Z,2026-01-18T16:00:00+02:00,3,8,17,10
raatti,Karjasilta,2026-01-18T15:00:00Z,2026-01-18T17:00:00+02:00,7,8,11,8
raatti,Karjasilta,2026-01-18T16:00:00Z,2026-01-18T18:00:00+02:00,10,4,12,9
raatti,Karjasilta,2026-01-18T17:00:00Z,2026-01-18T19:00:00+02:00,2,11,7,10
raatti,Karjasilta,2026-01-18T18:00:00Z,2026-01-18T20:00:00+02:00,4,5,3,8
raatti,Karjasilta,2026-01-18T19:00:00Z,2026-01-18T21:00:00+02:00,0,3,6,4
raatti,Karjasilta,2026-01-18T20:00:00Z,2026-01-18T22:00:00+02:00,1,4,6,1
raatti,Karjasilta,2026-01-18T21:00:00Z,2026-01-18T23:00:00+02:00,1,0,3,3
raatti,Karjasilta,2026-01-18T22:00:00Z,2026-01-19T00:00:00+02:00,0,0,1,0
raatti,Karjasilta,2026-01-18T23:00:00Z,2026-01-19T01:00:00+02:00,0,0,0,0
raatti,Karjasilta,2026-01-19T00:00:00Z,2026-01-19T02:00:00+02:00,0,0,0,1
raatti,Karjasilta,2026-01-19T01:00:00Z,2026-01-19T03:00:00+02:00,0,0,0,1
raatti,Karjasilta,2026-01-19T02:00:00Z,2026-01-19T04:00:00+02:00,1,0,1,2
raatti,Karjasilta,2026-01-19T03:00:00Z,2026-01-19T05:00:00+02:00,1,1,3,3
raatti,Karjasilta,2026-01-19T04:00:00Z,2026-01-19T06:00:00+02:00,2,2,8,24
raatti,Karjasilta,2026-01-19T05:00:00Z,2026-01-19T07:00:00+02:00,5,0,16,57
raatti,Karjasilta,2026-01-19T06:00:00Z,2026-01-19T08:00:00+02:00,13,1,11,83
raatti,Karjasilta,2026-01-19T07:00:00Z,2026-01-19T09:00:00+02:00,4,4,12,54
raatti,Karjasilta,2026-01-19T08:00:00Z,2026-01-19T10:00:00+02:00,6,4,8,19
raatti,Karjasilta,2026-01-19T09:00:00Z,2026-01-19T11:00:00+02:00,4,2,15,19
raatti,Karjasilta,2026-01-19T10:00:00Z,2026-01-19T12:00:00+02:00,3,1,19,21
raatti,Karjasilta,2026-01-19T11:00:00Z,2026-01-19T13:00:00+02:00,3,6,19,17
raatti,Karjasilta,2026-01-19T12:00:00Z,2026-01-19T14:00:00+02:00,3,7,36,19
raatti,Karjasilta,2026-01-19T13:00:00Z,2026-01-19T15:00:00+02:00,7,8,48,24
raatti,Karjasilta,2026-01-19T14:00:00Z,2026-01-19T16:00:00+02:00,4,9,75,28
raatti,Karjasilta,2026-01-19T15:00:00Z,2026-01-19T17:00:00+02:00,3,9,42,32
raatti,Karjasilta,2026-01-19T16:00:00Z,2026-01-19T18:00:00+02:00,4,8,30,17
raatti,Karjasilta,2026-01-19T17:00:00Z,2026-01-19T19:00:00+02:00,4,10,20,13
raatti,Karjasilta,2026-01-19T18:00:00Z,2026-01-19T20:00:00+02:00,4,3,21,6
raatti,Karjasilta,2026-01-19T19:00:00Z,2026-01-19T21:00:00+02:00,1,5,9,4
raatti,Karjasilta,2026-01-19T20:00:00Z,2026-01-19T22:00:00+02:00,1,0,7,4
raatti,Karjasilta,2026-01-19T21:00:00Z,2026-01-19T23:00:00+02:00,1,2,5,3
raatti,Karjasilta,2026-01-19T22:00:00Z,2026-01-20T00:00:00+02:00,0,0,1,2
raatti,Karjasilta,2026-01-19T23:00:00Z,2026-01-20T01:00:00+02:00,0,0,0,0
raatti,Karjasilta,2026-01-20T00:00:00Z,2026-01-20T02:00:00+02:00,0,0,0,1
raatti,Karjasilta,2026-01-20T01:00:00Z,2026-01-20T03:00:00+02:00,1,0,0,1
raatti,Karjasilta,2026-01-20T02:00:00Z,2026-01-20T04:00:00+02:00,1,0,0,2
raatti,Karjasilta,2026-01-20T03:00:00Z,2026-01-20T05:00:00+02:00,2,1,4,4
raatti,Karjasilta,2026-01-20T04:00:00Z,2026-01-20T06:00:00+02:00,1,1,6,20
raatti,Karjasilta,2026-01-20T05:00:00Z,2026-01-20T07:00:00+02:00,6,4,13,57
raatti,Karjasilta,2026-01-20T06:00:00Z,2026-01-20T08:00:00+02:00,13,4,8,87
raatti,Karjasilta,2026-01-20T07:00:00Z,2026-01-20T09:00:00+02:00,4,4,12,45
raatti,Karjasilta,2026-01-20T08:00:00Z,2026-01-20T10:00:00+02:00,4,4,19,20
raatti,Karjasilta,2026-01-20T09:00:00Z,2026-01-20T11:00:00+02:00,4,9,9,18
raatti,Karjasilta,2026-01-20T10:00:00Z,2026-01-20T12:00:00+02:00,6,12,18,18
raatti,Karjasilta,2026-01-20T11:00:00Z,2026-01-20T13:00:00+02:00,8,11,21,11
raatti,Karjasilta,2026-01-20T12:00:00Z,2026-01-20T14:00:00+02:00,7,13,45,25
raatti,Karjasilta,2026-01-20T13:00:00Z,2026-01-20T15:00:00+02:00,2,17,44,23
raatti,Karjasilta,2026-01-20T14:00:00Z,2026-01-20T16:00:00+02:00,13,26,71,24
raatti,Karjasilta,2026-01-20T15:00:00Z,2026-01-20T17:00:00+02:00,7,12,37,32
raatti,Karjasilta,2026-01-20T16:00:00Z,2026-01-20T18:00:00+02:00,9,15,32,16
raatti,Karjasilta,2026-01-20T17:00:00Z,2026-01-20T19:00:00+02:00,7,18,22,9
raatti,Karjasilta,2026-01-20T18:00:00Z,2026-01-20T20:00:00+02:00,8,7,17,13
raatti,Karjasilta,2026-01-20T19:00:00Z,2026-01-20T21:00:00+02:00,4,7,8,6
raatti,Karjasilta,2026-01-20T20:00:00Z,2026-01-20T22:00:00+02:00,0,2,8,3
raatti,Karjasilta,2026-01-20T21:00:00Z,2026-01-20T23:00:00+02:00,4,2,5,4
raatti,Karjasilta,2026-01-20T22:00:00Z,2026-01-21T00:00:00+02:00,0,0,0,1
raatti,Karjasilta,2026-01-20T23:00:00Z,2026-01-21T01:00:00+02:00,1,0,2,2
raatti,Karjasilta,2026-01-21T00:00:00Z,2026-01-21T02:00:00+02:00,1,0,1,0
raatti,Karjasilta,2026-01-21T01:00:00Z,2026-01-21T03:00:00+02:00,0,0,0,1
raatti,Karjasilta,2026-01-21T02:00:00Z,2026-01-21T04:00:00+02:00,2,1,0,3
raatti,Karjasilta,2026-01-21T03:00:00Z,2026-01-21T05:00:00+02:00,0,0,0,1
raatti,Karjasilta,2026-01-21T04:00:00Z,2026-01-21T06:00:00+02:00,2,1,8,19
raatti,Karjasilta,2026-01-21T05:00:00Z,2026-01-21T07:00:00+02:00,6,5,12,57
raatti,Karjasilta,2026-01-21T06:00:00Z,2026-01-21T08:00:00+02:00,12,6,12,108
raatti,Karjasilta,2026-01-21T07:00:00Z,2026-01-21T09:00:00+02:00,4,3,3,25
raatti,Karjasilta,2026-01-21T08:00:00Z,2026-01-21T10:00:00+02:00,1,4,9,17
raatti,Karjasilta,2026-01-21T09:00:00Z,2026-01-21T11:00:00+02:00,11,10,14,25
raatti,Karjasilta,2026-01-21T10:00:00Z,2026-01-21T12:00:00+02:00,7,17,23,14
raatti,Karjasilta,2026-01-21T11:00:00Z,2026-01-21T13:00:00+02:00,1,8,51,26
raatti,Karjasilta,2026-01-21T12:00:00Z,2026-01-21T14:00:00+02:00,7,9,23,21
raatti,Karjasilta,2026-01-21T13:00:00Z,2026-01-21T15:00:00+02:00,4,7,39,18
raatti,Karjasilta,2026-01-21T14:00:00Z,2026-01-21T16:00:00+02:00,7,15,65,29
raatti,Karjasilta,2026-01-21T15:00:00Z,2026-01-21T17:00:00+02:00,13,16,30,20
raatti,Karjasilta,2026-01-21T16:00:00Z,2026-01-21T18:00:00+02:00,7,13,24,10
raatti,Karjasilta,2026-01-21T17:00:00Z,2026-01-21T19:00:00+02:00,6,10,16,8
raatti,Karjasilta,2026-01-21T18:00:00Z,2026-01-21T20:00:00+02:00,6,12,16,6
raatti,Karjasilta,2026-01-21T19:00:00Z,2026-01-21T21:00:00+02:00,2,5,16,8
raatti,Karjasilta,2026-01-21T20:00:00Z,2026-01-21T22:00:00+02:00,1,2,7,5
raatti,Karjasilta,2026-01-21T21:00:00Z,2026-01-21T23:00:00+02:00,1,1,8,3
raatti,Karjasilta,2026-01-21T22:00:00Z,2026-01-22T00:00:00+02:00,1,0,1,0
raatti,Karjasilta,2026-01-21T23:00:00Z,2026-01-22T01:00:00+02:00,0,0,1,2
raatti,Karjasilta,2026-01-22T00:00:00Z,2026-01-22T02:00:00+02:00,0,0,1,0
raatti,Karjasilta,2026-01-22T01:00:00Z,2026-01-22T03:00:00+02:00,0,0,0,0
raatti,Karjasilta,2026-01-22T02:00:00Z,2026-01-22T04:00:00+02:00,1,0,0,1
raatti,Karjasilta,2026-01-22T03:00:00Z,2026-01-22T05:00:00+02:00,1,0,3,7
raatti,Karjasilta,2026-01-22T04:00:00Z,2026-01-22T06:00:00+02:00,4,0,8,19
raatti,Karjasilta,2026-01-22T05:00:00Z,2026-01-22T07:00:00+02:00,8,3,10,64
raatti,Karjasilta,2026-01-22T06:00:00Z,2026-01-22T08:00:00+02:00,16,3,13,90
raatti,Karjasilta,2026-01-22T07:00:00Z,2026-01-22T09:00:00+02:00,9,3,6,39
raatti,Karjasilta,2026-01-22T08:00:00Z,2026-01-22T10:00:00+02:00,7,6,14,17
raatti,Karjasilta,2026-01-22T09:00:00Z,2026-01-22T11:00:00+02:00,8,8,20,24
raatti,Karjasilta,2026-01-22T10:00:00Z,2026-01-22T12:00:00+02:00,3,5,24,18
raatti,Karjasilta,2026-01-22T11:00:00Z,2026-01-22T13:00:00+02:00,3,13,49,20
raatti,Karjasilta,2026-01-22T12:00:00Z,2026-01-22T14:00:00+02:00,3,10,27,19
raatti,Karjasilta,2026-01-22T13:00:00Z,2026-01-22T15:00:00+02:00,10,15,47,26
raatti,Karjasilta,2026-01-22T14:00:00Z,2026-01-22T16:00:00+02:00,5,19,59,21
raatti,Karjasilta,2026-01-22T15:00:00Z,2026-01-22T17:00:00+02:00,5,6,36,20
raatti,Karjasilta,2026-01-22T16:00:00Z,2026-01-22T18:00:00+02:00,8,16,30,9
raatti,Karjasilta,2026-01-22T17:00:00Z,2026-01-22T19:00:00+02:00,5,11,12,6
raatti,Karjasilta,2026-01-22T18:00:00Z,2026-01-22T20:00:00+02:00,3,13,25,13
raatti,Karjasilta,2026-01-22T19:00:00Z,2026-01-22T21:00:00+02:00,2,8,4,3
raatti,Karjasilta,2026-01-22T20:00:00Z,2026-01-22T22:00:00+02:00,0,2,7,3
raatti,Karjasilta,2026-01-22T21:00:00Z,2026-01-22T23:00:00+02:00,1,4,8,5
raatti,Karjasilta,2026-01-22T22:00:00Z,2026-01-23T00:00:00+02:00,0,2,6,1
raatti,Karjasilta,2026-01-22T23:00:00Z,2026-01-23T01:00:00+02:00,0,1,1,0
raatti,Karjasilta,2026-01-23T00:00:00Z,2026-01-23T02:00:00+02:00,0,1,1,0
raatti,Karjasilta,2026-01-23T01:00:00Z,2026-01-23T03:00:00+02:00,0,0,0,2
raatti,Karjasilta,2026-01-23T02:00:00Z,2026-01-23T04:00:00+02:00,1,1,0,1
raatti,Karjasilta,2026-01-23T03:00:00Z,2026-01-23T05:00:00+02:00,0,0,1,3
raatti,Karjasilta,2026-01-23T04:00:00Z,2026-01-23T06:00:00+02:00,1,0,8,17
raatti,Karjasilta,2026-01-23T05:00:00Z,2026-01-23T07:00:00+02:00,7,4,7,46
raatti,Karjasilta,2026-01-23T06:00:00Z,2026-01-23T08:00:00+02:00,10,3,14,83
raatti,Karjasilta,2026-01-23T07:00:00Z,2026-01-23T09:00:00+02:00,8,2,8,16
raatti,Karjasilta,2026-01-23T08:00:00Z,2026-01-23T10:00:00+02:00,6,4,9,17
raatti,Karjasilta,2026-01-23T09:00:00Z,2026-01-23T11:00:00+02:00,5,7,17,21
raatti,Karjasilta,2026-01-23T10:00:00Z,2026-01-23T12:00:00+02:00,8,6,20,23
raatti,Karjasilta,2026-01-23T11:00:00Z,2026-01-23T13:00:00+02:00,3,8,31,13
raatti,Karjasilta,2026-01-23T12:00:00Z,2026-01-23T14:00:00+02:00,2,4,32,29
raatti,Karjasilta,2026-01-23T13:00:00Z,2026-01-23T15:00:00+02:00,6,13,43,16
raatti,Karjasilta,2026-01-23T14:00:00Z,2026-01-23T16:00:00+02:00,5,16,45,17
raatti,Karjasilta,2026-01-23T15:00:00Z,2026-01-23T17:00:00+02:00,3,6,23,17
raatti,Karjasilta,2026-01-23T16:00:00Z,2026-01-23T18:00:00+02:00,10,15,15,10
raatti,Karjasilta,2026-01-23T17:00:00Z,2026-01-23T19:00:00+02:00,4,6,5,8
raatti,Karjasilta,2026-01-23T18:00:00Z,2026-01-23T20:00:00+02:00,4,11,10,7
raatti,Karjasilta,2026-01-23T19:00:00Z,2026-01-23T21:00:00+02:00,1,2,8,4
raatti,Karjasilta,2026-01-23T20:00:00Z,2026-01-23T22:00:00+02:00,4,3,9,1
raatti,Karjasilta,2026-01-23T21:00:00Z,2026-01-23T23:00:00+02:00,1,1,13,2
raatti,Karjasilta,2026-01-23T22:00:00Z,2026-01-24T00:00:00+02:00,0,1,5,1
raatti,Karjasilta,2026-01-23T23:00:00Z,2026-01-24T01:00:00+02:00,1,1,1,2
raatti,Karjasilta,2026-01-24T00:00:00Z,2026-01-24T02:00:00+02:00,0,1,2,2
raatti,Karjasilta,2026-01-24T01:00:00Z,2026-01-24T03:00:00+02:00,0,0,2,1
raatti,Karjasilta,2026-01-24T02:00:00Z,2026-01-24T04:00:00+02:00,0,1,0,0
raatti,Karjasilta,2026-01-24T03:00:00Z,2026-01-24T05:00:00+02:00,0,0,2,0
raatti,Karjasilta,2026-01-24T04:00:00Z,2026-01-24T06:00:00+02:00,1,3,3,3
raatti,Karjasilta,2026-01-24T05:00:00Z,2026-01-24T07:00:00+02:00,1,2,2,2
raatti,Karjasilta,2026-01-24T06:00:00Z,2026-01-24T08:00:00+02:00,3,0,5,2
raatti,Karjasilta,2026-01-24T07:00:00Z,2026-01-24T09:00:00+02:00,3,1,1,11
raatti,Karjasilta,2026-01-24T08:00:00Z,2026-01-24T10:00:00+02:00,3,1,2,10
raatti,Karjasilta,2026-01-24T09:00:00Z,2026-01-24T11:00:00+02:00,5,1,3,11
raatti,Karjasilta,2026-01-24T10:00:00Z,2026-01-24T12:00:00+02:00,3,6,20,21
raatti,Karjasilta,2026-01-24T11:00:00Z,2026-01-24T13:00:00+02:00,5,2,8,17
raatti,Karjasilta,2026-01-24T12:00:00Z,2026-01-24T14:00:00+02:00,11,7,15,10
raatti,Karjasilta,2026-01-24T13:00:00Z,2026-01-24T15:00:00+02:00,12,6,11,9
raatti,Karjasilta,2026-01-24T14:00:00Z,2026-01-24T16:00:00+02:00,6,5,20,18
raatti,Karjasilta,2026-01-24T15:00:00Z,2026-01-24T17:00:00+02:00,4,5,12,9
raatti,Karjasilta,2026-01-24T16:00:00Z,2026-01-24T18:00:00+02:00,4,6,10,11
raatti,Karjasilta,2026-01-24T17:00:00Z,2026-01-24T19:00:00+02:00,5,5,4,4
raatti,Karjasilta,2026-01-24T18:00:00Z,2026-01-24T20:00:00+02:00,5,7,8,4
raatti,Karjasilta,2026-01-24T19:00:00Z,2026-01-24T21:00:00+02:00,3,11,12,8
raatti,Karjasilta,2026-01-24T20:00:00Z,2026-01-24T22:00:00+02:00,5,3,8,4
raatti,Karjasilta,2026-01-24T21:00:00Z,2026-01-24T23:00:00+02:00,4,5,7,4
raatti,Karjasilta,2026-01-24T22:00:00Z,2026-01-25T00:00:00+02:00,2,2,0,2
raatti,Karjasilta,2026-01-24T23:00:00Z,2026-01-25T01:00:00+02:00,0,0,1,0
raatti,Karjasilta,2026-01-25T00:00:00Z,2026-01-25T02:00:00+02:00,0,1,3,0
raatti,Karjasilta,2026-01-25T01:00:00Z,2026-01-25T03:00:00+02:00,0,1,3,1
raatti,Karjasilta,2026-01-25T02:00:00Z,2026-01-25T04:00:00+02:00,0,0,1,0
raatti,Karjasilta,2026-01-25T03:00:00Z,2026-01-25T05:00:00+02:00,0,1,1,0
raatti,Karjasilta,2026-01-25T04:00:00Z,2026-01-25T06:00:00+02:00,4,2,3,6
raatti,Karjasilta,2026-01-25T05:00:00Z,2026-01-25T07:00:00+02:00,1,3,2,4
raatti,Karjasilta,2026-01-25T06:00:00Z,2026-01-25T08:00:00+02:00,1,0,5,4
raatti,Karjasilta,2026-01-25T07:00:00Z,2026-01-25T09:00:00+02:00,4,7,4,5
raatti,Karjasilta,2026-01-25T08:00:00Z,2026-01-25T10:00:00+02:00,12,2,5,9
raatti,Karjasilta,2026-01-25T09:00:00Z,2026-01-25T11:00:00+02:00,13,7,6,16
raatti,Karjasilta,2026-01-25T10:00:00Z,2026-01-25T12:00:00+02:00,20,11,9,13
raatti,Karjasilta,2026-01-25T11:00:00Z,2026-01-25T13:00:00+02:00,11,12,6,12
raatti,Karjasilta,2026-01-25T12:00:00Z,2026-01-25T14:00:00+02:00,4,9,12,14
raatti,Karjasilta,2026-01-25T13:00:00Z,2026-01-25T15:00:00+02:00,7,9,9,14
raatti,Karjasilta,2026-01-25T14:00:00Z,2026-01-25T16:00:00+02:00,7,5,14,15
raatti,Karjasilta,2026-01-25T15:00:00Z,2026-01-25T17:00:00+02:00,4,9,7,13
raatti,Karjasilta,2026-01-25T16:00:00Z,2026-01-25T18:00:00+02:00,9,6,12,15
raatti,Karjasilta,2026-01-25T17:00:00Z,2026-01-25T19:00:00+02:00,5,10,10,13
raatti,Karjasilta,2026-01-25T18:00:00Z,2026-01-25T20:00:00+02:00,5,5,5,4
raatti,Karjasilta,2026-01-25T19:00:00Z,2026-01-25T21:00:00+02:00,3,8,15,5
raatti,Karjasilta,2026-01-25T20:00:00Z,2026-01-25T22:00:00+02:00,1,0,6,3
raatti,Karjasilta,2026-01-25T21:00:00Z,2026-01-25T23:00:00+02:00,2,1,4,4
raatti,Karjasilta,2026-01-25T22:00:00Z,2026-01-26T00:00:00+02:00,0,1,1,0
raatti,Karjasilta,2026-01-25T23:00:00Z,2026-01-26T01:00:00+02:00,2,0,1,0
raatti,Karjasilta,2026-01-26T00:00:00Z,2026-01-26T02:00:00+02:00,0,0,0,1
raatti,Karjasilta,2026-01-26T01:00:00Z,2026-01-26T03:00:00+02:00,1,1,0,1
raatti,Karjasilta,2026-01-26T02:00:00Z,2026-01-26T04:00:00+02:00,2,0,1,4
raatti,Karjasilta,2026-01-26T03:00:00Z,2026-01-26T05:00:00+02:00,6,2,3,5
raatti,Karjasilta,2026-01-26T04:00:00Z,2026-01-26T06:00:00+02:00,3,4,12,20
raatti,Karjasilta,2026-01-26T05:00:00Z,2026-01-26T07:00:00+02:00,14,7,17,61
raatti,Karjasilta,2026-01-26T06:00:00Z,2026-01-26T08:00:00+02:00,16,5,9,100
raatti,Karjasilta,2026-01-26T07:00:00Z,2026-01-26T09:00:00+02:00,14,3,8,52
raatti,Karjasilta,2026-01-26T08:00:00Z,2026-01-26T10:00:00+02:00,6,7,9,20
raatti,Karjasilta,2026-01-26T09:00:00Z,2026-01-26T11:00:00+02:00,11,3,24,17
raatti,Karjasilta,2026-01-26T10:00:00Z,2026-01-26T12:00:00+02:00,6,15,13,18
raatti,Karjasilta,2026-01-26T11:00:00Z,2026-01-26T13:00:00+02:00,6,14,15,17
raatti,Karjasilta,2026-01-26T12:00:00Z,2026-01-26T14:00:00+02:00,7,16,39,21
raatti,Karjasilta,2026-01-26T13:00:00Z,2026-01-26T15:00:00+02:00,10,18,52,18
raatti,Karjasilta,2026-01-26T14:00:00Z,2026-01-26T16:00:00+02:00,12,28,70,15
raatti,Karjasilta,2026-01-26T15:00:00Z,2026-01-26T17:00:00+02:00,11,17,31,14
raatti,Karjasilta,2026-01-26T16:00:00Z,2026-01-26T18:00:00+02:00,7,18,16,7
raatti,Karjasilta,2026-01-26T17:00:00Z,2026-01-26T19:00:00+02:00,8,16,24,10
raatti,Karjasilta,2026-01-26T18:00:00Z,2026-01-26T20:00:00+02:00,4,13,12,6
raatti,Karjasilta,2026-01-26T19:00:00Z,2026-01-26T21:00:00+02:00,5,7,5,4
raatti,Karjasilta,2026-01-26T20:00:00Z,2026-01-26T22:00:00+02:00,2,2,3,2
raatti,Karjasilta,2026-01-26T21:00:00Z,2026-01-26T23:00:00+02:00,2,1,3,3
raatti,Karjasilta,2026-01-26T22:00:00Z,2026-01-27T00:00:00+02:00,0,0,3,0
raatti,Karjasilta,2026-01-26T23:00:00Z,2026-01-27T01:00:00+02:00,0,0,0,0
raatti,Karjasilta,2026-01-27T00:00:00Z,2026-01-27T02:00:00+02:00,0,0,1,0
raatti,Karjasilta,2026-01-27T01:00:00Z,2026-01-27T03:00:00+02:00,0,1,1,1
raatti,Karjasilta,2026-01-27T02:00:00Z,2026-01-27T04:00:00+02:00,3,0,0,3
raatti,Karjasilta,2026-01-27T03:00:00Z,2026-01-27T05:00:00+02:00,1,2,0,2
raatti,Karjasilta,2026-01-27T04:00:00Z,2026-01-27T06:00:00+02:00,4,1,10,17
raatti,Karjasilta,2026-01-27T05:00:00Z,2026-01-27T07:00:00+02:00,17,11,9,50
raatti,Karjasilta,2026-01-27T06:00:00Z,2026-01-27T08:00:00+02:00,13,3,11,61
raatti,Karjasilta,2026-01-27T07:00:00Z,2026-01-27T09:00:00+02:00,10,4,3,36
raatti,Karjasilta,2026-01-27T08:00:00Z,2026-01-27T10:00:00+02:00,10,4,9,15
raatti,Karjasilta,2026-01-27T09:00:00Z,2026-01-27T11:00:00+02:00,9,11,14,25
raatti,Karjasilta,2026-01-27T10:00:00Z,2026-01-27T12:00:00+02:00,12,13,27,18
raatti,Karjasilta,2026-01-27T11:00:00Z,2026-01-27T13:00:00+02:00,10,10,25,19
raatti,Karjasilta,2026-01-27T12:00:00Z,2026-01-27T14:00:00+02:00,10,24,54,15
raatti,Karjasilta,2026-01-27T13:00:00Z,2026-01-27T15:00:00+02:00,8,18,43,26
raatti,Karjasilta,2026-01-27T14:00:00Z,2026-01-27T16:00:00+02:00,17,28,59,16
raatti,Karjasilta,2026-01-27T15:00:00Z,2026-01-27T17:00:00+02:00,18,23,24,16
raatti,Karjasilta,2026-01-27T16:00:00Z,2026-01-27T18:00:00+02:00,11,25,12,17
raatti,Karjasilta,2026-01-27T17:00:00Z,2026-01-27T19:00:00+02:00,9,17,16,7
raatti,Karjasilta,2026-01-27T18:00:00Z,2026-01-27T20:00:00+02:00,5,12,11,7
raatti,Karjasilta,2026-01-27T19:00:00Z,2026-01-27T21:00:00+02:00,2,6,10,3
raatti,Karjasilta,2026-01-27T20:00:00Z,2026-01-27T22:00:00+02:00,1,5,6,0
raatti,Karjasilta,2026-01-27T21:00:00Z,2026-01-27T23:00:00+02:00,2,0,2,2
raatti,Karjasilta,2026-01-27T22:00:00Z,2026-01-28T00:00:00+02:00,2,0,1,4
raatti,Karjasilta,2026-01-27T23:00:00Z,2026-01-28T01:00:00+02:00,1,0,1,1
raatti,Karjasilta,2026-01-28T00:00:00Z,2026-01-28T02:00:00+02:00,0,0,0,0
raatti,Karjasilta,2026-01-28T01:00:00Z,2026-01-28T03:00:00+02:00,0,0,0,1
raatti,Karjasilta,2026-01-28T02:00:00Z,2026-01-28T04:00:00+02:00,2,1,1,1
raatti,Karjasilta,2026-01-28T03:00:00Z,2026-01-28T05:00:00+02:00,1,2,1,3
raatti,Karjasilta,2026-01-28T04:00:00Z,2026-01-28T06:00:00+02:00,4,3,5,13
raatti,Karjasilta,2026-01-28T05:00:00Z,2026-01-28T07:00:00+02:00,7,7,9,44
raatti,Karjasilta,2026-01-28T06:00:00Z,2026-01-28T08:00:00+02:00,19,5,13,64
raatti,Karjasilta,2026-01-28T07:00:00Z,2026-01-28T09:00:00+02:00,8,4,8,28
raatti,Karjasilta,2026-01-28T08:00:00Z,2026-01-28T10:00:00+02:00,8,7,6,7
raatti,Karjasilta,2026-01-28T09:00:00Z,2026-01-28T11:00:00+02:00,4,15,8,23
raatti,Karjasilta,2026-01-28T10:00:00Z,2026-01-28T12:00:00+02:00,9,11,15,12
raatti,Karjasilta,2026-01-28T11:00:00Z,2026-01-28T13:00:00+02:00,11,9,13,13
raatti,Karjasilta,2026-01-28T12:00:00Z,2026-01-28T14:00:00+02:00,6,11,36,15
raatti,Karjasilta,2026-01-28T13:00:00Z,2026-01-28T15:00:00+02:00,6,26,25,27
raatti,Karjasilta,2026-01-28T14:00:00Z,2026-01-28T16:00:00+02:00,13,26,46,16
raatti,Karjasilta,2026-01-28T15:00:00Z,2026-01-28T17:00:00+02:00,10,11,24,12
raatti,Karjasilta,2026-01-28T16:00:00Z,2026-01-28T18:00:00+02:00,4,14,13,2
raatti,Karjasilta,2026-01-28T17:00:00Z,2026-01-28T19:00:00+02:00,13,9,16,5
raatti,Karjasilta,2026-01-28T18:00:00Z,2026-01-28T20:00:00+02:00,8,7,6,3
raatti,Karjasilta,2026-01-28T19:00:00Z,2026-01-28T21:00:00+02:00,7,16,5,4
raatti,Karjasilta,2026-01-28T20:00:00Z,2026-01-28T22:00:00+02:00,2,1,5,4
raatti,Karjasilta,2026-01-28T21:00:00Z,2026-01-28T23:00:00+02:00,1,2,5,1
raatti,Karjasilta,2026-01-28T22:00:00Z,2026-01-29T00:00:00+02:00,0,0,2,3
raatti,Karjasilta,2026-01-28T23:00:00Z,2026-01-29T01:00:00+02:00,0,0,2,0
raatti,Karjasilta,2026-01-29T00:00:00Z,2026-01-29T02:00:00+02:00,1,0,0,1
raatti,Karjasilta,2026-01-29T01:00:00Z,2026-01-29T03:00:00+02:00,0,1,0,0
raatti,Karjasilta,2026-01-29T02:00:00Z,2026-01-29T04:00:00+02:00,1,0,1,0
raatti,Karjasilta,2026-01-29T03:00:00Z,2026-01-29T05:00:00+02:00,0,0,4,4
raatti,Karjasilta,2026-01-29T04:00:00Z,2026-01-29T06:00:00+02:00,1,2,6,15
raatti,Karjasilta,2026-01-29T05:00:00Z,2026-01-29T07:00:00+02:00,10,10,9,55
raatti,Karjasilta,2026-01-29T06:00:00Z,2026-01-29T08:00:00+02:00,11,2,18,67
raatti,Karjasilta,2026-01-29T07:00:00Z,2026-01-29T09:00:00+02:00,8,5,6,34
raatti,Karjasilta,2026-01-29T08:00:00Z,2026-01-29T10:00:00+02:00,6,4,11,16
raatti,Karjasilta,2026-01-29T09:00:00Z,2026-01-29T11:00:00+02:00,6,10,10,18
raatti,Karjasilta,2026-01-29T10:00:00Z,2026-01-29T12:00:00+02:00,7,15,15,15
raatti,Karjasilta,2026-01-29T11:00:00Z,2026-01-29T13:00:00+02:00,9,15,21,11
raatti,Karjasilta,2026-01-29T12:00:00Z,2026-01-29T14:00:00+02:00,3,21,34,18
raatti,Karjasilta,2026-01-29T13:00:00Z,2026-01-29T15:00:00+02:00,8,16,33,21
raatti,Karjasilta,2026-01-29T14:00:00Z,2026-01-29T16:00:00+02:00,10,22,46,19
raatti,Karjasilta,2026-01-29T15:00:00Z,2026-01-29T17:00:00+02:00,7,14,24,17
raatti,Karjasilta,2026-01-29T16:00:00Z,2026-01-29T18:00:00+02:00,12,19,22,13
raatti,Karjasilta,2026-01-29T17:00:00Z,2026-01-29T19:00:00+02:00,7,14,20,12
raatti,Karjasilta,2026-01-29T18:00:00Z,2026-01-29T20:00:00+02:00,5,9,12,9
raatti,Karjasilta,2026-01-29T19:00:00Z,2026-01-29T21:00:00+02:00,5,4,6,12
raatti,Karjasilta,2026-01-29T20:00:00Z,2026-01-29T22:00:00+02:00,1,9,8,0
raatti,Karjasilta,2026-01-29T21:00:00Z,2026-01-29T23:00:00+02:00,2,3,8,3
raatti,Karjasilta,2026-01-29T22:00:00Z,2026-01-30T00:00:00+02:00,0,1,2,0
raatti,Karjasilta,2026-01-29T23:00:00Z,2026-01-30T01:00:00+02:00,0,0,1,0
raatti,Karjasilta,2026-01-30T00:00:00Z,2026-01-30T02:00:00+02:00,0,0,0,1
raatti,Karjasilta,2026-01-30T01:00:00Z,2026-01-30T03:00:00+02:00,0,0,1,0
raatti,Karjasilta,2026-01-30T02:00:00Z,2026-01-30T04:00:00+02:00,2,0,0,3
raatti,Karjasilta,2026-01-30T03:00:00Z,2026-01-30T05:00:00+02:00,0,1,0,5
raatti,Karjasilta,2026-01-30T04:00:00Z,2026-01-30T06:00:00+02:00,5,2,7,10
raatti,Karjasilta,2026-01-30T05:00:00Z,2026-01-30T07:00:00+02:00,8,6,7,28
raatti,Karjasilta,2026-01-30T06:00:00Z,2026-01-30T08:00:00+02:00,9,2,9,51
raatti,Karjasilta,2026-01-30T07:00:00Z,2026-01-30T09:00:00+02:00,8,3,3,22
raatti,Karjasilta,2026-01-30T08:00:00Z,2026-01-30T10:00:00+02:00,4,2,10,9
raatti,Karjasilta,2026-01-30T09:00:00Z,2026-01-30T11:00:00+02:00,8,6,14,15
raatti,Karjasilta,2026-01-30T10:00:00Z,2026-01-30T12:00:00+02:00,4,20,12,21
raatti,Karjasilta,2026-01-30T11:00:00Z,2026-01-30T13:00:00+02:00,5,14,18,12
raatti,Karjasilta,2026-01-30T12:00:00Z,2026-01-30T14:00:00+02:00,10,13,30,17
raatti,Karjasilta,2026-01-30T13:00:00Z,2026-01-30T15:00:00+02:00,2,17,30,12
raatti,Karjasilta,2026-01-30T14:00:00Z,2026-01-30T16:00:00+02:00,5,7,25,18
raatti,Karjasilta,2026-01-30T15:00:00Z,2026-01-30T17:00:00+02:00,5,11,19,9
raatti,Karjasilta,2026-01-30T16:00:00Z,2026-01-30T18:00:00+02:00,7,10,8,10
raatti,Karjasilta,2026-01-30T17:00:00Z,2026-01-30T19:00:00+02:00,5,9,6,3
raatti,Karjasilta,2026-01-30T18:00:00Z,2026-01-30T20:00:00+02:00,2,5,12,4
raatti,Karjasilta,2026-01-30T19:00:00Z,2026-01-30T21:00:00+02:00,2,1,6,8
raatti,Karjasilta,2026-01-30T20:00:00Z,2026-01-30T22:00:00+02:00,1,5,1,2
raatti,Karjasilta,2026-01-30T21:00:00Z,2026-01-30T23:00:00+02:00,1,1,10,2
raatti,Karjasilta,2026-01-30T22:00:00Z,2026-01-31T00:00:00+02:00,1,2,4,3
raatti,Karjasilta,2026-01-30T23:00:00Z,2026-01-31T01:00:00+02:00,1,2,0,1
raatti,Karjasilta,2026-01-31T00:00:00Z,2026-01-31T02:00:00+02:00,2,3,0,0
raatti,Karjasilta,2026-01-31T01:00:00Z,2026-01-31T03:00:00+02:00,1,0,1,1
raatti,Karjasilta,2026-01-31T02:00:00Z,2026-01-31T04:00:00+02:00,0,0,2,0
raatti,Karjasilta,2026-01-31T03:00:00Z,2026-01-31T05:00:00+02:00,0,2,2,0
raatti,Karjasilta,2026-01-31T04:00:00Z,2026-01-31T06:00:00+02:00,2,2,0,4
raatti,Karjasilta,2026-01-31T05:00:00Z,2026-01-31T07:00:00+02:00,1,2,4,3
raatti,Karjasilta,2026-01-31T06:00:00Z,2026-01-31T08:00:00+02:00,7,4,1,7
raatti,Karjasilta,2026-01-31T07:00:00Z,2026-01-31T09:00:00+02:00,5,5,6,1
raatti,Karjasilta,2026-01-31T08:00:00Z,2026-01-31T10:00:00+02:00,4,2,1,6
raatti,Karjasilta,2026-01-31T09:00:00Z,2026-01-31T11:00:00+02:00,12,14,5,8
raatti,Karjasilta,2026-01-31T10:00:00Z,2026-01-31T12:00:00+02:00,11,16,2,7
raatti,Karjasilta,2026-01-31T11:00:00Z,2026-01-31T13:00:00+02:00,17,11,10,11
raatti,Karjasilta,2026-01-31T12:00:00Z,2026-01-31T14:00:00+02:00,6,15,12,11
raatti,Karjasilta,2026-01-31T13:00:00Z,2026-01-31T15:00:00+02:00,6,5,11,11
raatti,Karjasilta,2026-01-31T14:00:00Z,2026-01-31T16:00:00+02:00,3,11,6,11
raatti,Karjasilta,2026-01-31T15:00:00Z,2026-01-31T17:00:00+02:00,8,8,6,7
raatti,Karjasilta,2026-01-31T16:00:00Z,2026-01-31T18:00:00+02:00,8,11,6,5
raatti,Karjasilta,2026-01-31T17:00:00Z,2026-01-31T19:00:00+02:00,6,5,5,2
raatti,Karjasilta,2026-01-31T18:00:00Z,2026-01-31T20:00:00+02:00,3,6,5,6
raatti,Karjasilta,2026-01-31T19:00:00Z,2026-01-31T21:00:00+02:00,3,5,5,6
raatti,Karjasilta,2026-01-31T20:00:00Z,2026-01-31T22:00:00+02:00,2,5,8,1
raatti,Karjasilta,2026-01-31T21:00:00Z,2026-01-31T23:00:00+02:00,4,2,4,1
raatti,Karjasilta,2026-01-31T22:00:00Z,2026-02-01T00:00:00+02:00,0,5,4,1
raatti,Karjasilta,2026-01-31T23:00:00Z,2026-02-01T01:00:00+02:00,0,1,2,1
raatti,Karjasilta,2026-02-01T00:00:00Z,2026-02-01T02:00:00+02:00,1,0,1,0
raatti,Karjasilta,2026-02-01T01:00:00Z,2026-02-01T03:00:00+02:00,1,1,2,0
raatti,Karjasilta,2026-02-01T02:00:00Z,2026-02-01T04:00:00+02:00,1,3,1,1
raatti,Karjasilta,2026-02-01T03:00:00Z,2026-02-01T05:00:00+02:00,1,1,2,0
raatti,Karjasilta,2026-02-01T04:00:00Z,2026-02-01T06:00:00+02:00,1,2,1,4
raatti,Karjasilta,2026-02-01T05:00:00Z,2026-02-01T07:00:00+02:00,2,5,0,1
raatti,Karjasilta,2026-02-01T06:00:00Z,2026-02-01T08:00:00+02:00,2,1,2,3
raatti,Karjasilta,2026-02-01T07:00:00Z,2026-02-01T09:00:00+02:00,6,5,1,5
raatti,Karjasilta,2026-02-01T08:00:00Z,2026-02-01T10:00:00+02:00,12,3,2,4
raatti,Karjasilta,2026-02-01T09:00:00Z,2026-02-01T11:00:00+02:00,8,3,1,4
raatti,Karjasilta,2026-02-01T10:00:00Z,2026-02-01T12:00:00+02:00,11,6,9,7
raatti,Karjasilta,2026-02-01T11:00:00Z,2026-02-01T13:00:00+02:00,7,15,6,7
raatti,Karjasilta,2026-02-01T12:00:00Z,2026-02-01T14:00:00+02:00,7,10,7,9
raatti,Karjasilta,2026-02-01T13:00:00Z,2026-02-01T15:00:00+02:00,12,10,6,6
raatti,Karjasilta,2026-02-01T14:00:00Z,2026-02-01T16:00:00+02:00,7,11,3,4
raatti,Karjasilta,2026-02-01T15:00:00Z,2026-02-01T17:00:00+02:00,4,8,6,8
raatti,Karjasilta,2026-02-01T16:00:00Z,2026-02-01T18:00:00+02:00,6,7,7,2
raatti,Karjasilta,2026-02-01T17:00:00Z,2026-02-01T19:00:00+02:00,7,11,7,2
raatti,Karjasilta,2026-02-01T18:00:00Z,2026-02-01T20:00:00+02:00,4,15,2,6
raatti,Karjasilta,2026-02-01T19:00:00Z,2026-02-01T21:00:00+02:00,4,7,3,5
raatti,Karjasilta,2026-02-01T20:00:00Z,2026-02-01T22:00:00+02:00,2,2,5,2
raatti,Karjasilta,2026-02-01T21:00:00Z,2026-02-01T23:00:00+02:00,0,1,4,0
raatti,Karjasilta,2026-02-01T22:00:00Z,2026-02-02T00:00:00+02:00,1,0,2,1
raatti,Karjasilta,2026-02-01T23:00:00Z,2026-02-02T01:00:00+02:00,0,0,1,2
raatti,Karjasilta,2026-02-02T00:00:00Z,2026-02-02T02:00:00+02:00,0,1,0,0
raatti,Karjasilta,2026-02-02T01:00:00Z,2026-02-02T03:00:00+02:00,0,0,2,1
raatti,Karjasilta,2026-02-02T02:00:00Z,2026-02-02T04:00:00+02:00,2,1,1,3
raatti,Karjasilta,2026-02-02T03:00:00Z,2026-02-02T05:00:00+02:00,1,0,2,2
raatti,Karjasilta,2026-02-02T04:00:00Z,2026-02-02T06:00:00+02:00,5,1,5,12
raatti,Karjasilta,2026-02-02T05:00:00Z,2026-02-02T07:00:00+02:00,10,6,7,40
raatti,Karjasilta,2026-02-02T06:00:00Z,2026-02-02T08:00:00+02:00,11,4,9,57
raatti,Karjasilta,2026-02-02T07:00:00Z,2026-02-02T09:00:00+02:00,10,0,9,30
raatti,Karjasilta,2026-02-02T08:00:00Z,2026-02-02T10:00:00+02:00,7,4,5,8
raatti,Karjasilta,2026-02-02T09:00:00Z,2026-02-02T11:00:00+02:00,10,17,11,10
raatti,Karjasilta,2026-02-02T10:00:00Z,2026-02-02T12:00:00+02:00,10,15,13,16
raatti,Karjasilta,2026-02-02T11:00:00Z,2026-02-02T13:00:00+02:00,12,12,11,14
raatti,Karjasilta,2026-02-02T12:00:00Z,2026-02-02T14:00:00+02:00,13,23,29,15
raatti,Karjasilta,2026-02-02T13:00:00Z,2026-02-02T15:00:00+02:00,9,18,42,14
raatti,Karjasilta,2026-02-02T14:00:00Z,2026-02-02T16:00:00+02:00,17,21,46,22
raatti,Karjasilta,2026-02-02T15:00:00Z,2026-02-02T17:00:00+02:00,18,10,33,15
raatti,Karjasilta,2026-02-02T16:00:00Z,2026-02-02T18:00:00+02:00,20,12,17,12
raatti,Karjasilta,2026-02-02T17:00:00Z,2026-02-02T19:00:00+02:00,16,12,10,7
raatti,Karjasilta,2026-02-02T18:00:00Z,2026-02-02T20:00:00+02:00,6,4,16,7
raatti,Karjasilta,2026-02-02T19:00:00Z,2026-02-02T21:00:00+02:00,1,12,7,2
raatti,Karjasilta,2026-02-02T20:00:00Z,2026-02-02T22:00:00+02:00,1,1,4,4
raatti,Karjasilta,2026-02-02T21:00:00Z,2026-02-02T23:00:00+02:00,2,0,6,3
raatti,Karjasilta,2026-02-02T22:00:00Z,2026-02-03T00:00:00+02:00,1,2,0,1
raatti,Karjasilta,2026-02-02T23:00:00Z,2026-02-03T01:00:00+02:00,0,0,0,0
raatti,Karjasilta,2026-02-03T00:00:00Z,2026-02-03T02:00:00+02:00,0,0,1,0
raatti,Karjasilta,2026-02-03T01:00:00Z,2026-02-03T03:00:00+02:00,0,0,1,0
raatti,Karjasilta,2026-02-03T02:00:00Z,2026-02-03T04:00:00+02:00,1,0,1,0
raatti,Karjasilta,2026-02-03T03:00:00Z,2026-02-03T05:00:00+02:00,3,1,2,5
raatti,Karjasilta,2026-02-03T04:00:00Z,2026-02-03T06:00:00+02:00,3,1,6,16
raatti,Karjasilta,2026-02-03T05:00:00Z,2026-02-03T07:00:00+02:00,7,8,16,43
raatti,Karjasilta,2026-02-03T06:00:00Z,2026-02-03T08:00:00+02:00,13,3,12,63
raatti,Karjasilta,2026-02-03T07:00:00Z,2026-02-03T09:00:00+02:00,7,6,4,23
raatti,Karjasilta,2026-02-03T08:00:00Z,2026-02-03T10:00:00+02:00,4,9,10,9
raatti,Karjasilta,2026-02-03T09:00:00Z,2026-02-03T11:00:00+02:00,8,7,12,20
raatti,Karjasilta,2026-02-03T10:00:00Z,2026-02-03T12:00:00+02:00,12,10,14,15
raatti,Karjasilta,2026-02-03T11:00:00Z,2026-02-03T13:00:00+02:00,10,10,29,14
raatti,Karjasilta,2026-02-03T12:00:00Z,2026-02-03T14:00:00+02:00,8,18,21,17
raatti,Karjasilta,2026-02-03T13:00:00Z,2026-02-03T15:00:00+02:00,3,19,37,22
raatti,Karjasilta,2026-02-03T14:00:00Z,2026-02-03T16:00:00+02:00,7,21,47,19
raatti,Karjasilta,2026-02-03T15:00:00Z,2026-02-03T17:00:00+02:00,5,18,26,25
raatti,Karjasilta,2026-02-03T16:00:00Z,2026-02-03T18:00:00+02:00,6,13,18,10
raatti,Karjasilta,2026-02-03T17:00:00Z,2026-02-03T19:00:00+02:00,6,8,23,16
raatti,Karjasilta,2026-02-03T18:00:00Z,2026-02-03T20:00:00+02:00,9,6,12,7
raatti,Karjasilta,2026-02-03T19:00:00Z,2026-02-03T21:00:00+02:00,7,2,11,7
raatti,Karjasilta,2026-02-03T20:00:00Z,2026-02-03T22:00:00+02:00,0,5,9,3
raatti,Karjasilta,2026-02-03T21:00:00Z,2026-02-03T23:00:00+02:00,2,3,4,2
raatti,Karjasilta,2026-02-03T22:00:00Z,2026-02-04T00:00:00+02:00,0,1,1,0
raatti,Karjasilta,2026-02-03T23:00:00Z,2026-02-04T01:00:00+02:00,1,1,0,1
raatti,Karjasilta,2026-02-04T00:00:00Z,2026-02-04T02:00:00+02:00,0,0,0,0
raatti,Karjasilta,2026-02-04T01:00:00Z,2026-02-04T03:00:00+02:00,1,0,0,1
raatti,Karjasilta,2026-02-04T02:00:00Z,2026-02-04T04:00:00+02:00,1,0,1,1
raatti,Karjasilta,2026-02-04T03:00:00Z,2026-02-04T05:00:00+02:00,0,0,4,6
raatti,Karjasilta,2026-02-04T04:00:00Z,2026-02-04T06:00:00+02:00,3,1,8,15
raatti,Karjasilta,2026-02-04T05:00:00Z,2026-02-04T07:00:00+02:00,15,6,12,40
raatti,Karjasilta,2026-02-04T06:00:00Z,2026-02-04T08:00:00+02:00,15,4,11,56
raatti,Karjasilta,2026-02-04T07:00:00Z,2026-02-04T09:00:00+02:00,11,8,5,29
raatti,Karjasilta,2026-02-04T08:00:00Z,2026-02-04T10:00:00+02:00,5,9,12,14
raatti,Karjasilta,2026-02-04T09:00:00Z,2026-02-04T11:00:00+02:00,25,13,16,21
raatti,Karjasilta,2026-02-04T10:00:00Z,2026-02-04T12:00:00+02:00,19,15,8,12
raatti,Karjasilta,2026-02-04T11:00:00Z,2026-02-04T13:00:00+02:00,13,13,25,13
raatti,Karjasilta,2026-02-04T12:00:00Z,2026-02-04T14:00:00+02:00,10,18,26,16
raatti,Karjasilta,2026-02-04T13:00:00Z,2026-02-04T15:00:00+02:00,11,22,38,17
raatti,Karjasilta,2026-02-04T14:00:00Z,2026-02-04T16:00:00+02:00,18,23,45,20
raatti,Karjasilta,2026-02-04T15:00:00Z,2026-02-04T17:00:00+02:00,10,12,20,18
raatti,Karjasilta,2026-02-04T16:00:00Z,2026-02-04T18:00:00+02:00,10,21,20,8
raatti,Karjasilta,2026-02-04T17:00:00Z,2026-02-04T19:00:00+02:00,6,15,17,11
raatti,Karjasilta,2026-02-04T18:00:00Z,2026-02-04T20:00:00+02:00,5,15,13,6
raatti,Karjasilta,2026-02-04T19:00:00Z,2026-02-04T21:00:00+02:00,5,2,8,6
raatti,Karjasilta,2026-02-04T20:00:00Z,2026-02-04T22:00:00+02:00,0,6,5,4
raatti,Karjasilta,2026-02-04T21:00:00Z,2026-02-04T23:00:00+02:00,0,0,2,2
raatti,Karjasilta,2026-02-04T22:00:00Z,2026-02-05T00:00:00+02:00,0,0,0,1
raatti,Karjasilta,2026-02-04T23:00:00Z,2026-02-05T01:00:00+02:00,0,0,1,0
raatti,Karjasilta,2026-02-05T00:00:00Z,2026-02-05T02:00:00+02:00,0,2,0,0
raatti,Karjasilta,2026-02-05T01:00:00Z,2026-02-05T03:00:00+02:00,0,0,0,0
raatti,Karjasilta,2026-02-05T02:00:00Z,2026-02-05T04:00:00+02:00,2,0,2,0
raatti,Karjasilta,2026-02-05T03:00:00Z,2026-02-05T05:00:00+02:00,2,1,1,6
raatti,Karjasilta,2026-02-05T04:00:00Z,2026-02-05T06:00:00+02:00,2,2,5,10
raatti,Karjasilta,2026-02-05T05:00:00Z,2026-02-05T07:00:00+02:00,19,9,12,38
raatti,Karjasilta,2026-02-05T06:00:00Z,2026-02-05T08:00:00+02:00,8,8,6,60
raatti,Karjasilta,2026-02-05T07:00:00Z,2026-02-05T09:00:00+02:00,12,6,7,15
raatti,Karjasilta,2026-02-05T08:00:00Z,2026-02-05T10:00:00+02:00,12,1,6,18
raatti,Karjasilta,2026-02-05T09:00:00Z,2026-02-05T11:00:00+02:00,9,8,11,16
raatti,Karjasilta,2026-02-05T10:00:00Z,2026-02-05T12:00:00+02:00,13,14,13,21
raatti,Karjasilta,2026-02-05T11:00:00Z,2026-02-05T13:00:00+02:00,19,21,23,18
raatti,Karjasilta,2026-02-05T12:00:00Z,2026-02-05T14:00:00+02:00,10,31,45,18
raatti,Karjasilta,2026-02-05T13:00:00Z,2026-02-05T15:00:00+02:00,12,15,35,18
raatti,Karjasilta,2026-02-05T14:00:00Z,2026-02-05T16:00:00+02:00,5,14,43,14
raatti,Karjasilta,2026-02-05T15:00:00Z,2026-02-05T17:00:00+02:00,10,9,22,16
raatti,Karjasilta,2026-02-05T16:00:00Z,2026-02-05T18:00:00+02:00,5,11,26,8
raatti,Karjasilta,2026-02-05T17:00:00Z,2026-02-05T19:00:00+02:00,6,15,15,11
raatti,Karjasilta,2026-02-05T18:00:00Z,2026-02-05T20:00:00+02:00,5,5,9,5
raatti,Karjasilta,2026-02-05T19:00:00Z,2026-02-05T21:00:00+02:00,1,8,9,10
raatti,Karjasilta,2026-02-05T20:00:00Z,2026-02-05T22:00:00+02:00,2,2,4,1
raatti,Karjasilta,2026-02-05T21:00:00Z,2026-02-05T23:00:00+02:00,1,0,4,1
raatti,Karjasilta,2026-02-05T22:00:00Z,2026-02-06T00:00:00+02:00,2,3,4,3
raatti,Karjasilta,2026-02-05T23:00:00Z,2026-02-06T01:00:00+02:00,0,1,0,0
raatti,Karjasilta,2026-02-06T00:00:00Z,2026-02-06T02:00:00+02:00,0,0,1,2
raatti,Karjasilta,2026-02-06T01:00:00Z,2026-02-06T03:00:00+02:00,0,2,3,2
raatti,Karjasilta,2026-02-06T02:00:00Z,2026-02-06T04:00:00+02:00,2,3,3,1
raatti,Karjasilta,2026-02-06T03:00:00Z,2026-02-06T05:00:00+02:00,2,1,2,6
raatti,Karjasilta,2026-02-06T04:00:00Z,2026-02-06T06:00:00+02:00,5,4,7,14
raatti,Karjasilta,2026-02-06T05:00:00Z,2026-02-06T07:00:00+02:00,8,6,10,38
raatti,Karjasilta,2026-02-06T06:00:00Z,2026-02-06T08:00:00+02:00,11,2,5,50
raatti,Karjasilta,2026-02-06T07:00:00Z,2026-02-06T09:00:00+02:00,16,3,9,29
raatti,Karjasilta,2026-02-06T08:00:00Z,2026-02-06T10:00:00+02:00,6,5,11,11
raatti,Karjasilta,2026-02-06T09:00:00Z,2026-02-06T11:00:00+02:00,10,10,25,20
raatti,Karjasilta,2026-02-06T10:00:00Z,2026-02-06T12:00:00+02:00,11,11,15,18
raatti,Karjasilta,2026-02-06T11:00:00Z,2026-02-06T13:00:00+02:00,9,12,39,12
raatti,Karjasilta,2026-02-06T12:00:00Z,2026-02-06T14:00:00+02:00,15,12,19,15
raatti,Karjasilta,2026-02-06T13:00:00Z,2026-02-06T15:00:00+02:00,7,15,33,14
raatti,Karjasilta,2026-02-06T14:00:00Z,2026-02-06T16:00:00+02:00,9,21,35,17
raatti,Karjasilta,2026-02-06T15:00:00Z,2026-02-06T17:00:00+02:00,8,8,19,9
raatti,Karjasilta,2026-02-06T16:00:00Z,2026-02-06T18:00:00+02:00,9,7,17,9
raatti,Karjasilta,2026-02-06T17:00:00Z,2026-02-06T19:00:00+02:00,8,5,7,6
raatti,Karjasilta,2026-02-06T18:00:00Z,2026-02-06T20:00:00+02:00,3,16,11,11
raatti,Karjasilta,2026-02-06T19:00:00Z,2026-02-06T21:00:00+02:00,2,6,5,3
raatti,Karjasilta,2026-02-06T20:00:00Z,2026-02-06T22:00:00+02:00,4,6,11,10
raatti,Karjasilta,2026-02-06T21:00:00Z,2026-02-06T23:00:00+02:00,4,2,6,3
raatti,Karjasilta,2026-02-06T22:00:00Z,2026-02-07T00:00:00+02:00,0,3,3,5
raatti,Karjasilta,2026-02-06T23:00:00Z,2026-02-07T01:00:00+02:00,2,1,4,1
raatti,Karjasilta,2026-02-07T00:00:00Z,2026-02-07T02:00:00+02:00,1,1,3,0
raatti,Karjasilta,2026-02-07T01:00:00Z,2026-02-07T03:00:00+02:00,1,4,1,0
raatti,Karjasilta,2026-02-07T02:00:00Z,2026-02-07T04:00:00+02:00,1,0,3,1
raatti,Karjasilta,2026-02-07T03:00:00Z,2026-02-07T05:00:00+02:00,1,0,3,2
raatti,Karjasilta,2026-02-07T04:00:00Z,2026-02-07T06:00:00+02:00,2,2,1,3
raatti,Karjasilta,2026-02-07T05:00:00Z,2026-02-07T07:00:00+02:00,2,3,2,3
raatti,Karjasilta,2026-02-07T06:00:00Z,2026-02-07T08:00:00+02:00,6,3,3,5
raatti,Karjasilta,2026-02-07T07:00:00Z,2026-02-07T09:00:00+02:00,7,6,4,15
raatti,Karjasilta,2026-02-07T08:00:00Z,2026-02-07T10:00:00+02:00,8,8,10,15
raatti,Karjasilta,2026-02-07T09:00:00Z,2026-02-07T11:00:00+02:00,21,11,8,13
raatti,Karjasilta,2026-02-07T10:00:00Z,2026-02-07T12:00:00+02:00,18,15,12,12
raatti,Karjasilta,2026-02-07T11:00:00Z,2026-02-07T13:00:00+02:00,18,10,13,14
raatti,Karjasilta,2026-02-07T12:00:00Z,2026-02-07T14:00:00+02:00,10,13,11,17
raatti,Karjasilta,2026-02-07T13:00:00Z,2026-02-07T15:00:00+02:00,12,15,15,19
raatti,Karjasilta,2026-02-07T14:00:00Z,2026-02-07T16:00:00+02:00,5,15,17,11
raatti,Karjasilta,2026-02-07T15:00:00Z,2026-02-07T17:00:00+02:00,11,10,7,6
raatti,Karjasilta,2026-02-07T16:00:00Z,2026-02-07T18:00:00+02:00,10,9,10,17
raatti,Karjasilta,2026-02-07T17:00:00Z,2026-02-07T19:00:00+02:00,9,8,8,7
raatti,Karjasilta,2026-02-07T18:00:00Z,2026-02-07T20:00:00+02:00,8,6,10,3
raatti,Karjasilta,2026-02-07T19:00:00Z,2026-02-07T21:00:00+02:00,2,4,9,5
raatti,Karjasilta,2026-02-07T20:00:00Z,2026-02-07T22:00:00+02:00,2,2,6,3
raatti,Karjasilta,2026-02-07T21:00:00Z,2026-02-07T23:00:00+02:00,6,4,4,1
raatti,Karjasilta,2026-02-07T22:00:00Z,2026-02-08T00:00:00+02:00,2,5,2,2
raatti,Karjasilta,2026-02-07T23:00:00Z,2026-02-08T01:00:00+02:00,1,3,4,2
raatti,Karjasilta,2026-02-08T00:00:00Z,2026-02-08T02:00:00+02:00,1,4,0,2
raatti,Karjasilta,2026-02-08T01:00:00Z,2026-02-08T03:00:00+02:00,1,2,1,1
raatti,Karjasilta,2026-02-08T02:00:00Z,2026-02-08T04:00:00+02:00,0,0,3,0
raatti,Karjasilta,2026-02-08T03:00:00Z,2026-02-08T05:00:00+02:00,0,0,2,0
raatti,Karjasilta,2026-02-08T04:00:00Z,2026-02-08T06:00:00+02:00,1,2,0,1
raatti,Karjasilta,2026-02-08T05:00:00Z,2026-02-08T07:00:00+02:00,2,2,1,2
raatti,Karjasilta,2026-02-08T06:00:00Z,2026-02-08T08:00:00+02:00,0,1,3,4
raatti,Karjasilta,2026-02-08T07:00:00Z,2026-02-08T09:00:00+02:00,3,7,2,3
raatti,Karjasilta,2026-02-08T08:00:00Z,2026-02-08T10:00:00+02:00,9,7,3,5
raatti,Karjasilta,2026-02-08T09:00:00Z,2026-02-08T11:00:00+02:00,10,5,8,10
raatti,Karjasilta,2026-02-08T10:00:00Z,2026-02-08T12:00:00+02:00,12,9,5,11
raatti,Karjasilta,2026-02-08T11:00:00Z,2026-02-08T13:00:00+02:00,2,12,10,10
raatti,Karjasilta,2026-02-08T12:00:00Z,2026-02-08T14:00:00+02:00,12,9,15,11
raatti,Karjasilta,2026-02-08T13:00:00Z,2026-02-08T15:00:00+02:00,6,6,12,12
raatti,Karjasilta,2026-02-08T14:00:00Z,2026-02-08T16:00:00+02:00,9,3,8,13
raatti,Karjasilta,2026-02-08T15:00:00Z,2026-02-08T17:00:00+02:00,9,8,12,10
raatti,Karjasilta,2026-02-08T16:00:00Z,2026-02-08T18:00:00+02:00,5,5,12,8
raatti,Karjasilta,2026-02-08T17:00:00Z,2026-02-08T19:00:00+02:00,2,5,3,4
raatti,Karjasilta,2026-02-08T18:00:00Z,2026-02-08T20:00:00+02:00,3,6,7,4
raatti,Karjasilta,2026-02-08T19:00:00Z,2026-02-08T21:00:00+02:00,4,5,8,6
raatti,Karjasilta,2026-02-08T20:00:00Z,2026-02-08T22:00:00+02:00,3,2,5,6
raatti,Karjasilta,2026-02-08T21:00:00Z,2026-02-08T23:00:00+02:00,2,3,6,3
raatti,Karjasilta,2026-02-08T22:00:00Z,2026-02-09T00:00:00+02:00,2,2,2,0
raatti,Karjasilta,2026-02-08T23:00:00Z,2026-02-09T01:00:00+02:00,1,1,1,0
raatti,Karjasilta,2026-02-09T00:00:00Z,2026-02-09T02:00:00+02:00,0,0,0,0
raatti,Karjasilta,2026-02-09T01:00:00Z,2026-02-09T03:00:00+02:00,0,1,1,1
raatti,Karjasilta,2026-02-09T02:00:00Z,2026-02-09T04:00:00+02:00,2,0,0,2
raatti,Karjasilta,2026-02-09T03:00:00Z,2026-02-09T05:00:00+02:00,1,3,3,4
raatti,Karjasilta,2026-02-09T04:00:00Z,2026-02-09T06:00:00+02:00,4,1,10,9
raatti,Karjasilta,2026-02-09T05:00:00Z,2026-02-09T07:00:00+02:00,8,3,10,48
raatti,Karjasilta,2026-02-09T06:00:00Z,2026-02-09T08:00:00+02:00,19,5,4,91
raatti,Karjasilta,2026-02-09T07:00:00Z,2026-02-09T09:00:00+02:00,15,13,5,34
raatti,Karjasilta,2026-02-09T08:00:00Z,2026-02-09T10:00:00+02:00,4,18,6,10
raatti,Karjasilta,2026-02-09T09:00:00Z,2026-02-09T11:00:00+02:00,16,8,11,16
raatti,Karjasilta,2026-02-09T10:00:00Z,2026-02-09T12:00:00+02:00,4,9,15,18
raatti,Karjasilta,2026-02-09T11:00:00Z,2026-02-09T13:00:00+02:00,8,12,18,10
raatti,Karjasilta,2026-02-09T12:00:00Z,2026-02-09T14:00:00+02:00,5,18,34,20
raatti,Karjasilta,2026-02-09T13:00:00Z,2026-02-09T15:00:00+02:00,8,21,41,18
raatti,Karjasilta,2026-02-09T14:00:00Z,2026-02-09T16:00:00+02:00,12,22,58,24
raatti,Karjasilta,2026-02-09T15:00:00Z,2026-02-09T17:00:00+02:00,10,24,25,12
raatti,Karjasilta,2026-02-09T16:00:00Z,2026-02-09T18:00:00+02:00,6,12,15,11
raatti,Karjasilta,2026-02-09T17:00:00Z,2026-02-09T19:00:00+02:00,6,19,15,12
raatti,Karjasilta,2026-02-09T18:00:00Z,2026-02-09T20:00:00+02:00,8,5,15,4
raatti,Karjasilta,2026-02-09T19:00:00Z,2026-02-09T21:00:00+02:00,4,6,8,4
raatti,Karjasilta,2026-02-09T20:00:00Z,2026-02-09T22:00:00+02:00,0,3,1,3
raatti,Karjasilta,2026-02-09T21:00:00Z,2026-02-09T23:00:00+02:00,3,0,4,2
raatti,Karjasilta,2026-02-09T22:00:00Z,2026-02-10T00:00:00+02:00,1,1,1,1
raatti,Karjasilta,2026-02-09T23:00:00Z,2026-02-10T01:00:00+02:00,0,3,1,3
raatti,Karjasilta,2026-02-10T00:00:00Z,2026-02-10T02:00:00+02:00,0,1,0,0
raatti,Karjasilta,2026-02-10T01:00:00Z,2026-02-10T03:00:00+02:00,1,0,0,0
raatti,Karjasilta,2026-02-10T02:00:00Z,2026-02-10T04:00:00+02:00,1,1,0,1
raatti,Karjasilta,2026-02-10T03:00:00Z,2026-02-10T05:00:00+02:00,1,1,3,4
raatti,Karjasilta,2026-02-10T04:00:00Z,2026-02-10T06:00:00+02:00,5,0,9,7
raatti,Karjasilta,2026-02-10T05:00:00Z,2026-02-10T07:00:00+02:00,7,6,10,48
raatti,Karjasilta,2026-02-10T06:00:00Z,2026-02-10T08:00:00+02:00,17,10,11,69
raatti,Karjasilta,2026-02-10T07:00:00Z,2026-02-10T09:00:00+02:00,17,3,7,31
raatti,Karjasilta,2026-02-10T08:00:00Z,2026-02-10T10:00:00+02:00,5,5,15,13
raatti,Karjasilta,2026-02-10T09:00:00Z,2026-02-10T11:00:00+02:00,16,8,7,14
raatti,Karjasilta,2026-02-10T10:00:00Z,2026-02-10T12:00:00+02:00,12,14,14,15
raatti,Karjasilta,2026-02-10T11:00:00Z,2026-02-10T13:00:00+02:00,12,14,21,19
raatti,Karjasilta,2026-02-10T12:00:00Z,2026-02-10T14:00:00+02:00,11,19,29,18
raatti,Karjasilta,2026-02-10T13:00:00Z,2026-02-10T15:00:00+02:00,3,15,31,19
raatti,Karjasilta,2026-02-10T14:00:00Z,2026-02-10T16:00:00+02:00,13,18,53,25
raatti,Karjasilta,2026-02-10T15:00:00Z,2026-02-10T17:00:00+02:00,11,21,29,18
raatti,Karjasilta,2026-02-10T16:00:00Z,2026-02-10T18:00:00+02:00,4,14,21,17
raatti,Karjasilta,2026-02-10T17:00:00Z,2026-02-10T19:00:00+02:00,11,13,24,12
raatti,Karjasilta,2026-02-10T18:00:00Z,2026-02-10T20:00:00+02:00,7,11,16,11
raatti,Karjasilta,2026-02-10T19:00:00Z,2026-02-10T21:00:00+02:00,2,6,7,6
raatti,Karjasilta,2026-02-10T20:00:00Z,2026-02-10T22:00:00+02:00,3,4,7,1
raatti,Karjasilta,2026-02-10T21:00:00Z,2026-02-10T23:00:00+02:00,2,2,5,4
raatti,Karjasilta,2026-02-10T22:00:00Z,2026-02-11T00:00:00+02:00,1,1,2,1
raatti,Karjasilta,2026-02-10T23:00:00Z,2026-02-11T01:00:00+02:00,0,0,0,1
raatti,Karjasilta,2026-02-11T00:00:00Z,2026-02-11T02:00:00+02:00,2,1,0,1
raatti,Karjasilta,2026-02-11T01:00:00Z,2026-02-11T03:00:00+02:00,2,0,0,0
raatti,Karjasilta,2026-02-11T02:00:00Z,2026-02-11T04:00:00+02:00,1,1,1,3
raatti,Karjasilta,2026-02-11T03:00:00Z,2026-02-11T05:00:00+02:00,1,0,2,1
raatti,Karjasilta,2026-02-11T04:00:00Z,2026-02-11T06:00:00+02:00,6,2,8,15
raatti,Karjasilta,2026-02-11T05:00:00Z,2026-02-11T07:00:00+02:00,11,5,16,41
raatti,Karjasilta,2026-02-11T06:00:00Z,2026-02-11T08:00:00+02:00,23,7,10,64
raatti,Karjasilta,2026-02-11T07:00:00Z,2026-02-11T09:00:00+02:00,17,8,7,38
raatti,Karjasilta,2026-02-11T08:00:00Z,2026-02-11T10:00:00+02:00,4,10,12,13
raatti,Karjasilta,2026-02-11T09:00:00Z,2026-02-11T11:00:00+02:00,15,10,15,14
raatti,Karjasilta,2026-02-11T10:00:00Z,2026-02-11T12:00:00+02:00,16,17,11,13
raatti,Karjasilta,2026-02-11T11:00:00Z,2026-02-11T13:00:00+02:00,8,18,20,24
raatti,Karjasilta,2026-02-11T12:00:00Z,2026-02-11T14:00:00+02:00,15,24,44,20
raatti,Karjasilta,2026-02-11T13:00:00Z,2026-02-11T15:00:00+02:00,16,19,38,22
raatti,Karjasilta,2026-02-11T14:00:00Z,2026-02-11T16:00:00+02:00,16,28,47,19
raatti,Karjasilta,2026-02-11T15:00:00Z,2026-02-11T17:00:00+02:00,3,15,31,18
raatti,Karjasilta,2026-02-11T16:00:00Z,2026-02-11T18:00:00+02:00,15,19,14,9
raatti,Karjasilta,2026-02-11T17:00:00Z,2026-02-11T19:00:00+02:00,6,12,13,5
raatti,Karjasilta,2026-02-11T18:00:00Z,2026-02-11T20:00:00+02:00,6,12,23,7
raatti,Karjasilta,2026-02-11T19:00:00Z,2026-02-11T21:00:00+02:00,4,6,10,5
raatti,Karjasilta,2026-02-11T20:00:00Z,2026-02-11T22:00:00+02:00,2,1,6,2
raatti,Karjasilta,2026-02-11T21:00:00Z,2026-02-11T23:00:00+02:00,2,2,6,5
raatti,Karjasilta,2026-02-11T22:00:00Z,2026-02-12T00:00:00+02:00,0,2,1,0
raatti,Karjasilta,2026-02-11T23:00:00Z,2026-02-12T01:00:00+02:00,0,0,2,1
raatti,Karjasilta,2026-02-12T00:00:00Z,2026-02-12T02:00:00+02:00,1,0,1,0
raatti,Karjasilta,2026-02-12T01:00:00Z,2026-02-12T03:00:00+02:00,0,0,0,1
raatti,Karjasilta,2026-02-12T02:00:00Z,2026-02-12T04:00:00+02:00,2,1,1,0
raatti,Karjasilta,2026-02-12T03:00:00Z,2026-02-12T05:00:00+02:00,0,0,4,6
raatti,Karjasilta,2026-02-12T04:00:00Z,2026-02-12T06:00:00+02:00,2,2,8,9
raatti,Karjasilta,2026-02-12T05:00:00Z,2026-02-12T07:00:00+02:00,9,7,14,42
raatti,Karjasilta,2026-02-12T06:00:00Z,2026-02-12T08:00:00+02:00,15,1,6,55
raatti,Karjasilta,2026-02-12T07:00:00Z,2026-02-12T09:00:00+02:00,13,8,4,29
raatti,Karjasilta,2026-02-12T08:00:00Z,2026-02-12T10:00:00+02:00,9,9,5,10
raatti,Karjasilta,2026-02-12T09:00:00Z,2026-02-12T11:00:00+02:00,6,6,10,9
raatti,Karjasilta,2026-02-12T10:00:00Z,2026-02-12T12:00:00+02:00,7,10,8,14
raatti,Karjasilta,2026-02-12T11:00:00Z,2026-02-12T13:00:00+02:00,7,9,19,8
raatti,Karjasilta,2026-02-12T12:00:00Z,2026-02-12T14:00:00+02:00,10,13,40,21
raatti,Karjasilta,2026-02-12T13:00:00Z,2026-02-12T15:00:00+02:00,11,15,31,14
raatti,Karjasilta,2026-02-12T14:00:00Z,2026-02-12T16:00:00+02:00,6,19,35,23
raatti,Karjasilta,2026-02-12T15:00:00Z,2026-02-12T17:00:00+02:00,5,12,23,19
raatti,Karjasilta,2026-02-12T16:00:00Z,2026-02-12T18:00:00+02:00,10,14,27,12
raatti,Karjasilta,2026-02-12T17:00:00Z,2026-02-12T19:00:00+02:00,11,14,15,9
raatti,Karjasilta,2026-02-12T18:00:00Z,2026-02-12T20:00:00+02:00,5,6,10,9
raatti,Karjasilta,2026-02-12T19:00:00Z,2026-02-12T21:00:00+02:00,2,8,5,13
raatti,Karjasilta,2026-02-12T20:00:00Z,2026-02-12T22:00:00+02:00,0,1,4,2
raatti,Karjasilta,2026-02-12T21:00:00Z,2026-02-12T23:00:00+02:00,0,3,5,4
raatti,Karjasilta,2026-02-12T22:00:00Z,2026-02-13T00:00:00+02:00,1,3,1,1
raatti,Karjasilta,2026-02-12T23:00:00Z,2026-02-13T01:00:00+02:00,0,1,3,1
raatti,Karjasilta,2026-02-13T00:00:00Z,2026-02-13T02:00:00+02:00,1,0,3,2
raatti,Karjasilta,2026-02-13T01:00:00Z,2026-02-13T03:00:00+02:00,0,0,0,1
raatti,Karjasilta,2026-02-13T02:00:00Z,2026-02-13T04:00:00+02:00,1,1,0,2
raatti,Karjasilta,2026-02-13T03:00:00Z,2026-02-13T05:00:00+02:00,2,0,1,4
raatti,Karjasilta,2026-02-13T04:00:00Z,2026-02-13T06:00:00+02:00,3,0,8,10
raatti,Karjasilta,2026-02-13T05:00:00Z,2026-02-13T07:00:00+02:00,11,7,7,31
raatti,Karjasilta,2026-02-13T06:00:00Z,2026-02-13T08:00:00+02:00,10,2,8,55
raatti,Karjasilta,2026-02-13T07:00:00Z,2026-02-13T09:00:00+02:00,8,8,6,22
raatti,Karjasilta,2026-02-13T08:00:00Z,2026-02-13T10:00:00+02:00,14,4,6,6
raatti,Karjasilta,2026-02-13T09:00:00Z,2026-02-13T11:00:00+02:00,14,20,13,13
raatti,Karjasilta,2026-02-13T10:00:00Z,2026-02-13T12:00:00+02:00,14,10,13,12
raatti,Karjasilta,2026-02-13T11:00:00Z,2026-02-13T13:00:00+02:00,6,10,20,15
raatti,Karjasilta,2026-02-13T12:00:00Z,2026-02-13T14:00:00+02:00,15,15,38,15
raatti,Karjasilta,2026-02-13T13:00:00Z,2026-02-13T15:00:00+02:00,10,17,30,18
raatti,Karjasilta,2026-02-13T14:00:00Z,2026-02-13T16:00:00+02:00,6,28,25,20
raatti,Karjasilta,2026-02-13T15:00:00Z,2026-02-13T17:00:00+02:00,11,13,17,9
raatti,Karjasilta,2026-02-13T16:00:00Z,2026-02-13T18:00:00+02:00,4,9,9,9
raatti,Karjasilta,2026-02-13T17:00:00Z,2026-02-13T19:00:00+02:00,4,5,8,6
raatti,Karjasilta,2026-02-13T18:00:00Z,2026-02-13T20:00:00+02:00,8,11,9,2
raatti,Karjasilta,2026-02-13T19:00:00Z,2026-02-13T21:00:00+02:00,3,7,5,1
raatti,Karjasilta,2026-02-13T20:00:00Z,2026-02-13T22:00:00+02:00,5,8,6,4
raatti,Karjasilta,2026-02-13T21:00:00Z,2026-02-13T23:00:00+02:00,1,4,6,1
raatti,Karjasilta,2026-02-13T22:00:00Z,2026-02-14T00:00:00+02:00,2,4,4,6
raatti,Karjasilta,2026-02-13T23:00:00Z,2026-02-14T01:00:00+02:00,1,1,2,1
raatti,Karjasilta,2026-02-14T00:00:00Z,2026-02-14T02:00:00+02:00,1,1,3,0
raatti,Karjasilta,2026-02-14T01:00:00Z,2026-02-14T03:00:00+02:00,2,1,4,0
raatti,Karjasilta,2026-02-14T02:00:00Z,2026-02-14T04:00:00+02:00,0,0,3,0
raatti,Karjasilta,2026-02-14T03:00:00Z,2026-02-14T05:00:00+02:00,0,1,2,0
raatti,Karjasilta,2026-02-14T04:00:00Z,2026-02-14T06:00:00+02:00,1,2,1,4
raatti,Karjasilta,2026-02-14T05:00:00Z,2026-02-14T07:00:00+02:00,0,9,3,0
raatti,Karjasilta,2026-02-14T06:00:00Z,2026-02-14T08:00:00+02:00,4,3,2,3
raatti,Karjasilta,2026-02-14T07:00:00Z,2026-02-14T09:00:00+02:00,6,6,3,8
raatti,Karjasilta,2026-02-14T08:00:00Z,2026-02-14T10:00:00+02:00,11,7,2,15
raatti,Karjasilta,2026-02-14T09:00:00Z,2026-02-14T11:00:00+02:00,21,6,6,12
raatti,Karjasilta,2026-02-14T10:00:00Z,2026-02-14T12:00:00+02:00,26,15,15,18
raatti,Karjasilta,2026-02-14T11:00:00Z,2026-02-14T13:00:00+02:00,15,10,11,13
raatti,Karjasilta,2026-02-14T12:00:00Z,2026-02-14T14:00:00+02:00,16,16,18,16
raatti,Karjasilta,2026-02-14T13:00:00Z,2026-02-14T15:00:00+02:00,9,10,11,7
raatti,Karjasilta,2026-02-14T14:00:00Z,2026-02-14T16:00:00+02:00,15,18,8,13
raatti,Karjasilta,2026-02-14T15:00:00Z,2026-02-14T17:00:00+02:00,8,18,11,8
raatti,Karjasilta,2026-02-14T16:00:00Z,2026-02-14T18:00:00+02:00,4,6,10,4
raatti,Karjasilta,2026-02-14T17:00:00Z,2026-02-14T19:00:00+02:00,6,6,6,4
raatti,Karjasilta,2026-02-14T18:00:00Z,2026-02-14T20:00:00+02:00,5,9,7,4
raatti,Karjasilta,2026-02-14T19:00:00Z,2026-02-14T21:00:00+02:00,3,5,4,2
raatti,Karjasilta,2026-02-14T20:00:00Z,2026-02-14T22:00:00+02:00,4,1,6,6
raatti,Karjasilta,2026-02-14T21:00:00Z,2026-02-14T23:00:00+02:00,5,1,3,2
raatti,Karjasilta,2026-02-14T22:00:00Z,2026-02-15T00:00:00+02:00,2,4,5,2
raatti,Karjasilta,2026-02-14T23:00:00Z,2026-02-15T01:00:00+02:00,0,2,1,0
raatti,Karjasilta,2026-02-15T00:00:00Z,2026-02-15T02:00:00+02:00,2,1,2,2
raatti,Karjasilta,2026-02-15T01:00:00Z,2026-02-15T03:00:00+02:00,0,1,1,0
raatti,Karjasilta,2026-02-15T02:00:00Z,2026-02-15T04:00:00+02:00,0,0,1,0
raatti,Karjasilta,2026-02-15T03:00:00Z,2026-02-15T05:00:00+02:00,0,5,3,0
raatti,Karjasilta,2026-02-15T04:00:00Z,2026-02-15T06:00:00+02:00,0,3,0,7
raatti,Karjasilta,2026-02-15T05:00:00Z,2026-02-15T07:00:00+02:00,3,1,1,2
raatti,Karjasilta,2026-02-15T06:00:00Z,2026-02-15T08:00:00+02:00,2,2,1,1
raatti,Karjasilta,2026-02-15T07:00:00Z,2026-02-15T09:00:00+02:00,9,13,2,3
raatti,Karjasilta,2026-02-15T08:00:00Z,2026-02-15T10:00:00+02:00,13,7,9,2
raatti,Karjasilta,2026-02-15T09:00:00Z,2026-02-15T11:00:00+02:00,15,11,4,11
raatti,Karjasilta,2026-02-15T10:00:00Z,2026-02-15T12:00:00+02:00,19,17,15,9
raatti,Karjasilta,2026-02-15T11:00:00Z,2026-02-15T13:00:00+02:00,13,16,14,15
raatti,Karjasilta,2026-02-15T12:00:00Z,2026-02-15T14:00:00+02:00,24,18,11,11
raatti,Karjasilta,2026-02-15T13:00:00Z,2026-02-15T15:00:00+02:00,11,8,7,5
raatti,Karjasilta,2026-02-15T14:00:00Z,2026-02-15T16:00:00+02:00,8,11,8,7
raatti,Karjasilta,2026-02-15T15:00:00Z,2026-02-15T17:00:00+02:00,5,5,5,7
raatti,Karjasilta,2026-02-15T16:00:00Z,2026-02-15T18:00:00+02:00,11,5,9,6
raatti,Karjasilta,2026-02-15T17:00:00Z,2026-02-15T19:00:00+02:00,2,8,7,4
raatti,Karjasilta,2026-02-15T18:00:00Z,2026-02-15T20:00:00+02:00,1,6,9,8
raatti,Karjasilta,2026-02-15T19:00:00Z,2026-02-15T21:00:00+02:00,3,8,5,4
raatti,Karjasilta,2026-02-15T20:00:00Z,2026-02-15T22:00:00+02:00,2,4,3,1
raatti,Karjasilta,2026-02-15T21:00:00Z,2026-02-15T23:00:00+02:00,1,2,1,1
raatti,Karjasilta,2026-02-15T22:00:00Z,2026-02-16T00:00:00+02:00,0,1,1,2
raatti,Karjasilta,2026-02-15T23:00:00Z,2026-02-16T01:00:00+02:00,1,1,1,0
raatti,Karjasilta,2026-02-16T00:00:00Z,2026-02-16T02:00:00+02:00,0,1,2,0
raatti,Karjasilta,2026-02-16T01:00:00Z,2026-02-16T03:00:00+02:00,0,0,0,2
raatti,Karjasilta,2026-02-16T02:00:00Z,2026-02-16T04:00:00+02:00,2,1,1,1
raatti,Karjasilta,2026-02-16T03:00:00Z,2026-02-16T05:00:00+02:00,0,1,1,2
raatti,Karjasilta,2026-02-16T04:00:00Z,2026-02-16T06:00:00+02:00,3,3,8,24
raatti,Karjasilta,2026-02-16T05:00:00Z,2026-02-16T07:00:00+02:00,9,2,12,48
raatti,Karjasilta,2026-02-16T06:00:00Z,2026-02-16T08:00:00+02:00,12,2,9,71
raatti,Karjasilta,2026-02-16T07:00:00Z,2026-02-16T09:00:00+02:00,7,2,9,37
raatti,Karjasilta,2026-02-16T08:00:00Z,2026-02-16T10:00:00+02:00,6,6,8,14
raatti,Karjasilta,2026-02-16T09:00:00Z,2026-02-16T11:00:00+02:00,14,7,12,22
raatti,Karjasilta,2026-02-16T10:00:00Z,2026-02-16T12:00:00+02:00,8,13,9,11
raatti,Karjasilta,2026-02-16T11:00:00Z,2026-02-16T13:00:00+02:00,3,7,21,16
raatti,Karjasilta,2026-02-16T12:00:00Z,2026-02-16T14:00:00+02:00,11,11,45,21
raatti,Karjasilta,2026-02-16T13:00:00Z,2026-02-16T15:00:00+02:00,9,13,42,15
raatti,Karjasilta,2026-02-16T14:00:00Z,2026-02-16T16:00:00+02:00,9,14,69,28
raatti,Karjasilta,2026-02-16T15:00:00Z,2026-02-16T17:00:00+02:00,17,20,27,14
raatti,Karjasilta,2026-02-16T16:00:00Z,2026-02-16T18:00:00+02:00,8,10,22,19
raatti,Karjasilta,2026-02-16T17:00:00Z,2026-02-16T19:00:00+02:00,8,6,14,7
raatti,Karjasilta,2026-02-16T18:00:00Z,2026-02-16T20:00:00+02:00,15,8,20,12
raatti,Karjasilta,2026-02-16T19:00:00Z,2026-02-16T21:00:00+02:00,3,4,2,5
raatti,Karjasilta,2026-02-16T20:00:00Z,2026-02-16T22:00:00+02:00,2,1,7,1
raatti,Karjasilta,2026-02-16T21:00:00Z,2026-02-16T23:00:00+02:00,2,2,5,4
raatti,Karjasilta,2026-02-16T22:00:00Z,2026-02-17T00:00:00+02:00,1,1,1,1
raatti,Karjasilta,2026-02-16T23:00:00Z,2026-02-17T01:00:00+02:00,0,2,0,0
raatti,Karjasilta,2026-02-17T00:00:00Z,2026-02-17T02:00:00+02:00,1,0,0,0
raatti,Karjasilta,2026-02-17T01:00:00Z,2026-02-17T03:00:00+02:00,1,0,0,0
raatti,Karjasilta,2026-02-17T02:00:00Z,2026-02-17T04:00:00+02:00,0,0,1,0
raatti,Karjasilta,2026-02-17T03:00:00Z,2026-02-17T05:00:00+02:00,3,0,2,4
raatti,Karjasilta,2026-02-17T04:00:00Z,2026-02-17T06:00:00+02:00,5,1,12,16
raatti,Karjasilta,2026-02-17T05:00:00Z,2026-02-17T07:00:00+02:00,8,7,12,60
raatti,Karjasilta,2026-02-17T06:00:00Z,2026-02-17T08:00:00+02:00,23,3,12,71
raatti,Karjasilta,2026-02-17T07:00:00Z,2026-02-17T09:00:00+02:00,9,9,10,30
raatti,Karjasilta,2026-02-17T08:00:00Z,2026-02-17T10:00:00+02:00,7,13,16,22
raatti,Karjasilta,2026-02-17T09:00:00Z,2026-02-17T11:00:00+02:00,15,5,8,26
raatti,Karjasilta,2026-02-17T10:00:00Z,2026-02-17T12:00:00+02:00,16,14,14,19
raatti,Karjasilta,2026-02-17T11:00:00Z,2026-02-17T13:00:00+02:00,13,10,38,14
raatti,Karjasilta,2026-02-17T12:00:00Z,2026-02-17T14:00:00+02:00,5,19,27,16
raatti,Karjasilta,2026-02-17T13:00:00Z,2026-02-17T15:00:00+02:00,13,15,43,25
raatti,Karjasilta,2026-02-17T14:00:00Z,2026-02-17T16:00:00+02:00,7,17,67,25
raatti,Karjasilta,2026-02-17T15:00:00Z,2026-02-17T17:00:00+02:00,8,14,19,19
raatti,Karjasilta,2026-02-17T16:00:00Z,2026-02-17T18:00:00+02:00,8,11,19,13
raatti,Karjasilta,2026-02-17T17:00:00Z,2026-02-17T19:00:00+02:00,5,15,17,8
raatti,Karjasilta,2026-02-17T18:00:00Z,2026-02-17T20:00:00+02:00,5,5,15,6
raatti,Karjasilta,2026-02-17T19:00:00Z,2026-02-17T21:00:00+02:00,3,4,5,3
raatti,Karjasilta,2026-02-17T20:00:00Z,2026-02-17T22:00:00+02:00,1,2,5,2
raatti,Karjasilta,2026-02-17T21:00:00Z,2026-02-17T23:00:00+02:00,1,2,3,3
raatti,Karjasilta,2026-02-17T22:00:00Z,2026-02-18T00:00:00+02:00,1,0,2,1
raatti,Karjasilta,2026-02-17T23:00:00Z,2026-02-18T01:00:00+02:00,1,2,1,1
raatti,Karjasilta,2026-02-18T00:00:00Z,2026-02-18T02:00:00+02:00,0,1,1,0
raatti,Karjasilta,2026-02-18T01:00:00Z,2026-02-18T03:00:00+02:00,1,0,1,1
raatti,Karjasilta,2026-02-18T02:00:00Z,2026-02-18T04:00:00+02:00,5,2,0,4
raatti,Karjasilta,2026-02-18T03:00:00Z,2026-02-18T05:00:00+02:00,0,1,3,1
raatti,Karjasilta,2026-02-18T04:00:00Z,2026-02-18T06:00:00+02:00,5,3,7,16
raatti,Karjasilta,2026-02-18T05:00:00Z,2026-02-18T07:00:00+02:00,14,5,11,57
raatti,Karjasilta,2026-02-18T06:00:00Z,2026-02-18T08:00:00+02:00,23,5,7,92
raatti,Karjasilta,2026-02-18T07:00:00Z,2026-02-18T09:00:00+02:00,11,2,8,43
raatti,Karjasilta,2026-02-18T08:00:00Z,2026-02-18T10:00:00+02:00,13,7,11,20
raatti,Karjasilta,2026-02-18T09:00:00Z,2026-02-18T11:00:00+02:00,9,6,16,20
raatti,Karjasilta,2026-02-18T10:00:00Z,2026-02-18T12:00:00+02:00,7,11,8,15
raatti,Karjasilta,2026-02-18T11:00:00Z,2026-02-18T13:00:00+02:00,7,14,16,14
raatti,Karjasilta,2026-02-18T12:00:00Z,2026-02-18T14:00:00+02:00,11,12,42,16
raatti,Karjasilta,2026-02-18T13:00:00Z,2026-02-18T15:00:00+02:00,4,11,41,21
raatti,Karjasilta,2026-02-18T14:00:00Z,2026-02-18T16:00:00+02:00,7,31,55,21
raatti,Karjasilta,2026-02-18T15:00:00Z,2026-02-18T17:00:00+02:00,16,15,32,23
raatti,Karjasilta,2026-02-18T16:00:00Z,2026-02-18T18:00:00+02:00,8,15,22,12
raatti,Karjasilta,2026-02-18T17:00:00Z,2026-02-18T19:00:00+02:00,7,9,16,6
raatti,Karjasilta,2026-02-18T18:00:00Z,2026-02-18T20:00:00+02:00,8,7,14,7
raatti,Karjasilta,2026-02-18T19:00:00Z,2026-02-18T21:00:00+02:00,9,7,7,4
raatti,Karjasilta,2026-02-18T20:00:00Z,2026-02-18T22:00:00+02:00,1,1,7,2
raatti,Karjasilta,2026-02-18T21:00:00Z,2026-02-18T23:00:00+02:00,1,0,3,1
raatti,Karjasilta,2026-02-18T22:00:00Z,2026-02-19T00:00:00+02:00,0,1,0,1
raatti,Karjasilta,2026-02-18T23:00:00Z,2026-02-19T01:00:00+02:00,0,0,3,1
raatti,Karjasilta,2026-02-19T00:00:00Z,2026-02-19T02:00:00+02:00,0,0,0,2
raatti,Karjasilta,2026-02-19T01:00:00Z,2026-02-19T03:00:00+02:00,1,1,1,1
raatti,Karjasilta,2026-02-19T02:00:00Z,2026-02-19T04:00:00+02:00,2,1,2,3
raatti,Karjasilta,2026-02-19T03:00:00Z,2026-02-19T05:00:00+02:00,1,1,2,5
raatti,Karjasilta,2026-02-19T04:00:00Z,2026-02-19T06:00:00+02:00,4,3,6,13
raatti,Karjasilta,2026-02-19T05:00:00Z,2026-02-19T07:00:00+02:00,12,7,8,43
raatti,Karjasilta,2026-02-19T06:00:00Z,2026-02-19T08:00:00+02:00,21,6,7,68
raatti,Karjasilta,2026-02-19T07:00:00Z,2026-02-19T09:00:00+02:00,14,4,3,40
raatti,Karjasilta,2026-02-19T08:00:00Z,2026-02-19T10:00:00+02:00,9,8,8,15
raatti,Karjasilta,2026-02-19T09:00:00Z,2026-02-19T11:00:00+02:00,13,14,12,19
raatti,Karjasilta,2026-02-19T10:00:00Z,2026-02-19T12:00:00+02:00,23,20,23,20
raatti,Karjasilta,2026-02-19T11:00:00Z,2026-02-19T13:00:00+02:00,24,12,14,10
raatti,Karjasilta,2026-02-19T12:00:00Z,2026-02-19T14:00:00+02:00,15,13,42,19
raatti,Karjasilta,2026-02-19T13:00:00Z,2026-02-19T15:00:00+02:00,9,25,44,17
raatti,Karjasilta,2026-02-19T14:00:00Z,2026-02-19T16:00:00+02:00,14,34,58,22
raatti,Karjasilta,2026-02-19T15:00:00Z,2026-02-19T17:00:00+02:00,21,15,25,13
raatti,Karjasilta,2026-02-19T16:00:00Z,2026-02-19T18:00:00+02:00,8,17,27,10
raatti,Karjasilta,2026-02-19T17:00:00Z,2026-02-19T19:00:00+02:00,6,17,9,7
raatti,Karjasilta,2026-02-19T18:00:00Z,2026-02-19T20:00:00+02:00,7,13,17,11
raatti,Karjasilta,2026-02-19T19:00:00Z,2026-02-19T21:00:00+02:00,1,6,9,4
raatti,Karjasilta,2026-02-19T20:00:00Z,2026-02-19T22:00:00+02:00,3,2,6,0
raatti,Karjasilta,2026-02-19T21:00:00Z,2026-02-19T23:00:00+02:00,3,0,3,1
raatti,Karjasilta,2026-02-19T22:00:00Z,2026-02-20T00:00:00+02:00,2,1,0,0
raatti,Karjasilta,2026-02-19T23:00:00Z,2026-02-20T01:00:00+02:00,3,0,0,0
raatti,Karjasilta,2026-02-20T00:00:00Z,2026-02-20T02:00:00+02:00,0,1,1,0
raatti,Karjasilta,2026-02-20T01:00:00Z,2026-02-20T03:00:00+02:00,0,0,0,1
raatti,Karjasilta,2026-02-20T02:00:00Z,2026-02-20T04:00:00+02:00,2,1,1,2
raatti,Karjasilta,2026-02-20T03:00:00Z,2026-02-20T05:00:00+02:00,2,0,2,4
raatti,Karjasilta,2026-02-20T04:00:00Z,2026-02-20T06:00:00+02:00,6,5,5,12
raatti,Karjasilta,2026-02-20T05:00:00Z,2026-02-20T07:00:00+02:00,13,2,7,40
raatti,Karjasilta,2026-02-20T06:00:00Z,2026-02-20T08:00:00+02:00,7,7,8,39
raatti,Karjasilta,2026-02-20T07:00:00Z,2026-02-20T09:00:00+02:00,12,8,4,22
raatti,Karjasilta,2026-02-20T08:00:00Z,2026-02-20T10:00:00+02:00,7,8,7,11
raatti,Karjasilta,2026-02-20T09:00:00Z,2026-02-20T11:00:00+02:00,19,9,11,14
raatti,Karjasilta,2026-02-20T10:00:00Z,2026-02-20T12:00:00+02:00,6,8,13,13
raatti,Karjasilta,2026-02-20T11:00:00Z,2026-02-20T13:00:00+02:00,6,12,28,10
raatti,Karjasilta,2026-02-20T12:00:00Z,2026-02-20T14:00:00+02:00,16,30,35,21
raatti,Karjasilta,2026-02-20T13:00:00Z,2026-02-20T15:00:00+02:00,8,18,35,18
raatti,Karjasilta,2026-02-20T14:00:00Z,2026-02-20T16:00:00+02:00,10,14,29,24
raatti,Karjasilta,2026-02-20T15:00:00Z,2026-02-20T17:00:00+02:00,8,11,22,18
raatti,Karjasilta,2026-02-20T16:00:00Z,2026-02-20T18:00:00+02:00,3,10,9,6
raatti,Karjasilta,2026-02-20T17:00:00Z,2026-02-20T19:00:00+02:00,2,8,10,4
raatti,Karjasilta,2026-02-20T18:00:00Z,2026-02-20T20:00:00+02:00,7,8,13,6
raatti,Karjasilta,2026-02-20T19:00:00Z,2026-02-20T21:00:00+02:00,1,6,10,11
raatti,Karjasilta,2026-02-20T20:00:00Z,2026-02-20T22:00:00+02:00,4,0,6,1
raatti,Karjasilta,2026-02-20T21:00:00Z,2026-02-20T23:00:00+02:00,1,1,5,2
raatti,Karjasilta,2026-02-20T22:00:00Z,2026-02-21T00:00:00+02:00,2,1,4,0
raatti,Karjasilta,2026-02-20T23:00:00Z,2026-02-21T01:00:00+02:00,1,1,2,2
raatti,Karjasilta,2026-02-21T00:00:00Z,2026-02-21T02:00:00+02:00,1,3,0,0
raatti,Karjasilta,2026-02-21T01:00:00Z,2026-02-21T03:00:00+02:00,1,2,1,1
raatti,Karjasilta,2026-02-21T02:00:00Z,2026-02-21T04:00:00+02:00,0,0,4,2
raatti,Karjasilta,2026-02-21T03:00:00Z,2026-02-21T05:00:00+02:00,1,2,2,0
raatti,Karjasilta,2026-02-21T04:00:00Z,2026-02-21T06:00:00+02:00,1,2,0,5
raatti,Karjasilta,2026-02-21T05:00:00Z,2026-02-21T07:00:00+02:00,3,0,3,4
raatti,Karjasilta,2026-02-21T06:00:00Z,2026-02-21T08:00:00+02:00,4,5,4,4
raatti,Karjasilta,2026-02-21T07:00:00Z,2026-02-21T09:00:00+02:00,9,5,9,14
raatti,Karjasilta,2026-02-21T08:00:00Z,2026-02-21T10:00:00+02:00,11,5,10,11
raatti,Karjasilta,2026-02-21T09:00:00Z,2026-02-21T11:00:00+02:00,11,8,9,16
raatti,Karjasilta,2026-02-21T10:00:00Z,2026-02-21T12:00:00+02:00,11,6,10,19
raatti,Karjasilta,2026-02-21T11:00:00Z,2026-02-21T13:00:00+02:00,11,16,11,16
raatti,Karjasilta,2026-02-21T12:00:00Z,2026-02-21T14:00:00+02:00,11,6,24,9
raatti,Karjasilta,2026-02-21T13:00:00Z,2026-02-21T15:00:00+02:00,13,12,15,17
raatti,Karjasilta,2026-02-21T14:00:00Z,2026-02-21T16:00:00+02:00,8,15,16,13
raatti,Karjasilta,2026-02-21T15:00:00Z,2026-02-21T17:00:00+02:00,6,6,6,8
raatti,Karjasilta,2026-02-21T16:00:00Z,2026-02-21T18:00:00+02:00,9,6,8,5
raatti,Karjasilta,2026-02-21T17:00:00Z,2026-02-21T19:00:00+02:00,3,5,4,4
raatti,Karjasilta,2026-02-21T18:00:00Z,2026-02-21T20:00:00+02:00,7,5,10,5
raatti,Karjasilta,2026-02-21T19:00:00Z,2026-02-21T21:00:00+02:00,2,6,14,4
raatti,Karjasilta,2026-02-21T20:00:00Z,2026-02-21T22:00:00+02:00,3,2,11,5
raatti,Karjasilta,2026-02-21T21:00:00Z,2026-02-21T23:00:00+02:00,4,0,2,2
raatti,Karjasilta,2026-02-21T22:00:00Z,2026-02-22T00:00:00+02:00,1,1,7,1
raatti,Karjasilta,2026-02-21T23:00:00Z,2026-02-22T01:00:00+02:00,0,0,3,2
raatti,Karjasilta,2026-02-22T00:00:00Z,2026-02-22T02:00:00+02:00,0,1,3,0
raatti,Karjasilta,2026-02-22T01:00:00Z,2026-02-22T03:00:00+02:00,0,1,1,0
raatti,Karjasilta,2026-02-22T02:00:00Z,2026-02-22T04:00:00+02:00,2,0,2,0
raatti,Karjasilta,2026-02-22T03:00:00Z,2026-02-22T05:00:00+02:00,2,3,1,2
raatti,Karjasilta,2026-02-22T04:00:00Z,2026-02-22T06:00:00+02:00,5,4,2,5
raatti,Karjasilta,2026-02-22T05:00:00Z,2026-02-22T07:00:00+02:00,4,3,4,5
raatti,Karjasilta,2026-02-22T06:00:00Z,2026-02-22T08:00:00+02:00,4,3,6,5
raatti,Karjasilta,2026-02-22T07:00:00Z,2026-02-22T09:00:00+02:00,4,4,2,2
raatti,Karjasilta,2026-02-22T08:00:00Z,2026-02-22T10:00:00+02:00,5,6,10,8
raatti,Karjasilta,2026-02-22T09:00:00Z,2026-02-22T11:00:00+02:00,14,9,6,13
raatti,Karjasilta,2026-02-22T10:00:00Z,2026-02-22T12:00:00+02:00,18,16,12,17
raatti,Karjasilta,2026-02-22T11:00:00Z,2026-02-22T13:00:00+02:00,14,11,14,10
raatti,Karjasilta,2026-02-22T12:00:00Z,2026-02-22T14:00:00+02:00,17,26,21,12
raatti,Karjasilta,2026-02-22T13:00:00Z,2026-02-22T15:00:00+02:00,13,11,12,4
raatti,Karjasilta,2026-02-22T14:00:00Z,2026-02-22T16:00:00+02:00,7,12,8,8
raatti,Karjasilta,2026-02-22T15:00:00Z,2026-02-22T17:00:00+02:00,13,11,6,8
raatti,Karjasilta,2026-02-22T16:00:00Z,2026-02-22T18:00:00+02:00,7,9,12,13
raatti,Karjasilta,2026-02-22T17:00:00Z,2026-02-22T19:00:00+02:00,9,11,6,12
raatti,Karjasilta,2026-02-22T18:00:00Z,2026-02-22T20:00:00+02:00,4,17,9,5
raatti,Karjasilta,2026-02-22T19:00:00Z,2026-02-22T21:00:00+02:00,1,0,5,5
raatti,Karjasilta,2026-02-22T20:00:00Z,2026-02-22T22:00:00+02:00,1,2,2,1
raatti,Karjasilta,2026-02-22T21:00:00Z,2026-02-22T23:00:00+02:00,0,4,2,2
raatti,Karjasilta,2026-02-22T22:00:00Z,2026-02-23T00:00:00+02:00,0,0,3,3
raatti,Karjasilta,2026-02-22T23:00:00Z,2026-02-23T01:00:00+02:00,0,0,0,1
raatti,Karjasilta,2026-02-23T00:00:00Z,2026-02-23T02:00:00+02:00,0,0,1,0
raatti,Karjasilta,2026-02-23T01:00:00Z,2026-02-23T03:00:00+02:00,0,0,0,1
raatti,Karjasilta,2026-02-23T02:00:00Z,2026-02-23T04:00:00+02:00,2,0,0,2
raatti,Karjasilta,2026-02-23T03:00:00Z,2026-02-23T05:00:00+02:00,1,4,3,3
raatti,Karjasilta,2026-02-23T04:00:00Z,2026-02-23T06:00:00+02:00,4,2,7,15
raatti,Karjasilta,2026-02-23T05:00:00Z,2026-02-23T07:00:00+02:00,7,3,13,47
raatti,Karjasilta,2026-02-23T06:00:00Z,2026-02-23T08:00:00+02:00,13,3,10,65
raatti,Karjasilta,2026-02-23T07:00:00Z,2026-02-23T09:00:00+02:00,14,3,5,35
raatti,Karjasilta,2026-02-23T08:00:00Z,2026-02-23T10:00:00+02:00,8,6,8,18
raatti,Karjasilta,2026-02-23T09:00:00Z,2026-02-23T11:00:00+02:00,5,7,8,20
raatti,Karjasilta,2026-02-23T10:00:00Z,2026-02-23T12:00:00+02:00,15,10,21,26
raatti,Karjasilta,2026-02-23T11:00:00Z,2026-02-23T13:00:00+02:00,22,15,17,23
raatti,Karjasilta,2026-02-23T12:00:00Z,2026-02-23T14:00:00+02:00,18,24,42,20
raatti,Karjasilta,2026-02-23T13:00:00Z,2026-02-23T15:00:00+02:00,23,24,44,15
raatti,Karjasilta,2026-02-23T14:00:00Z,2026-02-23T16:00:00+02:00,19,19,47,20
raatti,Karjasilta,2026-02-23T15:00:00Z,2026-02-23T17:00:00+02:00,13,12,20,15
raatti,Karjasilta,2026-02-23T16:00:00Z,2026-02-23T18:00:00+02:00,8,9,17,12
raatti,Karjasilta,2026-02-23T17:00:00Z,2026-02-23T19:00:00+02:00,9,14,15,4
raatti,Karjasilta,2026-02-23T18:00:00Z,2026-02-23T20:00:00+02:00,9,15,13,11
raatti,Karjasilta,2026-02-23T19:00:00Z,2026-02-23T21:00:00+02:00,3,4,8,4
raatti,Karjasilta,2026-02-23T20:00:00Z,2026-02-23T22:00:00+02:00,0,4,2,3
raatti,Karjasilta,2026-02-23T21:00:00Z,2026-02-23T23:00:00+02:00,2,1,3,4
raatti,Karjasilta,2026-02-23T22:00:00Z,2026-02-24T00:00:00+02:00,2,1,1,0
raatti,Karjasilta,2026-02-23T23:00:00Z,2026-02-24T01:00:00+02:00,0,1,1,0
raatti,Karjasilta,2026-02-24T00:00:00Z,2026-02-24T02:00:00+02:00,0,0,1,0
raatti,Karjasilta,2026-02-24T01:00:00Z,2026-02-24T03:00:00+02:00,0,0,2,1
raatti,Karjasilta,2026-02-24T02:00:00Z,2026-02-24T04:00:00+02:00,2,0,0,0
raatti,Karjasilta,2026-02-24T03:00:00Z,2026-02-24T05:00:00+02:00,1,0,2,4
raatti,Karjasilta,2026-02-24T04:00:00Z,2026-02-24T06:00:00+02:00,4,3,7,15
raatti,Karjasilta,2026-02-24T05:00:00Z,2026-02-24T07:00:00+02:00,13,3,12,56
raatti,Karjasilta,2026-02-24T06:00:00Z,2026-02-24T08:00:00+02:00,10,7,9,54
raatti,Karjasilta,2026-02-24T07:00:00Z,2026-02-24T09:00:00+02:00,21,3,8,26
raatti,Karjasilta,2026-02-24T08:00:00Z,2026-02-24T10:00:00+02:00,9,5,7,14
raatti,Karjasilta,2026-02-24T09:00:00Z,2026-02-24T11:00:00+02:00,8,9,11,22
raatti,Karjasilta,2026-02-24T10:00:00Z,2026-02-24T12:00:00+02:00,9,14,17,13
raatti,Karjasilta,2026-02-24T11:00:00Z,2026-02-24T13:00:00+02:00,14,14,29,13
raatti,Karjasilta,2026-02-24T12:00:00Z,2026-02-24T14:00:00+02:00,8,23,28,16
raatti,Karjasilta,2026-02-24T13:00:00Z,2026-02-24T15:00:00+02:00,6,17,37,27
raatti,Karjasilta,2026-02-24T14:00:00Z,2026-02-24T16:00:00+02:00,6,21,59,20
raatti,Karjasilta,2026-02-24T15:00:00Z,2026-02-24T17:00:00+02:00,11,13,24,13
raatti,Karjasilta,2026-02-24T16:00:00Z,2026-02-24T18:00:00+02:00,9,10,18,15
raatti,Karjasilta,2026-02-24T17:00:00Z,2026-02-24T19:00:00+02:00,8,11,16,10
raatti,Karjasilta,2026-02-24T18:00:00Z,2026-02-24T20:00:00+02:00,10,11,17,4
raatti,Karjasilta,2026-02-24T19:00:00Z,2026-02-24T21:00:00+02:00,1,8,7,9
raatti,Karjasilta,2026-02-24T20:00:00Z,2026-02-24T22:00:00+02:00,2,2,4,1
raatti,Karjasilta,2026-02-24T21:00:00Z,2026-02-24T23:00:00+02:00,1,2,4,3
raatti,Karjasilta,2026-02-24T22:00:00Z,2026-02-25T00:00:00+02:00,0,1,4,0
raatti,Karjasilta,2026-02-24T23:00:00Z,2026-02-25T01:00:00+02:00,0,0,0,0
raatti,Karjasilta,2026-02-25T00:00:00Z,2026-02-25T02:00:00+02:00,0,0,0,0
raatti,Karjasilta,2026-02-25T01:00:00Z,2026-02-25T03:00:00+02:00,0,0,1,0
raatti,Karjasilta,2026-02-25T02:00:00Z,2026-02-25T04:00:00+02:00,1,2,0,3
raatti,Karjasilta,2026-02-25T03:00:00Z,2026-02-25T05:00:00+02:00,1,2,2,2
raatti,Karjasilta,2026-02-25T04:00:00Z,2026-02-25T06:00:00+02:00,4,2,10,11
raatti,Karjasilta,2026-02-25T05:00:00Z,2026-02-25T07:00:00+02:00,9,4,6,37
raatti,Karjasilta,2026-02-25T06:00:00Z,2026-02-25T08:00:00+02:00,20,3,4,51
raatti,Karjasilta,2026-02-25T07:00:00Z,2026-02-25T09:00:00+02:00,14,4,9,30
raatti,Karjasilta,2026-02-25T08:00:00Z,2026-02-25T10:00:00+02:00,8,7,9,11
raatti,Karjasilta,2026-02-25T09:00:00Z,2026-02-25T11:00:00+02:00,12,8,19,21
raatti,Karjasilta,2026-02-25T10:00:00Z,2026-02-25T12:00:00+02:00,15,18,11,18
raatti,Karjasilta,2026-02-25T11:00:00Z,2026-02-25T13:00:00+02:00,15,15,25,21
raatti,Karjasilta,2026-02-25T12:00:00Z,2026-02-25T14:00:00+02:00,20,25,26,19
raatti,Karjasilta,2026-02-25T13:00:00Z,2026-02-25T15:00:00+02:00,14,13,31,14
raatti,Karjasilta,2026-02-25T14:00:00Z,2026-02-25T16:00:00+02:00,10,35,41,22
raatti,Karjasilta,2026-02-25T15:00:00Z,2026-02-25T17:00:00+02:00,14,18,24,10
raatti,Karjasilta,2026-02-25T16:00:00Z,2026-02-25T18:00:00+02:00,10,16,18,8
raatti,Karjasilta,2026-02-25T17:00:00Z,2026-02-25T19:00:00+02:00,9,23,19,5
raatti,Karjasilta,2026-02-25T18:00:00Z,2026-02-25T20:00:00+02:00,5,17,14,8
raatti,Karjasilta,2026-02-25T19:00:00Z,2026-02-25T21:00:00+02:00,3,6,3,5
raatti,Karjasilta,2026-02-25T20:00:00Z,2026-02-25T22:00:00+02:00,3,2,4,3
raatti,Karjasilta,2026-02-25T21:00:00Z,2026-02-25T23:00:00+02:00,3,0,3,1
raatti,Karjasilta,2026-02-25T22:00:00Z,2026-02-26T00:00:00+02:00,2,1,1,0
raatti,Karjasilta,2026-02-25T23:00:00Z,2026-02-26T01:00:00+02:00,0,1,4,1
raatti,Karjasilta,2026-02-26T00:00:00Z,2026-02-26T02:00:00+02:00,1,0,0,0
raatti,Karjasilta,2026-02-26T01:00:00Z,2026-02-26T03:00:00+02:00,0,1,0,0
raatti,Karjasilta,2026-02-26T02:00:00Z,2026-02-26T04:00:00+02:00,1,0,0,0
raatti,Karjasilta,2026-02-26T03:00:00Z,2026-02-26T05:00:00+02:00,2,0,5,7
raatti,Karjasilta,2026-02-26T04:00:00Z,2026-02-26T06:00:00+02:00,6,1,5,17
raatti,Karjasilta,2026-02-26T05:00:00Z,2026-02-26T07:00:00+02:00,16,11,6,51
raatti,Karjasilta,2026-02-26T06:00:00Z,2026-02-26T08:00:00+02:00,16,6,8,80
raatti,Karjasilta,2026-02-26T07:00:00Z,2026-02-26T09:00:00+02:00,19,8,18,25
raatti,Karjasilta,2026-02-26T08:00:00Z,2026-02-26T10:00:00+02:00,8,11,13,21
raatti,Karjasilta,2026-02-26T09:00:00Z,2026-02-26T11:00:00+02:00,18,9,19,29
raatti,Karjasilta,2026-02-26T10:00:00Z,2026-02-26T12:00:00+02:00,18,9,25,15
raatti,Karjasilta,2026-02-26T11:00:00Z,2026-02-26T13:00:00+02:00,8,13,16,14
raatti,Karjasilta,2026-02-26T12:00:00Z,2026-02-26T14:00:00+02:00,8,15,53,17
raatti,Karjasilta,2026-02-26T13:00:00Z,2026-02-26T15:00:00+02:00,7,15,42,20
raatti,Karjasilta,2026-02-26T14:00:00Z,2026-02-26T16:00:00+02:00,14,28,46,26
raatti,Karjasilta,2026-02-26T15:00:00Z,2026-02-26T17:00:00+02:00,10,9,36,21
raatti,Karjasilta,2026-02-26T16:00:00Z,2026-02-26T18:00:00+02:00,18,15,33,15
raatti,Karjasilta,2026-02-26T17:00:00Z,2026-02-26T19:00:00+02:00,5,12,23,12
raatti,Karjasilta,2026-02-26T18:00:00Z,2026-02-26T20:00:00+02:00,4,8,25,11
raatti,Karjasilta,2026-02-26T19:00:00Z,2026-02-26T21:00:00+02:00,4,6,12,4
raatti,Karjasilta,2026-02-26T20:00:00Z,2026-02-26T22:00:00+02:00,2,1,4,5
raatti,Karjasilta,2026-02-26T21:00:00Z,2026-02-26T23:00:00+02:00,0,4,8,3
raatti,Karjasilta,2026-02-26T22:00:00Z,2026-02-27T00:00:00+02:00,1,0,4,1
raatti,Karjasilta,2026-02-26T23:00:00Z,2026-02-27T01:00:00+02:00,0,0,2,1
raatti,Karjasilta,2026-02-27T00:00:00Z,2026-02-27T02:00:00+02:00,0,0,1,0
raatti,Karjasilta,2026-02-27T01:00:00Z,2026-02-27T03:00:00+02:00,0,0,0,1
raatti,Karjasilta,2026-02-27T02:00:00Z,2026-02-27T04:00:00+02:00,4,0,0,1
raatti,Karjasilta,2026-02-27T03:00:00Z,2026-02-27T05:00:00+02:00,1,0,3,2
raatti,Karjasilta,2026-02-27T04:00:00Z,2026-02-27T06:00:00+02:00,7,0,9,13
raatti,Karjasilta,2026-02-27T05:00:00Z,2026-02-27T07:00:00+02:00,8,0,17,55
raatti,Karjasilta,2026-02-27T06:00:00Z,2026-02-27T08:00:00+02:00,10,0,12,71
raatti,Karjasilta,2026-02-27T07:00:00Z,2026-02-27T09:00:00+02:00,9,0,9,46
raatti,Karjasilta,2026-02-27T08:00:00Z,2026-02-27T10:00:00+02:00,14,1,15,20
raatti,Karjasilta,2026-02-27T09:00:00Z,2026-02-27T11:00:00+02:00,32,4,23,27
raatti,Karjasilta,2026-02-27T10:00:00Z,2026-02-27T12:00:00+02:00,18,15,31,22
raatti,Karjasilta,2026-02-27T11:00:00Z,2026-02-27T13:00:00+02:00,14,15,31,17
raatti,Karjasilta,2026-02-27T12:00:00Z,2026-02-27T14:00:00+02:00,12,23,44,20
raatti,Karjasilta,2026-02-27T13:00:00Z,2026-02-27T15:00:00+02:00,9,21,36,27
raatti,Karjasilta,2026-02-27T14:00:00Z,2026-02-27T16:00:00+02:00,7,14,26,32
raatti,Karjasilta,2026-02-27T15:00:00Z,2026-02-27T17:00:00+02:00,8,15,23,12
raatti,Karjasilta,2026-02-27T16:00:00Z,2026-02-27T18:00:00+02:00,8,16,15,9
raatti,Karjasilta,2026-02-27T17:00:00Z,2026-02-27T19:00:00+02:00,5,12,16,14
raatti,Karjasilta,2026-02-27T18:00:00Z,2026-02-27T20:00:00+02:00,2,9,14,14
raatti,Karjasilta,2026-02-27T19:00:00Z,2026-02-27T21:00:00+02:00,2,3,10,6
raatti,Karjasilta,2026-02-27T20:00:00Z,2026-02-27T22:00:00+02:00,4,1,9,9
raatti,Karjasilta,2026-02-27T21:00:00Z,2026-02-27T23:00:00+02:00,1,4,8,5
raatti,Karjasilta,2026-02-27T22:00:00Z,2026-02-28T00:00:00+02:00,2,4,7,4
raatti,Karjasilta,2026-02-27T23:00:00Z,2026-02-28T01:00:00+02:00,5,0,2,2
raatti,Karjasilta,2026-02-28T00:00:00Z,2026-02-28T02:00:00+02:00,2,0,3,1
raatti,Karjasilta,2026-02-28T01:00:00Z,2026-02-28T03:00:00+02:00,4,0,2,0
raatti,Karjasilta,2026-02-28T02:00:00Z,2026-02-28T04:00:00+02:00,1,0,1,1
raatti,Karjasilta,2026-02-28T03:00:00Z,2026-02-28T05:00:00+02:00,2,0,3,3
raatti,Karjasilta,2026-02-28T04:00:00Z,2026-02-28T06:00:00+02:00,7,0,5,9
raatti,Karjasilta,2026-02-28T05:00:00Z,2026-02-28T07:00:00+02:00,1,0,3,2
raatti,Karjasilta,2026-02-28T06:00:00Z,2026-02-28T08:00:00+02:00,12,0,3,6
raatti,Karjasilta,2026-02-28T07:00:00Z,2026-02-28T09:00:00+02:00,12,0,5,11
raatti,Karjasilta,2026-02-28T08:00:00Z,2026-02-28T10:00:00+02:00,17,0,9,11
raatti,Karjasilta,2026-02-28T09:00:00Z,2026-02-28T11:00:00+02:00,14,0,9,13
raatti,Karjasilta,2026-02-28T10:00:00Z,2026-02-28T12:00:00+02:00,23,0,8,13
raatti,Karjasilta,2026-02-28T11:00:00Z,2026-02-28T13:00:00+02:00,22,0,16,10
raatti,Karjasilta,2026-02-28T12:00:00Z,2026-02-28T14:00:00+02:00,19,0,21,10
raatti,Karjasilta,2026-02-28T13:00:00Z,2026-02-28T15:00:00+02:00,13,15,9,19
raatti,Karjasilta,2026-02-28T14:00:00Z,2026-02-28T16:00:00+02:00,8,18,12,12
raatti,Karjasilta,2026-02-28T15:00:00Z,2026-02-28T17:00:00+02:00,16,13,7,22
raatti,Karjasilta,2026-02-28T16:00:00Z,2026-02-28T18:00:00+02:00,11,12,15,11
raatti,Karjasilta,2026-02-28T17:00:00Z,2026-02-28T19:00:00+02:00,10,5,8,8
raatti,Karjasilta,2026-02-28T18:00:00Z,2026-02-28T20:00:00+02:00,5,5,11,10
raatti,Karjasilta,2026-02-28T19:00:00Z,2026-02-28T21:00:00+02:00,1,5,13,8
raatti,Karjasilta,2026-02-28T20:00:00Z,2026-02-28T22:00:00+02:00,0,0,3,8
raatti,Karjasilta,2026-02-28T21:00:00Z,2026-02-28T23:00:00+02:00,0,0,5,0
raatti,Karjasilta,2026-02-28T22:00:00Z,2026-03-01T00:00:00+02:00,0,2,3,1
raatti,Karjasilta,2026-02-28T23:00:00Z,2026-03-01T01:00:00+02:00,0,0,4,4
raatti,Karjasilta,2026-03-01T00:00:00Z,2026-03-01T02:00:00+02:00,0,3,1,0
raatti,Karjasilta,2026-03-01T01:00:00Z,2026-03-01T03:00:00+02:00,0,1,0,0
raatti,Karjasilta,2026-03-01T02:00:00Z,2026-03-01T04:00:00+02:00,0,1,2,1
raatti,Karjasilta,2026-03-01T03:00:00Z,2026-03-01T05:00:00+02:00,0,0,2,0
raatti,Karjasilta,2026-03-01T04:00:00Z,2026-03-01T06:00:00+02:00,4,1,2,5
raatti,Karjasilta,2026-03-01T05:00:00Z,2026-03-01T07:00:00+02:00,0,0,2,1
raatti,Karjasilta,2026-03-01T06:00:00Z,2026-03-01T08:00:00+02:00,1,1,4,4
raatti,Karjasilta,2026-03-01T07:00:00Z,2026-03-01T09:00:00+02:00,2,2,5,8
raatti,Karjasilta,2026-03-01T08:00:00Z,2026-03-01T10:00:00+02:00,1,4,13,8
raatti,Karjasilta,2026-03-01T09:00:00Z,2026-03-01T11:00:00+02:00,8,10,5,12
raatti,Karjasilta,2026-03-01T10:00:00Z,2026-03-01T12:00:00+02:00,11,8,7,12
raatti,Karjasilta,2026-03-01T11:00:00Z,2026-03-01T13:00:00+02:00,7,15,7,18
raatti,Karjasilta,2026-03-01T12:00:00Z,2026-03-01T14:00:00+02:00,15,9,15,10
raatti,Karjasilta,2026-03-01T13:00:00Z,2026-03-01T15:00:00+02:00,11,16,10,11
raatti,Karjasilta,2026-03-01T14:00:00Z,2026-03-01T16:00:00+02:00,10,6,9,9
raatti,Karjasilta,2026-03-01T15:00:00Z,2026-03-01T17:00:00+02:00,9,15,12,5
raatti,Karjasilta,2026-03-01T16:00:00Z,2026-03-01T18:00:00+02:00,4,6,6,6
raatti,Karjasilta,2026-03-01T17:00:00Z,2026-03-01T19:00:00+02:00,12,9,5,5
raatti,Karjasilta,2026-03-01T18:00:00Z,2026-03-01T20:00:00+02:00,4,5,8,5
raatti,Karjasilta,2026-03-01T19:00:00Z,2026-03-01T21:00:00+02:00,3,3,8,4
raatti,Karjasilta,2026-03-01T20:00:00Z,2026-03-01T22:00:00+02:00,1,0,7,1
raatti,Karjasilta,2026-03-01T21:00:00Z,2026-03-01T23:00:00+02:00,3,2,4,4
raatti,Karjasilta,2026-03-01T22:00:00Z,2026-03-02T00:00:00+02:00,2,5,0,0
raatti,Karjasilta,2026-03-01T23:00:00Z,2026-03-02T01:00:00+02:00,1,1,0,1
raatti,Karjasilta,2026-03-02T00:00:00Z,2026-03-02T02:00:00+02:00,0,0,1,0
raatti,Karjasilta,2026-03-02T01:00:00Z,2026-03-02T03:00:00+02:00,1,0,1,1
raatti,Karjasilta,2026-03-02T02:00:00Z,2026-03-02T04:00:00+02:00,1,2,2,1
raatti,Karjasilta,2026-03-02T03:00:00Z,2026-03-02T05:00:00+02:00,2,0,4,4
raatti,Karjasilta,2026-03-02T04:00:00Z,2026-03-02T06:00:00+02:00,6,4,4,14
raatti,Karjasilta,2026-03-02T05:00:00Z,2026-03-02T07:00:00+02:00,7,2,9,35
raatti,Karjasilta,2026-03-02T06:00:00Z,2026-03-02T08:00:00+02:00,14,2,6,26
raatti,Karjasilta,2026-03-02T07:00:00Z,2026-03-02T09:00:00+02:00,6,5,7,24
raatti,Karjasilta,2026-03-02T08:00:00Z,2026-03-02T10:00:00+02:00,17,20,4,9
raatti,Karjasilta,2026-03-02T09:00:00Z,2026-03-02T11:00:00+02:00,11,6,15,20
raatti,Karjasilta,2026-03-02T10:00:00Z,2026-03-02T12:00:00+02:00,10,11,13,20
raatti,Karjasilta,2026-03-02T11:00:00Z,2026-03-02T13:00:00+02:00,9,18,14,10
raatti,Karjasilta,2026-03-02T12:00:00Z,2026-03-02T14:00:00+02:00,18,25,18,13
raatti,Karjasilta,2026-03-02T13:00:00Z,2026-03-02T15:00:00+02:00,6,14,38,18
raatti,Karjasilta,2026-03-02T14:00:00Z,2026-03-02T16:00:00+02:00,6,14,27,27
raatti,Karjasilta,2026-03-02T15:00:00Z,2026-03-02T17:00:00+02:00,7,25,24,13
raatti,Karjasilta,2026-03-02T16:00:00Z,2026-03-02T18:00:00+02:00,7,15,23,9
raatti,Karjasilta,2026-03-02T17:00:00Z,2026-03-02T19:00:00+02:00,12,8,14,4
raatti,Karjasilta,2026-03-02T18:00:00Z,2026-03-02T20:00:00+02:00,6,3,8,5
raatti,Karjasilta,2026-03-02T19:00:00Z,2026-03-02T21:00:00+02:00,4,8,10,2
raatti,Karjasilta,2026-03-02T20:00:00Z,2026-03-02T22:00:00+02:00,0,4,3,3
raatti,Karjasilta,2026-03-02T21:00:00Z,2026-03-02T23:00:00+02:00,3,0,3,2
raatti,Karjasilta,2026-03-02T22:00:00Z,2026-03-03T00:00:00+02:00,1,1,1,0
raatti,Karjasilta,2026-03-02T23:00:00Z,2026-03-03T01:00:00+02:00,1,1,0,0
raatti,Karjasilta,2026-03-03T00:00:00Z,2026-03-03T02:00:00+02:00,0,0,0,0
raatti,Karjasilta,2026-03-03T01:00:00Z,2026-03-03T03:00:00+02:00,0,0,1,0
raatti,Karjasilta,2026-03-03T02:00:00Z,2026-03-03T04:00:00+02:00,2,0,2,1
raatti,Karjasilta,2026-03-03T03:00:00Z,2026-03-03T05:00:00+02:00,1,0,4,3
raatti,Karjasilta,2026-03-03T04:00:00Z,2026-03-03T06:00:00+02:00,3,2,4,8
raatti,Karjasilta,2026-03-03T05:00:00Z,2026-03-03T07:00:00+02:00,10,2,5,29
raatti,Karjasilta,2026-03-03T06:00:00Z,2026-03-03T08:00:00+02:00,8,4,8,28
raatti,Karjasilta,2026-03-03T07:00:00Z,2026-03-03T09:00:00+02:00,10,9,6,22
raatti,Karjasilta,2026-03-03T08:00:00Z,2026-03-03T10:00:00+02:00,8,10,9,19
raatti,Karjasilta,2026-03-03T09:00:00Z,2026-03-03T11:00:00+02:00,7,8,6,13
raatti,Karjasilta,2026-03-03T10:00:00Z,2026-03-03T12:00:00+02:00,8,9,12,12
raatti,Karjasilta,2026-03-03T11:00:00Z,2026-03-03T13:00:00+02:00,6,4,12,13
raatti,Karjasilta,2026-03-03T12:00:00Z,2026-03-03T14:00:00+02:00,8,6,15,18
raatti,Karjasilta,2026-03-03T13:00:00Z,2026-03-03T15:00:00+02:00,7,4,24,16
raatti,Karjasilta,2026-03-03T14:00:00Z,2026-03-03T16:00:00+02:00,15,15,42,15
raatti,Karjasilta,2026-03-03T15:00:00Z,2026-03-03T17:00:00+02:00,8,12,19,14
raatti,Karjasilta,2026-03-03T16:00:00Z,2026-03-03T18:00:00+02:00,10,2,20,9
raatti,Karjasilta,2026-03-03T17:00:00Z,2026-03-03T19:00:00+02:00,4,14,12,13
raatti,Karjasilta,2026-03-03T18:00:00Z,2026-03-03T20:00:00+02:00,9,3,14,4
raatti,Karjasilta,2026-03-03T19:00:00Z,2026-03-03T21:00:00+02:00,5,3,5,6
raatti,Karjasilta,2026-03-03T20:00:00Z,2026-03-03T22:00:00+02:00,2,3,8,1
raatti,Karjasilta,2026-03-03T21:00:00Z,2026-03-03T23:00:00+02:00,0,0,5,2
raatti,Karjasilta,2026-03-03T22:00:00Z,2026-03-04T00:00:00+02:00,2,1,2,0
raatti,Karjasilta,2026-03-03T23:00:00Z,2026-03-04T01:00:00+02:00,0,0,0,0
raatti,Karjasilta,2026-03-04T00:00:00Z,2026-03-04T02:00:00+02:00,0,2,0,0
raatti,Karjasilta,2026-03-04T01:00:00Z,2026-03-04T03:00:00+02:00,1,2,0,1
raatti,Karjasilta,2026-03-04T02:00:00Z,2026-03-04T04:00:00+02:00,0,0,2,2
raatti,Karjasilta,2026-03-04T03:00:00Z,2026-03-04T05:00:00+02:00,1,0,1,5
raatti,Karjasilta,2026-03-04T04:00:00Z,2026-03-04T06:00:00+02:00,0,0,4,14
raatti,Karjasilta,2026-03-04T05:00:00Z,2026-03-04T07:00:00+02:00,1,0,11,41
raatti,Karjasilta,2026-03-04T06:00:00Z,2026-03-04T08:00:00+02:00,2,0,5,34
raatti,Karjasilta,2026-03-04T07:00:00Z,2026-03-04T09:00:00+02:00,4,1,9,21
raatti,Karjasilta,2026-03-04T08:00:00Z,2026-03-04T10:00:00+02:00,4,1,10,23
raatti,Karjasilta,2026-03-04T09:00:00Z,2026-03-04T11:00:00+02:00,6,5,20,25
raatti,Karjasilta,2026-03-04T10:00:00Z,2026-03-04T12:00:00+02:00,13,11,14,22
raatti,Karjasilta,2026-03-04T11:00:00Z,2026-03-04T13:00:00+02:00,9,13,16,20
raatti,Karjasilta,2026-03-04T12:00:00Z,2026-03-04T14:00:00+02:00,14,16,27,14
raatti,Karjasilta,2026-03-04T13:00:00Z,2026-03-04T15:00:00+02:00,7,12,27,15
raatti,Karjasilta,2026-03-04T14:00:00Z,2026-03-04T16:00:00+02:00,4,18,48,16
raatti,Karjasilta,2026-03-04T15:00:00Z,2026-03-04T17:00:00+02:00,6,12,21,12
raatti,Karjasilta,2026-03-04T16:00:00Z,2026-03-04T18:00:00+02:00,11,15,16,12
raatti,Karjasilta,2026-03-04T17:00:00Z,2026-03-04T19:00:00+02:00,6,12,10,8
raatti,Karjasilta,2026-03-04T18:00:00Z,2026-03-04T20:00:00+02:00,4,16,10,6
raatti,Karjasilta,2026-03-04T19:00:00Z,2026-03-04T21:00:00+02:00,4,5,12,7
raatti,Karjasilta,2026-03-04T20:00:00Z,2026-03-04T22:00:00+02:00,1,9,5,3
raatti,Karjasilta,2026-03-04T21:00:00Z,2026-03-04T23:00:00+02:00,1,2,2,1
raatti,Karjasilta,2026-03-04T22:00:00Z,2026-03-05T00:00:00+02:00,1,1,2,2
raatti,Karjasilta,2026-03-04T23:00:00Z,2026-03-05T01:00:00+02:00,0,1,1,1
raatti,Karjasilta,2026-03-05T00:00:00Z,2026-03-05T02:00:00+02:00,0,1,0,1
raatti,Karjasilta,2026-03-05T01:00:00Z,2026-03-05T03:00:00+02:00,0,0,0,0
raatti,Karjasilta,2026-03-05T02:00:00Z,2026-03-05T04:00:00+02:00,2,1,2,0
raatti,Karjasilta,2026-03-05T03:00:00Z,2026-03-05T05:00:00+02:00,0,0,4,4
raatti,Karjasilta,2026-03-05T04:00:00Z,2026-03-05T06:00:00+02:00,4,4,2,12
raatti,Karjasilta,2026-03-05T05:00:00Z,2026-03-05T07:00:00+02:00,9,6,5,34
raatti,Karjasilta,2026-03-05T06:00:00Z,2026-03-05T08:00:00+02:00,4,2,5,39
raatti,Karjasilta,2026-03-05T07:00:00Z,2026-03-05T09:00:00+02:00,9,4,6,21
raatti,Karjasilta,2026-03-05T08:00:00Z,2026-03-05T10:00:00+02:00,13,8,8,20
raatti,Karjasilta,2026-03-05T09:00:00Z,2026-03-05T11:00:00+02:00,15,8,8,19
raatti,Karjasilta,2026-03-05T10:00:00Z,2026-03-05T12:00:00+02:00,15,11,12,18
raatti,Karjasilta,2026-03-05T11:00:00Z,2026-03-05T13:00:00+02:00,13,9,22,19
raatti,Karjasilta,2026-03-05T12:00:00Z,2026-03-05T14:00:00+02:00,7,14,22,14
raatti,Karjasilta,2026-03-05T13:00:00Z,2026-03-05T15:00:00+02:00,10,20,25,21
raatti,Karjasilta,2026-03-05T14:00:00Z,2026-03-05T16:00:00+02:00,14,14,42,19
raatti,Karjasilta,2026-03-05T15:00:00Z,2026-03-05T17:00:00+02:00,8,17,24,21
raatti,Karjasilta,2026-03-05T16:00:00Z,2026-03-05T18:00:00+02:00,8,6,27,16
raatti,Karjasilta,2026-03-05T17:00:00Z,2026-03-05T19:00:00+02:00,14,14,11,4
raatti,Karjasilta,2026-03-05T18:00:00Z,2026-03-05T20:00:00+02:00,7,9,13,8
raatti,Karjasilta,2026-03-05T19:00:00Z,2026-03-05T21:00:00+02:00,1,5,8,6
raatti,Karjasilta,2026-03-05T20:00:00Z,2026-03-05T22:00:00+02:00,1,5,7,4
raatti,Karjasilta,2026-03-05T21:00:00Z,2026-03-05T23:00:00+02:00,2,1,6,1
raatti,Karjasilta,2026-03-05T22:00:00Z,2026-03-06T00:00:00+02:00,1,6,4,4
raatti,Karjasilta,2026-03-05T23:00:00Z,2026-03-06T01:00:00+02:00,1,0,3,0
raatti,Karjasilta,2026-03-06T00:00:00Z,2026-03-06T02:00:00+02:00,0,0,0,0
raatti,Karjasilta,2026-03-06T01:00:00Z,2026-03-06T03:00:00+02:00,0,0,0,1
raatti,Karjasilta,2026-03-06T02:00:00Z,2026-03-06T04:00:00+02:00,1,0,2,3
raatti,Karjasilta,2026-03-06T03:00:00Z,2026-03-06T05:00:00+02:00,2,2,3,7
raatti,Karjasilta,2026-03-06T04:00:00Z,2026-03-06T06:00:00+02:00,1,3,2,13
raatti,Karjasilta,2026-03-06T05:00:00Z,2026-03-06T07:00:00+02:00,7,1,4,31
raatti,Karjasilta,2026-03-06T06:00:00Z,2026-03-06T08:00:00+02:00,10,0,11,30
raatti,Karjasilta,2026-03-06T07:00:00Z,2026-03-06T09:00:00+02:00,12,4,7,20
raatti,Karjasilta,2026-03-06T08:00:00Z,2026-03-06T10:00:00+02:00,13,3,9,12
raatti,Karjasilta,2026-03-06T09:00:00Z,2026-03-06T11:00:00+02:00,12,7,9,19
raatti,Karjasilta,2026-03-06T10:00:00Z,2026-03-06T12:00:00+02:00,13,15,23,14
raatti,Karjasilta,2026-03-06T11:00:00Z,2026-03-06T13:00:00+02:00,10,12,17,26
raatti,Karjasilta,2026-03-06T12:00:00Z,2026-03-06T14:00:00+02:00,11,11,29,22
raatti,Karjasilta,2026-03-06T13:00:00Z,2026-03-06T15:00:00+02:00,9,21,40,20
raatti,Karjasilta,2026-03-06T14:00:00Z,2026-03-06T16:00:00+02:00,6,12,39,15
raatti,Karjasilta,2026-03-06T15:00:00Z,2026-03-06T17:00:00+02:00,5,4,29,15
raatti,Karjasilta,2026-03-06T16:00:00Z,2026-03-06T18:00:00+02:00,9,11,11,3
raatti,Karjasilta,2026-03-06T17:00:00Z,2026-03-06T19:00:00+02:00,6,3,16,5
raatti,Karjasilta,2026-03-06T18:00:00Z,2026-03-06T20:00:00+02:00,6,11,6,5
raatti,Karjasilta,2026-03-06T19:00:00Z,2026-03-06T21:00:00+02:00,6,8,4,8
raatti,Karjasilta,2026-03-06T20:00:00Z,2026-03-06T22:00:00+02:00,2,1,9,2
raatti,Karjasilta,2026-03-06T21:00:00Z,2026-03-06T23:00:00+02:00,4,9,4,1
raatti,Karjasilta,2026-03-06T22:00:00Z,2026-03-07T00:00:00+02:00,1,7,8,1
raatti,Karjasilta,2026-03-06T23:00:00Z,2026-03-07T01:00:00+02:00,2,1,2,2
raatti,Karjasilta,2026-03-07T00:00:00Z,2026-03-07T02:00:00+02:00,1,1,2,1
raatti,Karjasilta,2026-03-07T01:00:00Z,2026-03-07T03:00:00+02:00,2,3,0,0
raatti,Karjasilta,2026-03-07T02:00:00Z,2026-03-07T04:00:00+02:00,1,2,3,2
raatti,Karjasilta,2026-03-07T03:00:00Z,2026-03-07T05:00:00+02:00,0,0,3,1
raatti,Karjasilta,2026-03-07T04:00:00Z,2026-03-07T06:00:00+02:00,3,1,5,8
raatti,Karjasilta,2026-03-07T05:00:00Z,2026-03-07T07:00:00+02:00,4,1,5,2
raatti,Karjasilta,2026-03-07T06:00:00Z,2026-03-07T08:00:00+02:00,3,6,4,4
raatti,Karjasilta,2026-03-07T07:00:00Z,2026-03-07T09:00:00+02:00,11,6,5,12
raatti,Karjasilta,2026-03-07T08:00:00Z,2026-03-07T10:00:00+02:00,8,8,8,11
raatti,Karjasilta,2026-03-07T09:00:00Z,2026-03-07T11:00:00+02:00,20,12,13,25
raatti,Karjasilta,2026-03-07T10:00:00Z,2026-03-07T12:00:00+02:00,18,13,20,22
raatti,Karjasilta,2026-03-07T11:00:00Z,2026-03-07T13:00:00+02:00,20,15,18,29
raatti,Karjasilta,2026-03-07T12:00:00Z,2026-03-07T14:00:00+02:00,19,10,26,26
raatti,Karjasilta,2026-03-07T13:00:00Z,2026-03-07T15:00:00+02:00,15,21,29,23
raatti,Karjasilta,2026-03-07T14:00:00Z,2026-03-07T16:00:00+02:00,6,14,27,15
raatti,Karjasilta,2026-03-07T15:00:00Z,2026-03-07T17:00:00+02:00,7,7,15,19
raatti,Karjasilta,2026-03-07T16:00:00Z,2026-03-07T18:00:00+02:00,6,13,4,8
raatti,Karjasilta,2026-03-07T17:00:00Z,2026-03-07T19:00:00+02:00,8,5,12,11
raatti,Karjasilta,2026-03-07T18:00:00Z,2026-03-07T20:00:00+02:00,7,11,8,7
raatti,Karjasilta,2026-03-07T19:00:00Z,2026-03-07T21:00:00+02:00,7,5,6,3
raatti,Karjasilta,2026-03-07T20:00:00Z,2026-03-07T22:00:00+02:00,1,2,7,3
raatti,Karjasilta,2026-03-07T21:00:00Z,2026-03-07T23:00:00+02:00,5,6,2,2
raatti,Karjasilta,2026-03-07T22:00:00Z,2026-03-08T00:00:00+02:00,1,4,7,1
raatti,Karjasilta,2026-03-07T23:00:00Z,2026-03-08T01:00:00+02:00,0,0,8,1
raatti,Karjasilta,2026-03-08T00:00:00Z,2026-03-08T02:00:00+02:00,0,8,1,1
raatti,Karjasilta,2026-03-08T01:00:00Z,2026-03-08T03:00:00+02:00,0,1,2,0
raatti,Karjasilta,2026-03-08T02:00:00Z,2026-03-08T04:00:00+02:00,0,2,2,0
raatti,Karjasilta,2026-03-08T03:00:00Z,2026-03-08T05:00:00+02:00,1,3,1,0
raatti,Karjasilta,2026-03-08T04:00:00Z,2026-03-08T06:00:00+02:00,2,2,3,8
raatti,Karjasilta,2026-03-08T05:00:00Z,2026-03-08T07:00:00+02:00,3,3,3,4
raatti,Karjasilta,2026-03-08T06:00:00Z,2026-03-08T08:00:00+02:00,3,5,0,8
raatti,Karjasilta,2026-03-08T07:00:00Z,2026-03-08T09:00:00+02:00,5,7,6,5
raatti,Karjasilta,2026-03-08T08:00:00Z,2026-03-08T10:00:00+02:00,9,14,5,4
raatti,Karjasilta,2026-03-08T09:00:00Z,2026-03-08T11:00:00+02:00,19,16,7,17
raatti,Karjasilta,2026-03-08T10:00:00Z,2026-03-08T12:00:00+02:00,14,8,12,19
raatti,Karjasilta,2026-03-08T11:00:00Z,2026-03-08T13:00:00+02:00,14,24,14,25
raatti,Karjasilta,2026-03-08T12:00:00Z,2026-03-08T14:00:00+02:00,32,20,25,19
raatti,Karjasilta,2026-03-08T13:00:00Z,2026-03-08T15:00:00+02:00,13,14,13,14
raatti,Karjasilta,2026-03-08T14:00:00Z,2026-03-08T16:00:00+02:00,11,23,22,16
raatti,Karjasilta,2026-03-08T15:00:00Z,2026-03-08T17:00:00+02:00,10,20,18,10
raatti,Karjasilta,2026-03-08T16:00:00Z,2026-03-08T18:00:00+02:00,15,12,17,15
raatti,Karjasilta,2026-03-08T17:00:00Z,2026-03-08T19:00:00+02:00,8,10,14,16
raatti,Karjasilta,2026-03-08T18:00:00Z,2026-03-08T20:00:00+02:00,6,15,8,10
raatti,Karjasilta,2026-03-08T19:00:00Z,2026-03-08T21:00:00+02:00,4,5,8,4
raatti,Karjasilta,2026-03-08T20:00:00Z,2026-03-08T22:00:00+02:00,1,4,4,3
raatti,Karjasilta,2026-03-08T21:00:00Z,2026-03-08T23:00:00+02:00,2,3,4,1
raatti,Karjasilta,2026-03-08T22:00:00Z,2026-03-09T00:00:00+02:00,1,1,1,1
raatti,Karjasilta,2026-03-08T23:00:00Z,2026-03-09T01:00:00+02:00,0,0,1,1
raatti,Karjasilta,2026-03-09T00:00:00Z,2026-03-09T02:00:00+02:00,2,0,1,1
raatti,Karjasilta,2026-03-09T01:00:00Z,2026-03-09T03:00:00+02:00,1,0,0,1
raatti,Karjasilta,2026-03-09T02:00:00Z,2026-03-09T04:00:00+02:00,1,0,3,2
raatti,Karjasilta,2026-03-09T03:00:00Z,2026-03-09T05:00:00+02:00,0,0,3,3
raatti,Karjasilta,2026-03-09T04:00:00Z,2026-03-09T06:00:00+02:00,5,4,5,13
raatti,Karjasilta,2026-03-09T05:00:00Z,2026-03-09T07:00:00+02:00,10,4,16,67
raatti,Karjasilta,2026-03-09T06:00:00Z,2026-03-09T08:00:00+02:00,14,3,8,98
raatti,Karjasilta,2026-03-09T07:00:00Z,2026-03-09T09:00:00+02:00,13,6,7,44
raatti,Karjasilta,2026-03-09T08:00:00Z,2026-03-09T10:00:00+02:00,12,12,12,22
raatti,Karjasilta,2026-03-09T09:00:00Z,2026-03-09T11:00:00+02:00,17,10,16,31
raatti,Karjasilta,2026-03-09T10:00:00Z,2026-03-09T12:00:00+02:00,17,10,22,20
raatti,Karjasilta,2026-03-09T11:00:00Z,2026-03-09T13:00:00+02:00,10,14,31,16
raatti,Karjasilta,2026-03-09T12:00:00Z,2026-03-09T14:00:00+02:00,19,20,49,13
raatti,Karjasilta,2026-03-09T13:00:00Z,2026-03-09T15:00:00+02:00,11,8,61,18
raatti,Karjasilta,2026-03-09T14:00:00Z,2026-03-09T16:00:00+02:00,7,23,66,37
raatti,Karjasilta,2026-03-09T15:00:00Z,2026-03-09T17:00:00+02:00,13,19,35,18
raatti,Karjasilta,2026-03-09T16:00:00Z,2026-03-09T18:00:00+02:00,10,13,21,19
raatti,Karjasilta,2026-03-09T17:00:00Z,2026-03-09T19:00:00+02:00,6,18,29,8
raatti,Karjasilta,2026-03-09T18:00:00Z,2026-03-09T20:00:00+02:00,5,6,18,5
raatti,Karjasilta,2026-03-09T19:00:00Z,2026-03-09T21:00:00+02:00,4,3,13,8
raatti,Karjasilta,2026-03-09T20:00:00Z,2026-03-09T22:00:00+02:00,1,10,8,4
raatti,Karjasilta,2026-03-09T21:00:00Z,2026-03-09T23:00:00+02:00,4,1,9,3
raatti,Karjasilta,2026-03-09T22:00:00Z,2026-03-10T00:00:00+02:00,1,0,0,0
raatti,Karjasilta,2026-03-09T23:00:00Z,2026-03-10T01:00:00+02:00,0,0,2,0
raatti,Karjasilta,2026-03-10T00:00:00Z,2026-03-10T02:00:00+02:00,0,1,0,0
raatti,Karjasilta,2026-03-10T01:00:00Z,2026-03-10T03:00:00+02:00,0,0,1,0
raatti,Karjasilta,2026-03-10T02:00:00Z,2026-03-10T04:00:00+02:00,2,0,2,0
raatti,Karjasilta,2026-03-10T03:00:00Z,2026-03-10T05:00:00+02:00,2,1,6,4
raatti,Karjasilta,2026-03-10T04:00:00Z,2026-03-10T06:00:00+02:00,3,1,10,13
raatti,Karjasilta,2026-03-10T05:00:00Z,2026-03-10T07:00:00+02:00,18,7,14,73
raatti,Karjasilta,2026-03-10T06:00:00Z,2026-03-10T08:00:00+02:00,25,4,13,88
raatti,Karjasilta,2026-03-10T07:00:00Z,2026-03-10T09:00:00+02:00,14,8,13,39
raatti,Karjasilta,2026-03-10T08:00:00Z,2026-03-10T10:00:00+02:00,13,9,10,29
raatti,Karjasilta,2026-03-10T09:00:00Z,2026-03-10T11:00:00+02:00,22,14,19,38
raatti,Karjasilta,2026-03-10T10:00:00Z,2026-03-10T12:00:00+02:00,17,20,29,23
raatti,Karjasilta,2026-03-10T11:00:00Z,2026-03-10T13:00:00+02:00,18,37,37,26
raatti,Karjasilta,2026-03-10T12:00:00Z,2026-03-10T14:00:00+02:00,29,26,65,27
raatti,Karjasilta,2026-03-10T13:00:00Z,2026-03-10T15:00:00+02:00,15,30,57,25
raatti,Karjasilta,2026-03-10T14:00:00Z,2026-03-10T16:00:00+02:00,18,28,71,40
raatti,Karjasilta,2026-03-10T15:00:00Z,2026-03-10T17:00:00+02:00,14,24,48,20
raatti,Karjasilta,2026-03-10T16:00:00Z,2026-03-10T18:00:00+02:00,15,17,25,20
raatti,Karjasilta,2026-03-10T17:00:00Z,2026-03-10T19:00:00+02:00,11,17,28,12
raatti,Karjasilta,2026-03-10T18:00:00Z,2026-03-10T20:00:00+02:00,6,25,33,7
raatti,Karjasilta,2026-03-10T19:00:00Z,2026-03-10T21:00:00+02:00,5,12,13,8
raatti,Karjasilta,2026-03-10T20:00:00Z,2026-03-10T22:00:00+02:00,4,4,8,6
raatti,Karjasilta,2026-03-10T21:00:00Z,2026-03-10T23:00:00+02:00,0,1,6,2
raatti,Karjasilta,2026-03-10T22:00:00Z,2026-03-11T00:00:00+02:00,1,0,2,3
raatti,Karjasilta,2026-03-10T23:00:00Z,2026-03-11T01:00:00+02:00,1,1,0,0
raatti,Karjasilta,2026-03-11T00:00:00Z,2026-03-11T02:00:00+02:00,0,0,0,0
raatti,Karjasilta,2026-03-11T01:00:00Z,2026-03-11T03:00:00+02:00,0,0,0,0
raatti,Karjasilta,2026-03-11T02:00:00Z,2026-03-11T04:00:00+02:00,2,0,3,3
raatti,Karjasilta,2026-03-11T03:00:00Z,2026-03-11T05:00:00+02:00,1,2,3,2
raatti,Karjasilta,2026-03-11T04:00:00Z,2026-03-11T06:00:00+02:00,1,6,4,17
raatti,Karjasilta,2026-03-11T05:00:00Z,2026-03-11T07:00:00+02:00,18,10,19,66
raatti,Karjasilta,2026-03-11T06:00:00Z,2026-03-11T08:00:00+02:00,19,2,9,103
raatti,Karjasilta,2026-03-11T07:00:00Z,2026-03-11T09:00:00+02:00,15,8,9,48
raatti,Karjasilta,2026-03-11T08:00:00Z,2026-03-11T10:00:00+02:00,17,11,16,21
raatti,Karjasilta,2026-03-11T09:00:00Z,2026-03-11T11:00:00+02:00,18,17,18,28
raatti,Karjasilta,2026-03-11T10:00:00Z,2026-03-11T12:00:00+02:00,18,16,22,31
raatti,Karjasilta,2026-03-11T11:00:00Z,2026-03-11T13:00:00+02:00,15,14,31,22
raatti,Karjasilta,2026-03-11T12:00:00Z,2026-03-11T14:00:00+02:00,13,17,66,28
raatti,Karjasilta,2026-03-11T13:00:00Z,2026-03-11T15:00:00+02:00,10,20,78,31
raatti,Karjasilta,2026-03-11T14:00:00Z,2026-03-11T16:00:00+02:00,12,27,74,33
raatti,Karjasilta,2026-03-11T15:00:00Z,2026-03-11T17:00:00+02:00,15,22,36,35
raatti,Karjasilta,2026-03-11T16:00:00Z,2026-03-11T18:00:00+02:00,10,19,23,14
raatti,Karjasilta,2026-03-11T17:00:00Z,2026-03-11T19:00:00+02:00,15,28,22,15
raatti,Karjasilta,2026-03-11T18:00:00Z,2026-03-11T20:00:00+02:00,16,12,20,5
raatti,Karjasilta,2026-03-11T19:00:00Z,2026-03-11T21:00:00+02:00,1,5,10,3
raatti,Karjasilta,2026-03-11T20:00:00Z,2026-03-11T22:00:00+02:00,3,5,8,2
raatti,Karjasilta,2026-03-11T21:00:00Z,2026-03-11T23:00:00+02:00,1,2,5,3
raatti,Karjasilta,2026-03-11T22:00:00Z,2026-03-12T00:00:00+02:00,0,0,1,0
raatti,Karjasilta,2026-03-11T23:00:00Z,2026-03-12T01:00:00+02:00,1,1,5,2
raatti,Karjasilta,2026-03-12T00:00:00Z,2026-03-12T02:00:00+02:00,0,2,1,1
raatti,Karjasilta,2026-03-12T01:00:00Z,2026-03-12T03:00:00+02:00,0,0,0,0
raatti,Karjasilta,2026-03-12T02:00:00Z,2026-03-12T04:00:00+02:00,3,0,2,2
raatti,Karjasilta,2026-03-12T03:00:00Z,2026-03-12T05:00:00+02:00,1,0,0,3
raatti,Karjasilta,2026-03-12T04:00:00Z,2026-03-12T06:00:00+02:00,2,1,5,18
raatti,Karjasilta,2026-03-12T05:00:00Z,2026-03-12T07:00:00+02:00,14,2,17,63
raatti,Karjasilta,2026-03-12T06:00:00Z,2026-03-12T08:00:00+02:00,15,4,8,94
raatti,Karjasilta,2026-03-12T07:00:00Z,2026-03-12T09:00:00+02:00,10,8,8,39
raatti,Karjasilta,2026-03-12T08:00:00Z,2026-03-12T10:00:00+02:00,16,6,8,28
raatti,Karjasilta,2026-03-12T09:00:00Z,2026-03-12T11:00:00+02:00,10,13,17,30
raatti,Karjasilta,2026-03-12T10:00:00Z,2026-03-12T12:00:00+02:00,14,15,17,25
raatti,Karjasilta,2026-03-12T11:00:00Z,2026-03-12T13:00:00+02:00,8,19,26,20
raatti,Karjasilta,2026-03-12T12:00:00Z,2026-03-12T14:00:00+02:00,12,26,50,33
raatti,Karjasilta,2026-03-12T13:00:00Z,2026-03-12T15:00:00+02:00,6,14,49,15
raatti,Karjasilta,2026-03-12T14:00:00Z,2026-03-12T16:00:00+02:00,21,32,47,27
raatti,Karjasilta,2026-03-12T15:00:00Z,2026-03-12T17:00:00+02:00,12,21,35,15
raatti,Karjasilta,2026-03-12T16:00:00Z,2026-03-12T18:00:00+02:00,27,14,31,19
raatti,Karjasilta,2026-03-12T17:00:00Z,2026-03-12T19:00:00+02:00,13,22,19,7
raatti,Karjasilta,2026-03-12T18:00:00Z,2026-03-12T20:00:00+02:00,13,21,27,12
raatti,Karjasilta,2026-03-12T19:00:00Z,2026-03-12T21:00:00+02:00,1,8,12,10
raatti,Karjasilta,2026-03-12T20:00:00Z,2026-03-12T22:00:00+02:00,3,6,13,4
raatti,Karjasilta,2026-03-12T21:00:00Z,2026-03-12T23:00:00+02:00,2,3,6,5
raatti,Karjasilta,2026-03-12T22:00:00Z,2026-03-13T00:00:00+02:00,2,1,0,2
raatti,Karjasilta,2026-03-12T23:00:00Z,2026-03-13T01:00:00+02:00,2,0,1,0
raatti,Karjasilta,2026-03-13T00:00:00Z,2026-03-13T02:00:00+02:00,1,0,0,0
raatti,Karjasilta,2026-03-13T01:00:00Z,2026-03-13T03:00:00+02:00,0,2,0,1
raatti,Karjasilta,2026-03-13T02:00:00Z,2026-03-13T04:00:00+02:00,2,1,2,4
raatti,Karjasilta,2026-03-13T03:00:00Z,2026-03-13T05:00:00+02:00,2,2,2,3
raatti,Karjasilta,2026-03-13T04:00:00Z,2026-03-13T06:00:00+02:00,5,3,10,14
raatti,Karjasilta,2026-03-13T05:00:00Z,2026-03-13T07:00:00+02:00,13,6,11,72
raatti,Karjasilta,2026-03-13T06:00:00Z,2026-03-13T08:00:00+02:00,17,4,11,58
raatti,Karjasilta,2026-03-13T07:00:00Z,2026-03-13T09:00:00+02:00,11,5,8,46
raatti,Karjasilta,2026-03-13T08:00:00Z,2026-03-13T10:00:00+02:00,7,11,14,22
raatti,Karjasilta,2026-03-13T09:00:00Z,2026-03-13T11:00:00+02:00,12,7,23,23
raatti,Karjasilta,2026-03-13T10:00:00Z,2026-03-13T12:00:00+02:00,7,20,18,29
raatti,Karjasilta,2026-03-13T11:00:00Z,2026-03-13T13:00:00+02:00,9,17,37,20
raatti,Karjasilta,2026-03-13T12:00:00Z,2026-03-13T14:00:00+02:00,15,12,51,23
raatti,Karjasilta,2026-03-13T13:00:00Z,2026-03-13T15:00:00+02:00,20,21,40,29
raatti,Karjasilta,2026-03-13T14:00:00Z,2026-03-13T16:00:00+02:00,8,22,53,24
raatti,Karjasilta,2026-03-13T15:00:00Z,2026-03-13T17:00:00+02:00,18,13,28,18
raatti,Karjasilta,2026-03-13T16:00:00Z,2026-03-13T18:00:00+02:00,16,11,16,19
raatti,Karjasilta,2026-03-13T17:00:00Z,2026-03-13T19:00:00+02:00,7,17,14,8
raatti,Karjasilta,2026-03-13T18:00:00Z,2026-03-13T20:00:00+02:00,5,8,20,8
raatti,Karjasilta,2026-03-13T19:00:00Z,2026-03-13T21:00:00+02:00,2,7,15,13
raatti,Karjasilta,2026-03-13T20:00:00Z,2026-03-13T22:00:00+02:00,2,5,8,12
raatti,Karjasilta,2026-03-13T21:00:00Z,2026-03-13T23:00:00+02:00,2,3,5,8
raatti,Karjasilta,2026-03-13T22:00:00Z,2026-03-14T00:00:00+02:00,0,6,10,8
raatti,Karjasilta,2026-03-13T23:00:00Z,2026-03-14T01:00:00+02:00,1,2,1,0
raatti,Karjasilta,2026-03-14T00:00:00Z,2026-03-14T02:00:00+02:00,1,4,3,0
raatti,Karjasilta,2026-03-14T01:00:00Z,2026-03-14T03:00:00+02:00,1,1,2,1
raatti,Karjasilta,2026-03-14T02:00:00Z,2026-03-14T04:00:00+02:00,0,0,3,0
raatti,Karjasilta,2026-03-14T03:00:00Z,2026-03-14T05:00:00+02:00,1,2,3,1
raatti,Karjasilta,2026-03-14T04:00:00Z,2026-03-14T06:00:00+02:00,3,0,1,6
raatti,Karjasilta,2026-03-14T05:00:00Z,2026-03-14T07:00:00+02:00,0,1,1,9
raatti,Karjasilta,2026-03-14T06:00:00Z,2026-03-14T08:00:00+02:00,14,8,2,6
raatti,Karjasilta,2026-03-14T07:00:00Z,2026-03-14T09:00:00+02:00,12,4,6,22
raatti,Karjasilta,2026-03-14T08:00:00Z,2026-03-14T10:00:00+02:00,15,8,5,20
raatti,Karjasilta,2026-03-14T09:00:00Z,2026-03-14T11:00:00+02:00,15,22,14,29
raatti,Karjasilta,2026-03-14T10:00:00Z,2026-03-14T12:00:00+02:00,15,13,20,22
raatti,Karjasilta,2026-03-14T11:00:00Z,2026-03-14T13:00:00+02:00,9,19,25,31
raatti,Karjasilta,2026-03-14T12:00:00Z,2026-03-14T14:00:00+02:00,21,17,21,30
raatti,Karjasilta,2026-03-14T13:00:00Z,2026-03-14T15:00:00+02:00,9,15,21,19
raatti,Karjasilta,2026-03-14T14:00:00Z,2026-03-14T16:00:00+02:00,14,15,14,21
raatti,Karjasilta,2026-03-14T15:00:00Z,2026-03-14T17:00:00+02:00,8,10,11,14
raatti,Karjasilta,2026-03-14T16:00:00Z,2026-03-14T18:00:00+02:00,6,7,14,8
raatti,Karjasilta,2026-03-14T17:00:00Z,2026-03-14T19:00:00+02:00,11,15,16,7
raatti,Karjasilta,2026-03-14T18:00:00Z,2026-03-14T20:00:00+02:00,5,5,11,2
raatti,Karjasilta,2026-03-14T19:00:00Z,2026-03-14T21:00:00+02:00,2,4,6,6
raatti,Karjasilta,2026-03-14T20:00:00Z,2026-03-14T22:00:00+02:00,1,3,6,8
raatti,Karjasilta,2026-03-14T21:00:00Z,2026-03-14T23:00:00+02:00,0,3,6,1
raatti,Karjasilta,2026-03-14T22:00:00Z,2026-03-15T00:00:00+02:00,2,1,3,1
raatti,Karjasilta,2026-03-14T23:00:00Z,2026-03-15T01:00:00+02:00,3,0,4,0
raatti,Karjasilta,2026-03-15T00:00:00Z,2026-03-15T02:00:00+02:00,1,1,3,0
raatti,Karjasilta,2026-03-15T01:00:00Z,2026-03-15T03:00:00+02:00,0,3,0,1
raatti,Karjasilta,2026-03-15T02:00:00Z,2026-03-15T04:00:00+02:00,0,2,2,1
raatti,Karjasilta,2026-03-15T03:00:00Z,2026-03-15T05:00:00+02:00,2,1,3,0
raatti,Karjasilta,2026-03-15T04:00:00Z,2026-03-15T06:00:00+02:00,1,1,2,7
raatti,Karjasilta,2026-03-15T05:00:00Z,2026-03-15T07:00:00+02:00,1,2,0,2
raatti,Karjasilta,2026-03-15T06:00:00Z,2026-03-15T08:00:00+02:00,6,5,6,6
raatti,Karjasilta,2026-03-15T07:00:00Z,2026-03-15T09:00:00+02:00,8,10,5,13
raatti,Karjasilta,2026-03-15T08:00:00Z,2026-03-15T10:00:00+02:00,11,10,7,14
raatti,Karjasilta,2026-03-15T09:00:00Z,2026-03-15T11:00:00+02:00,14,20,14,23
raatti,Karjasilta,2026-03-15T10:00:00Z,2026-03-15T12:00:00+02:00,20,16,21,20
raatti,Karjasilta,2026-03-15T11:00:00Z,2026-03-15T13:00:00+02:00,16,21,17,17
raatti,Karjasilta,2026-03-15T12:00:00Z,2026-03-15T14:00:00+02:00,18,13,26,26
raatti,Karjasilta,2026-03-15T13:00:00Z,2026-03-15T15:00:00+02:00,15,27,16,19
raatti,Karjasilta,2026-03-15T14:00:00Z,2026-03-15T16:00:00+02:00,8,14,16,15
raatti,Karjasilta,2026-03-15T15:00:00Z,2026-03-15T17:00:00+02:00,8,12,10,14
raatti,Karjasilta,2026-03-15T16:00:00Z,2026-03-15T18:00:00+02:00,9,13,8,6
raatti,Karjasilta,2026-03-15T17:00:00Z,2026-03-15T19:00:00+02:00,10,7,4,3
raatti,Karjasilta,2026-03-15T18:00:00Z,2026-03-15T20:00:00+02:00,3,7,5,2
raatti,Karjasilta,2026-03-15T19:00:00Z,2026-03-15T21:00:00+02:00,4,3,5,2
raatti,Karjasilta,2026-03-15T20:00:00Z,2026-03-15T22:00:00+02:00,3,2,6,2
raatti,Karjasilta,2026-03-15T21:00:00Z,2026-03-15T23:00:00+02:00,2,2,0,1
raatti,Karjasilta,2026-03-15T22:00:00Z,2026-03-16T00:00:00+02:00,0,2,2,1
raatti,Karjasilta,2026-03-15T23:00:00Z,2026-03-16T01:00:00+02:00,1,0,1,0
raatti,Karjasilta,2026-03-16T00:00:00Z,2026-03-16T02:00:00+02:00,2,1,0,0
raatti,Karjasilta,2026-03-16T01:00:00Z,2026-03-16T03:00:00+02:00,1,0,1,1
raatti,Karjasilta,2026-03-16T02:00:00Z,2026-03-16T04:00:00+02:00,3,4,3,5
raatti,Karjasilta,2026-03-16T03:00:00Z,2026-03-16T05:00:00+02:00,1,0,4,2
raatti,Karjasilta,2026-03-16T04:00:00Z,2026-03-16T06:00:00+02:00,4,1,8,21
raatti,Karjasilta,2026-03-16T05:00:00Z,2026-03-16T07:00:00+02:00,11,9,12,59
raatti,Karjasilta,2026-03-16T06:00:00Z,2026-03-16T08:00:00+02:00,20,4,16,83
raatti,Karjasilta,2026-03-16T07:00:00Z,2026-03-16T09:00:00+02:00,9,4,12,52
raatti,Karjasilta,2026-03-16T08:00:00Z,2026-03-16T10:00:00+02:00,8,9,4,12
raatti,Karjasilta,2026-03-16T09:00:00Z,2026-03-16T11:00:00+02:00,13,10,16,17
raatti,Karjasilta,2026-03-16T10:00:00Z,2026-03-16T12:00:00+02:00,14,11,20,29
raatti,Karjasilta,2026-03-16T11:00:00Z,2026-03-16T13:00:00+02:00,12,12,31,20
raatti,Karjasilta,2026-03-16T12:00:00Z,2026-03-16T14:00:00+02:00,15,21,50,31
raatti,Karjasilta,2026-03-16T13:00:00Z,2026-03-16T15:00:00+02:00,5,31,47,29
raatti,Karjasilta,2026-03-16T14:00:00Z,2026-03-16T16:00:00+02:00,20,30,52,35
raatti,Karjasilta,2026-03-16T15:00:00Z,2026-03-16T17:00:00+02:00,18,20,32,32
raatti,Karjasilta,2026-03-16T16:00:00Z,2026-03-16T18:00:00+02:00,14,21,20,25
raatti,Karjasilta,2026-03-16T17:00:00Z,2026-03-16T19:00:00+02:00,12,24,32,11
raatti,Karjasilta,2026-03-16T18:00:00Z,2026-03-16T20:00:00+02:00,9,15,22,12
raatti,Karjasilta,2026-03-16T19:00:00Z,2026-03-16T21:00:00+02:00,3,10,15,5
raatti,Karjasilta,2026-03-16T20:00:00Z,2026-03-16T22:00:00+02:00,4,1,7,7
raatti,Karjasilta,2026-03-16T21:00:00Z,2026-03-16T23:00:00+02:00,3,1,3,3
raatti,Karjasilta,2026-03-16T22:00:00Z,2026-03-17T00:00:00+02:00,2,0,1,0
raatti,Karjasilta,2026-03-16T23:00:00Z,2026-03-17T01:00:00+02:00,0,0,0,0
raatti,Karjasilta,2026-03-17T00:00:00Z,2026-03-17T02:00:00+02:00,0,0,1,0
raatti,Karjasilta,2026-03-17T01:00:00Z,2026-03-17T03:00:00+02:00,0,0,0,0
raatti,Karjasilta,2026-03-17T02:00:00Z,2026-03-17T04:00:00+02:00,1,0,2,2
raatti,Karjasilta,2026-03-17T03:00:00Z,2026-03-17T05:00:00+02:00,1,5,1,5
raatti,Karjasilta,2026-03-17T04:00:00Z,2026-03-17T06:00:00+02:00,5,4,7,18
raatti,Karjasilta,2026-03-17T05:00:00Z,2026-03-17T07:00:00+02:00,16,11,20,71
raatti,Karjasilta,2026-03-17T06:00:00Z,2026-03-17T08:00:00+02:00,9,3,10,90
raatti,Karjasilta,2026-03-17T07:00:00Z,2026-03-17T09:00:00+02:00,18,4,7,53
raatti,Karjasilta,2026-03-17T08:00:00Z,2026-03-17T10:00:00+02:00,11,11,11,23
raatti,Karjasilta,2026-03-17T09:00:00Z,2026-03-17T11:00:00+02:00,14,11,29,30
raatti,Karjasilta,2026-03-17T10:00:00Z,2026-03-17T12:00:00+02:00,9,8,31,39
raatti,Karjasilta,2026-03-17T11:00:00Z,2026-03-17T13:00:00+02:00,15,21,43,23
raatti,Karjasilta,2026-03-17T12:00:00Z,2026-03-17T14:00:00+02:00,15,25,56,43
raatti,Karjasilta,2026-03-17T13:00:00Z,2026-03-17T15:00:00+02:00,11,24,42,26
raatti,Karjasilta,2026-03-17T14:00:00Z,2026-03-17T16:00:00+02:00,27,29,75,33
raatti,Karjasilta,2026-03-17T15:00:00Z,2026-03-17T17:00:00+02:00,10,23,43,35
raatti,Karjasilta,2026-03-17T16:00:00Z,2026-03-17T18:00:00+02:00,19,16,34,24
raatti,Karjasilta,2026-03-17T17:00:00Z,2026-03-17T19:00:00+02:00,20,22,19,13
raatti,Karjasilta,2026-03-17T18:00:00Z,2026-03-17T20:00:00+02:00,10,13,21,8
raatti,Karjasilta,2026-03-17T19:00:00Z,2026-03-17T21:00:00+02:00,7,9,23,8
raatti,Karjasilta,2026-03-17T20:00:00Z,2026-03-17T22:00:00+02:00,2,4,4,8
raatti,Karjasilta,2026-03-17T21:00:00Z,2026-03-17T23:00:00+02:00,2,3,5,3
raatti,Karjasilta,2026-03-17T22:00:00Z,2026-03-18T00:00:00+02:00,0,0,3,2
raatti,Karjasilta,2026-03-17T23:00:00Z,2026-03-18T01:00:00+02:00,1,1,2,0
raatti,Karjasilta,2026-03-18T00:00:00Z,2026-03-18T02:00:00+02:00,0,0,0,0
raatti,Karjasilta,2026-03-18T01:00:00Z,2026-03-18T03:00:00+02:00,0,0,0,1
raatti,Karjasilta,2026-03-18T02:00:00Z,2026-03-18T04:00:00+02:00,2,0,0,4
raatti,Karjasilta,2026-03-18T03:00:00Z,2026-03-18T05:00:00+02:00,2,0,1,3
raatti,Karjasilta,2026-03-18T04:00:00Z,2026-03-18T06:00:00+02:00,1,2,8,26
raatti,Karjasilta,2026-03-18T05:00:00Z,2026-03-18T07:00:00+02:00,14,7,18,82
raatti,Karjasilta,2026-03-18T06:00:00Z,2026-03-18T08:00:00+02:00,18,4,11,56
raatti,Karjasilta,2026-03-18T07:00:00Z,2026-03-18T09:00:00+02:00,15,1,13,42
raatti,Karjasilta,2026-03-18T08:00:00Z,2026-03-18T10:00:00+02:00,9,3,11,30
raatti,Karjasilta,2026-03-18T09:00:00Z,2026-03-18T11:00:00+02:00,11,12,14,27
raatti,Karjasilta,2026-03-18T10:00:00Z,2026-03-18T12:00:00+02:00,6,10,18,30
raatti,Karjasilta,2026-03-18T11:00:00Z,2026-03-18T13:00:00+02:00,6,8,30,24
raatti,Karjasilta,2026-03-18T12:00:00Z,2026-03-18T14:00:00+02:00,12,18,38,31
raatti,Karjasilta,2026-03-18T13:00:00Z,2026-03-18T15:00:00+02:00,13,17,55,33
raatti,Karjasilta,2026-03-18T14:00:00Z,2026-03-18T16:00:00+02:00,11,21,62,33
raatti,Karjasilta,2026-03-18T15:00:00Z,2026-03-18T17:00:00+02:00,10,19,51,22
raatti,Karjasilta,2026-03-18T16:00:00Z,2026-03-18T18:00:00+02:00,7,18,31,19
raatti,Karjasilta,2026-03-18T17:00:00Z,2026-03-18T19:00:00+02:00,15,8,22,14
raatti,Karjasilta,2026-03-18T18:00:00Z,2026-03-18T20:00:00+02:00,7,15,19,11
raatti,Karjasilta,2026-03-18T19:00:00Z,2026-03-18T21:00:00+02:00,5,8,9,5
raatti,Karjasilta,2026-03-18T20:00:00Z,2026-03-18T22:00:00+02:00,2,5,3,3
raatti,Karjasilta,2026-03-18T21:00:00Z,2026-03-18T23:00:00+02:00,1,5,8,4
raatti,Karjasilta,2026-03-18T22:00:00Z,2026-03-19T00:00:00+02:00,1,2,0,0
raatti,Karjasilta,2026-03-18T23:00:00Z,2026-03-19T01:00:00+02:00,0,2,1,1
raatti,Karjasilta,2026-03-19T00:00:00Z,2026-03-19T02:00:00+02:00,0,0,2,1
raatti,Karjasilta,2026-03-19T01:00:00Z,2026-03-19T03:00:00+02:00,0,0,1,0
raatti,Karjasilta,2026-03-19T02:00:00Z,2026-03-19T04:00:00+02:00,1,1,1,1
raatti,Karjasilta,2026-03-19T03:00:00Z,2026-03-19T05:00:00+02:00,3,1,1,6
raatti,Karjasilta,2026-03-19T04:00:00Z,2026-03-19T06:00:00+02:00,3,4,4,19
raatti,Karjasilta,2026-03-19T05:00:00Z,2026-03-19T07:00:00+02:00,13,8,18,69
raatti,Karjasilta,2026-03-19T06:00:00Z,2026-03-19T08:00:00+02:00,15,5,11,85
raatti,Karjasilta,2026-03-19T07:00:00Z,2026-03-19T09:00:00+02:00,19,8,8,49
raatti,Karjasilta,2026-03-19T08:00:00Z,2026-03-19T10:00:00+02:00,12,9,10,29
raatti,Karjasilta,2026-03-19T09:00:00Z,2026-03-19T11:00:00+02:00,17,21,19,28
raatti,Karjasilta,2026-03-19T10:00:00Z,2026-03-19T12:00:00+02:00,19,17,26,34
raatti,Karjasilta,2026-03-19T11:00:00Z,2026-03-19T13:00:00+02:00,10,18,33,22
raatti,Karjasilta,2026-03-19T12:00:00Z,2026-03-19T14:00:00+02:00,20,23,60,30
raatti,Karjasilta,2026-03-19T13:00:00Z,2026-03-19T15:00:00+02:00,11,24,62,25
raatti,Karjasilta,2026-03-19T14:00:00Z,2026-03-19T16:00:00+02:00,22,39,55,33
raatti,Karjasilta,2026-03-19T15:00:00Z,2026-03-19T17:00:00+02:00,15,24,41,38
raatti,Karjasilta,2026-03-19T16:00:00Z,2026-03-19T18:00:00+02:00,18,23,40,29
raatti,Karjasilta,2026-03-19T17:00:00Z,2026-03-19T19:00:00+02:00,15,18,22,17
raatti,Karjasilta,2026-03-19T18:00:00Z,2026-03-19T20:00:00+02:00,10,12,30,11
raatti,Karjasilta,2026-03-19T19:00:00Z,2026-03-19T21:00:00+02:00,5,8,13,7
raatti,Karjasilta,2026-03-19T20:00:00Z,2026-03-19T22:00:00+02:00,3,5,11,3
raatti,Karjasilta,2026-03-19T21:00:00Z,2026-03-19T23:00:00+02:00,4,5,2,2
raatti,Karjasilta,2026-03-19T22:00:00Z,2026-03-20T00:00:00+02:00,1,0,2,0
raatti,Karjasilta,2026-03-19T23:00:00Z,2026-03-20T01:00:00+02:00,0,1,3,1
raatti,Karjasilta,2026-03-20T00:00:00Z,2026-03-20T02:00:00+02:00,0,2,1,2
raatti,Karjasilta,2026-03-20T01:00:00Z,2026-03-20T03:00:00+02:00,0,0,0,3
raatti,Karjasilta,2026-03-20T02:00:00Z,2026-03-20T04:00:00+02:00,0,1,1,2
raatti,Karjasilta,2026-03-20T03:00:00Z,2026-03-20T05:00:00+02:00,1,2,1,6
raatti,Karjasilta,2026-03-20T04:00:00Z,2026-03-20T06:00:00+02:00,7,3,8,23
raatti,Karjasilta,2026-03-20T05:00:00Z,2026-03-20T07:00:00+02:00,13,9,17,62
raatti,Karjasilta,2026-03-20T06:00:00Z,2026-03-20T08:00:00+02:00,17,4,15,68
raatti,Karjasilta,2026-03-20T07:00:00Z,2026-03-20T09:00:00+02:00,12,8,13,42
raatti,Karjasilta,2026-03-20T08:00:00Z,2026-03-20T10:00:00+02:00,14,10,11,40
raatti,Karjasilta,2026-03-20T09:00:00Z,2026-03-20T11:00:00+02:00,20,11,21,38
raatti,Karjasilta,2026-03-20T10:00:00Z,2026-03-20T12:00:00+02:00,18,19,30,28
raatti,Karjasilta,2026-03-20T11:00:00Z,2026-03-20T13:00:00+02:00,14,20,45,37
raatti,Karjasilta,2026-03-20T12:00:00Z,2026-03-20T14:00:00+02:00,11,33,60,28
raatti,Karjasilta,2026-03-20T13:00:00Z,2026-03-20T15:00:00+02:00,14,23,55,37
raatti,Karjasilta,2026-03-20T14:00:00Z,2026-03-20T16:00:00+02:00,16,39,38,31
raatti,Karjasilta,2026-03-20T15:00:00Z,2026-03-20T17:00:00+02:00,13,17,26,19
raatti,Karjasilta,2026-03-20T16:00:00Z,2026-03-20T18:00:00+02:00,18,10,27,22
raatti,Karjasilta,2026-03-20T17:00:00Z,2026-03-20T19:00:00+02:00,6,9,24,17
raatti,Karjasilta,2026-03-20T18:00:00Z,2026-03-20T20:00:00+02:00,9,22,21,18
raatti,Karjasilta,2026-03-20T19:00:00Z,2026-03-20T21:00:00+02:00,5,9,16,5
raatti,Karjasilta,2026-03-20T20:00:00Z,2026-03-20T22:00:00+02:00,2,4,12,6
raatti,Karjasilta,2026-03-20T21:00:00Z,2026-03-20T23:00:00+02:00,3,4,4,4
raatti,Karjasilta,2026-03-20T22:00:00Z,2026-03-21T00:00:00+02:00,2,0,3,4
raatti,Karjasilta,2026-03-20T23:00:00Z,2026-03-21T01:00:00+02:00,0,3,7,3
raatti,Karjasilta,2026-03-21T00:00:00Z,2026-03-21T02:00:00+02:00,0,0,4,0
raatti,Karjasilta,2026-03-21T01:00:00Z,2026-03-21T03:00:00+02:00,1,1,1,1
raatti,Karjasilta,2026-03-21T02:00:00Z,2026-03-21T04:00:00+02:00,0,1,1,1
raatti,Karjasilta,2026-03-21T03:00:00Z,2026-03-21T05:00:00+02:00,1,3,2,1
raatti,Karjasilta,2026-03-21T04:00:00Z,2026-03-21T06:00:00+02:00,3,2,1,10
raatti,Karjasilta,2026-03-21T05:00:00Z,2026-03-21T07:00:00+02:00,0,2,3,4
raatti,Karjasilta,2026-03-21T06:00:00Z,2026-03-21T08:00:00+02:00,8,8,7,7
raatti,Karjasilta,2026-03-21T07:00:00Z,2026-03-21T09:00:00+02:00,13,6,10,12
raatti,Karjasilta,2026-03-21T08:00:00Z,2026-03-21T10:00:00+02:00,5,8,3,29
raatti,Karjasilta,2026-03-21T09:00:00Z,2026-03-21T11:00:00+02:00,13,12,14,33
raatti,Karjasilta,2026-03-21T10:00:00Z,2026-03-21T12:00:00+02:00,14,12,21,25
raatti,Karjasilta,2026-03-21T11:00:00Z,2026-03-21T13:00:00+02:00,6,20,33,20
raatti,Karjasilta,2026-03-21T12:00:00Z,2026-03-21T14:00:00+02:00,6,20,20,29
raatti,Karjasilta,2026-03-21T13:00:00Z,2026-03-21T15:00:00+02:00,12,7,33,24
raatti,Karjasilta,2026-03-21T14:00:00Z,2026-03-21T16:00:00+02:00,12,4,18,16
raatti,Karjasilta,2026-03-21T15:00:00Z,2026-03-21T17:00:00+02:00,10,12,17,25
raatti,Karjasilta,2026-03-21T16:00:00Z,2026-03-21T18:00:00+02:00,4,8,14,23
raatti,Karjasilta,2026-03-21T17:00:00Z,2026-03-21T19:00:00+02:00,8,10,12,17
raatti,Karjasilta,2026-03-21T18:00:00Z,2026-03-21T20:00:00+02:00,9,9,11,11
raatti,Karjasilta,2026-03-21T19:00:00Z,2026-03-21T21:00:00+02:00,7,4,21,12
raatti,Karjasilta,2026-03-21T20:00:00Z,2026-03-21T22:00:00+02:00,5,1,11,7
raatti,Karjasilta,2026-03-21T21:00:00Z,2026-03-21T23:00:00+02:00,2,6,7,6
raatti,Karjasilta,2026-03-21T22:00:00Z,2026-03-22T00:00:00+02:00,3,3,12,2
raatti,Karjasilta,2026-03-21T23:00:00Z,2026-03-22T01:00:00+02:00,2,6,3,2
raatti,Karjasilta,2026-03-22T00:00:00Z,2026-03-22T02:00:00+02:00,1,4,3,0
raatti,Karjasilta,2026-03-22T01:00:00Z,2026-03-22T03:00:00+02:00,1,1,1,1
raatti,Karjasilta,2026-03-22T02:00:00Z,2026-03-22T04:00:00+02:00,0,5,4,0
raatti,Karjasilta,2026-03-22T03:00:00Z,2026-03-22T05:00:00+02:00,1,1,4,0
raatti,Karjasilta,2026-03-22T04:00:00Z,2026-03-22T06:00:00+02:00,5,4,0,8
raatti,Karjasilta,2026-03-22T05:00:00Z,2026-03-22T07:00:00+02:00,2,7,1,5
raatti,Karjasilta,2026-03-22T06:00:00Z,2026-03-22T08:00:00+02:00,6,5,5,4
raatti,Karjasilta,2026-03-22T07:00:00Z,2026-03-22T09:00:00+02:00,7,7,15,10
raatti,Karjasilta,2026-03-22T08:00:00Z,2026-03-22T10:00:00+02:00,14,16,11,14
raatti,Karjasilta,2026-03-22T09:00:00Z,2026-03-22T11:00:00+02:00,7,13,19,25
raatti,Karjasilta,2026-03-22T10:00:00Z,2026-03-22T12:00:00+02:00,13,9,20,27
raatti,Karjasilta,2026-03-22T11:00:00Z,2026-03-22T13:00:00+02:00,13,20,25,17
raatti,Karjasilta,2026-03-22T12:00:00Z,2026-03-22T14:00:00+02:00,7,11,22,15
raatti,Karjasilta,2026-03-22T13:00:00Z,2026-03-22T15:00:00+02:00,7,12,28,28
raatti,Karjasilta,2026-03-22T14:00:00Z,2026-03-22T16:00:00+02:00,11,15,16,16
raatti,Karjasilta,2026-03-22T15:00:00Z,2026-03-22T17:00:00+02:00,10,16,8,30
raatti,Karjasilta,2026-03-22T16:00:00Z,2026-03-22T18:00:00+02:00,17,16,18,16
raatti,Karjasilta,2026-03-22T17:00:00Z,2026-03-22T19:00:00+02:00,7,18,15,9
raatti,Karjasilta,2026-03-22T18:00:00Z,2026-03-22T20:00:00+02:00,6,11,11,4
raatti,Karjasilta,2026-03-22T19:00:00Z,2026-03-22T21:00:00+02:00,3,10,12,11
raatti,Karjasilta,2026-03-22T20:00:00Z,2026-03-22T22:00:00+02:00,1,5,11,2
raatti,Karjasilta,2026-03-22T21:00:00Z,2026-03-22T23:00:00+02:00,3,1,3,6
raatti,Karjasilta,2026-03-22T22:00:00Z,2026-03-23T00:00:00+02:00,2,2,1,1
raatti,Karjasilta,2026-03-22T23:00:00Z,2026-03-23T01:00:00+02:00,0,0,0,0
raatti,Karjasilta,2026-03-23T00:00:00Z,2026-03-23T02:00:00+02:00,0,0,1,0
raatti,Karjasilta,2026-03-23T01:00:00Z,2026-03-23T03:00:00+02:00,1,1,0,1
raatti,Karjasilta,2026-03-23T02:00:00Z,2026-03-23T04:00:00+02:00,4,3,2,1
raatti,Karjasilta,2026-03-23T03:00:00Z,2026-03-23T05:00:00+02:00,1,1,1,3
raatti,Karjasilta,2026-03-23T04:00:00Z,2026-03-23T06:00:00+02:00,4,3,12,21
raatti,Karjasilta,2026-03-23T05:00:00Z,2026-03-23T07:00:00+02:00,17,7,15,79
raatti,Karjasilta,2026-03-23T06:00:00Z,2026-03-23T08:00:00+02:00,19,4,13,103
raatti,Karjasilta,2026-03-23T07:00:00Z,2026-03-23T09:00:00+02:00,11,4,10,58
raatti,Karjasilta,2026-03-23T08:00:00Z,2026-03-23T10:00:00+02:00,4,10,18,38
raatti,Karjasilta,2026-03-23T09:00:00Z,2026-03-23T11:00:00+02:00,21,11,30,37
raatti,Karjasilta,2026-03-23T10:00:00Z,2026-03-23T12:00:00+02:00,21,17,34,41
raatti,Karjasilta,2026-03-23T11:00:00Z,2026-03-23T13:00:00+02:00,18,19,35,28
raatti,Karjasilta,2026-03-23T12:00:00Z,2026-03-23T14:00:00+02:00,23,34,64,32
raatti,Karjasilta,2026-03-23T13:00:00Z,2026-03-23T15:00:00+02:00,16,31,61,34
raatti,Karjasilta,2026-03-23T14:00:00Z,2026-03-23T16:00:00+02:00,24,40,68,31
raatti,Karjasilta,2026-03-23T15:00:00Z,2026-03-23T17:00:00+02:00,16,24,32,30
raatti,Karjasilta,2026-03-23T16:00:00Z,2026-03-23T18:00:00+02:00,13,17,37,21
raatti,Karjasilta,2026-03-23T17:00:00Z,2026-03-23T19:00:00+02:00,13,13,32,19
raatti,Karjasilta,2026-03-23T18:00:00Z,2026-03-23T20:00:00+02:00,11,12,21,9
raatti,Karjasilta,2026-03-23T19:00:00Z,2026-03-23T21:00:00+02:00,3,11,13,8
raatti,Karjasilta,2026-03-23T20:00:00Z,2026-03-23T22:00:00+02:00,0,2,3,3
raatti,Karjasilta,2026-03-23T21:00:00Z,2026-03-23T23:00:00+02:00,3,4,7,3
raatti,Karjasilta,2026-03-23T22:00:00Z,2026-03-24T00:00:00+02:00,1,0,1,0
raatti,Karjasilta,2026-03-23T23:00:00Z,2026-03-24T01:00:00+02:00,0,0,0,1
raatti,Karjasilta,2026-03-24T00:00:00Z,2026-03-24T02:00:00+02:00,0,0,0,0
raatti,Karjasilta,2026-03-24T01:00:00Z,2026-03-24T03:00:00+02:00,0,0,0,0
raatti,Karjasilta,2026-03-24T02:00:00Z,2026-03-24T04:00:00+02:00,1,1,3,0
raatti,Karjasilta,2026-03-24T03:00:00Z,2026-03-24T05:00:00+02:00,1,0,3,7
raatti,Karjasilta,2026-03-24T04:00:00Z,2026-03-24T06:00:00+02:00,3,4,5,21
raatti,Karjasilta,2026-03-24T05:00:00Z,2026-03-24T07:00:00+02:00,12,3,18,92
raatti,Karjasilta,2026-03-24T06:00:00Z,2026-03-24T08:00:00+02:00,17,8,21,103
raatti,Karjasilta,2026-03-24T07:00:00Z,2026-03-24T09:00:00+02:00,14,9,18,38
raatti,Karjasilta,2026-03-24T08:00:00Z,2026-03-24T10:00:00+02:00,8,5,20,38
raatti,Karjasilta,2026-03-24T09:00:00Z,2026-03-24T11:00:00+02:00,9,7,24,30
raatti,Karjasilta,2026-03-24T10:00:00Z,2026-03-24T12:00:00+02:00,10,17,23,27
raatti,Karjasilta,2026-03-24T11:00:00Z,2026-03-24T13:00:00+02:00,22,27,53,29
raatti,Karjasilta,2026-03-24T12:00:00Z,2026-03-24T14:00:00+02:00,12,25,46,26
raatti,Karjasilta,2026-03-24T13:00:00Z,2026-03-24T15:00:00+02:00,20,34,61,32
raatti,Karjasilta,2026-03-24T14:00:00Z,2026-03-24T16:00:00+02:00,16,38,88,36
raatti,Karjasilta,2026-03-24T15:00:00Z,2026-03-24T17:00:00+02:00,15,22,33,35
raatti,Karjasilta,2026-03-24T16:00:00Z,2026-03-24T18:00:00+02:00,16,14,41,32
raatti,Karjasilta,2026-03-24T17:00:00Z,2026-03-24T19:00:00+02:00,6,15,23,15
raatti,Karjasilta,2026-03-24T18:00:00Z,2026-03-24T20:00:00+02:00,5,11,18,13
raatti,Karjasilta,2026-03-24T19:00:00Z,2026-03-24T21:00:00+02:00,2,4,26,10
raatti,Karjasilta,2026-03-24T20:00:00Z,2026-03-24T22:00:00+02:00,3,0,4,0
raatti,Karjasilta,2026-03-24T21:00:00Z,2026-03-24T23:00:00+02:00,3,2,4,3
raatti,Karjasilta,2026-03-24T22:00:00Z,2026-03-25T00:00:00+02:00,2,0,2,0
raatti,Karjasilta,2026-03-24T23:00:00Z,2026-03-25T01:00:00+02:00,0,0,0,0
raatti,Karjasilta,2026-03-25T00:00:00Z,2026-03-25T02:00:00+02:00,1,0,2,1
raatti,Karjasilta,2026-03-25T01:00:00Z,2026-03-25T03:00:00+02:00,0,0,0,1
raatti,Karjasilta,2026-03-25T02:00:00Z,2026-03-25T04:00:00+02:00,2,0,1,2
raatti,Karjasilta,2026-03-25T03:00:00Z,2026-03-25T05:00:00+02:00,4,0,2,4
raatti,Karjasilta,2026-03-25T04:00:00Z,2026-03-25T06:00:00+02:00,7,3,5,29
raatti,Karjasilta,2026-03-25T05:00:00Z,2026-03-25T07:00:00+02:00,17,7,20,77
raatti,Karjasilta,2026-03-25T06:00:00Z,2026-03-25T08:00:00+02:00,10,9,14,78
raatti,Karjasilta,2026-03-25T07:00:00Z,2026-03-25T09:00:00+02:00,9,6,13,43
raatti,Karjasilta,2026-03-25T08:00:00Z,2026-03-25T10:00:00+02:00,3,5,14,26
raatti,Karjasilta,2026-03-25T09:00:00Z,2026-03-25T11:00:00+02:00,16,9,12,24
raatti,Karjasilta,2026-03-25T10:00:00Z,2026-03-25T12:00:00+02:00,13,13,23,28
raatti,Karjasilta,2026-03-25T11:00:00Z,2026-03-25T13:00:00+02:00,11,14,28,25
raatti,Karjasilta,2026-03-25T12:00:00Z,2026-03-25T14:00:00+02:00,15,28,39,23
raatti,Karjasilta,2026-03-25T13:00:00Z,2026-03-25T15:00:00+02:00,9,28,66,28
raatti,Karjasilta,2026-03-25T14:00:00Z,2026-03-25T16:00:00+02:00,15,26,54,35
raatti,Karjasilta,2026-03-25T15:00:00Z,2026-03-25T17:00:00+02:00,8,23,38,39
raatti,Karjasilta,2026-03-25T16:00:00Z,2026-03-25T18:00:00+02:00,10,7,30,19
raatti,Karjasilta,2026-03-25T17:00:00Z,2026-03-25T19:00:00+02:00,4,11,27,8
raatti,Karjasilta,2026-03-25T18:00:00Z,2026-03-25T20:00:00+02:00,2,5,20,6
raatti,Karjasilta,2026-03-25T19:00:00Z,2026-03-25T21:00:00+02:00,3,8,9,7
raatti,Karjasilta,2026-03-25T20:00:00Z,2026-03-25T22:00:00+02:00,3,3,4,2
raatti,Karjasilta,2026-03-25T21:00:00Z,2026-03-25T23:00:00+02:00,2,1,2,1
raatti,Karjasilta,2026-03-25T22:00:00Z,2026-03-26T00:00:00+02:00,0,0,0,1
raatti,Karjasilta,2026-03-25T23:00:00Z,2026-03-26T01:00:00+02:00,0,4,3,2
raatti,Karjasilta,2026-03-26T00:00:00Z,2026-03-26T02:00:00+02:00,0,1,0,0
raatti,Karjasilta,2026-03-26T01:00:00Z,2026-03-26T03:00:00+02:00,0,0,0,0
raatti,Karjasilta,2026-03-26T02:00:00Z,2026-03-26T04:00:00+02:00,2,0,3,2
raatti,Karjasilta,2026-03-26T03:00:00Z,2026-03-26T05:00:00+02:00,1,1,2,5
raatti,Karjasilta,2026-03-26T04:00:00Z,2026-03-26T06:00:00+02:00,5,4,9,24
raatti,Karjasilta,2026-03-26T05:00:00Z,2026-03-26T07:00:00+02:00,8,7,16,78
raatti,Karjasilta,2026-03-26T06:00:00Z,2026-03-26T08:00:00+02:00,13,5,9,79
raatti,Karjasilta,2026-03-26T07:00:00Z,2026-03-26T09:00:00+02:00,12,11,21,49
raatti,Karjasilta,2026-03-26T08:00:00Z,2026-03-26T10:00:00+02:00,6,7,18,33
raatti,Karjasilta,2026-03-26T09:00:00Z,2026-03-26T11:00:00+02:00,6,10,28,24
raatti,Karjasilta,2026-03-26T10:00:00Z,2026-03-26T12:00:00+02:00,8,6,25,36
raatti,Karjasilta,2026-03-26T11:00:00Z,2026-03-26T13:00:00+02:00,9,15,30,22
raatti,Karjasilta,2026-03-26T12:00:00Z,2026-03-26T14:00:00+02:00,4,14,65,40
raatti,Karjasilta,2026-03-26T13:00:00Z,2026-03-26T15:00:00+02:00,12,30,50,36
raatti,Karjasilta,2026-03-26T14:00:00Z,2026-03-26T16:00:00+02:00,12,29,50,29
raatti,Karjasilta,2026-03-26T15:00:00Z,2026-03-26T17:00:00+02:00,16,36,36,34
raatti,Karjasilta,2026-03-26T16:00:00Z,2026-03-26T18:00:00+02:00,12,19,32,23
raatti,Karjasilta,2026-03-26T17:00:00Z,2026-03-26T19:00:00+02:00,8,12,28,17
raatti,Karjasilta,2026-03-26T18:00:00Z,2026-03-26T20:00:00+02:00,9,4,37,22
raatti,Karjasilta,2026-03-26T19:00:00Z,2026-03-26T21:00:00+02:00,4,3,11,10
raatti,Karjasilta,2026-03-26T20:00:00Z,2026-03-26T22:00:00+02:00,3,2,9,4
raatti,Karjasilta,2026-03-26T21:00:00Z,2026-03-26T23:00:00+02:00,2,2,7,0
raatti,Karjasilta,2026-03-26T22:00:00Z,2026-03-27T00:00:00+02:00,0,3,1,2
raatti,Karjasilta,2026-03-26T23:00:00Z,2026-03-27T01:00:00+02:00,2,0,0,0
raatti,Karjasilta,2026-03-27T00:00:00Z,2026-03-27T02:00:00+02:00,0,0,1,0
raatti,Karjasilta,2026-03-27T01:00:00Z,2026-03-27T03:00:00+02:00,1,1,3,2
raatti,Karjasilta,2026-03-27T02:00:00Z,2026-03-27T04:00:00+02:00,2,1,0,2
raatti,Karjasilta,2026-03-27T03:00:00Z,2026-03-27T05:00:00+02:00,0,0,6,4
raatti,Karjasilta,2026-03-27T04:00:00Z,2026-03-27T06:00:00+02:00,2,3,8,21
raatti,Karjasilta,2026-03-27T05:00:00Z,2026-03-27T07:00:00+02:00,8,11,15,80
raatti,Karjasilta,2026-03-27T06:00:00Z,2026-03-27T08:00:00+02:00,21,12,14,95
raatti,Karjasilta,2026-03-27T07:00:00Z,2026-03-27T09:00:00+02:00,16,5,11,49
raatti,Karjasilta,2026-03-27T08:00:00Z,2026-03-27T10:00:00+02:00,10,11,25,25
raatti,Karjasilta,2026-03-27T09:00:00Z,2026-03-27T11:00:00+02:00,11,6,28,34
raatti,Karjasilta,2026-03-27T10:00:00Z,2026-03-27T12:00:00+02:00,16,9,32,38
raatti,Karjasilta,2026-03-27T11:00:00Z,2026-03-27T13:00:00+02:00,15,19,41,31
raatti,Karjasilta,2026-03-27T12:00:00Z,2026-03-27T14:00:00+02:00,22,18,57,51
raatti,Karjasilta,2026-03-27T13:00:00Z,2026-03-27T15:00:00+02:00,19,26,63,44
raatti,Karjasilta,2026-03-27T14:00:00Z,2026-03-27T16:00:00+02:00,28,27,73,39
raatti,Karjasilta,2026-03-27T15:00:00Z,2026-03-27T17:00:00+02:00,14,21,42,18
raatti,Karjasilta,2026-03-27T16:00:00Z,2026-03-27T18:00:00+02:00,10,17,31,21
raatti,Karjasilta,2026-03-27T17:00:00Z,2026-03-27T19:00:00+02:00,13,15,19,30
raatti,Karjasilta,2026-03-27T18:00:00Z,2026-03-27T20:00:00+02:00,7,8,16,23
raatti,Karjasilta,2026-03-27T19:00:00Z,2026-03-27T21:00:00+02:00,6,10,10,9
raatti,Karjasilta,2026-03-27T20:00:00Z,2026-03-27T22:00:00+02:00,5,11,14,9
raatti,Karjasilta,2026-03-27T21:00:00Z,2026-03-27T23:00:00+02:00,1,9,16,4
raatti,Karjasilta,2026-03-27T22:00:00Z,2026-03-28T00:00:00+02:00,5,3,10,6
raatti,Karjasilta,2026-03-27T23:00:00Z,2026-03-28T01:00:00+02:00,1,4,2,1
raatti,Karjasilta,2026-03-28T00:00:00Z,2026-03-28T02:00:00+02:00,0,2,3,1
raatti,Karjasilta,2026-03-28T01:00:00Z,2026-03-28T03:00:00+02:00,1,2,6,1
raatti,Karjasilta,2026-03-28T02:00:00Z,2026-03-28T04:00:00+02:00,0,1,5,0
raatti,Karjasilta,2026-03-28T03:00:00Z,2026-03-28T05:00:00+02:00,1,1,4,2
raatti,Karjasilta,2026-03-28T04:00:00Z,2026-03-28T06:00:00+02:00,4,1,1,9
raatti,Karjasilta,2026-03-28T05:00:00Z,2026-03-28T07:00:00+02:00,5,8,6,7
raatti,Karjasilta,2026-03-28T06:00:00Z,2026-03-28T08:00:00+02:00,8,7,2,8
raatti,Karjasilta,2026-03-28T07:00:00Z,2026-03-28T09:00:00+02:00,12,12,16,27
raatti,Karjasilta,2026-03-28T08:00:00Z,2026-03-28T10:00:00+02:00,10,14,11,25
raatti,Karjasilta,2026-03-28T09:00:00Z,2026-03-28T11:00:00+02:00,20,10,27,30
raatti,Karjasilta,2026-03-28T10:00:00Z,2026-03-28T12:00:00+02:00,19,9,24,38
raatti,Karjasilta,2026-03-28T11:00:00Z,2026-03-28T13:00:00+02:00,16,20,34,41
raatti,Karjasilta,2026-03-28T12:00:00Z,2026-03-28T14:00:00+02:00,19,20,31,40
raatti,Karjasilta,2026-03-28T13:00:00Z,2026-03-28T15:00:00+02:00,20,13,29,45
raatti,Karjasilta,2026-03-28T14:00:00Z,2026-03-28T16:00:00+02:00,6,20,31,24
raatti,Karjasilta,2026-03-28T15:00:00Z,2026-03-28T17:00:00+02:00,13,17,32,26
raatti,Karjasilta,2026-03-28T16:00:00Z,2026-03-28T18:00:00+02:00,9,10,14,19
raatti,Karjasilta,2026-03-28T17:00:00Z,2026-03-28T19:00:00+02:00,7,7,12,14
raatti,Karjasilta,2026-03-28T18:00:00Z,2026-03-28T20:00:00+02:00,7,11,11,12
raatti,Karjasilta,2026-03-28T19:00:00Z,2026-03-28T21:00:00+02:00,1,5,13,9
raatti,Karjasilta,2026-03-28T20:00:00Z,2026-03-28T22:00:00+02:00,3,8,12,8
raatti,Karjasilta,2026-03-28T21:00:00Z,2026-03-28T23:00:00+02:00,10,2,11,7
raatti,Karjasilta,2026-03-28T22:00:00Z,2026-03-29T00:00:00+02:00,1,3,4,3
raatti,Karjasilta,2026-03-28T23:00:00Z,2026-03-29T01:00:00+02:00,2,5,2,0
raatti,Karjasilta,2026-03-29T00:00:00Z,2026-03-29T02:00:00+02:00,0,2,3,2
raatti,Karjasilta,2026-03-29T01:00:00Z,2026-03-29T04:00:00+03:00,0,2,6,1
raatti,Karjasilta,2026-03-29T02:00:00Z,2026-03-29T05:00:00+03:00,0,2,2,2
raatti,Karjasilta,2026-03-29T03:00:00Z,2026-03-29T06:00:00+03:00,3,1,1,4
raatti,Karjasilta,2026-03-29T04:00:00Z,2026-03-29T07:00:00+03:00,1,1,4,5
raatti,Karjasilta,2026-03-29T05:00:00Z,2026-03-29T08:00:00+03:00,3,4,4,5
raatti,Karjasilta,2026-03-29T06:00:00Z,2026-03-29T09:00:00+03:00,5,6,7,7
raatti,Karjasilta,2026-03-29T07:00:00Z,2026-03-29T10:00:00+03:00,13,6,10,15
raatti,Karjasilta,2026-03-29T08:00:00Z,2026-03-29T11:00:00+03:00,6,14,6,26
raatti,Karjasilta,2026-03-29T09:00:00Z,2026-03-29T12:00:00+03:00,10,11,15,15
raatti,Karjasilta,2026-03-29T10:00:00Z,2026-03-29T13:00:00+03:00,13,7,28,26
raatti,Karjasilta,2026-03-29T11:00:00Z,2026-03-29T14:00:00+03:00,16,10,19,15
raatti,Karjasilta,2026-03-29T12:00:00Z,2026-03-29T15:00:00+03:00,10,12,24,33
raatti,Karjasilta,2026-03-29T13:00:00Z,2026-03-29T16:00:00+03:00,8,11,25,28
raatti,Karjasilta,2026-03-29T14:00:00Z,2026-03-29T17:00:00+03:00,8,15,18,23
raatti,Karjasilta,2026-03-29T15:00:00Z,2026-03-29T18:00:00+03:00,5,14,19,10
raatti,Karjasilta,2026-03-29T16:00:00Z,2026-03-29T19:00:00+03:00,7,10,14,13
raatti,Karjasilta,2026-03-29T17:00:00Z,2026-03-29T20:00:00+03:00,7,12,17,14
raatti,Karjasilta,2026-03-29T18:00:00Z,2026-03-29T21:00:00+03:00,7,9,10,17
raatti,Karjasilta,2026-03-29T19:00:00Z,2026-03-29T22:00:00+03:00,5,5,4,2
raatti,Karjasilta,2026-03-29T20:00:00Z,2026-03-29T23:00:00+03:00,3,3,5,2
raatti,Karjasilta,2026-03-29T21:00:00Z,2026-03-30T00:00:00+03:00,1,2,1,1
raatti,Karjasilta,2026-03-29T22:00:00Z,2026-03-30T01:00:00+03:00,1,3,2,0
raatti,Karjasilta,2026-03-29T23:00:00Z,2026-03-30T02:00:00+03:00,0,0,1,3
raatti,Karjasilta,2026-03-30T00:00:00Z,2026-03-30T03:00:00+03:00,0,0,2,0
raatti,Karjasilta,2026-03-30T01:00:00Z,2026-03-30T04:00:00+03:00,1,1,0,2
raatti,Karjasilta,2026-03-30T02:00:00Z,2026-03-30T05:00:00+03:00,0,2,3,5
raatti,Karjasilta,2026-03-30T03:00:00Z,2026-03-30T06:00:00+03:00,3,2,9,25
raatti,Karjasilta,2026-03-30T04:00:00Z,2026-03-30T07:00:00+03:00,6,8,23,81
raatti,Karjasilta,2026-03-30T05:00:00Z,2026-03-30T08:00:00+03:00,20,7,11,107
raatti,Karjasilta,2026-03-30T06:00:00Z,2026-03-30T09:00:00+03:00,13,10,15,60
raatti,Karjasilta,2026-03-30T07:00:00Z,2026-03-30T10:00:00+03:00,10,13,19,31
raatti,Karjasilta,2026-03-30T08:00:00Z,2026-03-30T11:00:00+03:00,18,7,22,34
raatti,Karjasilta,2026-03-30T09:00:00Z,2026-03-30T12:00:00+03:00,3,12,34,42
raatti,Karjasilta,2026-03-30T10:00:00Z,2026-03-30T13:00:00+03:00,14,20,38,36
raatti,Karjasilta,2026-03-30T11:00:00Z,2026-03-30T14:00:00+03:00,10,14,67,38
raatti,Karjasilta,2026-03-30T12:00:00Z,2026-03-30T15:00:00+03:00,12,21,54,36
raatti,Karjasilta,2026-03-30T13:00:00Z,2026-03-30T16:00:00+03:00,9,31,66,44
raatti,Karjasilta,2026-03-30T14:00:00Z,2026-03-30T17:00:00+03:00,16,27,46,34
raatti,Karjasilta,2026-03-30T15:00:00Z,2026-03-30T18:00:00+03:00,14,29,40,30
raatti,Karjasilta,2026-03-30T16:00:00Z,2026-03-30T19:00:00+03:00,12,23,37,21
raatti,Karjasilta,2026-03-30T17:00:00Z,2026-03-30T20:00:00+03:00,11,15,29,12
raatti,Karjasilta,2026-03-30T18:00:00Z,2026-03-30T21:00:00+03:00,4,6,12,7
raatti,Karjasilta,2026-03-30T19:00:00Z,2026-03-30T22:00:00+03:00,3,5,5,4
raatti,Karjasilta,2026-03-30T20:00:00Z,2026-03-30T23:00:00+03:00,2,2,4,3
raatti,Karjasilta,2026-03-30T21:00:00Z,2026-03-31T00:00:00+03:00,2,3,1,3
raatti,Karjasilta,2026-03-30T22:00:00Z,2026-03-31T01:00:00+03:00,1,1,0,0
raatti,Karjasilta,2026-03-30T23:00:00Z,2026-03-31T02:00:00+03:00,0,0,0,0
raatti,Karjasilta,2026-03-31T00:00:00Z,2026-03-31T03:00:00+03:00,0,0,0,1
raatti,Karjasilta,2026-03-31T01:00:00Z,2026-03-31T04:00:00+03:00,2,1,3,0
raatti,Karjasilta,2026-03-31T02:00:00Z,2026-03-31T05:00:00+03:00,3,1,1,4
raatti,Karjasilta,2026-03-31T03:00:00Z,2026-03-31T06:00:00+03:00,6,2,9,23
raatti,Karjasilta,2026-03-31T04:00:00Z,2026-03-31T07:00:00+03:00,15,5,21,74
raatti,Karjasilta,2026-03-31T05:00:00Z,2026-03-31T08:00:00+03:00,17,8,11,126
raatti,Karjasilta,2026-03-31T06:00:00Z,2026-03-31T09:00:00+03:00,4,4,16,52
raatti,Karjasilta,2026-03-31T07:00:00Z,2026-03-31T10:00:00+03:00,6,14,18,35
raatti,Karjasilta,2026-03-31T08:00:00Z,2026-03-31T11:00:00+03:00,18,21,26,47
raatti,Karjasilta,2026-03-31T09:00:00Z,2026-03-31T12:00:00+03:00,13,22,33,33
raatti,Karjasilta,2026-03-31T10:00:00Z,2026-03-31T13:00:00+03:00,19,25,62,29
raatti,Karjasilta,2026-03-31T11:00:00Z,2026-03-31T14:00:00+03:00,13,36,54,43
raatti,Karjasilta,2026-03-31T12:00:00Z,2026-03-31T15:00:00+03:00,10,24,52,35
raatti,Karjasilta,2026-03-31T13:00:00Z,2026-03-31T16:00:00+03:00,15,36,73,47
raatti,Karjasilta,2026-03-31T14:00:00Z,2026-03-31T17:00:00+03:00,13,25,41,43
raatti,Karjasilta,2026-03-31T15:00:00Z,2026-03-31T18:00:00+03:00,16,21,33,23
raatti,Karjasilta,2026-03-31T16:00:00Z,2026-03-31T19:00:00+03:00,17,22,38,18
raatti,Karjasilta,2026-03-31T17:00:00Z,2026-03-31T20:00:00+03:00,16,18,25,16
raatti,Karjasilta,2026-03-31T18:00:00Z,2026-03-31T21:00:00+03:00,7,10,24,15
raatti,Karjasilta,2026-03-31T19:00:00Z,2026-03-31T22:00:00+03:00,2,5,7,6
raatti,Karjasilta,2026-03-31T20:00:00Z,2026-03-31T23:00:00+03:00,1,2,4,6
raatti,Karjasilta,2026-03-31T21:00:00Z,2026-04-01T00:00:00+03:00,1,0,0,0
raatti,Karjasilta,2026-03-31T22:00:00Z,2026-04-01T01:00:00+03:00,0,1,0,0
raatti,Karjasilta,2026-03-31T23:00:00Z,2026-04-01T02:00:00+03:00,0,1,1,0
raatti,Karjasilta,2026-04-01T00:00:00Z,2026-04-01T03:00:00+03:00,0,0,0,1
raatti,Karjasilta,2026-04-01T01:00:00Z,2026-04-01T04:00:00+03:00,1,0,0,2
raatti,Karjasilta,2026-04-01T02:00:00Z,2026-04-01T05:00:00+03:00,1,3,3,3
raatti,Karjasilta,2026-04-01T03:00:00Z,2026-04-01T06:00:00+03:00,2,2,7,27
raatti,Karjasilta,2026-04-01T04:00:00Z,2026-04-01T07:00:00+03:00,14,3,23,78
raatti,Karjasilta,2026-04-01T05:00:00Z,2026-04-01T08:00:00+03:00,13,7,16,93
raatti,Karjasilta,2026-04-01T06:00:00Z,2026-04-01T09:00:00+03:00,8,4,12,37
raatti,Karjasilta,2026-04-01T07:00:00Z,2026-04-01T10:00:00+03:00,8,5,25,36
raatti,Karjasilta,2026-04-01T08:00:00Z,2026-04-01T11:00:00+03:00,12,9,21,31
raatti,Karjasilta,2026-04-01T09:00:00Z,2026-04-01T12:00:00+03:00,7,9,23,34
raatti,Karjasilta,2026-04-01T10:00:00Z,2026-04-01T13:00:00+03:00,8,11,39,19
raatti,Karjasilta,2026-04-01T11:00:00Z,2026-04-01T14:00:00+03:00,10,14,58,27
raatti,Karjasilta,2026-04-01T12:00:00Z,2026-04-01T15:00:00+03:00,9,19,61,25
raatti,Karjasilta,2026-04-01T13:00:00Z,2026-04-01T16:00:00+03:00,13,33,63,41
raatti,Karjasilta,2026-04-01T14:00:00Z,2026-04-01T17:00:00+03:00,6,29,41,34
raatti,Karjasilta,2026-04-01T15:00:00Z,2026-04-01T18:00:00+03:00,10,18,25,21
raatti,Karjasilta,2026-04-01T16:00:00Z,2026-04-01T19:00:00+03:00,5,13,28,21
raatti,Karjasilta,2026-04-01T17:00:00Z,2026-04-01T20:00:00+03:00,4,8,27,12
raatti,Karjasilta,2026-04-01T18:00:00Z,2026-04-01T21:00:00+03:00,1,6,10,6
raatti,Karjasilta,2026-04-01T19:00:00Z,2026-04-01T22:00:00+03:00,1,3,9,2
raatti,Karjasilta,2026-04-01T20:00:00Z,2026-04-01T23:00:00+03:00,2,2,3,1
raatti,Karjasilta,2026-04-01T21:00:00Z,2026-04-02T00:00:00+03:00,1,0,0,3
raatti,Karjasilta,2026-04-01T22:00:00Z,2026-04-02T01:00:00+03:00,0,1,1,0
raatti,Karjasilta,2026-04-01T23:00:00Z,2026-04-02T02:00:00+03:00,0,1,0,0
raatti,Karjasilta,2026-04-02T00:00:00Z,2026-04-02T03:00:00+03:00,0,1,1,0
raatti,Karjasilta,2026-04-02T01:00:00Z,2026-04-02T04:00:00+03:00,1,2,0,3
raatti,Karjasilta,2026-04-02T02:00:00Z,2026-04-02T05:00:00+03:00,3,0,3,5
raatti,Karjasilta,2026-04-02T03:00:00Z,2026-04-02T06:00:00+03:00,2,4,6,15
raatti,Karjasilta,2026-04-02T04:00:00Z,2026-04-02T07:00:00+03:00,8,5,23,71
raatti,Karjasilta,2026-04-02T05:00:00Z,2026-04-02T08:00:00+03:00,15,6,12,94
raatti,Karjasilta,2026-04-02T06:00:00Z,2026-04-02T09:00:00+03:00,12,10,5,47
raatti,Karjasilta,2026-04-02T07:00:00Z,2026-04-02T10:00:00+03:00,6,10,15,20
raatti,Karjasilta,2026-04-02T08:00:00Z,2026-04-02T11:00:00+03:00,10,21,17,38
raatti,Karjasilta,2026-04-02T09:00:00Z,2026-04-02T12:00:00+03:00,9,26,61,35
raatti,Karjasilta,2026-04-02T10:00:00Z,2026-04-02T13:00:00+03:00,13,15,32,34
raatti,Karjasilta,2026-04-02T11:00:00Z,2026-04-02T14:00:00+03:00,14,14,37,37
raatti,Karjasilta,2026-04-02T12:00:00Z,2026-04-02T15:00:00+03:00,8,26,57,38
raatti,Karjasilta,2026-04-02T13:00:00Z,2026-04-02T16:00:00+03:00,10,14,39,34
raatti,Karjasilta,2026-04-02T14:00:00Z,2026-04-02T17:00:00+03:00,14,20,37,32
raatti,Karjasilta,2026-04-02T15:00:00Z,2026-04-02T18:00:00+03:00,14,14,29,28
raatti,Karjasilta,2026-04-02T16:00:00Z,2026-04-02T19:00:00+03:00,11,19,15,14
raatti,Karjasilta,2026-04-02T17:00:00Z,2026-04-02T20:00:00+03:00,7,20,22,25
raatti,Karjasilta,2026-04-02T18:00:00Z,2026-04-02T21:00:00+03:00,13,6,17,12
raatti,Karjasilta,2026-04-02T19:00:00Z,2026-04-02T22:00:00+03:00,4,2,16,3
raatti,Karjasilta,2026-04-02T20:00:00Z,2026-04-02T23:00:00+03:00,1,3,11,3
raatti,Karjasilta,2026-04-02T21:00:00Z,2026-04-03T00:00:00+03:00,1,2,3,2
raatti,Karjasilta,2026-04-02T22:00:00Z,2026-04-03T01:00:00+03:00,3,5,4,4
raatti,Karjasilta,2026-04-02T23:00:00Z,2026-04-03T02:00:00+03:00,2,1,2,1
raatti,Karjasilta,2026-04-03T00:00:00Z,2026-04-03T03:00:00+03:00,0,5,0,1
raatti,Karjasilta,2026-04-03T01:00:00Z,2026-04-03T04:00:00+03:00,1,2,2,2
raatti,Karjasilta,2026-04-03T02:00:00Z,2026-04-03T05:00:00+03:00,1,2,1,0
raatti,Karjasilta,2026-04-03T03:00:00Z,2026-04-03T06:00:00+03:00,3,3,1,7
raatti,Karjasilta,2026-04-03T04:00:00Z,2026-04-03T07:00:00+03:00,7,7,7,4
raatti,Karjasilta,2026-04-03T05:00:00Z,2026-04-03T08:00:00+03:00,7,4,8,4
raatti,Karjasilta,2026-04-03T06:00:00Z,2026-04-03T09:00:00+03:00,2,6,6,13
raatti,Karjasilta,2026-04-03T07:00:00Z,2026-04-03T10:00:00+03:00,7,11,11,19
raatti,Karjasilta,2026-04-03T08:00:00Z,2026-04-03T11:00:00+03:00,13,13,21,25
raatti,Karjasilta,2026-04-03T09:00:00Z,2026-04-03T12:00:00+03:00,18,19,26,32
raatti,Karjasilta,2026-04-03T10:00:00Z,2026-04-03T13:00:00+03:00,18,18,22,40
raatti,Karjasilta,2026-04-03T11:00:00Z,2026-04-03T14:00:00+03:00,16,19,24,30
raatti,Karjasilta,2026-04-03T12:00:00Z,2026-04-03T15:00:00+03:00,26,26,15,31
raatti,Karjasilta,2026-04-03T13:00:00Z,2026-04-03T16:00:00+03:00,9,20,31,23
raatti,Karjasilta,2026-04-03T14:00:00Z,2026-04-03T17:00:00+03:00,11,17,27,23
raatti,Karjasilta,2026-04-03T15:00:00Z,2026-04-03T18:00:00+03:00,11,11,32,17
raatti,Karjasilta,2026-04-03T16:00:00Z,2026-04-03T19:00:00+03:00,11,12,17,31
raatti,Karjasilta,2026-04-03T17:00:00Z,2026-04-03T20:00:00+03:00,12,9,15,35
raatti,Karjasilta,2026-04-03T18:00:00Z,2026-04-03T21:00:00+03:00,3,9,10,12
raatti,Karjasilta,2026-04-03T19:00:00Z,2026-04-03T22:00:00+03:00,0,10,22,6
raatti,Karjasilta,2026-04-03T20:00:00Z,2026-04-03T23:00:00+03:00,10,4,3,2
raatti,Karjasilta,2026-04-03T21:00:00Z,2026-04-04T00:00:00+03:00,4,3,4,3
raatti,Karjasilta,2026-04-03T22:00:00Z,2026-04-04T01:00:00+03:00,3,8,4,0
raatti,Karjasilta,2026-04-03T23:00:00Z,2026-04-04T02:00:00+03:00,1,4,3,1
raatti,Karjasilta,2026-04-04T00:00:00Z,2026-04-04T03:00:00+03:00,0,3,1,0
raatti,Karjasilta,2026-04-04T01:00:00Z,2026-04-04T04:00:00+03:00,0,1,5,1
raatti,Karjasilta,2026-04-04T02:00:00Z,2026-04-04T05:00:00+03:00,0,0,3,1
raatti,Karjasilta,2026-04-04T03:00:00Z,2026-04-04T06:00:00+03:00,2,2,1,6
raatti,Karjasilta,2026-04-04T04:00:00Z,2026-04-04T07:00:00+03:00,0,1,2,5
raatti,Karjasilta,2026-04-04T05:00:00Z,2026-04-04T08:00:00+03:00,3,5,6,10
raatti,Karjasilta,2026-04-04T06:00:00Z,2026-04-04T09:00:00+03:00,7,9,5,16
raatti,Karjasilta,2026-04-04T07:00:00Z,2026-04-04T10:00:00+03:00,12,9,10,16
raatti,Karjasilta,2026-04-04T08:00:00Z,2026-04-04T11:00:00+03:00,18,13,15,45
raatti,Karjasilta,2026-04-04T09:00:00Z,2026-04-04T12:00:00+03:00,7,8,24,25
raatti,Karjasilta,2026-04-04T10:00:00Z,2026-04-04T13:00:00+03:00,21,14,37,54
raatti,Karjasilta,2026-04-04T11:00:00Z,2026-04-04T14:00:00+03:00,9,15,30,32
raatti,Karjasilta,2026-04-04T12:00:00Z,2026-04-04T15:00:00+03:00,12,24,37,32
raatti,Karjasilta,2026-04-04T13:00:00Z,2026-04-04T16:00:00+03:00,15,16,27,24
raatti,Karjasilta,2026-04-04T14:00:00Z,2026-04-04T17:00:00+03:00,5,17,14,26
raatti,Karjasilta,2026-04-04T15:00:00Z,2026-04-04T18:00:00+03:00,13,14,28,16
raatti,Karjasilta,2026-04-04T16:00:00Z,2026-04-04T19:00:00+03:00,6,7,10,13
raatti,Karjasilta,2026-04-04T17:00:00Z,2026-04-04T20:00:00+03:00,2,7,10,20
raatti,Karjasilta,2026-04-04T18:00:00Z,2026-04-04T21:00:00+03:00,3,4,10,13
raatti,Karjasilta,2026-04-04T19:00:00Z,2026-04-04T22:00:00+03:00,2,8,11,7
raatti,Karjasilta,2026-04-04T20:00:00Z,2026-04-04T23:00:00+03:00,5,3,8,5
raatti,Karjasilta,2026-04-04T21:00:00Z,2026-04-05T00:00:00+03:00,2,6,9,3
raatti,Karjasilta,2026-04-04T22:00:00Z,2026-04-05T01:00:00+03:00,3,0,4,4
raatti,Karjasilta,2026-04-04T23:00:00Z,2026-04-05T02:00:00+03:00,1,1,1,5
raatti,Karjasilta,2026-04-05T00:00:00Z,2026-04-05T03:00:00+03:00,0,3,3,0
raatti,Karjasilta,2026-04-05T01:00:00Z,2026-04-05T04:00:00+03:00,1,2,5,1
raatti,Karjasilta,2026-04-05T02:00:00Z,2026-04-05T05:00:00+03:00,1,1,0,2
raatti,Karjasilta,2026-04-05T03:00:00Z,2026-04-05T06:00:00+03:00,4,4,1,8
raatti,Karjasilta,2026-04-05T04:00:00Z,2026-04-05T07:00:00+03:00,2,0,2,5
raatti,Karjasilta,2026-04-05T05:00:00Z,2026-04-05T08:00:00+03:00,1,8,7,1
raatti,Karjasilta,2026-04-05T06:00:00Z,2026-04-05T09:00:00+03:00,4,4,3,9
raatti,Karjasilta,2026-04-05T07:00:00Z,2026-04-05T10:00:00+03:00,11,7,13,12
raatti,Karjasilta,2026-04-05T08:00:00Z,2026-04-05T11:00:00+03:00,9,8,11,27
raatti,Karjasilta,2026-04-05T09:00:00Z,2026-04-05T12:00:00+03:00,14,17,17,26
raatti,Karjasilta,2026-04-05T10:00:00Z,2026-04-05T13:00:00+03:00,11,10,21,20
raatti,Karjasilta,2026-04-05T11:00:00Z,2026-04-05T14:00:00+03:00,12,19,15,22
raatti,Karjasilta,2026-04-05T12:00:00Z,2026-04-05T15:00:00+03:00,8,11,17,12
raatti,Karjasilta,2026-04-05T13:00:00Z,2026-04-05T16:00:00+03:00,10,4,16,10
raatti,Karjasilta,2026-04-05T14:00:00Z,2026-04-05T17:00:00+03:00,3,4,13,14
raatti,Karjasilta,2026-04-05T15:00:00Z,2026-04-05T18:00:00+03:00,10,7,14,14
raatti,Karjasilta,2026-04-05T16:00:00Z,2026-04-05T19:00:00+03:00,7,11,11,8
raatti,Karjasilta,2026-04-05T17:00:00Z,2026-04-05T20:00:00+03:00,11,4,14,7
raatti,Karjasilta,2026-04-05T18:00:00Z,2026-04-05T21:00:00+03:00,3,5,17,11
raatti,Karjasilta,2026-04-05T19:00:00Z,2026-04-05T22:00:00+03:00,2,1,11,6
raatti,Karjasilta,2026-04-05T20:00:00Z,2026-04-05T23:00:00+03:00,1,2,4,3
raatti,Karjasilta,2026-04-05T21:00:00Z,2026-04-06T00:00:00+03:00,0,0,5,3
raatti,Karjasilta,2026-04-05T22:00:00Z,2026-04-06T01:00:00+03:00,0,1,0,0
raatti,Karjasilta,2026-04-05T23:00:00Z,2026-04-06T02:00:00+03:00,0,2,2,0
raatti,Karjasilta,2026-04-06T00:00:00Z,2026-04-06T03:00:00+03:00,1,2,1,0
raatti,Karjasilta,2026-04-06T01:00:00Z,2026-04-06T04:00:00+03:00,0,0,5,0
raatti,Karjasilta,2026-04-06T02:00:00Z,2026-04-06T05:00:00+03:00,0,0,1,0
raatti,Karjasilta,2026-04-06T03:00:00Z,2026-04-06T06:00:00+03:00,1,1,1,6
raatti,Karjasilta,2026-04-06T04:00:00Z,2026-04-06T07:00:00+03:00,2,2,1,8
raatti,Karjasilta,2026-04-06T05:00:00Z,2026-04-06T08:00:00+03:00,1,1,2,5
raatti,Karjasilta,2026-04-06T06:00:00Z,2026-04-06T09:00:00+03:00,2,3,5,6
raatti,Karjasilta,2026-04-06T07:00:00Z,2026-04-06T10:00:00+03:00,2,3,5,5
raatti,Karjasilta,2026-04-06T08:00:00Z,2026-04-06T11:00:00+03:00,8,7,2,7
raatti,Karjasilta,2026-04-06T09:00:00Z,2026-04-06T12:00:00+03:00,8,8,6,7
raatti,Karjasilta,2026-04-06T10:00:00Z,2026-04-06T13:00:00+03:00,5,13,16,19
raatti,Karjasilta,2026-04-06T11:00:00Z,2026-04-06T14:00:00+03:00,10,6,15,18
raatti,Karjasilta,2026-04-06T12:00:00Z,2026-04-06T15:00:00+03:00,12,10,15,23
raatti,Karjasilta,2026-04-06T13:00:00Z,2026-04-06T16:00:00+03:00,8,16,19,14
raatti,Karjasilta,2026-04-06T14:00:00Z,2026-04-06T17:00:00+03:00,12,27,15,20
raatti,Karjasilta,2026-04-06T15:00:00Z,2026-04-06T18:00:00+03:00,16,8,15,15
raatti,Karjasilta,2026-04-06T16:00:00Z,2026-04-06T19:00:00+03:00,12,22,14,20
raatti,Karjasilta,2026-04-06T17:00:00Z,2026-04-06T20:00:00+03:00,11,13,19,17
raatti,Karjasilta,2026-04-06T18:00:00Z,2026-04-06T21:00:00+03:00,3,7,8,13
raatti,Karjasilta,2026-04-06T19:00:00Z,2026-04-06T22:00:00+03:00,2,6,8,6
raatti,Karjasilta,2026-04-06T20:00:00Z,2026-04-06T23:00:00+03:00,1,3,3,5
raatti,Karjasilta,2026-04-06T21:00:00Z,2026-04-07T00:00:00+03:00,1,5,1,0
raatti,Karjasilta,2026-04-06T22:00:00Z,2026-04-07T01:00:00+03:00,1,2,2,1
raatti,Karjasilta,2026-04-06T23:00:00Z,2026-04-07T02:00:00+03:00,1,0,2,2
raatti,Karjasilta,2026-04-07T00:00:00Z,2026-04-07T03:00:00+03:00,0,1,0,0
raatti,Karjasilta,2026-04-07T01:00:00Z,2026-04-07T04:00:00+03:00,3,1,0,0
raatti,Karjasilta,2026-04-07T02:00:00Z,2026-04-07T05:00:00+03:00,0,0,5,5
raatti,Karjasilta,2026-04-07T03:00:00Z,2026-04-07T06:00:00+03:00,8,4,9,16
raatti,Karjasilta,2026-04-07T04:00:00Z,2026-04-07T07:00:00+03:00,3,6,21,98
raatti,Karjasilta,2026-04-07T05:00:00Z,2026-04-07T08:00:00+03:00,13,11,15,116
raatti,Karjasilta,2026-04-07T06:00:00Z,2026-04-07T09:00:00+03:00,6,8,14,54
raatti,Karjasilta,2026-04-07T07:00:00Z,2026-04-07T10:00:00+03:00,4,15,20,25
raatti,Karjasilta,2026-04-07T08:00:00Z,2026-04-07T11:00:00+03:00,17,16,33,54
raatti,Karjasilta,2026-04-07T09:00:00Z,2026-04-07T12:00:00+03:00,8,10,29,42
raatti,Karjasilta,2026-04-07T10:00:00Z,2026-04-07T13:00:00+03:00,17,17,36,50
raatti,Karjasilta,2026-04-07T11:00:00Z,2026-04-07T14:00:00+03:00,22,29,71,40
raatti,Karjasilta,2026-04-07T12:00:00Z,2026-04-07T15:00:00+03:00,8,29,65,25
raatti,Karjasilta,2026-04-07T13:00:00Z,2026-04-07T16:00:00+03:00,7,52,81,57
raatti,Karjasilta,2026-04-07T14:00:00Z,2026-04-07T17:00:00+03:00,15,30,40,55
raatti,Karjasilta,2026-04-07T15:00:00Z,2026-04-07T18:00:00+03:00,10,28,45,25
raatti,Karjasilta,2026-04-07T16:00:00Z,2026-04-07T19:00:00+03:00,14,21,40,27
raatti,Karjasilta,2026-04-07T17:00:00Z,2026-04-07T20:00:00+03:00,13,23,34,11
raatti,Karjasilta,2026-04-07T18:00:00Z,2026-04-07T21:00:00+03:00,4,12,17,15
raatti,Karjasilta,2026-04-07T19:00:00Z,2026-04-07T22:00:00+03:00,2,5,7,11
raatti,Karjasilta,2026-04-07T20:00:00Z,2026-04-07T23:00:00+03:00,2,3,2,5
raatti,Karjasilta,2026-04-07T21:00:00Z,2026-04-08T00:00:00+03:00,0,2,2,3
raatti,Karjasilta,2026-04-07T22:00:00Z,2026-04-08T01:00:00+03:00,0,1,1,1
raatti,Karjasilta,2026-04-07T23:00:00Z,2026-04-08T02:00:00+03:00,1,0,1,0
raatti,Karjasilta,2026-04-08T00:00:00Z,2026-04-08T03:00:00+03:00,0,0,2,1
raatti,Karjasilta,2026-04-08T01:00:00Z,2026-04-08T04:00:00+03:00,2,0,1,1
raatti,Karjasilta,2026-04-08T02:00:00Z,2026-04-08T05:00:00+03:00,1,1,2,8
raatti,Karjasilta,2026-04-08T03:00:00Z,2026-04-08T06:00:00+03:00,2,3,10,16
raatti,Karjasilta,2026-04-08T04:00:00Z,2026-04-08T07:00:00+03:00,7,8,17,97
raatti,Karjasilta,2026-04-08T05:00:00Z,2026-04-08T08:00:00+03:00,9,9,18,126
raatti,Karjasilta,2026-04-08T06:00:00Z,2026-04-08T09:00:00+03:00,7,5,13,64
raatti,Karjasilta,2026-04-08T07:00:00Z,2026-04-08T10:00:00+03:00,14,8,17,42
raatti,Karjasilta,2026-04-08T08:00:00Z,2026-04-08T11:00:00+03:00,27,28,32,38
raatti,Karjasilta,2026-04-08T09:00:00Z,2026-04-08T12:00:00+03:00,7,17,20,35
raatti,Karjasilta,2026-04-08T10:00:00Z,2026-04-08T13:00:00+03:00,25,12,45,31
raatti,Karjasilta,2026-04-08T11:00:00Z,2026-04-08T14:00:00+03:00,25,32,62,41
raatti,Karjasilta,2026-04-08T12:00:00Z,2026-04-08T15:00:00+03:00,15,29,65,42
raatti,Karjasilta,2026-04-08T13:00:00Z,2026-04-08T16:00:00+03:00,18,48,96,68
raatti,Karjasilta,2026-04-08T14:00:00Z,2026-04-08T17:00:00+03:00,12,38,54,45
raatti,Karjasilta,2026-04-08T15:00:00Z,2026-04-08T18:00:00+03:00,13,29,43,27
raatti,Karjasilta,2026-04-08T16:00:00Z,2026-04-08T19:00:00+03:00,24,20,37,19
raatti,Karjasilta,2026-04-08T17:00:00Z,2026-04-08T20:00:00+03:00,11,16,26,5
raatti,Karjasilta,2026-04-08T18:00:00Z,2026-04-08T21:00:00+03:00,10,5,16,11
raatti,Karjasilta,2026-04-08T19:00:00Z,2026-04-08T22:00:00+03:00,3,6,5,3
raatti,Karjasilta,2026-04-08T20:00:00Z,2026-04-08T23:00:00+03:00,3,1,3,4
raatti,Karjasilta,2026-04-08T21:00:00Z,2026-04-09T00:00:00+03:00,3,1,4,1
raatti,Karjasilta,2026-04-08T22:00:00Z,2026-04-09T01:00:00+03:00,1,0,1,0
raatti,Karjasilta,2026-04-08T23:00:00Z,2026-04-09T02:00:00+03:00,0,0,0,0
raatti,Karjasilta,2026-04-09T00:00:00Z,2026-04-09T03:00:00+03:00,1,1,1,1
raatti,Karjasilta,2026-04-09T01:00:00Z,2026-04-09T04:00:00+03:00,0,0,1,2
raatti,Karjasilta,2026-04-09T02:00:00Z,2026-04-09T05:00:00+03:00,3,0,5,7
raatti,Karjasilta,2026-04-09T03:00:00Z,2026-04-09T06:00:00+03:00,7,3,10,22
raatti,Karjasilta,2026-04-09T04:00:00Z,2026-04-09T07:00:00+03:00,3,4,19,87
raatti,Karjasilta,2026-04-09T05:00:00Z,2026-04-09T08:00:00+03:00,13,8,12,100
raatti,Karjasilta,2026-04-09T06:00:00Z,2026-04-09T09:00:00+03:00,14,12,28,59
raatti,Karjasilta,2026-04-09T07:00:00Z,2026-04-09T10:00:00+03:00,10,6,26,29
raatti,Karjasilta,2026-04-09T08:00:00Z,2026-04-09T11:00:00+03:00,16,9,27,46
raatti,Karjasilta,2026-04-09T09:00:00Z,2026-04-09T12:00:00+03:00,15,19,29,47
raatti,Karjasilta,2026-04-09T10:00:00Z,2026-04-09T13:00:00+03:00,11,25,41,50
raatti,Karjasilta,2026-04-09T11:00:00Z,2026-04-09T14:00:00+03:00,8,27,61,55
raatti,Karjasilta,2026-04-09T12:00:00Z,2026-04-09T15:00:00+03:00,18,45,59,46
raatti,Karjasilta,2026-04-09T13:00:00Z,2026-04-09T16:00:00+03:00,24,40,93,41
raatti,Karjasilta,2026-04-09T14:00:00Z,2026-04-09T17:00:00+03:00,16,23,40,33
raatti,Karjasilta,2026-04-09T15:00:00Z,2026-04-09T18:00:00+03:00,21,31,41,23
raatti,Karjasilta,2026-04-09T16:00:00Z,2026-04-09T19:00:00+03:00,13,17,30,28
raatti,Karjasilta,2026-04-09T17:00:00Z,2026-04-09T20:00:00+03:00,17,13,28,15
raatti,Karjasilta,2026-04-09T18:00:00Z,2026-04-09T21:00:00+03:00,6,9,18,12
raatti,Karjasilta,2026-04-09T19:00:00Z,2026-04-09T22:00:00+03:00,5,7,11,4
raatti,Karjasilta,2026-04-09T20:00:00Z,2026-04-09T23:00:00+03:00,4,3,7,4
raatti,Karjasilta,2026-04-09T21:00:00Z,2026-04-10T00:00:00+03:00,3,2,3,1
raatti,Karjasilta,2026-04-09T22:00:00Z,2026-04-10T01:00:00+03:00,0,4,2,1
raatti,Karjasilta,2026-04-09T23:00:00Z,2026-04-10T02:00:00+03:00,0,4,1,0
raatti,Karjasilta,2026-04-10T00:00:00Z,2026-04-10T03:00:00+03:00,0,2,1,1
raatti,Karjasilta,2026-04-10T01:00:00Z,2026-04-10T04:00:00+03:00,0,0,3,2
raatti,Karjasilta,2026-04-10T02:00:00Z,2026-04-10T05:00:00+03:00,1,0,4,2
raatti,Karjasilta,2026-04-10T03:00:00Z,2026-04-10T06:00:00+03:00,8,7,9,17
raatti,Karjasilta,2026-04-10T04:00:00Z,2026-04-10T07:00:00+03:00,16,6,21,76
raatti,Karjasilta,2026-04-10T05:00:00Z,2026-04-10T08:00:00+03:00,13,6,10,91
raatti,Karjasilta,2026-04-10T06:00:00Z,2026-04-10T09:00:00+03:00,21,6,30,62
raatti,Karjasilta,2026-04-10T07:00:00Z,2026-04-10T10:00:00+03:00,8,11,18,33
raatti,Karjasilta,2026-04-10T08:00:00Z,2026-04-10T11:00:00+03:00,13,18,36,41
raatti,Karjasilta,2026-04-10T09:00:00Z,2026-04-10T12:00:00+03:00,9,26,26,31
raatti,Karjasilta,2026-04-10T10:00:00Z,2026-04-10T13:00:00+03:00,19,22,38,43
raatti,Karjasilta,2026-04-10T11:00:00Z,2026-04-10T14:00:00+03:00,13,25,68,49
raatti,Karjasilta,2026-04-10T12:00:00Z,2026-04-10T15:00:00+03:00,17,24,70,44
raatti,Karjasilta,2026-04-10T13:00:00Z,2026-04-10T16:00:00+03:00,15,26,50,54
raatti,Karjasilta,2026-04-10T14:00:00Z,2026-04-10T17:00:00+03:00,18,37,42,37
raatti,Karjasilta,2026-04-10T15:00:00Z,2026-04-10T18:00:00+03:00,16,13,37,25
raatti,Karjasilta,2026-04-10T16:00:00Z,2026-04-10T19:00:00+03:00,9,15,31,27
raatti,Karjasilta,2026-04-10T17:00:00Z,2026-04-10T20:00:00+03:00,10,20,22,10
raatti,Karjasilta,2026-04-10T18:00:00Z,2026-04-10T21:00:00+03:00,7,1,15,16
raatti,Karjasilta,2026-04-10T19:00:00Z,2026-04-10T22:00:00+03:00,5,5,11,13
raatti,Karjasilta,2026-04-10T20:00:00Z,2026-04-10T23:00:00+03:00,5,7,14,6
raatti,Karjasilta,2026-04-10T21:00:00Z,2026-04-11T00:00:00+03:00,3,3,9,6
raatti,Karjasilta,2026-04-10T22:00:00Z,2026-04-11T01:00:00+03:00,1,3,7,3
raatti,Karjasilta,2026-04-10T23:00:00Z,2026-04-11T02:00:00+03:00,0,3,2,0
raatti,Karjasilta,2026-04-11T00:00:00Z,2026-04-11T03:00:00+03:00,1,2,3,0
raatti,Karjasilta,2026-04-11T01:00:00Z,2026-04-11T04:00:00+03:00,0,5,4,1
raatti,Karjasilta,2026-04-11T02:00:00Z,2026-04-11T05:00:00+03:00,0,2,4,2
raatti,Karjasilta,2026-04-11T03:00:00Z,2026-04-11T06:00:00+03:00,2,2,6,5
raatti,Karjasilta,2026-04-11T04:00:00Z,2026-04-11T07:00:00+03:00,5,4,5,6
raatti,Karjasilta,2026-04-11T05:00:00Z,2026-04-11T08:00:00+03:00,8,6,2,10
raatti,Karjasilta,2026-04-11T06:00:00Z,2026-04-11T09:00:00+03:00,6,2,8,28
raatti,Karjasilta,2026-04-11T07:00:00Z,2026-04-11T10:00:00+03:00,10,16,15,25
raatti,Karjasilta,2026-04-11T08:00:00Z,2026-04-11T11:00:00+03:00,17,20,16,32
raatti,Karjasilta,2026-04-11T09:00:00Z,2026-04-11T12:00:00+03:00,18,14,25,52
raatti,Karjasilta,2026-04-11T10:00:00Z,2026-04-11T13:00:00+03:00,15,23,40,49
raatti,Karjasilta,2026-04-11T11:00:00Z,2026-04-11T14:00:00+03:00,19,15,43,49
raatti,Karjasilta,2026-04-11T12:00:00Z,2026-04-11T15:00:00+03:00,27,29,48,59
raatti,Karjasilta,2026-04-11T13:00:00Z,2026-04-11T16:00:00+03:00,24,23,52,45
raatti,Karjasilta,2026-04-11T14:00:00Z,2026-04-11T17:00:00+03:00,17,23,39,42
raatti,Karjasilta,2026-04-11T15:00:00Z,2026-04-11T18:00:00+03:00,13,27,33,33
raatti,Karjasilta,2026-04-11T16:00:00Z,2026-04-11T19:00:00+03:00,20,15,26,19
raatti,Karjasilta,2026-04-11T17:00:00Z,2026-04-11T20:00:00+03:00,6,11,18,18
raatti,Karjasilta,2026-04-11T18:00:00Z,2026-04-11T21:00:00+03:00,2,11,23,14
raatti,Karjasilta,2026-04-11T19:00:00Z,2026-04-11T22:00:00+03:00,3,3,14,5
raatti,Karjasilta,2026-04-11T20:00:00Z,2026-04-11T23:00:00+03:00,8,7,10,7
raatti,Karjasilta,2026-04-11T21:00:00Z,2026-04-12T00:00:00+03:00,5,5,4,14
raatti,Karjasilta,2026-04-11T22:00:00Z,2026-04-12T01:00:00+03:00,3,2,5,4
raatti,Karjasilta,2026-04-11T23:00:00Z,2026-04-12T02:00:00+03:00,0,4,4,4
raatti,Karjasilta,2026-04-12T00:00:00Z,2026-04-12T03:00:00+03:00,1,2,4,0
raatti,Karjasilta,2026-04-12T01:00:00Z,2026-04-12T04:00:00+03:00,0,0,2,1
raatti,Karjasilta,2026-04-12T02:00:00Z,2026-04-12T05:00:00+03:00,1,0,1,0
raatti,Karjasilta,2026-04-12T03:00:00Z,2026-04-12T06:00:00+03:00,3,1,1,10
raatti,Karjasilta,2026-04-12T04:00:00Z,2026-04-12T07:00:00+03:00,0,5,4,2
raatti,Karjasilta,2026-04-12T05:00:00Z,2026-04-12T08:00:00+03:00,5,9,3,11
raatti,Karjasilta,2026-04-12T06:00:00Z,2026-04-12T09:00:00+03:00,11,16,12,15
raatti,Karjasilta,2026-04-12T07:00:00Z,2026-04-12T10:00:00+03:00,14,11,13,30
raatti,Karjasilta,2026-04-12T08:00:00Z,2026-04-12T11:00:00+03:00,12,17,14,44
raatti,Karjasilta,2026-04-12T09:00:00Z,2026-04-12T12:00:00+03:00,11,27,36,40
raatti,Karjasilta,2026-04-12T10:00:00Z,2026-04-12T13:00:00+03:00,27,31,32,69
raatti,Karjasilta,2026-04-12T11:00:00Z,2026-04-12T14:00:00+03:00,16,24,46,46
raatti,Karjasilta,2026-04-12T12:00:00Z,2026-04-12T15:00:00+03:00,20,23,47,49
raatti,Karjasilta,2026-04-12T13:00:00Z,2026-04-12T16:00:00+03:00,16,23,45,44
raatti,Karjasilta,2026-04-12T14:00:00Z,2026-04-12T17:00:00+03:00,15,16,31,44
raatti,Karjasilta,2026-04-12T15:00:00Z,2026-04-12T18:00:00+03:00,11,33,30,29
raatti,Karjasilta,2026-04-12T16:00:00Z,2026-04-12T19:00:00+03:00,9,19,32,31
raatti,Karjasilta,2026-04-12T17:00:00Z,2026-04-12T20:00:00+03:00,12,12,21,9
raatti,Karjasilta,2026-04-12T18:00:00Z,2026-04-12T21:00:00+03:00,2,8,12,11
raatti,Karjasilta,2026-04-12T19:00:00Z,2026-04-12T22:00:00+03:00,3,4,5,6
raatti,Karjasilta,2026-04-12T20:00:00Z,2026-04-12T23:00:00+03:00,2,4,1,4
raatti,Karjasilta,2026-04-12T21:00:00Z,2026-04-13T00:00:00+03:00,3,0,2,1
raatti,Karjasilta,2026-04-12T22:00:00Z,2026-04-13T01:00:00+03:00,0,0,0,3
raatti,Karjasilta,2026-04-12T23:00:00Z,2026-04-13T02:00:00+03:00,0,1,0,0
raatti,Karjasilta,2026-04-13T00:00:00Z,2026-04-13T03:00:00+03:00,0,0,0,1
raatti,Karjasilta,2026-04-13T01:00:00Z,2026-04-13T04:00:00+03:00,0,0,5,2
raatti,Karjasilta,2026-04-13T02:00:00Z,2026-04-13T05:00:00+03:00,2,4,3,9
raatti,Karjasilta,2026-04-13T03:00:00Z,2026-04-13T06:00:00+03:00,6,6,10,25
raatti,Karjasilta,2026-04-13T04:00:00Z,2026-04-13T07:00:00+03:00,12,9,29,94
raatti,Karjasilta,2026-04-13T05:00:00Z,2026-04-13T08:00:00+03:00,17,5,14,116
raatti,Karjasilta,2026-04-13T06:00:00Z,2026-04-13T09:00:00+03:00,13,18,15,73
raatti,Karjasilta,2026-04-13T07:00:00Z,2026-04-13T10:00:00+03:00,2,12,20,49
raatti,Karjasilta,2026-04-13T08:00:00Z,2026-04-13T11:00:00+03:00,15,8,23,47
raatti,Karjasilta,2026-04-13T09:00:00Z,2026-04-13T12:00:00+03:00,13,14,35,46
raatti,Karjasilta,2026-04-13T10:00:00Z,2026-04-13T13:00:00+03:00,6,20,53,50
raatti,Karjasilta,2026-04-13T11:00:00Z,2026-04-13T14:00:00+03:00,13,38,98,48
raatti,Karjasilta,2026-04-13T12:00:00Z,2026-04-13T15:00:00+03:00,13,27,84,36
raatti,Karjasilta,2026-04-13T13:00:00Z,2026-04-13T16:00:00+03:00,28,31,96,72
raatti,Karjasilta,2026-04-13T14:00:00Z,2026-04-13T17:00:00+03:00,19,30,70,48
raatti,Karjasilta,2026-04-13T15:00:00Z,2026-04-13T18:00:00+03:00,18,20,39,38
raatti,Karjasilta,2026-04-13T16:00:00Z,2026-04-13T19:00:00+03:00,19,32,47,34
raatti,Karjasilta,2026-04-13T17:00:00Z,2026-04-13T20:00:00+03:00,20,21,36,20
raatti,Karjasilta,2026-04-13T18:00:00Z,2026-04-13T21:00:00+03:00,5,6,22,9
raatti,Karjasilta,2026-04-13T19:00:00Z,2026-04-13T22:00:00+03:00,3,3,17,8
raatti,Karjasilta,2026-04-13T20:00:00Z,2026-04-13T23:00:00+03:00,0,1,3,4
raatti,Karjasilta,2026-04-13T21:00:00Z,2026-04-14T00:00:00+03:00,0,1,3,1
raatti,Karjasilta,2026-04-13T22:00:00Z,2026-04-14T01:00:00+03:00,0,0,0,0
raatti,Karjasilta,2026-04-13T23:00:00Z,2026-04-14T02:00:00+03:00,0,0,1,1
raatti,Karjasilta,2026-04-14T00:00:00Z,2026-04-14T03:00:00+03:00,0,0,0,2
raatti,Karjasilta,2026-04-14T01:00:00Z,2026-04-14T04:00:00+03:00,0,0,4,0
raatti,Karjasilta,2026-04-14T02:00:00Z,2026-04-14T05:00:00+03:00,3,0,1,4
raatti,Karjasilta,2026-04-14T03:00:00Z,2026-04-14T06:00:00+03:00,8,8,8,25
raatti,Karjasilta,2026-04-14T04:00:00Z,2026-04-14T07:00:00+03:00,16,6,17,102
raatti,Karjasilta,2026-04-14T05:00:00Z,2026-04-14T08:00:00+03:00,17,11,23,146
raatti,Karjasilta,2026-04-14T06:00:00Z,2026-04-14T09:00:00+03:00,12,11,14,45
raatti,Karjasilta,2026-04-14T07:00:00Z,2026-04-14T10:00:00+03:00,7,11,23,51
raatti,Karjasilta,2026-04-14T08:00:00Z,2026-04-14T11:00:00+03:00,7,12,32,45
raatti,Karjasilta,2026-04-14T09:00:00Z,2026-04-14T12:00:00+03:00,17,22,50,48
raatti,Karjasilta,2026-04-14T10:00:00Z,2026-04-14T13:00:00+03:00,12,22,57,46
raatti,Karjasilta,2026-04-14T11:00:00Z,2026-04-14T14:00:00+03:00,16,31,86,59
raatti,Karjasilta,2026-04-14T12:00:00Z,2026-04-14T15:00:00+03:00,18,36,96,58
raatti,Karjasilta,2026-04-14T13:00:00Z,2026-04-14T16:00:00+03:00,25,54,121,57
raatti,Karjasilta,2026-04-14T14:00:00Z,2026-04-14T17:00:00+03:00,20,32,71,70
raatti,Karjasilta,2026-04-14T15:00:00Z,2026-04-14T18:00:00+03:00,19,46,50,44
raatti,Karjasilta,2026-04-14T16:00:00Z,2026-04-14T19:00:00+03:00,18,17,43,19
raatti,Karjasilta,2026-04-14T17:00:00Z,2026-04-14T20:00:00+03:00,11,14,32,26
raatti,Karjasilta,2026-04-14T18:00:00Z,2026-04-14T21:00:00+03:00,7,8,19,8
raatti,Karjasilta,2026-04-14T19:00:00Z,2026-04-14T22:00:00+03:00,1,3,6,8
raatti,Karjasilta,2026-04-14T20:00:00Z,2026-04-14T23:00:00+03:00,1,1,7,6
raatti,Karjasilta,2026-04-14T21:00:00Z,2026-04-15T00:00:00+03:00,2,1,2,4
raatti,Karjasilta,2026-04-14T22:00:00Z,2026-04-15T01:00:00+03:00,0,1,1,1
raatti,Karjasilta,2026-04-14T23:00:00Z,2026-04-15T02:00:00+03:00,0,1,3,1
raatti,Karjasilta,2026-04-15T00:00:00Z,2026-04-15T03:00:00+03:00,0,0,1,1
raatti,Karjasilta,2026-04-15T01:00:00Z,2026-04-15T04:00:00+03:00,1,1,3,5
raatti,Karjasilta,2026-04-15T02:00:00Z,2026-04-15T05:00:00+03:00,2,2,0,6
raatti,Karjasilta,2026-04-15T03:00:00Z,2026-04-15T06:00:00+03:00,7,3,12,24
raatti,Karjasilta,2026-04-15T04:00:00Z,2026-04-15T07:00:00+03:00,13,6,25,96
raatti,Karjasilta,2026-04-15T05:00:00Z,2026-04-15T08:00:00+03:00,18,16,25,135
raatti,Karjasilta,2026-04-15T06:00:00Z,2026-04-15T09:00:00+03:00,15,13,19,81
raatti,Karjasilta,2026-04-15T07:00:00Z,2026-04-15T10:00:00+03:00,4,5,24,42
raatti,Karjasilta,2026-04-15T08:00:00Z,2026-04-15T11:00:00+03:00,13,14,21,42
raatti,Karjasilta,2026-04-15T09:00:00Z,2026-04-15T12:00:00+03:00,15,22,36,40
raatti,Karjasilta,2026-04-15T10:00:00Z,2026-04-15T13:00:00+03:00,14,31,60,43
raatti,Karjasilta,2026-04-15T11:00:00Z,2026-04-15T14:00:00+03:00,14,48,97,57
raatti,Karjasilta,2026-04-15T12:00:00Z,2026-04-15T15:00:00+03:00,14,23,72,31
raatti,Karjasilta,2026-04-15T13:00:00Z,2026-04-15T16:00:00+03:00,12,29,95,52
raatti,Karjasilta,2026-04-15T14:00:00Z,2026-04-15T17:00:00+03:00,8,33,56,50
raatti,Karjasilta,2026-04-15T15:00:00Z,2026-04-15T18:00:00+03:00,10,28,47,37
raatti,Karjasilta,2026-04-15T16:00:00Z,2026-04-15T19:00:00+03:00,11,14,37,23
raatti,Karjasilta,2026-04-15T17:00:00Z,2026-04-15T20:00:00+03:00,13,15,31,15
raatti,Karjasilta,2026-04-15T18:00:00Z,2026-04-15T21:00:00+03:00,4,6,26,13
raatti,Karjasilta,2026-04-15T19:00:00Z,2026-04-15T22:00:00+03:00,3,7,8,7
raatti,Karjasilta,2026-04-15T20:00:00Z,2026-04-15T23:00:00+03:00,3,6,9,6
raatti,Karjasilta,2026-04-15T21:00:00Z,2026-04-16T00:00:00+03:00,2,2,2,1
raatti,Karjasilta,2026-04-15T22:00:00Z,2026-04-16T01:00:00+03:00,0,1,0,0
raatti,Karjasilta,2026-04-15T23:00:00Z,2026-04-16T02:00:00+03:00,0,0,1,0
raatti,Karjasilta,2026-04-16T00:00:00Z,2026-04-16T03:00:00+03:00,0,0,2,0
raatti,Karjasilta,2026-04-16T01:00:00Z,2026-04-16T04:00:00+03:00,2,0,1,1
raatti,Karjasilta,2026-04-16T02:00:00Z,2026-04-16T05:00:00+03:00,2,2,2,5
raatti,Karjasilta,2026-04-16T03:00:00Z,2026-04-16T06:00:00+03:00,6,6,14,27
raatti,Karjasilta,2026-04-16T04:00:00Z,2026-04-16T07:00:00+03:00,11,9,21,102
raatti,Karjasilta,2026-04-16T05:00:00Z,2026-04-16T08:00:00+03:00,14,13,19,124
raatti,Karjasilta,2026-04-16T06:00:00Z,2026-04-16T09:00:00+03:00,9,10,30,72
raatti,Karjasilta,2026-04-16T07:00:00Z,2026-04-16T10:00:00+03:00,4,12,21,48
raatti,Karjasilta,2026-04-16T08:00:00Z,2026-04-16T11:00:00+03:00,11,14,37,47
raatti,Karjasilta,2026-04-16T09:00:00Z,2026-04-16T12:00:00+03:00,7,14,34,39
raatti,Karjasilta,2026-04-16T10:00:00Z,2026-04-16T13:00:00+03:00,17,26,49,50
raatti,Karjasilta,2026-04-16T11:00:00Z,2026-04-16T14:00:00+03:00,18,35,74,45
raatti,Karjasilta,2026-04-16T12:00:00Z,2026-04-16T15:00:00+03:00,22,25,67,42
raatti,Karjasilta,2026-04-16T13:00:00Z,2026-04-16T16:00:00+03:00,16,27,108,56
raatti,Karjasilta,2026-04-16T14:00:00Z,2026-04-16T17:00:00+03:00,17,35,64,41
raatti,Karjasilta,2026-04-16T15:00:00Z,2026-04-16T18:00:00+03:00,14,23,52,35
raatti,Karjasilta,2026-04-16T16:00:00Z,2026-04-16T19:00:00+03:00,15,24,51,21
raatti,Karjasilta,2026-04-16T17:00:00Z,2026-04-16T20:00:00+03:00,7,18,32,20
raatti,Karjasilta,2026-04-16T18:00:00Z,2026-04-16T21:00:00+03:00,2,9,33,17
raatti,Karjasilta,2026-04-16T19:00:00Z,2026-04-16T22:00:00+03:00,3,6,13,5
raatti,Karjasilta,2026-04-16T20:00:00Z,2026-04-16T23:00:00+03:00,3,4,10,3
raatti,Karjasilta,2026-04-16T21:00:00Z,2026-04-17T00:00:00+03:00,3,3,5,4
raatti,Karjasilta,2026-04-16T22:00:00Z,2026-04-17T01:00:00+03:00,0,0,3,1
raatti,Karjasilta,2026-04-16T23:00:00Z,2026-04-17T02:00:00+03:00,0,0,1,0
raatti,Karjasilta,2026-04-17T00:00:00Z,2026-04-17T03:00:00+03:00,0,0,1,1
raatti,Karjasilta,2026-04-17T01:00:00Z,2026-04-17T04:00:00+03:00,2,0,0,2
raatti,Karjasilta,2026-04-17T02:00:00Z,2026-04-17T05:00:00+03:00,2,0,3,5
raatti,Karjasilta,2026-04-17T03:00:00Z,2026-04-17T06:00:00+03:00,3,4,10,22
raatti,Karjasilta,2026-04-17T04:00:00Z,2026-04-17T07:00:00+03:00,14,8,20,102
raatti,Karjasilta,2026-04-17T05:00:00Z,2026-04-17T08:00:00+03:00,16,11,14,109
raatti,Karjasilta,2026-04-17T06:00:00Z,2026-04-17T09:00:00+03:00,10,9,19,59
raatti,Karjasilta,2026-04-17T07:00:00Z,2026-04-17T10:00:00+03:00,8,6,29,44
raatti,Karjasilta,2026-04-17T08:00:00Z,2026-04-17T11:00:00+03:00,6,14,45,41
raatti,Karjasilta,2026-04-17T09:00:00Z,2026-04-17T12:00:00+03:00,12,9,31,30
raatti,Karjasilta,2026-04-17T10:00:00Z,2026-04-17T13:00:00+03:00,16,13,57,40
raatti,Karjasilta,2026-04-17T11:00:00Z,2026-04-17T14:00:00+03:00,11,22,73,53
raatti,Karjasilta,2026-04-17T12:00:00Z,2026-04-17T15:00:00+03:00,20,30,84,44
raatti,Karjasilta,2026-04-17T13:00:00Z,2026-04-17T16:00:00+03:00,19,27,74,55
raatti,Karjasilta,2026-04-17T14:00:00Z,2026-04-17T17:00:00+03:00,17,25,48,50
raatti,Karjasilta,2026-04-17T15:00:00Z,2026-04-17T18:00:00+03:00,13,24,33,21
raatti,Karjasilta,2026-04-17T16:00:00Z,2026-04-17T19:00:00+03:00,10,14,30,21
raatti,Karjasilta,2026-04-17T17:00:00Z,2026-04-17T20:00:00+03:00,16,15,21,29
raatti,Karjasilta,2026-04-17T18:00:00Z,2026-04-17T21:00:00+03:00,5,10,20,22
raatti,Karjasilta,2026-04-17T19:00:00Z,2026-04-17T22:00:00+03:00,6,7,23,3
raatti,Karjasilta,2026-04-17T20:00:00Z,2026-04-17T23:00:00+03:00,6,4,11,7
raatti,Karjasilta,2026-04-17T21:00:00Z,2026-04-18T00:00:00+03:00,2,6,16,6
raatti,Karjasilta,2026-04-17T22:00:00Z,2026-04-18T01:00:00+03:00,2,1,2,2
raatti,Karjasilta,2026-04-17T23:00:00Z,2026-04-18T02:00:00+03:00,1,2,6,0
raatti,Karjasilta,2026-04-18T00:00:00Z,2026-04-18T03:00:00+03:00,1,2,1,1
raatti,Karjasilta,2026-04-18T01:00:00Z,2026-04-18T04:00:00+03:00,1,2,2,5
raatti,Karjasilta,2026-04-18T02:00:00Z,2026-04-18T05:00:00+03:00,2,1,4,5
raatti,Karjasilta,2026-04-18T03:00:00Z,2026-04-18T06:00:00+03:00,2,2,5,4
raatti,Karjasilta,2026-04-18T04:00:00Z,2026-04-18T07:00:00+03:00,0,1,7,6
raatti,Karjasilta,2026-04-18T05:00:00Z,2026-04-18T08:00:00+03:00,3,1,6,7
raatti,Karjasilta,2026-04-18T06:00:00Z,2026-04-18T09:00:00+03:00,9,8,16,28
raatti,Karjasilta,2026-04-18T07:00:00Z,2026-04-18T10:00:00+03:00,5,5,11,29
raatti,Karjasilta,2026-04-18T08:00:00Z,2026-04-18T11:00:00+03:00,12,15,15,36
raatti,Karjasilta,2026-04-18T09:00:00Z,2026-04-18T12:00:00+03:00,12,13,30,49
raatti,Karjasilta,2026-04-18T10:00:00Z,2026-04-18T13:00:00+03:00,11,15,35,41
raatti,Karjasilta,2026-04-18T11:00:00Z,2026-04-18T14:00:00+03:00,7,12,36,35
raatti,Karjasilta,2026-04-18T12:00:00Z,2026-04-18T15:00:00+03:00,20,20,37,36
raatti,Karjasilta,2026-04-18T13:00:00Z,2026-04-18T16:00:00+03:00,6,22,43,47
raatti,Karjasilta,2026-04-18T14:00:00Z,2026-04-18T17:00:00+03:00,18,17,35,56
raatti,Karjasilta,2026-04-18T15:00:00Z,2026-04-18T18:00:00+03:00,8,17,21,29
raatti,Karjasilta,2026-04-18T16:00:00Z,2026-04-18T19:00:00+03:00,14,16,33,21
raatti,Karjasilta,2026-04-18T17:00:00Z,2026-04-18T20:00:00+03:00,3,16,29,19
raatti,Karjasilta,2026-04-18T18:00:00Z,2026-04-18T21:00:00+03:00,11,9,20,15
raatti,Karjasilta,2026-04-18T19:00:00Z,2026-04-18T22:00:00+03:00,1,9,16,5
raatti,Karjasilta,2026-04-18T20:00:00Z,2026-04-18T23:00:00+03:00,4,5,10,6
raatti,Karjasilta,2026-04-18T21:00:00Z,2026-04-19T00:00:00+03:00,2,4,15,6
raatti,Karjasilta,2026-04-18T22:00:00Z,2026-04-19T01:00:00+03:00,1,2,3,2
raatti,Karjasilta,2026-04-18T23:00:00Z,2026-04-19T02:00:00+03:00,0,4,7,2
raatti,Karjasilta,2026-04-19T00:00:00Z,2026-04-19T03:00:00+03:00,0,3,4,1
raatti,Karjasilta,2026-04-19T01:00:00Z,2026-04-19T04:00:00+03:00,0,0,5,0
raatti,Karjasilta,2026-04-19T02:00:00Z,2026-04-19T05:00:00+03:00,2,3,1,0
raatti,Karjasilta,2026-04-19T03:00:00Z,2026-04-19T06:00:00+03:00,2,2,1,8
raatti,Karjasilta,2026-04-19T04:00:00Z,2026-04-19T07:00:00+03:00,3,4,4,5
raatti,Karjasilta,2026-04-19T05:00:00Z,2026-04-19T08:00:00+03:00,5,9,5,13
raatti,Karjasilta,2026-04-19T06:00:00Z,2026-04-19T09:00:00+03:00,8,6,12,16
raatti,Karjasilta,2026-04-19T07:00:00Z,2026-04-19T10:00:00+03:00,14,5,12,30
raatti,Karjasilta,2026-04-19T08:00:00Z,2026-04-19T11:00:00+03:00,13,12,17,30
raatti,Karjasilta,2026-04-19T09:00:00Z,2026-04-19T12:00:00+03:00,17,17,37,33
raatti,Karjasilta,2026-04-19T10:00:00Z,2026-04-19T13:00:00+03:00,16,18,33,54
raatti,Karjasilta,2026-04-19T11:00:00Z,2026-04-19T14:00:00+03:00,13,17,49,60
raatti,Karjasilta,2026-04-19T12:00:00Z,2026-04-19T15:00:00+03:00,21,25,52,44
raatti,Karjasilta,2026-04-19T13:00:00Z,2026-04-19T16:00:00+03:00,14,20,41,38
raatti,Karjasilta,2026-04-19T14:00:00Z,2026-04-19T17:00:00+03:00,15,13,33,28
raatti,Karjasilta,2026-04-19T15:00:00Z,2026-04-19T18:00:00+03:00,10,21,26,24
raatti,Karjasilta,2026-04-19T16:00:00Z,2026-04-19T19:00:00+03:00,13,18,21,15
raatti,Karjasilta,2026-04-19T17:00:00Z,2026-04-19T20:00:00+03:00,9,13,17,13
raatti,Karjasilta,2026-04-19T18:00:00Z,2026-04-19T21:00:00+03:00,6,10,17,13
raatti,Karjasilta,2026-04-19T19:00:00Z,2026-04-19T22:00:00+03:00,1,6,9,10
raatti,Karjasilta,2026-04-19T20:00:00Z,2026-04-19T23:00:00+03:00,5,2,4,6
raatti,Karjasilta,2026-04-19T21:00:00Z,2026-04-20T00:00:00+03:00,0,1,2,1
raatti,Karjasilta,2026-04-19T22:00:00Z,2026-04-20T01:00:00+03:00,0,0,1,0
raatti,Karjasilta,2026-04-19T23:00:00Z,2026-04-20T02:00:00+03:00,0,0,1,1
raatti,Karjasilta,2026-04-20T00:00:00Z,2026-04-20T03:00:00+03:00,0,0,0,0
raatti,Karjasilta,2026-04-20T01:00:00Z,2026-04-20T04:00:00+03:00,1,1,0,3
raatti,Karjasilta,2026-04-20T02:00:00Z,2026-04-20T05:00:00+03:00,2,3,4,8
raatti,Karjasilta,2026-04-20T03:00:00Z,2026-04-20T06:00:00+03:00,7,5,10,26
raatti,Karjasilta,2026-04-20T04:00:00Z,2026-04-20T07:00:00+03:00,6,8,23,106
raatti,Karjasilta,2026-04-20T05:00:00Z,2026-04-20T08:00:00+03:00,17,6,22,100
raatti,Karjasilta,2026-04-20T06:00:00Z,2026-04-20T09:00:00+03:00,14,11,23,84
raatti,Karjasilta,2026-04-20T07:00:00Z,2026-04-20T10:00:00+03:00,9,10,21,41
raatti,Karjasilta,2026-04-20T08:00:00Z,2026-04-20T11:00:00+03:00,10,13,28,43
raatti,Karjasilta,2026-04-20T09:00:00Z,2026-04-20T12:00:00+03:00,16,10,20,51
raatti,Karjasilta,2026-04-20T10:00:00Z,2026-04-20T13:00:00+03:00,9,17,49,52
raatti,Karjasilta,2026-04-20T11:00:00Z,2026-04-20T14:00:00+03:00,13,45,109,28
raatti,Karjasilta,2026-04-20T12:00:00Z,2026-04-20T15:00:00+03:00,16,31,93,44
raatti,Karjasilta,2026-04-20T13:00:00Z,2026-04-20T16:00:00+03:00,27,31,96,52
raatti,Karjasilta,2026-04-20T14:00:00Z,2026-04-20T17:00:00+03:00,20,33,56,46
raatti,Karjasilta,2026-04-20T15:00:00Z,2026-04-20T18:00:00+03:00,14,29,46,27
raatti,Karjasilta,2026-04-20T16:00:00Z,2026-04-20T19:00:00+03:00,17,29,36,24
raatti,Karjasilta,2026-04-20T17:00:00Z,2026-04-20T20:00:00+03:00,7,19,37,26
raatti,Karjasilta,2026-04-20T18:00:00Z,2026-04-20T21:00:00+03:00,3,7,16,9
raatti,Karjasilta,2026-04-20T19:00:00Z,2026-04-20T22:00:00+03:00,1,2,8,5
raatti,Karjasilta,2026-04-20T20:00:00Z,2026-04-20T23:00:00+03:00,2,5,7,4
raatti,Karjasilta,2026-04-20T21:00:00Z,2026-04-21T00:00:00+03:00,0,2,1,2
raatti,Karjasilta,2026-04-20T22:00:00Z,2026-04-21T01:00:00+03:00,0,2,0,2
raatti,Karjasilta,2026-04-20T23:00:00Z,2026-04-21T02:00:00+03:00,0,0,0,0
raatti,Karjasilta,2026-04-21T00:00:00Z,2026-04-21T03:00:00+03:00,0,1,0,1
raatti,Karjasilta,2026-04-21T01:00:00Z,2026-04-21T04:00:00+03:00,4,0,1,0
raatti,Karjasilta,2026-04-21T02:00:00Z,2026-04-21T05:00:00+03:00,3,2,3,6
raatti,Karjasilta,2026-04-21T03:00:00Z,2026-04-21T06:00:00+03:00,7,7,19,25
raatti,Karjasilta,2026-04-21T04:00:00Z,2026-04-21T07:00:00+03:00,8,14,23,100
raatti,Karjasilta,2026-04-21T05:00:00Z,2026-04-21T08:00:00+03:00,13,9,22,151
raatti,Karjasilta,2026-04-21T06:00:00Z,2026-04-21T09:00:00+03:00,11,7,17,77
raatti,Karjasilta,2026-04-21T07:00:00Z,2026-04-21T10:00:00+03:00,6,15,24,56
raatti,Karjasilta,2026-04-21T08:00:00Z,2026-04-21T11:00:00+03:00,8,15,30,47
raatti,Karjasilta,2026-04-21T09:00:00Z,2026-04-21T12:00:00+03:00,16,18,37,53
raatti,Karjasilta,2026-04-21T10:00:00Z,2026-04-21T13:00:00+03:00,16,21,48,35
raatti,Karjasilta,2026-04-21T11:00:00Z,2026-04-21T14:00:00+03:00,13,29,87,37
raatti,Karjasilta,2026-04-21T12:00:00Z,2026-04-21T15:00:00+03:00,18,25,87,38
raatti,Karjasilta,2026-04-21T13:00:00Z,2026-04-21T16:00:00+03:00,12,45,114,59
raatti,Karjasilta,2026-04-21T14:00:00Z,2026-04-21T17:00:00+03:00,18,27,66,48
raatti,Karjasilta,2026-04-21T15:00:00Z,2026-04-21T18:00:00+03:00,10,21,34,31
raatti,Karjasilta,2026-04-21T16:00:00Z,2026-04-21T19:00:00+03:00,17,21,35,33
raatti,Karjasilta,2026-04-21T17:00:00Z,2026-04-21T20:00:00+03:00,11,12,34,17
raatti,Karjasilta,2026-04-21T18:00:00Z,2026-04-21T21:00:00+03:00,4,13,26,10
raatti,Karjasilta,2026-04-21T19:00:00Z,2026-04-21T22:00:00+03:00,1,3,10,8
raatti,Karjasilta,2026-04-21T20:00:00Z,2026-04-21T23:00:00+03:00,1,3,4,9
raatti,Karjasilta,2026-04-21T21:00:00Z,2026-04-22T00:00:00+03:00,1,0,4,2
raatti,Karjasilta,2026-04-21T22:00:00Z,2026-04-22T01:00:00+03:00,0,0,2,1
raatti,Karjasilta,2026-04-21T23:00:00Z,2026-04-22T02:00:00+03:00,0,1,0,0
raatti,Karjasilta,2026-04-22T00:00:00Z,2026-04-22T03:00:00+03:00,0,3,0,0
raatti,Karjasilta,2026-04-22T01:00:00Z,2026-04-22T04:00:00+03:00,1,0,1,1
raatti,Karjasilta,2026-04-22T02:00:00Z,2026-04-22T05:00:00+03:00,0,2,3,9
raatti,Karjasilta,2026-04-22T03:00:00Z,2026-04-22T06:00:00+03:00,4,6,9,26
raatti,Karjasilta,2026-04-22T04:00:00Z,2026-04-22T07:00:00+03:00,7,7,18,95
raatti,Karjasilta,2026-04-22T05:00:00Z,2026-04-22T08:00:00+03:00,10,12,13,123
raatti,Karjasilta,2026-04-22T06:00:00Z,2026-04-22T09:00:00+03:00,12,9,27,55
raatti,Karjasilta,2026-04-22T07:00:00Z,2026-04-22T10:00:00+03:00,7,7,16,43
raatti,Karjasilta,2026-04-22T08:00:00Z,2026-04-22T11:00:00+03:00,11,9,34,46
raatti,Karjasilta,2026-04-22T09:00:00Z,2026-04-22T12:00:00+03:00,14,16,35,37
raatti,Karjasilta,2026-04-22T10:00:00Z,2026-04-22T13:00:00+03:00,17,19,45,33
raatti,Karjasilta,2026-04-22T11:00:00Z,2026-04-22T14:00:00+03:00,8,30,102,31
raatti,Karjasilta,2026-04-22T12:00:00Z,2026-04-22T15:00:00+03:00,8,23,62,36
raatti,Karjasilta,2026-04-22T13:00:00Z,2026-04-22T16:00:00+03:00,9,23,88,46
raatti,Karjasilta,2026-04-22T14:00:00Z,2026-04-22T17:00:00+03:00,15,17,41,42
raatti,Karjasilta,2026-04-22T15:00:00Z,2026-04-22T18:00:00+03:00,11,18,31,19
raatti,Karjasilta,2026-04-22T16:00:00Z,2026-04-22T19:00:00+03:00,13,24,45,11
raatti,Karjasilta,2026-04-22T17:00:00Z,2026-04-22T20:00:00+03:00,9,13,27,13
raatti,Karjasilta,2026-04-22T18:00:00Z,2026-04-22T21:00:00+03:00,7,9,10,11
raatti,Karjasilta,2026-04-22T19:00:00Z,2026-04-22T22:00:00+03:00,0,3,13,7
raatti,Karjasilta,2026-04-22T20:00:00Z,2026-04-22T23:00:00+03:00,3,2,5,4
raatti,Karjasilta,2026-04-22T21:00:00Z,2026-04-23T00:00:00+03:00,1,1,3,0
raatti,Karjasilta,2026-04-22T22:00:00Z,2026-04-23T01:00:00+03:00,1,0,0,0
raatti,Karjasilta,2026-04-22T23:00:00Z,2026-04-23T02:00:00+03:00,1,1,2,0
raatti,Karjasilta,2026-04-23T00:00:00Z,2026-04-23T03:00:00+03:00,1,1,1,0
raatti,Karjasilta,2026-04-23T01:00:00Z,2026-04-23T04:00:00+03:00,1,0,5,4
raatti,Karjasilta,2026-04-23T02:00:00Z,2026-04-23T05:00:00+03:00,1,0,5,6
raatti,Karjasilta,2026-04-23T03:00:00Z,2026-04-23T06:00:00+03:00,4,5,9,22
raatti,Karjasilta,2026-04-23T04:00:00Z,2026-04-23T07:00:00+03:00,5,7,20,99
raatti,Karjasilta,2026-04-23T05:00:00Z,2026-04-23T08:00:00+03:00,5,10,16,149
raatti,Karjasilta,2026-04-23T06:00:00Z,2026-04-23T09:00:00+03:00,12,5,6,37
raatti,Karjasilta,2026-04-23T07:00:00Z,2026-04-23T10:00:00+03:00,8,12,17,32
raatti,Karjasilta,2026-04-23T08:00:00Z,2026-04-23T11:00:00+03:00,13,5,21,37
raatti,Karjasilta,2026-04-23T09:00:00Z,2026-04-23T12:00:00+03:00,13,14,27,30
raatti,Karjasilta,2026-04-23T10:00:00Z,2026-04-23T13:00:00+03:00,11,17,53,34
raatti,Karjasilta,2026-04-23T11:00:00Z,2026-04-23T14:00:00+03:00,5,33,63,25
raatti,Karjasilta,2026-04-23T12:00:00Z,2026-04-23T15:00:00+03:00,10,20,75,42
raatti,Karjasilta,2026-04-23T13:00:00Z,2026-04-23T16:00:00+03:00,6,26,80,41
raatti,Karjasilta,2026-04-23T14:00:00Z,2026-04-23T17:00:00+03:00,13,30,56,34
raatti,Karjasilta,2026-04-23T15:00:00Z,2026-04-23T18:00:00+03:00,11,18,28,25
raatti,Karjasilta,2026-04-23T16:00:00Z,2026-04-23T19:00:00+03:00,11,15,19,24
raatti,Karjasilta,2026-04-23T17:00:00Z,2026-04-23T20:00:00+03:00,4,14,26,7
raatti,Karjasilta,2026-04-23T18:00:00Z,2026-04-23T21:00:00+03:00,2,9,25,13
raatti,Karjasilta,2026-04-23T19:00:00Z,2026-04-23T22:00:00+03:00,0,8,8,5
raatti,Karjasilta,2026-04-23T20:00:00Z,2026-04-23T23:00:00+03:00,4,7,9,5
raatti,Karjasilta,2026-04-23T21:00:00Z,2026-04-24T00:00:00+03:00,1,2,2,1
raatti,Karjasilta,2026-04-23T22:00:00Z,2026-04-24T01:00:00+03:00,1,0,3,2
raatti,Karjasilta,2026-04-23T23:00:00Z,2026-04-24T02:00:00+03:00,0,1,1,0
raatti,Karjasilta,2026-04-24T00:00:00Z,2026-04-24T03:00:00+03:00,0,1,5,1
raatti,Karjasilta,2026-04-24T01:00:00Z,2026-04-24T04:00:00+03:00,2,0,1,3
raatti,Karjasilta,2026-04-24T02:00:00Z,2026-04-24T05:00:00+03:00,1,1,1,5
raatti,Karjasilta,2026-04-24T03:00:00Z,2026-04-24T06:00:00+03:00,9,7,13,20
raatti,Karjasilta,2026-04-24T04:00:00Z,2026-04-24T07:00:00+03:00,16,6,23,88
raatti,Karjasilta,2026-04-24T05:00:00Z,2026-04-24T08:00:00+03:00,4,6,12,99
raatti,Karjasilta,2026-04-24T06:00:00Z,2026-04-24T09:00:00+03:00,8,11,33,62
raatti,Karjasilta,2026-04-24T07:00:00Z,2026-04-24T10:00:00+03:00,6,9,23,28
raatti,Karjasilta,2026-04-24T08:00:00Z,2026-04-24T11:00:00+03:00,9,16,40,32
raatti,Karjasilta,2026-04-24T09:00:00Z,2026-04-24T12:00:00+03:00,3,14,31,41
raatti,Karjasilta,2026-04-24T10:00:00Z,2026-04-24T13:00:00+03:00,13,19,53,45
raatti,Karjasilta,2026-04-24T11:00:00Z,2026-04-24T14:00:00+03:00,17,23,81,50
raatti,Karjasilta,2026-04-24T12:00:00Z,2026-04-24T15:00:00+03:00,9,24,71,26
raatti,Karjasilta,2026-04-24T13:00:00Z,2026-04-24T16:00:00+03:00,10,30,59,53
raatti,Karjasilta,2026-04-24T14:00:00Z,2026-04-24T17:00:00+03:00,10,14,39,39
raatti,Karjasilta,2026-04-24T15:00:00Z,2026-04-24T18:00:00+03:00,12,13,30,25
raatti,Karjasilta,2026-04-24T16:00:00Z,2026-04-24T19:00:00+03:00,9,11,23,24
raatti,Karjasilta,2026-04-24T17:00:00Z,2026-04-24T20:00:00+03:00,8,11,17,12
raatti,Karjasilta,2026-04-24T18:00:00Z,2026-04-24T21:00:00+03:00,3,9,14,7
raatti,Karjasilta,2026-04-24T19:00:00Z,2026-04-24T22:00:00+03:00,0,6,12,14
raatti,Karjasilta,2026-04-24T20:00:00Z,2026-04-24T23:00:00+03:00,4,6,15,8
raatti,Karjasilta,2026-04-24T21:00:00Z,2026-04-25T00:00:00+03:00,0,0,4,2
raatti,Karjasilta,2026-04-24T22:00:00Z,2026-04-25T01:00:00+03:00,2,2,2,1
raatti,Karjasilta,2026-04-24T23:00:00Z,2026-04-25T02:00:00+03:00,0,2,2,3
raatti,Karjasilta,2026-04-25T00:00:00Z,2026-04-25T03:00:00+03:00,0,0,3,0
raatti,Karjasilta,2026-04-25T01:00:00Z,2026-04-25T04:00:00+03:00,1,3,7,1
raatti,Karjasilta,2026-04-25T02:00:00Z,2026-04-25T05:00:00+03:00,3,2,3,3
raatti,Karjasilta,2026-04-25T03:00:00Z,2026-04-25T06:00:00+03:00,3,2,3,9
raatti,Karjasilta,2026-04-25T04:00:00Z,2026-04-25T07:00:00+03:00,5,5,2,9
raatti,Karjasilta,2026-04-25T05:00:00Z,2026-04-25T08:00:00+03:00,2,4,7,14
raatti,Karjasilta,2026-04-25T06:00:00Z,2026-04-25T09:00:00+03:00,3,10,9,18
raatti,Karjasilta,2026-04-25T07:00:00Z,2026-04-25T10:00:00+03:00,10,7,16,22
raatti,Karjasilta,2026-04-25T08:00:00Z,2026-04-25T11:00:00+03:00,15,13,21,35
raatti,Karjasilta,2026-04-25T09:00:00Z,2026-04-25T12:00:00+03:00,6,14,23,44
raatti,Karjasilta,2026-04-25T10:00:00Z,2026-04-25T13:00:00+03:00,7,21,33,43
raatti,Karjasilta,2026-04-25T11:00:00Z,2026-04-25T14:00:00+03:00,20,18,28,47
raatti,Karjasilta,2026-04-25T12:00:00Z,2026-04-25T15:00:00+03:00,9,11,25,32
raatti,Karjasilta,2026-04-25T13:00:00Z,2026-04-25T16:00:00+03:00,9,19,36,20
raatti,Karjasilta,2026-04-25T14:00:00Z,2026-04-25T17:00:00+03:00,8,9,20,28
raatti,Karjasilta,2026-04-25T15:00:00Z,2026-04-25T18:00:00+03:00,12,14,13,30
raatti,Karjasilta,2026-04-25T16:00:00Z,2026-04-25T19:00:00+03:00,7,8,14,15
raatti,Karjasilta,2026-04-25T17:00:00Z,2026-04-25T20:00:00+03:00,10,9,15,9
raatti,Karjasilta,2026-04-25T18:00:00Z,2026-04-25T21:00:00+03:00,6,13,24,12
raatti,Karjasilta,2026-04-25T19:00:00Z,2026-04-25T22:00:00+03:00,5,10,18,10
raatti,Karjasilta,2026-04-25T20:00:00Z,2026-04-25T23:00:00+03:00,3,7,13,6
raatti,Karjasilta,2026-04-25T21:00:00Z,2026-04-26T00:00:00+03:00,1,5,5,2
raatti,Karjasilta,2026-04-25T22:00:00Z,2026-04-26T01:00:00+03:00,1,2,10,2
raatti,Karjasilta,2026-04-25T23:00:00Z,2026-04-26T02:00:00+03:00,1,2,1,1
raatti,Karjasilta,2026-04-26T00:00:00Z,2026-04-26T03:00:00+03:00,0,2,2,1
raatti,Karjasilta,2026-04-26T01:00:00Z,2026-04-26T04:00:00+03:00,0,2,3,1
raatti,Karjasilta,2026-04-26T02:00:00Z,2026-04-26T05:00:00+03:00,2,3,1,3
raatti,Karjasilta,2026-04-26T03:00:00Z,2026-04-26T06:00:00+03:00,3,2,1,11
raatti,Karjasilta,2026-04-26T04:00:00Z,2026-04-26T07:00:00+03:00,3,6,2,4
raatti,Karjasilta,2026-04-26T05:00:00Z,2026-04-26T08:00:00+03:00,2,9,4,9
raatti,Karjasilta,2026-04-26T06:00:00Z,2026-04-26T09:00:00+03:00,4,7,10,14
raatti,Karjasilta,2026-04-26T07:00:00Z,2026-04-26T10:00:00+03:00,6,8,10,14
raatti,Karjasilta,2026-04-26T08:00:00Z,2026-04-26T11:00:00+03:00,14,11,23,28
raatti,Karjasilta,2026-04-26T09:00:00Z,2026-04-26T12:00:00+03:00,9,14,23,29
raatti,Karjasilta,2026-04-26T10:00:00Z,2026-04-26T13:00:00+03:00,8,17,15,37
raatti,Karjasilta,2026-04-26T11:00:00Z,2026-04-26T14:00:00+03:00,5,10,27,38
raatti,Karjasilta,2026-04-26T12:00:00Z,2026-04-26T15:00:00+03:00,16,9,15,28
raatti,Karjasilta,2026-04-26T13:00:00Z,2026-04-26T16:00:00+03:00,5,11,28,27
raatti,Karjasilta,2026-04-26T14:00:00Z,2026-04-26T17:00:00+03:00,10,10,21,27
raatti,Karjasilta,2026-04-26T15:00:00Z,2026-04-26T18:00:00+03:00,13,13,25,27
raatti,Karjasilta,2026-04-26T16:00:00Z,2026-04-26T19:00:00+03:00,10,12,22,9
raatti,Karjasilta,2026-04-26T17:00:00Z,2026-04-26T20:00:00+03:00,9,13,16,18
raatti,Karjasilta,2026-04-26T18:00:00Z,2026-04-26T21:00:00+03:00,4,15,21,12
raatti,Karjasilta,2026-04-26T19:00:00Z,2026-04-26T22:00:00+03:00,0,2,3,3
raatti,Karjasilta,2026-04-26T20:00:00Z,2026-04-26T23:00:00+03:00,1,4,3,5
raatti,Karjasilta,2026-04-26T21:00:00Z,2026-04-27T00:00:00+03:00,0,0,5,2
raatti,Karjasilta,2026-04-26T22:00:00Z,2026-04-27T01:00:00+03:00,0,3,1,0
raatti,Karjasilta,2026-04-26T23:00:00Z,2026-04-27T02:00:00+03:00,0,0,3,0
raatti,Karjasilta,2026-04-27T00:00:00Z,2026-04-27T03:00:00+03:00,0,0,1,1
raatti,Karjasilta,2026-04-27T01:00:00Z,2026-04-27T04:00:00+03:00,1,0,1,1
raatti,Karjasilta,2026-04-27T02:00:00Z,2026-04-27T05:00:00+03:00,2,2,2,5
raatti,Karjasilta,2026-04-27T03:00:00Z,2026-04-27T06:00:00+03:00,5,5,10,24
raatti,Karjasilta,2026-04-27T04:00:00Z,2026-04-27T07:00:00+03:00,9,6,24,92
raatti,Karjasilta,2026-04-27T05:00:00Z,2026-04-27T08:00:00+03:00,10,7,15,121
raatti,Karjasilta,2026-04-27T06:00:00Z,2026-04-27T09:00:00+03:00,6,5,26,80
raatti,Karjasilta,2026-04-27T07:00:00Z,2026-04-27T10:00:00+03:00,4,7,11,35
raatti,Karjasilta,2026-04-27T08:00:00Z,2026-04-27T11:00:00+03:00,10,17,22,45
raatti,Karjasilta,2026-04-27T09:00:00Z,2026-04-27T12:00:00+03:00,6,14,31,26
raatti,Karjasilta,2026-04-27T10:00:00Z,2026-04-27T13:00:00+03:00,13,18,42,26
raatti,Karjasilta,2026-04-27T11:00:00Z,2026-04-27T14:00:00+03:00,11,22,76,23
raatti,Karjasilta,2026-04-27T12:00:00Z,2026-04-27T15:00:00+03:00,11,13,73,43
raatti,Karjasilta,2026-04-27T13:00:00Z,2026-04-27T16:00:00+03:00,10,28,108,39
raatti,Karjasilta,2026-04-27T14:00:00Z,2026-04-27T17:00:00+03:00,8,24,52,30
raatti,Karjasilta,2026-04-27T15:00:00Z,2026-04-27T18:00:00+03:00,11,16,27,20
raatti,Karjasilta,2026-04-27T16:00:00Z,2026-04-27T19:00:00+03:00,12,16,26,22
raatti,Karjasilta,2026-04-27T17:00:00Z,2026-04-27T20:00:00+03:00,10,14,33,17
raatti,Karjasilta,2026-04-27T18:00:00Z,2026-04-27T21:00:00+03:00,3,6,14,10
raatti,Karjasilta,2026-04-27T19:00:00Z,2026-04-27T22:00:00+03:00,2,0,6,6
raatti,Karjasilta,2026-04-27T20:00:00Z,2026-04-27T23:00:00+03:00,0,1,10,3
raatti,Karjasilta,2026-04-27T21:00:00Z,2026-04-28T00:00:00+03:00,0,2,0,1
raatti,Karjasilta,2026-04-27T22:00:00Z,2026-04-28T01:00:00+03:00,1,0,2,2
raatti,Karjasilta,2026-04-27T23:00:00Z,2026-04-28T02:00:00+03:00,0,0,2,0
raatti,Karjasilta,2026-04-28T00:00:00Z,2026-04-28T03:00:00+03:00,0,1,0,1
raatti,Karjasilta,2026-04-28T01:00:00Z,2026-04-28T04:00:00+03:00,1,1,1,2
raatti,Karjasilta,2026-04-28T02:00:00Z,2026-04-28T05:00:00+03:00,1,0,2,4
raatti,Karjasilta,2026-04-28T03:00:00Z,2026-04-28T06:00:00+03:00,4,3,14,20
raatti,Karjasilta,2026-04-28T04:00:00Z,2026-04-28T07:00:00+03:00,7,3,25,93
raatti,Karjasilta,2026-04-28T05:00:00Z,2026-04-28T08:00:00+03:00,13,12,14,117
raatti,Karjasilta,2026-04-28T06:00:00Z,2026-04-28T09:00:00+03:00,7,12,19,50
raatti,Karjasilta,2026-04-28T07:00:00Z,2026-04-28T10:00:00+03:00,6,6,19,31
raatti,Karjasilta,2026-04-28T08:00:00Z,2026-04-28T11:00:00+03:00,4,11,30,39
raatti,Karjasilta,2026-04-28T09:00:00Z,2026-04-28T12:00:00+03:00,15,26,28,34
raatti,Karjasilta,2026-04-28T10:00:00Z,2026-04-28T13:00:00+03:00,10,15,48,34
raatti,Karjasilta,2026-04-28T11:00:00Z,2026-04-28T14:00:00+03:00,7,30,73,38
raatti,Karjasilta,2026-04-28T12:00:00Z,2026-04-28T15:00:00+03:00,10,24,62,44
raatti,Karjasilta,2026-04-28T13:00:00Z,2026-04-28T16:00:00+03:00,23,31,94,38
raatti,Karjasilta,2026-04-28T14:00:00Z,2026-04-28T17:00:00+03:00,17,19,38,25
raatti,Karjasilta,2026-04-28T15:00:00Z,2026-04-28T18:00:00+03:00,10,23,44,21
raatti,Karjasilta,2026-04-28T16:00:00Z,2026-04-28T19:00:00+03:00,7,13,31,23
raatti,Karjasilta,2026-04-28T17:00:00Z,2026-04-28T20:00:00+03:00,11,6,17,13
raatti,Karjasilta,2026-04-28T18:00:00Z,2026-04-28T21:00:00+03:00,4,7,16,9
raatti,Karjasilta,2026-04-28T19:00:00Z,2026-04-28T22:00:00+03:00,3,3,6,11
raatti,Karjasilta,2026-04-28T20:00:00Z,2026-04-28T23:00:00+03:00,1,3,4,8
raatti,Karjasilta,2026-04-28T21:00:00Z,2026-04-29T00:00:00+03:00,0,2,3,2
raatti,Karjasilta,2026-04-28T22:00:00Z,2026-04-29T01:00:00+03:00,0,2,1,2
raatti,Karjasilta,2026-04-28T23:00:00Z,2026-04-29T02:00:00+03:00,0,5,0,0
raatti,Karjasilta,2026-04-29T00:00:00Z,2026-04-29T03:00:00+03:00,0,0,0,1
raatti,Karjasilta,2026-04-29T01:00:00Z,2026-04-29T04:00:00+03:00,1,0,1,2
raatti,Karjasilta,2026-04-29T02:00:00Z,2026-04-29T05:00:00+03:00,3,0,3,7
raatti,Karjasilta,2026-04-29T03:00:00Z,2026-04-29T06:00:00+03:00,5,1,18,20
raatti,Karjasilta,2026-04-29T04:00:00Z,2026-04-29T07:00:00+03:00,3,7,24,108
raatti,Karjasilta,2026-04-29T05:00:00Z,2026-04-29T08:00:00+03:00,16,8,23,118
raatti,Karjasilta,2026-04-29T06:00:00Z,2026-04-29T09:00:00+03:00,11,7,20,54
raatti,Karjasilta,2026-04-29T07:00:00Z,2026-04-29T10:00:00+03:00,5,8,21,32
raatti,Karjasilta,2026-04-29T08:00:00Z,2026-04-29T11:00:00+03:00,5,9,33,58
raatti,Karjasilta,2026-04-29T09:00:00Z,2026-04-29T12:00:00+03:00,16,8,42,43
raatti,Karjasilta,2026-04-29T10:00:00Z,2026-04-29T13:00:00+03:00,10,18,64,30
raatti,Karjasilta,2026-04-29T11:00:00Z,2026-04-29T14:00:00+03:00,9,14,37,23
raatti,Karjasilta,2026-04-29T12:00:00Z,2026-04-29T15:00:00+03:00,10,19,55,45
raatti,Karjasilta,2026-04-29T13:00:00Z,2026-04-29T16:00:00+03:00,18,20,95,52
raatti,Karjasilta,2026-04-29T14:00:00Z,2026-04-29T17:00:00+03:00,11,25,47,35
raatti,Karjasilta,2026-04-29T15:00:00Z,2026-04-29T18:00:00+03:00,10,19,36,21
raatti,Karjasilta,2026-04-29T16:00:00Z,2026-04-29T19:00:00+03:00,11,19,23,14
raatti,Karjasilta,2026-04-29T17:00:00Z,2026-04-29T20:00:00+03:00,7,14,25,16
raatti,Karjasilta,2026-04-29T18:00:00Z,2026-04-29T21:00:00+03:00,4,4,12,7
raatti,Karjasilta,2026-04-29T19:00:00Z,2026-04-29T22:00:00+03:00,4,4,13,9
raatti,Karjasilta,2026-04-29T20:00:00Z,2026-04-29T23:00:00+03:00,2,7,9,1
raatti,Karjasilta,2026-04-29T21:00:00Z,2026-04-30T00:00:00+03:00,0,1,6,4
raatti,Karjasilta,2026-04-29T22:00:00Z,2026-04-30T01:00:00+03:00,0,2,5,1
raatti,Karjasilta,2026-04-29T23:00:00Z,2026-04-30T02:00:00+03:00,0,0,3,1
raatti,Karjasilta,2026-04-30T00:00:00Z,2026-04-30T03:00:00+03:00,0,0,1,0
raatti,Karjasilta,2026-04-30T01:00:00Z,2026-04-30T04:00:00+03:00,1,0,1,1
raatti,Karjasilta,2026-04-30T02:00:00Z,2026-04-30T05:00:00+03:00,3,0,3,10
raatti,Karjasilta,2026-04-30T03:00:00Z,2026-04-30T06:00:00+03:00,5,4,12,20
raatti,Karjasilta,2026-04-30T04:00:00Z,2026-04-30T07:00:00+03:00,12,5,27,66
raatti,Karjasilta,2026-04-30T05:00:00Z,2026-04-30T08:00:00+03:00,7,8,18,105
raatti,Karjasilta,2026-04-30T06:00:00Z,2026-04-30T09:00:00+03:00,13,8,30,60
raatti,Karjasilta,2026-04-30T07:00:00Z,2026-04-30T10:00:00+03:00,6,4,18,39
raatti,Karjasilta,2026-04-30T08:00:00Z,2026-04-30T11:00:00+03:00,13,15,39,52
raatti,Karjasilta,2026-04-30T09:00:00Z,2026-04-30T12:00:00+03:00,12,10,36,42
raatti,Karjasilta,2026-04-30T10:00:00Z,2026-04-30T13:00:00+03:00,7,8,48,50
raatti,Karjasilta,2026-04-30T11:00:00Z,2026-04-30T14:00:00+03:00,11,17,85,38
raatti,Karjasilta,2026-04-30T12:00:00Z,2026-04-30T15:00:00+03:00,18,20,74,53
raatti,Karjasilta,2026-04-30T13:00:00Z,2026-04-30T16:00:00+03:00,6,24,55,41
raatti,Karjasilta,2026-04-30T14:00:00Z,2026-04-30T17:00:00+03:00,14,15,56,34
raatti,Karjasilta,2026-04-30T15:00:00Z,2026-04-30T18:00:00+03:00,9,16,43,33
raatti,Karjasilta,2026-04-30T16:00:00Z,2026-04-30T19:00:00+03:00,7,14,23,22
raatti,Karjasilta,2026-04-30T17:00:00Z,2026-04-30T20:00:00+03:00,7,12,28,21
raatti,Karjasilta,2026-04-30T18:00:00Z,2026-04-30T21:00:00+03:00,3,10,17,18
raatti,Karjasilta,2026-04-30T19:00:00Z,2026-04-30T22:00:00+03:00,7,6,20,12
raatti,Karjasilta,2026-04-30T20:00:00Z,2026-04-30T23:00:00+03:00,4,10,21,18
raatti,Karjasilta,2026-04-30T21:00:00Z,2026-05-01T00:00:00+03:00,6,9,8,6
raatti,Karjasilta,2026-04-30T22:00:00Z,2026-05-01T01:00:00+03:00,2,9,19,5
raatti,Karjasilta,2026-04-30T23:00:00Z,2026-05-01T02:00:00+03:00,0,7,7,0
raatti,Karjasilta,2026-05-01T00:00:00Z,2026-05-01T03:00:00+03:00,1,9,1,3
raatti,Karjasilta,2026-05-01T01:00:00Z,2026-05-01T04:00:00+03:00,0,4,10,1
raatti,Karjasilta,2026-05-01T02:00:00Z,2026-05-01T05:00:00+03:00,1,1,6,3
raatti,Karjasilta,2026-05-01T03:00:00Z,2026-05-01T06:00:00+03:00,0,2,3,8
raatti,Karjasilta,2026-05-01T04:00:00Z,2026-05-01T07:00:00+03:00,0,2,5,5
raatti,Karjasilta,2026-05-01T05:00:00Z,2026-05-01T08:00:00+03:00,6,9,5,10
raatti,Karjasilta,2026-05-01T06:00:00Z,2026-05-01T09:00:00+03:00,6,8,14,23
raatti,Karjasilta,2026-05-01T07:00:00Z,2026-05-01T10:00:00+03:00,6,5,15,48
raatti,Karjasilta,2026-05-01T08:00:00Z,2026-05-01T11:00:00+03:00,7,12,19,88
raatti,Karjasilta,2026-05-01T09:00:00Z,2026-05-01T12:00:00+03:00,17,20,35,57
raatti,Karjasilta,2026-05-01T10:00:00Z,2026-05-01T13:00:00+03:00,12,28,51,59
raatti,Karjasilta,2026-05-01T11:00:00Z,2026-05-01T14:00:00+03:00,12,28,49,52
raatti,Karjasilta,2026-05-01T12:00:00Z,2026-05-01T15:00:00+03:00,16,29,45,52
raatti,Karjasilta,2026-05-01T13:00:00Z,2026-05-01T16:00:00+03:00,22,35,72,37
raatti,Karjasilta,2026-05-01T14:00:00Z,2026-05-01T17:00:00+03:00,18,20,32,40
raatti,Karjasilta,2026-05-01T15:00:00Z,2026-05-01T18:00:00+03:00,7,25,38,26
raatti,Karjasilta,2026-05-01T16:00:00Z,2026-05-01T19:00:00+03:00,5,15,31,22
raatti,Karjasilta,2026-05-01T17:00:00Z,2026-05-01T20:00:00+03:00,9,17,32,35
raatti,Karjasilta,2026-05-01T18:00:00Z,2026-05-01T21:00:00+03:00,9,10,18,16
raatti,Karjasilta,2026-05-01T19:00:00Z,2026-05-01T22:00:00+03:00,5,13,14,20
raatti,Karjasilta,2026-05-01T20:00:00Z,2026-05-01T23:00:00+03:00,5,8,11,9
raatti,Karjasilta,2026-05-01T21:00:00Z,2026-05-02T00:00:00+03:00,5,6,12,7
raatti,Karjasilta,2026-05-01T22:00:00Z,2026-05-02T01:00:00+03:00,1,3,11,1
raatti,Karjasilta,2026-05-01T23:00:00Z,2026-05-02T02:00:00+03:00,1,7,4,4
raatti,Karjasilta,2026-05-02T00:00:00Z,2026-05-02T03:00:00+03:00,0,2,5,3
raatti,Karjasilta,2026-05-02T01:00:00Z,2026-05-02T04:00:00+03:00,0,3,4,1
raatti,Karjasilta,2026-05-02T02:00:00Z,2026-05-02T05:00:00+03:00,2,3,5,4
raatti,Karjasilta,2026-05-02T03:00:00Z,2026-05-02T06:00:00+03:00,2,2,3,4
raatti,Karjasilta,2026-05-02T04:00:00Z,2026-05-02T07:00:00+03:00,2,3,5,7
raatti,Karjasilta,2026-05-02T05:00:00Z,2026-05-02T08:00:00+03:00,1,3,3,11
raatti,Karjasilta,2026-05-02T06:00:00Z,2026-05-02T09:00:00+03:00,12,3,12,22
raatti,Karjasilta,2026-05-02T07:00:00Z,2026-05-02T10:00:00+03:00,6,4,12,19
raatti,Karjasilta,2026-05-02T08:00:00Z,2026-05-02T11:00:00+03:00,7,14,30,52
raatti,Karjasilta,2026-05-02T09:00:00Z,2026-05-02T12:00:00+03:00,15,12,29,45
raatti,Karjasilta,2026-05-02T10:00:00Z,2026-05-02T13:00:00+03:00,15,17,34,58
raatti,Karjasilta,2026-05-02T11:00:00Z,2026-05-02T14:00:00+03:00,11,21,40,65
raatti,Karjasilta,2026-05-02T12:00:00Z,2026-05-02T15:00:00+03:00,11,26,36,34
raatti,Karjasilta,2026-05-02T13:00:00Z,2026-05-02T16:00:00+03:00,16,24,32,27
raatti,Karjasilta,2026-05-02T14:00:00Z,2026-05-02T17:00:00+03:00,14,13,23,40
raatti,Karjasilta,2026-05-02T15:00:00Z,2026-05-02T18:00:00+03:00,17,13,20,44
raatti,Karjasilta,2026-05-02T16:00:00Z,2026-05-02T19:00:00+03:00,8,10,18,13
raatti,Karjasilta,2026-05-02T17:00:00Z,2026-05-02T20:00:00+03:00,12,12,27,18
raatti,Karjasilta,2026-05-02T18:00:00Z,2026-05-02T21:00:00+03:00,11,16,29,12
raatti,Karjasilta,2026-05-02T19:00:00Z,2026-05-02T22:00:00+03:00,8,4,15,7
raatti,Karjasilta,2026-05-02T20:00:00Z,2026-05-02T23:00:00+03:00,7,5,14,9
raatti,Karjasilta,2026-05-02T21:00:00Z,2026-05-03T00:00:00+03:00,0,1,6,5
raatti,Karjasilta,2026-05-02T22:00:00Z,2026-05-03T01:00:00+03:00,0,1,4,3
raatti,Karjasilta,2026-05-02T23:00:00Z,2026-05-03T02:00:00+03:00,0,5,5,0
raatti,Karjasilta,2026-05-03T00:00:00Z,2026-05-03T03:00:00+03:00,1,5,3,1
raatti,Karjasilta,2026-05-03T01:00:00Z,2026-05-03T04:00:00+03:00,0,2,2,1
raatti,Karjasilta,2026-05-03T02:00:00Z,2026-05-03T05:00:00+03:00,1,2,0,3
raatti,Karjasilta,2026-05-03T03:00:00Z,2026-05-03T06:00:00+03:00,2,3,1,8
raatti,Karjasilta,2026-05-03T04:00:00Z,2026-05-03T07:00:00+03:00,3,4,3,6
raatti,Karjasilta,2026-05-03T05:00:00Z,2026-05-03T08:00:00+03:00,3,3,4,12
raatti,Karjasilta,2026-05-03T06:00:00Z,2026-05-03T09:00:00+03:00,3,11,10,18
raatti,Karjasilta,2026-05-03T07:00:00Z,2026-05-03T10:00:00+03:00,9,6,12,30
raatti,Karjasilta,2026-05-03T08:00:00Z,2026-05-03T11:00:00+03:00,14,9,29,32
raatti,Karjasilta,2026-05-03T09:00:00Z,2026-05-03T12:00:00+03:00,19,14,32,39
raatti,Karjasilta,2026-05-03T10:00:00Z,2026-05-03T13:00:00+03:00,12,17,36,50
raatti,Karjasilta,2026-05-03T11:00:00Z,2026-05-03T14:00:00+03:00,20,29,28,40
raatti,Karjasilta,2026-05-03T12:00:00Z,2026-05-03T15:00:00+03:00,10,17,34,34
raatti,Karjasilta,2026-05-03T13:00:00Z,2026-05-03T16:00:00+03:00,12,19,34,35
raatti,Karjasilta,2026-05-03T14:00:00Z,2026-05-03T17:00:00+03:00,22,25,34,30
raatti,Karjasilta,2026-05-03T15:00:00Z,2026-05-03T18:00:00+03:00,17,12,33,26
raatti,Karjasilta,2026-05-03T16:00:00Z,2026-05-03T19:00:00+03:00,7,17,26,19
raatti,Karjasilta,2026-05-03T17:00:00Z,2026-05-03T20:00:00+03:00,6,13,17,12
raatti,Karjasilta,2026-05-03T18:00:00Z,2026-05-03T21:00:00+03:00,7,9,15,7
raatti,Karjasilta,2026-05-03T19:00:00Z,2026-05-03T22:00:00+03:00,8,5,7,6
raatti,Karjasilta,2026-05-03T20:00:00Z,2026-05-03T23:00:00+03:00,6,6,3,4
raatti,Karjasilta,2026-05-03T21:00:00Z,2026-05-04T00:00:00+03:00,0,1,3,0
raatti,Karjasilta,2026-05-03T22:00:00Z,2026-05-04T01:00:00+03:00,0,1,0,0
raatti,Karjasilta,2026-05-03T23:00:00Z,2026-05-04T02:00:00+03:00,0,1,0,0
raatti,Karjasilta,2026-05-04T00:00:00Z,2026-05-04T03:00:00+03:00,0,0,0,1
raatti,Karjasilta,2026-05-04T01:00:00Z,2026-05-04T04:00:00+03:00,3,2,2,3
raatti,Karjasilta,2026-05-04T02:00:00Z,2026-05-04T05:00:00+03:00,1,1,3,7
raatti,Karjasilta,2026-05-04T03:00:00Z,2026-05-04T06:00:00+03:00,6,9,11,16
raatti,Karjasilta,2026-05-04T04:00:00Z,2026-05-04T07:00:00+03:00,8,10,23,106
raatti,Karjasilta,2026-05-04T05:00:00Z,2026-05-04T08:00:00+03:00,17,11,29,128
raatti,Karjasilta,2026-05-04T06:00:00Z,2026-05-04T09:00:00+03:00,17,10,26,83
raatti,Karjasilta,2026-05-04T07:00:00Z,2026-05-04T10:00:00+03:00,7,10,20,41
raatti,Karjasilta,2026-05-04T08:00:00Z,2026-05-04T11:00:00+03:00,15,22,28,42
raatti,Karjasilta,2026-05-04T09:00:00Z,2026-05-04T12:00:00+03:00,9,19,39,43
raatti,Karjasilta,2026-05-04T10:00:00Z,2026-05-04T13:00:00+03:00,20,24,43,27
raatti,Karjasilta,2026-05-04T11:00:00Z,2026-05-04T14:00:00+03:00,12,43,83,45
raatti,Karjasilta,2026-05-04T12:00:00Z,2026-05-04T15:00:00+03:00,10,24,76,46
raatti,Karjasilta,2026-05-04T13:00:00Z,2026-05-04T16:00:00+03:00,16,30,105,58
raatti,Karjasilta,2026-05-04T14:00:00Z,2026-05-04T17:00:00+03:00,16,24,69,36
raatti,Karjasilta,2026-05-04T15:00:00Z,2026-05-04T18:00:00+03:00,11,22,39,22
raatti,Karjasilta,2026-05-04T16:00:00Z,2026-05-04T19:00:00+03:00,11,14,31,21
raatti,Karjasilta,2026-05-04T17:00:00Z,2026-05-04T20:00:00+03:00,6,17,22,22
raatti,Karjasilta,2026-05-04T18:00:00Z,2026-05-04T21:00:00+03:00,9,7,16,18
raatti,Karjasilta,2026-05-04T19:00:00Z,2026-05-04T22:00:00+03:00,2,6,8,8
raatti,Karjasilta,2026-05-04T20:00:00Z,2026-05-04T23:00:00+03:00,5,3,4,7
raatti,Karjasilta,2026-05-04T21:00:00Z,2026-05-05T00:00:00+03:00,3,2,2,0
raatti,Karjasilta,2026-05-04T22:00:00Z,2026-05-05T01:00:00+03:00,0,0,1,0
raatti,Karjasilta,2026-05-04T23:00:00Z,2026-05-05T02:00:00+03:00,0,1,2,2
raatti,Karjasilta,2026-05-05T00:00:00Z,2026-05-05T03:00:00+03:00,0,0,0,0
raatti,Karjasilta,2026-05-05T01:00:00Z,2026-05-05T04:00:00+03:00,1,1,0,2
raatti,Karjasilta,2026-05-05T02:00:00Z,2026-05-05T05:00:00+03:00,2,1,3,3
raatti,Karjasilta,2026-05-05T03:00:00Z,2026-05-05T06:00:00+03:00,7,2,12,19
raatti,Karjasilta,2026-05-05T04:00:00Z,2026-05-05T07:00:00+03:00,5,7,17,91
raatti,Karjasilta,2026-05-05T05:00:00Z,2026-05-05T08:00:00+03:00,28,7,17,140
raatti,Karjasilta,2026-05-05T06:00:00Z,2026-05-05T09:00:00+03:00,14,4,23,49
raatti,Karjasilta,2026-05-05T07:00:00Z,2026-05-05T10:00:00+03:00,6,11,10,37
raatti,Karjasilta,2026-05-05T08:00:00Z,2026-05-05T11:00:00+03:00,9,21,31,16
raatti,Karjasilta,2026-05-05T09:00:00Z,2026-05-05T12:00:00+03:00,7,7,21,31
raatti,Karjasilta,2026-05-05T10:00:00Z,2026-05-05T13:00:00+03:00,7,16,27,28
raatti,Karjasilta,2026-05-05T11:00:00Z,2026-05-05T14:00:00+03:00,6,30,71,36
raatti,Karjasilta,2026-05-05T12:00:00Z,2026-05-05T15:00:00+03:00,16,25,68,37
raatti,Karjasilta,2026-05-05T13:00:00Z,2026-05-05T16:00:00+03:00,13,40,74,47
raatti,Karjasilta,2026-05-05T14:00:00Z,2026-05-05T17:00:00+03:00,13,18,39,34
raatti,Karjasilta,2026-05-05T15:00:00Z,2026-05-05T18:00:00+03:00,15,21,49,24
raatti,Karjasilta,2026-05-05T16:00:00Z,2026-05-05T19:00:00+03:00,10,23,38,25
raatti,Karjasilta,2026-05-05T17:00:00Z,2026-05-05T20:00:00+03:00,13,20,24,20
raatti,Karjasilta,2026-05-05T18:00:00Z,2026-05-05T21:00:00+03:00,2,10,16,8
raatti,Karjasilta,2026-05-05T19:00:00Z,2026-05-05T22:00:00+03:00,4,3,8,7
raatti,Karjasilta,2026-05-05T20:00:00Z,2026-05-05T23:00:00+03:00,5,2,6,6
raatti,Karjasilta,2026-05-05T21:00:00Z,2026-05-06T00:00:00+03:00,2,0,0,2
raatti,Karjasilta,2026-05-05T22:00:00Z,2026-05-06T01:00:00+03:00,0,0,3,1
raatti,Karjasilta,2026-05-05T23:00:00Z,2026-05-06T02:00:00+03:00,0,0,0,0
raatti,Karjasilta,2026-05-06T00:00:00Z,2026-05-06T03:00:00+03:00,0,2,0,1
raatti,Karjasilta,2026-05-06T01:00:00Z,2026-05-06T04:00:00+03:00,1,0,1,1
raatti,Karjasilta,2026-05-06T02:00:00Z,2026-05-06T05:00:00+03:00,1,1,0,3
raatti,Karjasilta,2026-05-06T03:00:00Z,2026-05-06T06:00:00+03:00,7,2,9,21
raatti,Karjasilta,2026-05-06T04:00:00Z,2026-05-06T07:00:00+03:00,2,4,22,59
raatti,Karjasilta,2026-05-06T05:00:00Z,2026-05-06T08:00:00+03:00,14,5,10,90
raatti,Karjasilta,2026-05-06T06:00:00Z,2026-05-06T09:00:00+03:00,7,3,10,53
raatti,Karjasilta,2026-05-06T07:00:00Z,2026-05-06T10:00:00+03:00,6,7,11,14
raatti,Karjasilta,2026-05-06T08:00:00Z,2026-05-06T11:00:00+03:00,3,9,12,25
raatti,Karjasilta,2026-05-06T09:00:00Z,2026-05-06T12:00:00+03:00,3,10,18,17
raatti,Karjasilta,2026-05-06T10:00:00Z,2026-05-06T13:00:00+03:00,8,3,19,15
raatti,Karjasilta,2026-05-06T11:00:00Z,2026-05-06T14:00:00+03:00,13,25,58,25
raatti,Karjasilta,2026-05-06T12:00:00Z,2026-05-06T15:00:00+03:00,9,16,43,21
raatti,Karjasilta,2026-05-06T13:00:00Z,2026-05-06T16:00:00+03:00,13,38,62,46
raatti,Karjasilta,2026-05-06T14:00:00Z,2026-05-06T17:00:00+03:00,13,23,49,51
raatti,Karjasilta,2026-05-06T15:00:00Z,2026-05-06T18:00:00+03:00,11,18,46,27
raatti,Karjasilta,2026-05-06T16:00:00Z,2026-05-06T19:00:00+03:00,13,14,30,25
raatti,Karjasilta,2026-05-06T17:00:00Z,2026-05-06T20:00:00+03:00,10,11,20,15
raatti,Karjasilta,2026-05-06T18:00:00Z,2026-05-06T21:00:00+03:00,4,6,13,8
raatti,Karjasilta,2026-05-06T19:00:00Z,2026-05-06T22:00:00+03:00,2,5,8,5
raatti,Karjasilta,2026-05-06T20:00:00Z,2026-05-06T23:00:00+03:00,3,3,5,4
raatti,Karjasilta,2026-05-06T21:00:00Z,2026-05-07T00:00:00+03:00,0,2,3,2
raatti,Karjasilta,2026-05-06T22:00:00Z,2026-05-07T01:00:00+03:00,0,0,0,0
raatti,Karjasilta,2026-05-06T23:00:00Z,2026-05-07T02:00:00+03:00,0,1,4,0
raatti,Karjasilta,2026-05-07T00:00:00Z,2026-05-07T03:00:00+03:00,2,0,0,0
raatti,Karjasilta,2026-05-07T01:00:00Z,2026-05-07T04:00:00+03:00,1,2,0,0
raatti,Karjasilta,2026-05-07T02:00:00Z,2026-05-07T05:00:00+03:00,2,1,5,9
raatti,Karjasilta,2026-05-07T03:00:00Z,2026-05-07T06:00:00+03:00,8,5,10,20
raatti,Karjasilta,2026-05-07T04:00:00Z,2026-05-07T07:00:00+03:00,12,12,26,112
raatti,Karjasilta,2026-05-07T05:00:00Z,2026-05-07T08:00:00+03:00,18,8,19,116
raatti,Karjasilta,2026-05-07T06:00:00Z,2026-05-07T09:00:00+03:00,16,26,25,70
raatti,Karjasilta,2026-05-07T07:00:00Z,2026-05-07T10:00:00+03:00,6,17,29,37
raatti,Karjasilta,2026-05-07T08:00:00Z,2026-05-07T11:00:00+03:00,14,24,36,82
raatti,Karjasilta,2026-05-07T09:00:00Z,2026-05-07T12:00:00+03:00,11,16,27,28
raatti,Karjasilta,2026-05-07T10:00:00Z,2026-05-07T13:00:00+03:00,15,25,55,36
raatti,Karjasilta,2026-05-07T11:00:00Z,2026-05-07T14:00:00+03:00,18,30,61,34
raatti,Karjasilta,2026-05-07T12:00:00Z,2026-05-07T15:00:00+03:00,10,33,80,48
raatti,Karjasilta,2026-05-07T13:00:00Z,2026-05-07T16:00:00+03:00,11,47,85,47
raatti,Karjasilta,2026-05-07T14:00:00Z,2026-05-07T17:00:00+03:00,11,23,62,43
raatti,Karjasilta,2026-05-07T15:00:00Z,2026-05-07T18:00:00+03:00,16,11,38,41
raatti,Karjasilta,2026-05-07T16:00:00Z,2026-05-07T19:00:00+03:00,16,18,37,21
raatti,Karjasilta,2026-05-07T17:00:00Z,2026-05-07T20:00:00+03:00,11,16,28,12
raatti,Karjasilta,2026-05-07T18:00:00Z,2026-05-07T21:00:00+03:00,8,5,23,13
raatti,Karjasilta,2026-05-07T19:00:00Z,2026-05-07T22:00:00+03:00,6,11,12,16
raatti,Karjasilta,2026-05-07T20:00:00Z,2026-05-07T23:00:00+03:00,3,1,6,6
raatti,Karjasilta,2026-05-07T21:00:00Z,2026-05-08T00:00:00+03:00,1,2,0,2
raatti,Karjasilta,2026-05-07T22:00:00Z,2026-05-08T01:00:00+03:00,0,0,1,1
raatti,Karjasilta,2026-05-07T23:00:00Z,2026-05-08T02:00:00+03:00,1,1,0,2
raatti,Karjasilta,2026-05-08T00:00:00Z,2026-05-08T03:00:00+03:00,1,0,3,1
raatti,Karjasilta,2026-05-08T01:00:00Z,2026-05-08T04:00:00+03:00,2,0,0,3
raatti,Karjasilta,2026-05-08T02:00:00Z,2026-05-08T05:00:00+03:00,3,3,3,5
raatti,Karjasilta,2026-05-08T03:00:00Z,2026-05-08T06:00:00+03:00,4,7,12,15
raatti,Karjasilta,2026-05-08T04:00:00Z,2026-05-08T07:00:00+03:00,20,7,35,112
raatti,Karjasilta,2026-05-08T05:00:00Z,2026-05-08T08:00:00+03:00,18,7,13,111
raatti,Karjasilta,2026-05-08T06:00:00Z,2026-05-08T09:00:00+03:00,17,13,38,78
raatti,Karjasilta,2026-05-08T07:00:00Z,2026-05-08T10:00:00+03:00,4,12,27,42
raatti,Karjasilta,2026-05-08T08:00:00Z,2026-05-08T11:00:00+03:00,12,9,43,54
raatti,Karjasilta,2026-05-08T09:00:00Z,2026-05-08T12:00:00+03:00,10,23,35,35
raatti,Karjasilta,2026-05-08T10:00:00Z,2026-05-08T13:00:00+03:00,22,27,51,50
raatti,Karjasilta,2026-05-08T11:00:00Z,2026-05-08T14:00:00+03:00,15,31,70,45
raatti,Karjasilta,2026-05-08T12:00:00Z,2026-05-08T15:00:00+03:00,12,42,77,52
raatti,Karjasilta,2026-05-08T13:00:00Z,2026-05-08T16:00:00+03:00,10,42,79,58
raatti,Karjasilta,2026-05-08T14:00:00Z,2026-05-08T17:00:00+03:00,18,15,40,51
raatti,Karjasilta,2026-05-08T15:00:00Z,2026-05-08T18:00:00+03:00,8,25,34,28
raatti,Karjasilta,2026-05-08T16:00:00Z,2026-05-08T19:00:00+03:00,13,13,51,26
raatti,Karjasilta,2026-05-08T17:00:00Z,2026-05-08T20:00:00+03:00,14,18,24,21
raatti,Karjasilta,2026-05-08T18:00:00Z,2026-05-08T21:00:00+03:00,8,12,17,20
raatti,Karjasilta,2026-05-08T19:00:00Z,2026-05-08T22:00:00+03:00,9,6,16,8
raatti,Karjasilta,2026-05-08T20:00:00Z,2026-05-08T23:00:00+03:00,5,2,7,4
raatti,Karjasilta,2026-05-08T21:00:00Z,2026-05-09T00:00:00+03:00,2,2,8,9
raatti,Karjasilta,2026-05-08T22:00:00Z,2026-05-09T01:00:00+03:00,1,4,5,4
raatti,Karjasilta,2026-05-08T23:00:00Z,2026-05-09T02:00:00+03:00,0,3,3,0
raatti,Karjasilta,2026-05-09T00:00:00Z,2026-05-09T03:00:00+03:00,1,4,3,1
raatti,Karjasilta,2026-05-09T01:00:00Z,2026-05-09T04:00:00+03:00,0,5,3,0
raatti,Karjasilta,2026-05-09T02:00:00Z,2026-05-09T05:00:00+03:00,1,6,2,5
raatti,Karjasilta,2026-05-09T03:00:00Z,2026-05-09T06:00:00+03:00,4,4,6,4
raatti,Karjasilta,2026-05-09T04:00:00Z,2026-05-09T07:00:00+03:00,3,5,2,13
raatti,Karjasilta,2026-05-09T05:00:00Z,2026-05-09T08:00:00+03:00,6,4,3,7
raatti,Karjasilta,2026-05-09T06:00:00Z,2026-05-09T09:00:00+03:00,8,8,9,23
raatti,Karjasilta,2026-05-09T07:00:00Z,2026-05-09T10:00:00+03:00,14,14,29,42
raatti,Karjasilta,2026-05-09T08:00:00Z,2026-05-09T11:00:00+03:00,8,11,15,28
raatti,Karjasilta,2026-05-09T09:00:00Z,2026-05-09T12:00:00+03:00,18,26,33,41
raatti,Karjasilta,2026-05-09T10:00:00Z,2026-05-09T13:00:00+03:00,15,27,52,44
raatti,Karjasilta,2026-05-09T11:00:00Z,2026-05-09T14:00:00+03:00,8,32,23,44
raatti,Karjasilta,2026-05-09T12:00:00Z,2026-05-09T15:00:00+03:00,21,15,28,53
raatti,Karjasilta,2026-05-09T13:00:00Z,2026-05-09T16:00:00+03:00,16,26,35,48
raatti,Karjasilta,2026-05-09T14:00:00Z,2026-05-09T17:00:00+03:00,18,15,23,25
raatti,Karjasilta,2026-05-09T15:00:00Z,2026-05-09T18:00:00+03:00,9,20,33,29
raatti,Karjasilta,2026-05-09T16:00:00Z,2026-05-09T19:00:00+03:00,12,11,15,20
raatti,Karjasilta,2026-05-09T17:00:00Z,2026-05-09T20:00:00+03:00,6,13,19,15
raatti,Karjasilta,2026-05-09T18:00:00Z,2026-05-09T21:00:00+03:00,7,11,17,9
raatti,Karjasilta,2026-05-09T19:00:00Z,2026-05-09T22:00:00+03:00,4,11,15,8
raatti,Karjasilta,2026-05-09T20:00:00Z,2026-05-09T23:00:00+03:00,11,3,11,12
raatti,Karjasilta,2026-05-09T21:00:00Z,2026-05-10T00:00:00+03:00,8,1,7,6
raatti,Karjasilta,2026-05-09T22:00:00Z,2026-05-10T01:00:00+03:00,0,6,5,3
raatti,Karjasilta,2026-05-09T23:00:00Z,2026-05-10T02:00:00+03:00,1,2,4,0
raatti,Karjasilta,2026-05-10T00:00:00Z,2026-05-10T03:00:00+03:00,1,5,1,0
raatti,Karjasilta,2026-05-10T01:00:00Z,2026-05-10T04:00:00+03:00,1,2,0,0
raatti,Karjasilta,2026-05-10T02:00:00Z,2026-05-10T05:00:00+03:00,1,4,1,4
raatti,Karjasilta,2026-05-10T03:00:00Z,2026-05-10T06:00:00+03:00,3,2,4,10
raatti,Karjasilta,2026-05-10T04:00:00Z,2026-05-10T07:00:00+03:00,4,4,2,7
raatti,Karjasilta,2026-05-10T05:00:00Z,2026-05-10T08:00:00+03:00,6,4,4,4
raatti,Karjasilta,2026-05-10T06:00:00Z,2026-05-10T09:00:00+03:00,10,7,16,13
raatti,Karjasilta,2026-05-10T07:00:00Z,2026-05-10T10:00:00+03:00,6,8,10,28
raatti,Karjasilta,2026-05-10T08:00:00Z,2026-05-10T11:00:00+03:00,10,7,18,42
raatti,Karjasilta,2026-05-10T09:00:00Z,2026-05-10T12:00:00+03:00,18,19,25,45
raatti,Karjasilta,2026-05-10T10:00:00Z,2026-05-10T13:00:00+03:00,15,23,35,27
raatti,Karjasilta,2026-05-10T11:00:00Z,2026-05-10T14:00:00+03:00,15,25,33,54
raatti,Karjasilta,2026-05-10T12:00:00Z,2026-05-10T15:00:00+03:00,13,18,33,24
raatti,Karjasilta,2026-05-10T13:00:00Z,2026-05-10T16:00:00+03:00,12,22,29,28
raatti,Karjasilta,2026-05-10T14:00:00Z,2026-05-10T17:00:00+03:00,12,17,32,38
raatti,Karjasilta,2026-05-10T15:00:00Z,2026-05-10T18:00:00+03:00,8,13,24,17
raatti,Karjasilta,2026-05-10T16:00:00Z,2026-05-10T19:00:00+03:00,15,19,27,23
raatti,Karjasilta,2026-05-10T17:00:00Z,2026-05-10T20:00:00+03:00,11,13,27,15
raatti,Karjasilta,2026-05-10T18:00:00Z,2026-05-10T21:00:00+03:00,7,6,9,17
raatti,Karjasilta,2026-05-10T19:00:00Z,2026-05-10T22:00:00+03:00,6,5,10,12
raatti,Karjasilta,2026-05-10T20:00:00Z,2026-05-10T23:00:00+03:00,5,4,8,5
raatti,Karjasilta,2026-05-10T21:00:00Z,2026-05-11T00:00:00+03:00,1,1,2,2
raatti,Karjasilta,2026-05-10T22:00:00Z,2026-05-11T01:00:00+03:00,0,1,1,0
raatti,Karjasilta,2026-05-10T23:00:00Z,2026-05-11T02:00:00+03:00,0,1,0,1
raatti,Karjasilta,2026-05-11T00:00:00Z,2026-05-11T03:00:00+03:00,2,0,0,1
raatti,Karjasilta,2026-05-11T01:00:00Z,2026-05-11T04:00:00+03:00,1,1,0,2
raatti,Karjasilta,2026-05-11T02:00:00Z,2026-05-11T05:00:00+03:00,2,3,4,6
raatti,Karjasilta,2026-05-11T03:00:00Z,2026-05-11T06:00:00+03:00,6,2,12,20
raatti,Karjasilta,2026-05-11T04:00:00Z,2026-05-11T07:00:00+03:00,12,7,21,85
raatti,Karjasilta,2026-05-11T05:00:00Z,2026-05-11T08:00:00+03:00,17,11,20,116
raatti,Karjasilta,2026-05-11T06:00:00Z,2026-05-11T09:00:00+03:00,9,8,29,88
raatti,Karjasilta,2026-05-11T07:00:00Z,2026-05-11T10:00:00+03:00,6,9,14,36
raatti,Karjasilta,2026-05-11T08:00:00Z,2026-05-11T11:00:00+03:00,11,14,34,48
raatti,Karjasilta,2026-05-11T09:00:00Z,2026-05-11T12:00:00+03:00,12,14,22,40
raatti,Karjasilta,2026-05-11T10:00:00Z,2026-05-11T13:00:00+03:00,14,22,33,43
raatti,Karjasilta,2026-05-11T11:00:00Z,2026-05-11T14:00:00+03:00,18,31,84,36
raatti,Karjasilta,2026-05-11T12:00:00Z,2026-05-11T15:00:00+03:00,11,28,76,33
raatti,Karjasilta,2026-05-11T13:00:00Z,2026-05-11T16:00:00+03:00,16,22,86,59
raatti,Karjasilta,2026-05-11T14:00:00Z,2026-05-11T17:00:00+03:00,12,21,51,30
raatti,Karjasilta,2026-05-11T15:00:00Z,2026-05-11T18:00:00+03:00,19,20,41,28
raatti,Karjasilta,2026-05-11T16:00:00Z,2026-05-11T19:00:00+03:00,11,15,37,30
raatti,Karjasilta,2026-05-11T17:00:00Z,2026-05-11T20:00:00+03:00,8,12,33,29
raatti,Karjasilta,2026-05-11T18:00:00Z,2026-05-11T21:00:00+03:00,13,13,18,10
raatti,Karjasilta,2026-05-11T19:00:00Z,2026-05-11T22:00:00+03:00,1,7,8,4
raatti,Karjasilta,2026-05-11T20:00:00Z,2026-05-11T23:00:00+03:00,4,4,4,6
raatti,Karjasilta,2026-05-11T21:00:00Z,2026-05-12T00:00:00+03:00,0,3,0,0
raatti,Karjasilta,2026-05-11T22:00:00Z,2026-05-12T01:00:00+03:00,0,0,0,0
raatti,Karjasilta,2026-05-11T23:00:00Z,2026-05-12T02:00:00+03:00,0,1,1,1
raatti,Karjasilta,2026-05-12T00:00:00Z,2026-05-12T03:00:00+03:00,0,1,0,0
raatti,Karjasilta,2026-05-12T01:00:00Z,2026-05-12T04:00:00+03:00,1,1,0,1
raatti,Karjasilta,2026-05-12T02:00:00Z,2026-05-12T05:00:00+03:00,2,2,0,4
raatti,Karjasilta,2026-05-12T03:00:00Z,2026-05-12T06:00:00+03:00,4,3,13,16
raatti,Karjasilta,2026-05-12T04:00:00Z,2026-05-12T07:00:00+03:00,12,7,16,77
raatti,Karjasilta,2026-05-12T05:00:00Z,2026-05-12T08:00:00+03:00,14,2,10,94
raatti,Karjasilta,2026-05-12T06:00:00Z,2026-05-12T09:00:00+03:00,3,6,11,38
raatti,Karjasilta,2026-05-12T07:00:00Z,2026-05-12T10:00:00+03:00,7,6,11,28
raatti,Karjasilta,2026-05-12T08:00:00Z,2026-05-12T11:00:00+03:00,1,8,19,18
raatti,Karjasilta,2026-05-12T09:00:00Z,2026-05-12T12:00:00+03:00,2,5,17,19
raatti,Karjasilta,2026-05-12T10:00:00Z,2026-05-12T13:00:00+03:00,7,11,22,14
raatti,Karjasilta,2026-05-12T11:00:00Z,2026-05-12T14:00:00+03:00,6,12,51,23
raatti,Karjasilta,2026-05-12T12:00:00Z,2026-05-12T15:00:00+03:00,4,14,39,22
raatti,Karjasilta,2026-05-12T13:00:00Z,2026-05-12T16:00:00+03:00,8,21,62,25
raatti,Karjasilta,2026-05-12T14:00:00Z,2026-05-12T17:00:00+03:00,12,7,43,31
raatti,Karjasilta,2026-05-12T15:00:00Z,2026-05-12T18:00:00+03:00,10,10,30,23
raatti,Karjasilta,2026-05-12T16:00:00Z,2026-05-12T19:00:00+03:00,3,6,23,17
raatti,Karjasilta,2026-05-12T17:00:00Z,2026-05-12T20:00:00+03:00,5,12,11,5
raatti,Karjasilta,2026-05-12T18:00:00Z,2026-05-12T21:00:00+03:00,5,7,12,4
raatti,Karjasilta,2026-05-12T19:00:00Z,2026-05-12T22:00:00+03:00,2,3,7,1
raatti,Karjasilta,2026-05-12T20:00:00Z,2026-05-12T23:00:00+03:00,1,2,2,2
raatti,Karjasilta,2026-05-12T21:00:00Z,2026-05-13T00:00:00+03:00,1,0,2,2
raatti,Karjasilta,2026-05-12T22:00:00Z,2026-05-13T01:00:00+03:00,1,1,1,1
raatti,Karjasilta,2026-05-12T23:00:00Z,2026-05-13T02:00:00+03:00,0,1,1,0
raatti,Karjasilta,2026-05-13T00:00:00Z,2026-05-13T03:00:00+03:00,0,0,0,1
raatti,Karjasilta,2026-05-13T01:00:00Z,2026-05-13T04:00:00+03:00,2,0,0,2
raatti,Karjasilta,2026-05-13T02:00:00Z,2026-05-13T05:00:00+03:00,4,0,2,1
raatti,Karjasilta,2026-05-13T03:00:00Z,2026-05-13T06:00:00+03:00,5,3,9,19
raatti,Karjasilta,2026-05-13T04:00:00Z,2026-05-13T07:00:00+03:00,6,7,17,79
raatti,Karjasilta,2026-05-13T05:00:00Z,2026-05-13T08:00:00+03:00,13,7,13,119
raatti,Karjasilta,2026-05-13T06:00:00Z,2026-05-13T09:00:00+03:00,10,8,12,43
raatti,Karjasilta,2026-05-13T07:00:00Z,2026-05-13T10:00:00+03:00,4,7,17,37
raatti,Karjasilta,2026-05-13T08:00:00Z,2026-05-13T11:00:00+03:00,12,21,22,22
raatti,Karjasilta,2026-05-13T09:00:00Z,2026-05-13T12:00:00+03:00,2,18,29,35
raatti,Karjasilta,2026-05-13T10:00:00Z,2026-05-13T13:00:00+03:00,10,18,29,33
raatti,Karjasilta,2026-05-13T11:00:00Z,2026-05-13T14:00:00+03:00,9,23,70,35
raatti,Karjasilta,2026-05-13T12:00:00Z,2026-05-13T15:00:00+03:00,12,23,56,31
raatti,Karjasilta,2026-05-13T13:00:00Z,2026-05-13T16:00:00+03:00,7,14,71,32
raatti,Karjasilta,2026-05-13T14:00:00Z,2026-05-13T17:00:00+03:00,7,10,36,28
raatti,Karjasilta,2026-05-13T15:00:00Z,2026-05-13T18:00:00+03:00,4,7,18,20
raatti,Karjasilta,2026-05-13T16:00:00Z,2026-05-13T19:00:00+03:00,10,7,23,11
raatti,Karjasilta,2026-05-13T17:00:00Z,2026-05-13T20:00:00+03:00,2,3,18,11
raatti,Karjasilta,2026-05-13T18:00:00Z,2026-05-13T21:00:00+03:00,1,6,14,10
raatti,Karjasilta,2026-05-13T19:00:00Z,2026-05-13T22:00:00+03:00,3,4,12,10
raatti,Karjasilta,2026-05-13T20:00:00Z,2026-05-13T23:00:00+03:00,3,2,6,1
raatti,Karjasilta,2026-05-13T21:00:00Z,2026-05-14T00:00:00+03:00,0,2,6,3
raatti,Karjasilta,2026-05-13T22:00:00Z,2026-05-14T01:00:00+03:00,2,3,0,5
raatti,Karjasilta,2026-05-13T23:00:00Z,2026-05-14T02:00:00+03:00,1,1,1,0
raatti,Karjasilta,2026-05-14T00:00:00Z,2026-05-14T03:00:00+03:00,1,3,1,2
raatti,Karjasilta,2026-05-14T01:00:00Z,2026-05-14T04:00:00+03:00,2,1,0,0
raatti,Karjasilta,2026-05-14T02:00:00Z,2026-05-14T05:00:00+03:00,3,1,1,0
raatti,Karjasilta,2026-05-14T03:00:00Z,2026-05-14T06:00:00+03:00,4,0,2,7
raatti,Karjasilta,2026-05-14T04:00:00Z,2026-05-14T07:00:00+03:00,2,2,4,8
raatti,Karjasilta,2026-05-14T05:00:00Z,2026-05-14T08:00:00+03:00,5,4,6,10
raatti,Karjasilta,2026-05-14T06:00:00Z,2026-05-14T09:00:00+03:00,11,9,13,20
raatti,Karjasilta,2026-05-14T07:00:00Z,2026-05-14T10:00:00+03:00,6,12,13,20
raatti,Karjasilta,2026-05-14T08:00:00Z,2026-05-14T11:00:00+03:00,8,8,17,29
raatti,Karjasilta,2026-05-14T09:00:00Z,2026-05-14T12:00:00+03:00,10,9,18,25
raatti,Karjasilta,2026-05-14T10:00:00Z,2026-05-14T13:00:00+03:00,8,14,29,12
raatti,Karjasilta,2026-05-14T11:00:00Z,2026-05-14T14:00:00+03:00,9,7,18,22
raatti,Karjasilta,2026-05-14T12:00:00Z,2026-05-14T15:00:00+03:00,2,5,17,12
raatti,Karjasilta,2026-05-14T13:00:00Z,2026-05-14T16:00:00+03:00,4,6,10,7
raatti,Karjasilta,2026-05-14T14:00:00Z,2026-05-14T17:00:00+03:00,3,5,6,2
raatti,Karjasilta,2026-05-14T15:00:00Z,2026-05-14T18:00:00+03:00,5,6,12,15
raatti,Karjasilta,2026-05-14T16:00:00Z,2026-05-14T19:00:00+03:00,7,14,8,14
raatti,Karjasilta,2026-05-14T17:00:00Z,2026-05-14T20:00:00+03:00,2,10,10,21
raatti,Karjasilta,2026-05-14T18:00:00Z,2026-05-14T21:00:00+03:00,3,9,7,9
raatti,Karjasilta,2026-05-14T19:00:00Z,2026-05-14T22:00:00+03:00,5,8,7,2
raatti,Karjasilta,2026-05-14T20:00:00Z,2026-05-14T23:00:00+03:00,2,2,6,7
raatti,Karjasilta,2026-05-14T21:00:00Z,2026-05-15T00:00:00+03:00,0,5,0,1
raatti,Karjasilta,2026-05-14T22:00:00Z,2026-05-15T01:00:00+03:00,1,4,2,0
raatti,Karjasilta,2026-05-14T23:00:00Z,2026-05-15T02:00:00+03:00,2,0,0,0
raatti,Karjasilta,2026-05-15T00:00:00Z,2026-05-15T03:00:00+03:00,1,0,0,1
raatti,Karjasilta,2026-05-15T01:00:00Z,2026-05-15T04:00:00+03:00,1,0,1,3
raatti,Karjasilta,2026-05-15T02:00:00Z,2026-05-15T05:00:00+03:00,1,2,0,9
raatti,Karjasilta,2026-05-15T03:00:00Z,2026-05-15T06:00:00+03:00,5,3,10,13
raatti,Karjasilta,2026-05-15T04:00:00Z,2026-05-15T07:00:00+03:00,11,5,23,73
raatti,Karjasilta,2026-05-15T05:00:00Z,2026-05-15T08:00:00+03:00,10,8,12,79
raatti,Karjasilta,2026-05-15T06:00:00Z,2026-05-15T09:00:00+03:00,10,9,41,68
raatti,Karjasilta,2026-05-15T07:00:00Z,2026-05-15T10:00:00+03:00,8,10,25,35
raatti,Karjasilta,2026-05-15T08:00:00Z,2026-05-15T11:00:00+03:00,15,18,50,45
raatti,Karjasilta,2026-05-15T09:00:00Z,2026-05-15T12:00:00+03:00,21,27,43,66
raatti,Karjasilta,2026-05-15T10:00:00Z,2026-05-15T13:00:00+03:00,9,28,78,46
raatti,Karjasilta,2026-05-15T11:00:00Z,2026-05-15T14:00:00+03:00,23,41,56,67
raatti,Karjasilta,2026-05-15T12:00:00Z,2026-05-15T15:00:00+03:00,23,25,75,51
raatti,Karjasilta,2026-05-15T13:00:00Z,2026-05-15T16:00:00+03:00,21,19,64,52
raatti,Karjasilta,2026-05-15T14:00:00Z,2026-05-15T17:00:00+03:00,22,17,57,41
raatti,Karjasilta,2026-05-15T15:00:00Z,2026-05-15T18:00:00+03:00,23,19,39,27
raatti,Karjasilta,2026-05-15T16:00:00Z,2026-05-15T19:00:00+03:00,18,13,42,28
raatti,Karjasilta,2026-05-15T17:00:00Z,2026-05-15T20:00:00+03:00,25,19,30,38
raatti,Karjasilta,2026-05-15T18:00:00Z,2026-05-15T21:00:00+03:00,6,19,26,16
raatti,Karjasilta,2026-05-15T19:00:00Z,2026-05-15T22:00:00+03:00,7,12,18,15
raatti,Karjasilta,2026-05-15T20:00:00Z,2026-05-15T23:00:00+03:00,3,7,11,10
raatti,Karjasilta,2026-05-15T21:00:00Z,2026-05-16T00:00:00+03:00,5,11,5,6
raatti,Karjasilta,2026-05-15T22:00:00Z,2026-05-16T01:00:00+03:00,1,5,15,4
raatti,Karjasilta,2026-05-15T23:00:00Z,2026-05-16T02:00:00+03:00,0,5,3,1
raatti,Karjasilta,2026-05-16T00:00:00Z,2026-05-16T03:00:00+03:00,0,0,3,1
raatti,Karjasilta,2026-05-16T01:00:00Z,2026-05-16T04:00:00+03:00,2,1,2,0
raatti,Karjasilta,2026-05-16T02:00:00Z,2026-05-16T05:00:00+03:00,2,3,2,1
raatti,Karjasilta,2026-05-16T03:00:00Z,2026-05-16T06:00:00+03:00,2,3,2,5
raatti,Karjasilta,2026-05-16T04:00:00Z,2026-05-16T07:00:00+03:00,2,2,7,9
raatti,Karjasilta,2026-05-16T05:00:00Z,2026-05-16T08:00:00+03:00,6,8,2,10
raatti,Karjasilta,2026-05-16T06:00:00Z,2026-05-16T09:00:00+03:00,10,7,13,21
raatti,Karjasilta,2026-05-16T07:00:00Z,2026-05-16T10:00:00+03:00,5,15,19,25
raatti,Karjasilta,2026-05-16T08:00:00Z,2026-05-16T11:00:00+03:00,20,23,24,29
raatti,Karjasilta,2026-05-16T09:00:00Z,2026-05-16T12:00:00+03:00,11,9,24,32
raatti,Karjasilta,2026-05-16T10:00:00Z,2026-05-16T13:00:00+03:00,15,11,26,37
raatti,Karjasilta,2026-05-16T11:00:00Z,2026-05-16T14:00:00+03:00,6,18,22,22
raatti,Karjasilta,2026-05-16T12:00:00Z,2026-05-16T15:00:00+03:00,8,15,19,26
raatti,Karjasilta,2026-05-16T13:00:00Z,2026-05-16T16:00:00+03:00,5,13,15,15
raatti,Karjasilta,2026-05-16T14:00:00Z,2026-05-16T17:00:00+03:00,7,6,13,15
raatti,Karjasilta,2026-05-16T15:00:00Z,2026-05-16T18:00:00+03:00,3,2,11,14
raatti,Karjasilta,2026-05-16T16:00:00Z,2026-05-16T19:00:00+03:00,2,1,15,5
raatti,Karjasilta,2026-05-16T17:00:00Z,2026-05-16T20:00:00+03:00,4,1,14,6
raatti,Karjasilta,2026-05-16T18:00:00Z,2026-05-16T21:00:00+03:00,1,4,22,12
raatti,Karjasilta,2026-05-16T19:00:00Z,2026-05-16T22:00:00+03:00,1,3,7,8
raatti,Karjasilta,2026-05-16T20:00:00Z,2026-05-16T23:00:00+03:00,2,0,4,2
raatti,Karjasilta,2026-05-16T21:00:00Z,2026-05-17T00:00:00+03:00,1,0,4,3
raatti,Karjasilta,2026-05-16T22:00:00Z,2026-05-17T01:00:00+03:00,0,2,1,4
raatti,Karjasilta,2026-05-16T23:00:00Z,2026-05-17T02:00:00+03:00,2,3,0,6
raatti,Karjasilta,2026-05-17T00:00:00Z,2026-05-17T03:00:00+03:00,1,2,1,1
raatti,Karjasilta,2026-05-17T01:00:00Z,2026-05-17T04:00:00+03:00,0,0,0,0
raatti,Karjasilta,2026-05-17T02:00:00Z,2026-05-17T05:00:00+03:00,1,5,0,1
raatti,Karjasilta,2026-05-17T03:00:00Z,2026-05-17T06:00:00+03:00,1,2,1,7
raatti,Karjasilta,2026-05-17T04:00:00Z,2026-05-17T07:00:00+03:00,1,1,3,8
raatti,Karjasilta,2026-05-17T05:00:00Z,2026-05-17T08:00:00+03:00,0,3,9,12
raatti,Karjasilta,2026-05-17T06:00:00Z,2026-05-17T09:00:00+03:00,3,6,8,19
raatti,Karjasilta,2026-05-17T07:00:00Z,2026-05-17T10:00:00+03:00,14,7,11,19
raatti,Karjasilta,2026-05-17T08:00:00Z,2026-05-17T11:00:00+03:00,9,17,18,26
raatti,Karjasilta,2026-05-17T09:00:00Z,2026-05-17T12:00:00+03:00,10,10,24,31
raatti,Karjasilta,2026-05-17T10:00:00Z,2026-05-17T13:00:00+03:00,10,19,44,40
raatti,Karjasilta,2026-05-17T11:00:00Z,2026-05-17T14:00:00+03:00,27,18,33,59
raatti,Karjasilta,2026-05-17T12:00:00Z,2026-05-17T15:00:00+03:00,6,9,29,21
raatti,Karjasilta,2026-05-17T13:00:00Z,2026-05-17T16:00:00+03:00,15,25,33,22
raatti,Karjasilta,2026-05-17T14:00:00Z,2026-05-17T17:00:00+03:00,15,16,23,39
raatti,Karjasilta,2026-05-17T15:00:00Z,2026-05-17T18:00:00+03:00,10,19,28,28
raatti,Karjasilta,2026-05-17T16:00:00Z,2026-05-17T19:00:00+03:00,5,12,28,22
raatti,Karjasilta,2026-05-17T17:00:00Z,2026-05-17T20:00:00+03:00,9,8,9,22
raatti,Karjasilta,2026-05-17T18:00:00Z,2026-05-17T21:00:00+03:00,8,5,13,8
raatti,Karjasilta,2026-05-17T19:00:00Z,2026-05-17T22:00:00+03:00,0,7,16,12
raatti,Karjasilta,2026-05-17T20:00:00Z,2026-05-17T23:00:00+03:00,5,3,2,3
raatti,Karjasilta,2026-05-17T21:00:00Z,2026-05-18T00:00:00+03:00,1,5,2,1
raatti,Karjasilta,2026-05-17T22:00:00Z,2026-05-18T01:00:00+03:00,0,2,0,0
raatti,Karjasilta,2026-05-17T23:00:00Z,2026-05-18T02:00:00+03:00,1,0,0,0
raatti,Karjasilta,2026-05-18T00:00:00Z,2026-05-18T03:00:00+03:00,0,1,0,1
raatti,Karjasilta,2026-05-18T01:00:00Z,2026-05-18T04:00:00+03:00,1,1,2,2
raatti,Karjasilta,2026-05-18T02:00:00Z,2026-05-18T05:00:00+03:00,5,5,2,4
raatti,Karjasilta,2026-05-18T03:00:00Z,2026-05-18T06:00:00+03:00,8,5,15,26
raatti,Karjasilta,2026-05-18T04:00:00Z,2026-05-18T07:00:00+03:00,14,7,26,105
raatti,Karjasilta,2026-05-18T05:00:00Z,2026-05-18T08:00:00+03:00,21,5,18,123
raatti,Karjasilta,2026-05-18T06:00:00Z,2026-05-18T09:00:00+03:00,14,6,32,72
raatti,Karjasilta,2026-05-18T07:00:00Z,2026-05-18T10:00:00+03:00,17,11,24,38
raatti,Karjasilta,2026-05-18T08:00:00Z,2026-05-18T11:00:00+03:00,12,14,37,52
raatti,Karjasilta,2026-05-18T09:00:00Z,2026-05-18T12:00:00+03:00,14,24,34,42
raatti,Karjasilta,2026-05-18T10:00:00Z,2026-05-18T13:00:00+03:00,27,17,33,43
raatti,Karjasilta,2026-05-18T11:00:00Z,2026-05-18T14:00:00+03:00,14,30,96,40
raatti,Karjasilta,2026-05-18T12:00:00Z,2026-05-18T15:00:00+03:00,16,42,85,57
raatti,Karjasilta,2026-05-18T13:00:00Z,2026-05-18T16:00:00+03:00,34,31,102,65
raatti,Karjasilta,2026-05-18T14:00:00Z,2026-05-18T17:00:00+03:00,17,24,63,44
raatti,Karjasilta,2026-05-18T15:00:00Z,2026-05-18T18:00:00+03:00,25,38,34,32
raatti,Karjasilta,2026-05-18T16:00:00Z,2026-05-18T19:00:00+03:00,11,22,48,24
raatti,Karjasilta,2026-05-18T17:00:00Z,2026-05-18T20:00:00+03:00,15,21,30,24
raatti,Karjasilta,2026-05-18T18:00:00Z,2026-05-18T21:00:00+03:00,10,17,28,18
raatti,Karjasilta,2026-05-18T19:00:00Z,2026-05-18T22:00:00+03:00,4,11,10,10
raatti,Karjasilta,2026-05-18T20:00:00Z,2026-05-18T23:00:00+03:00,3,7,7,10
raatti,Karjasilta,2026-05-18T21:00:00Z,2026-05-19T00:00:00+03:00,0,1,1,1
raatti,Karjasilta,2026-05-18T22:00:00Z,2026-05-19T01:00:00+03:00,1,4,0,0
raatti,Karjasilta,2026-05-18T23:00:00Z,2026-05-19T02:00:00+03:00,1,0,1,0
raatti,Karjasilta,2026-05-19T00:00:00Z,2026-05-19T03:00:00+03:00,0,1,1,0
raatti,Karjasilta,2026-05-19T01:00:00Z,2026-05-19T04:00:00+03:00,0,2,0,2
raatti,Karjasilta,2026-05-19T02:00:00Z,2026-05-19T05:00:00+03:00,1,2,1,6
raatti,Karjasilta,2026-05-19T03:00:00Z,2026-05-19T06:00:00+03:00,6,7,12,26
raatti,Karjasilta,2026-05-19T04:00:00Z,2026-05-19T07:00:00+03:00,18,9,27,127
raatti,Karjasilta,2026-05-19T05:00:00Z,2026-05-19T08:00:00+03:00,18,9,25,139
raatti,Karjasilta,2026-05-19T06:00:00Z,2026-05-19T09:00:00+03:00,12,14,16,78
raatti,Karjasilta,2026-05-19T07:00:00Z,2026-05-19T10:00:00+03:00,4,12,23,37
raatti,Karjasilta,2026-05-19T08:00:00Z,2026-05-19T11:00:00+03:00,14,14,30,63
raatti,Karjasilta,2026-05-19T09:00:00Z,2026-05-19T12:00:00+03:00,7,19,45,34
raatti,Karjasilta,2026-05-19T10:00:00Z,2026-05-19T13:00:00+03:00,6,27,54,43
raatti,Karjasilta,2026-05-19T11:00:00Z,2026-05-19T14:00:00+03:00,17,33,89,46
raatti,Karjasilta,2026-05-19T12:00:00Z,2026-05-19T15:00:00+03:00,15,28,100,44
raatti,Karjasilta,2026-05-19T13:00:00Z,2026-05-19T16:00:00+03:00,5,32,93,53
raatti,Karjasilta,2026-05-19T14:00:00Z,2026-05-19T17:00:00+03:00,7,25,47,34
raatti,Karjasilta,2026-05-19T15:00:00Z,2026-05-19T18:00:00+03:00,9,19,30,36
raatti,Karjasilta,2026-05-19T16:00:00Z,2026-05-19T19:00:00+03:00,5,7,38,11
raatti,Karjasilta,2026-05-19T17:00:00Z,2026-05-19T20:00:00+03:00,6,10,33,18
raatti,Karjasilta,2026-05-19T18:00:00Z,2026-05-19T21:00:00+03:00,5,14,19,16
raatti,Karjasilta,2026-05-19T19:00:00Z,2026-05-19T22:00:00+03:00,6,5,6,4
raatti,Karjasilta,2026-05-19T20:00:00Z,2026-05-19T23:00:00+03:00,6,3,8,8
raatti,Karjasilta,2026-05-19T21:00:00Z,2026-05-20T00:00:00+03:00,0,3,3,2
raatti,Karjasilta,2026-05-19T22:00:00Z,2026-05-20T01:00:00+03:00,1,1,0,1
raatti,Karjasilta,2026-05-19T23:00:00Z,2026-05-20T02:00:00+03:00,0,1,0,1
raatti,Karjasilta,2026-05-20T00:00:00Z,2026-05-20T03:00:00+03:00,1,1,2,3
raatti,Karjasilta,2026-05-20T01:00:00Z,2026-05-20T04:00:00+03:00,2,2,0,3
raatti,Karjasilta,2026-05-20T02:00:00Z,2026-05-20T05:00:00+03:00,3,2,3,4
raatti,Karjasilta,2026-05-20T03:00:00Z,2026-05-20T06:00:00+03:00,7,5,11,27
raatti,Karjasilta,2026-05-20T04:00:00Z,2026-05-20T07:00:00+03:00,11,7,19,74
raatti,Karjasilta,2026-05-20T05:00:00Z,2026-05-20T08:00:00+03:00,21,12,15,110
raatti,Karjasilta,2026-05-20T06:00:00Z,2026-05-20T09:00:00+03:00,12,13,18,54
raatti,Karjasilta,2026-05-20T07:00:00Z,2026-05-20T10:00:00+03:00,8,10,27,57
raatti,Karjasilta,2026-05-20T08:00:00Z,2026-05-20T11:00:00+03:00,18,21,42,57
raatti,Karjasilta,2026-05-20T09:00:00Z,2026-05-20T12:00:00+03:00,21,24,44,65
raatti,Karjasilta,2026-05-20T10:00:00Z,2026-05-20T13:00:00+03:00,21,34,47,47
raatti,Karjasilta,2026-05-20T11:00:00Z,2026-05-20T14:00:00+03:00,23,47,80,44
raatti,Karjasilta,2026-05-20T12:00:00Z,2026-05-20T15:00:00+03:00,21,41,72,54
raatti,Karjasilta,2026-05-20T13:00:00Z,2026-05-20T16:00:00+03:00,25,41,79,84
raatti,Karjasilta,2026-05-20T14:00:00Z,2026-05-20T17:00:00+03:00,24,30,63,53
raatti,Karjasilta,2026-05-20T15:00:00Z,2026-05-20T18:00:00+03:00,17,23,45,34
raatti,Karjasilta,2026-05-20T16:00:00Z,2026-05-20T19:00:00+03:00,10,15,35,27
raatti,Karjasilta,2026-05-20T17:00:00Z,2026-05-20T20:00:00+03:00,13,26,32,22
raatti,Karjasilta,2026-05-20T18:00:00Z,2026-05-20T21:00:00+03:00,7,15,20,12
raatti,Karjasilta,2026-05-20T19:00:00Z,2026-05-20T22:00:00+03:00,7,10,19,3
raatti,Karjasilta,2026-05-20T20:00:00Z,2026-05-20T23:00:00+03:00,5,5,6,9
raatti,Karjasilta,2026-05-20T21:00:00Z,2026-05-21T00:00:00+03:00,0,3,3,2
raatti,Karjasilta,2026-05-20T22:00:00Z,2026-05-21T01:00:00+03:00,0,0,1,5
raatti,Karjasilta,2026-05-20T23:00:00Z,2026-05-21T02:00:00+03:00,3,1,5,0
raatti,Karjasilta,2026-05-21T00:00:00Z,2026-05-21T03:00:00+03:00,0,2,1,0
raatti,Karjasilta,2026-05-21T01:00:00Z,2026-05-21T04:00:00+03:00,3,3,0,2
raatti,Karjasilta,2026-05-21T02:00:00Z,2026-05-21T05:00:00+03:00,4,2,5,10
raatti,Karjasilta,2026-05-21T03:00:00Z,2026-05-21T06:00:00+03:00,5,3,9,34
raatti,Karjasilta,2026-05-21T04:00:00Z,2026-05-21T07:00:00+03:00,14,11,31,112
raatti,Karjasilta,2026-05-21T05:00:00Z,2026-05-21T08:00:00+03:00,26,6,16,134
raatti,Karjasilta,2026-05-21T06:00:00Z,2026-05-21T09:00:00+03:00,24,22,37,101
raatti,Karjasilta,2026-05-21T07:00:00Z,2026-05-21T10:00:00+03:00,10,16,24,51
raatti,Karjasilta,2026-05-21T08:00:00Z,2026-05-21T11:00:00+03:00,19,23,81,76
raatti,Karjasilta,2026-05-21T09:00:00Z,2026-05-21T12:00:00+03:00,10,18,43,60
raatti,Karjasilta,2026-05-21T10:00:00Z,2026-05-21T13:00:00+03:00,16,33,57,57
raatti,Karjasilta,2026-05-21T11:00:00Z,2026-05-21T14:00:00+03:00,20,39,82,42
raatti,Karjasilta,2026-05-21T12:00:00Z,2026-05-21T15:00:00+03:00,16,46,104,72
raatti,Karjasilta,2026-05-21T13:00:00Z,2026-05-21T16:00:00+03:00,22,57,101,101
raatti,Karjasilta,2026-05-21T14:00:00Z,2026-05-21T17:00:00+03:00,24,33,62,54
raatti,Karjasilta,2026-05-21T15:00:00Z,2026-05-21T18:00:00+03:00,20,20,39,46
raatti,Karjasilta,2026-05-21T16:00:00Z,2026-05-21T19:00:00+03:00,15,21,42,34
raatti,Karjasilta,2026-05-21T17:00:00Z,2026-05-21T20:00:00+03:00,12,14,32,25
raatti,Karjasilta,2026-05-21T18:00:00Z,2026-05-21T21:00:00+03:00,13,13,26,11
raatti,Karjasilta,2026-05-21T19:00:00Z,2026-05-21T22:00:00+03:00,2,8,13,9
raatti,Karjasilta,2026-05-21T20:00:00Z,2026-05-21T23:00:00+03:00,7,5,10,5
raatti,Karjasilta,2026-05-21T21:00:00Z,2026-05-22T00:00:00+03:00,0,2,2,2
raatti,Karjasilta,2026-05-21T22:00:00Z,2026-05-22T01:00:00+03:00,3,1,2,0
raatti,Karjasilta,2026-05-21T23:00:00Z,2026-05-22T02:00:00+03:00,0,2,0,0
raatti,Karjasilta,2026-05-22T00:00:00Z,2026-05-22T03:00:00+03:00,0,0,1,1
raatti,Karjasilta,2026-05-22T01:00:00Z,2026-05-22T04:00:00+03:00,1,1,0,4
raatti,Karjasilta,2026-05-22T02:00:00Z,2026-05-22T05:00:00+03:00,1,1,1,7
raatti,Karjasilta,2026-05-22T03:00:00Z,2026-05-22T06:00:00+03:00,4,2,12,19
raatti,Karjasilta,2026-05-22T04:00:00Z,2026-05-22T07:00:00+03:00,16,8,17,89
raatti,Karjasilta,2026-05-22T05:00:00Z,2026-05-22T08:00:00+03:00,18,6,20,115
raatti,Karjasilta,2026-05-22T06:00:00Z,2026-05-22T09:00:00+03:00,15,13,35,68
raatti,Karjasilta,2026-05-22T07:00:00Z,2026-05-22T10:00:00+03:00,16,17,23,37
raatti,Karjasilta,2026-05-22T08:00:00Z,2026-05-22T11:00:00+03:00,27,35,31,61
raatti,Karjasilta,2026-05-22T09:00:00Z,2026-05-22T12:00:00+03:00,13,23,35,42
raatti,Karjasilta,2026-05-22T10:00:00Z,2026-05-22T13:00:00+03:00,30,30,51,44
raatti,Karjasilta,2026-05-22T11:00:00Z,2026-05-22T14:00:00+03:00,18,37,77,51
raatti,Karjasilta,2026-05-22T12:00:00Z,2026-05-22T15:00:00+03:00,12,30,65,60
raatti,Karjasilta,2026-05-22T13:00:00Z,2026-05-22T16:00:00+03:00,17,32,64,42
raatti,Karjasilta,2026-05-22T14:00:00Z,2026-05-22T17:00:00+03:00,30,29,42,38
raatti,Karjasilta,2026-05-22T15:00:00Z,2026-05-22T18:00:00+03:00,12,19,31,40
raatti,Karjasilta,2026-05-22T16:00:00Z,2026-05-22T19:00:00+03:00,20,14,37,36
raatti,Karjasilta,2026-05-22T17:00:00Z,2026-05-22T20:00:00+03:00,10,21,37,25
raatti,Karjasilta,2026-05-22T18:00:00Z,2026-05-22T21:00:00+03:00,12,18,25,18
raatti,Karjasilta,2026-05-22T19:00:00Z,2026-05-22T22:00:00+03:00,11,14,18,22
raatti,Karjasilta,2026-05-22T20:00:00Z,2026-05-22T23:00:00+03:00,11,14,17,11
