venue_id,ts_utc,ts_local,visitors_in,visitors_out,visitors_total,is_imputed
1,2025-12-31T22:00:00Z,2026-01-01T00:00:00+02:00,0,0,0,False
1,2025-12-31T23:00:00Z,2026-01-01T01:00:00+02:00,0,0,0,False
1,2026-01-01T00:00:00Z,2026-01-01T02:00:00+02:00,0,0,0,False
1,2026-01-01T01:00:00Z,2026-01-01T03:00:00+02:00,0,0,0,False
1,2026-01-01T02:00:00Z,2026-01-01T04:00:00+02:00,0,0,0,False
1,2026-01-01T03:00:00Z,2026-01-01T05:00:00+02:00,0,0,0,False
1,2026-01-01T04:00:00Z,2026-01-01T06:00:00+02:00,0,0,0,False
1,2026-01-01T05:00:00Z,2026-01-01T07:00:00+02:00,0,0,0,False
1,2026-01-01T06:00:00Z,2026-01-01T08:00:00+02:00,0,0,0,False
1,2026-01-01T07:00:00Z,2026-01-01T09:00:00+02:00,0,0,0,False
1,2026-01-01T08:00:00Z,2026-01-01T10:00:00+02:00,0,0,0,False
1,2026-01-01T09:00:00Z,2026-01-01T11:00:00+02:00,0,0,0,False
1,2026-01-01T10:00:00Z,2026-01-01T12:00:00+02:00,0,0,0,False
1,2026-01-01T11:00:00Z,2026-01-01T13:00:00+02:00,0,0,0,False
1,2026-01-01T12:00:00Z,2026-01-01T14:00:00+02:00,0,0,0,False
1,2026-01-01T13:00:00Z,2026-01-01T15:00:00+02:00,0,0,0,False
1,2026-01-01T14:00:00Z,2026-01-01T16:00:00+02:00,0,0,0,False
1,2026-01-01T15:00:00Z,2026-01-01T17:00:00+02:00,0,0,0,False
1,2026-01-01T16:00:00Z,2026-01-01T18:00:00+02:00,0,0,0,False
1,2026-01-01T17:00:00Z,2026-01-01T19:00:00+02:00,0,0,0,False
1,2026-01-01T18:00:00Z,2026-01-01T20:00:00+02:00,0,0,0,False
1,2026-01-01T19:00:00Z,2026-01-01T21:00:00+02:00,0,0,0,False
1,2026-01-01T20:00:00Z,2026-01-01T22:00:00+02:00,0,0,0,False
1,2026-01-01T21:00:00Z,2026-01-01T23:00:00+02:00,0,0,0,False
1,2026-01-01T22:00:00Z,2026-01-02T00:00:00+02:00,0,0,0,False
1,2026-01-01T23:00:00Z,2026-01-02T01:00:00+02:00,0,0,0,False
1,2026-01-02T00:00:00Z,2026-01-02T02:00:00+02:00,0,0,0,False
1,2026-01-02T01:00:00Z,2026-01-02T03:00:00+02:00,0,0,0,False
1,2026-01-02T02:00:00Z,2026-01-02T04:00:00+02:00,0,0,0,False
1,2026-01-02T03:00:00Z,2026-01-02T05:00:00+02:00,0,0,0,False
1,2026-01-02T04:00:00Z,2026-01-02T06:00:00+02:00,0,0,0,False
1,2026-01-02T05:00:00Z,2026-01-02T07:00:00+02:00,0,0,0,False
1,2026-01-02T06:00:00Z,2026-01-02T08:00:00+02:00,0,0,0,False
1,2026-01-02T07:00:00Z,2026-01-02T09:00:00+02:00,0,0,0,False
1,2026-01-02T08:00:00Z,2026-01-02T10:00:00+02:00,0,0,0,False
1,2026-01-02T09:00:00Z,2026-01-02T11:00:00+02:00,0,0,0,False
1,2026-01-02T10:00:00Z,2026-01-02T12:00:00+02:00,0,0,0,False
1,2026-01-02T11:00:00Z,2026-01-02T13:00:00+02:00,0,0,0,False
1,2026-01-02T12:00:00Z,2026-01-02T14:00:00+02:00,0,0,0,False
1,2026-01-02T13:00:00Z,2026-01-02T15:00:00+02:00,0,0,0,False
1,2026-01-02T14:00:00Z,2026-01-02T16:00:00+02:00,0,0,0,False
1,2026-01-02T15:00:00Z,2026-01-02T17:00:00+02:00,0,0,0,False
1,2026-01-02T16:00:00Z,2026-01-02T18:00:00+02:00,0,0,0,False
1,2026-01-02T17:00:00Z,2026-01-02T19:00:00+02:00,0,0,0,False
1,2026-01-02T18:00:00Z,2026-01-02T20:00:00+02:00,0,0,0,False
1,2026-01-02T19:00:00Z,2026-01-02T21:00:00+02:00,0,0,0,False
1,2026-01-02T20:00:00Z,2026-01-02T22:00:00+02:00,0,0,0,False
1,2026-01-02T21:00:00Z,2026-01-02T23:00:00+02:00,0,0,0,False
1,2026-01-02T22:00:00Z,2026-01-03T00:00:00+02:00,0,0,0,False
1,2026-01-02T23:00:00Z,2026-01-03T01:00:00+02:00,0,0,0,False
1,2026-01-03T00:00:00Z,2026-01-03T02:00:00+02:00,0,0,0,False
1,2026-01-03T01:00:00Z,2026-01-03T03:00:00+02:00,0,0,0,False
1,2026-01-03T02:00:00Z,2026-01-03T04:00:00+02:00,0,0,0,False
1,2026-01-03T03:00:00Z,2026-01-03T05:00:00+02:00,0,0,0,False
1,2026-01-03T04:00:00Z,2026-01-03T06:00:00+02:00,0,0,0,False
1,2026-01-03T05:00:00Z,2026-01-03T07:00:00+02:00,0,0,0,False
1,2026-01-03T06:00:00Z,2026-01-03T08:00:00+02:00,0,0,0,False
1,2026-01-03T07:00:00Z,2026-01-03T09:00:00+02:00,0,0,0,False
1,2026-01-03T08:00:00Z,2026-01-03T10:00:00+02:00,0,0,0,False
1,2026-01-03T09:00:00Z,2026-01-03T11:00:00+02:00,0,0,0,False
1,2026-01-03T10:00:00Z,2026-01-03T12:00:00+02:00,0,0,0,False
1,2026-01-03T11:00:00Z,2026-01-03T13:00:00+02:00,0,0,0,False
1,2026-01-03T12:00:00Z,2026-01-03T14:00:00+02:00,0,0,0,False
1,2026-01-03T13:00:00Z,2026-01-03T15:00:00+02:00,0,0,0,False
1,2026-01-03T14:00:00Z,2026-01-03T16:00:00+02:00,0,0,0,False
1,2026-01-03T15:00:00Z,2026-01-03T17:00:00+02:00,0,0,0,False
1,2026-01-03T16:00:00Z,2026-01-03T18:00:00+02:00,0,0,0,False
1,2026-01-03T17:00:00Z,2026-01-03T19:00:00+02:00,0,0,0,False
1,2026-01-03T18:00:00Z,2026-01-03T20:00:00+02:00,0,0,0,False
1,2026-01-03T19:00:00Z,2026-01-03T21:00:00+02:00,0,0,0,False
1,2026-01-03T20:00:00Z,2026-01-03T22:00:00+02:00,0,0,0,False
1,2026-01-03T21:00:00Z,2026-01-03T23:00:00+02:00,0,0,0,False
1,2026-01-03T22:00:00Z,2026-01-04T00:00:00+02:00,0,0,0,False
1,2026-01-03T23:00:00Z,2026-01-04T01:00:00+02:00,0,0,0,False
1,2026-01-04T00:00:00Z,2026-01-04T02:00:00+02:00,0,0,0,False
1,2026-01-04T01:00:00Z,2026-01-04T03:00:00+02:00,0,0,0,False
1,2026-01-04T02:00:00Z,2026-01-04T04:00:00+02:00,0,0,0,False
1,2026-01-04T03:00:00Z,2026-01-04T05:00:00+02:00,0,0,0,False
1,2026-01-04T04:00:00Z,2026-01-04T06:00:00+02:00,0,0,0,False
1,2026-01-04T05:00:00Z,2026-01-04T07:00:00+02:00,0,0,0,False
1,2026-01-04T06:00:00Z,2026-01-04T08:00:00+02:00,0,0,0,False
1,2026-01-04T07:00:00Z,2026-01-04T09:00:00+02:00,0,0,0,False
1,2026-01-04T08:00:00Z,2026-01-04T10:00:00+02:00,0,0,0,False
1,2026-01-04T09:00:00Z,2026-01-04T11:00:00+02:00,0,0,0,False
1,2026-01-04T10:00:00Z,2026-01-04T12:00:00+02:00,0,0,0,False
1,2026-01-04T11:00:00Z,2026-01-04T13:00:00+02:00,0,0,0,False
1,2026-01-04T12:00:00Z,2026-01-04T14:00:00+02:00,0,0,0,False
1,2026-01-04T13:00:00Z,2026-01-04T15:00:00+02:00,0,0,0,False
1,2026-01-04T14:00:00Z,2026-01-04T16:00:00+02:00,0,0,0,False
1,2026-01-04T15:00:00Z,2026-01-04T17:00:00+02:00,0,0,0,False
1,2026-01-04T16:00:00Z,2026-01-04T18:00:00+02:00,0,0,0,False
1,2026-01-04T17:00:00Z,2026-01-04T19:00:00+02:00,0,0,0,False
1,2026-01-04T18:00:00Z,2026-01-04T20:00:00+02:00,0,0,0,False
1,2026-01-04T19:00:00Z,2026-01-04T21:00:00+02:00,0,0,0,False
1,2026-01-04T20:00:00Z,2026-01-04T22:00:00+02:00,0,0,0,False
1,2026-01-04T21:00:00Z,2026-01-04T23:00:00+02:00,0,0,0,False
1,2026-01-04T22:00:00Z,2026-01-05T00:00:00+02:00,0,0,0,False
1,2026-01-04T23:00:00Z,2026-01-05T01:00:00+02:00,0,0,0,False
1,2026-01-05T00:00:00Z,2026-01-05T02:00:00+02:00,0,0,0,False
1,2026-01-05T01:00:00Z,2026-01-05T03:00:00+02:00,0,0,0,False
1,2026-01-05T02:00:00Z,2026-01-05T04:00:00+02:00,0,0,0,False
1,2026-01-05T03:00:00Z,2026-01-05T05:00:00+02:00,0,0,0,False
1,2026-01-05T04:00:00Z,2026-01-05T06:00:00+02:00,0,0,0,False
1,2026-01-05T05:00:00Z,2026-01-05T07:00:00+02:00,0,0,0,False
1,2026-01-05T06:00:00Z,2026-01-05T08:00:00+02:00,0,0,0,False
1,2026-01-05T07:00:00Z,2026-01-05T09:00:00+02:00,0,0,0,False
1,2026-01-05T08:00:00Z,2026-01-05T10:00:00+02:00,0,0,0,False
1,2026-01-05T09:00:00Z,2026-01-05T11:00:00+02:00,0,0,0,False
1,2026-01-05T10:00:00Z,2026-01-05T12:00:00+02:00,0,0,0,False
1,2026-01-05T11:00:00Z,2026-01-05T13:00:00+02:00,0,0,0,False
1,2026-01-05T12:00:00Z,2026-01-05T14:00:00+02:00,0,0,0,False
1,2026-01-05T13:00:00Z,2026-01-05T15:00:00+02:00,0,0,0,False
1,2026-01-05T14:00:00Z,2026-01-05T16:00:00+02:00,0,0,0,False
1,2026-01-05T15:00:00Z,2026-01-05T17:00:00+02:00,0,0,0,False
1,2026-01-05T16:00:00Z,2026-01-05T18:00:00+02:00,0,0,0,False
1,2026-01-05T17:00:00Z,2026-01-05T19:00:00+02:00,0,0,0,False
1,2026-01-05T18:00:00Z,2026-01-05T20:00:00+02:00,0,0,0,False
1,2026-01-05T19:00:00Z,2026-01-05T21:00:00+02:00,0,0,0,False
1,2026-01-05T20:00:00Z,2026-01-05T22:00:00+02:00,0,0,0,False
1,2026-01-05T21:00:00Z,2026-01-05T23:00:00+02:00,0,0,0,False
1,2026-01-05T22:00:00Z,2026-01-06T00:00:00+02:00,0,0,0,False
1,2026-01-05T23:00:00Z,2026-01-06T01:00:00+02:00,0,0,0,False
1,2026-01-06T00:00:00Z,2026-01-06T02:00:00+02:00,0,0,0,False
1,2026-01-06T01:00:00Z,2026-01-06T03:00:00+02:00,0,0,0,False
1,2026-01-06T02:00:00Z,2026-01-06T04:00:00+02:00,0,0,0,False
1,2026-01-06T03:00:00Z,2026-01-06T05:00:00+02:00,0,0,0,False
1,2026-01-06T04:00:00Z,2026-01-06T06:00:00+02:00,0,0,0,False
1,2026-01-06T05:00:00Z,2026-01-06T07:00:00+02:00,0,0,0,False
1,2026-01-06T06:00:00Z,2026-01-06T08:00:00+02:00,0,0,0,False
1,2026-01-06T07:00:00Z,2026-01-06T09:00:00+02:00,0,0,0,False
1,2026-01-06T08:00:00Z,2026-01-06T10:00:00+02:00,0,0,0,False
1,2026-01-06T09:00:00Z,2026-01-06T11:00:00+02:00,0,0,0,False
1,2026-01-06T10:00:00Z,2026-01-06T12:00:00+02:00,0,0,0,False
1,2026-01-06T11:00:00Z,2026-01-06T13:00:00+02:00,0,0,0,False
1,2026-01-06T12:00:00Z,2026-01-06T14:00:00+02:00,0,0,0,False
1,2026-01-06T13:00:00Z,2026-01-06T15:00:00+02:00,0,0,0,False
1,2026-01-06T14:00:00Z,2026-01-06T16:00:00+02:00,0,0,0,False
1,2026-01-06T15:00:00Z,2026-01-06T17:00:00+02:00,0,0,0,False
1,2026-01-06T16:00:00Z,2026-01-06T18:00:00+02:00,0,0,0,False
1,2026-01-06T17:00:00Z,2026-01-06T19:00:00+02:00,0,0,0,False
1,2026-01-06T18:00:00Z,2026-01-06T20:00:00+02:00,0,0,0,False
1,2026-01-06T19:00:00Z,2026-01-06T21:00:00+02:00,0,0,0,False
1,2026-01-06T20:00:00Z,2026-01-06T22:00:00+02:00,0,0,0,False
1,2026-01-06T21:00:00Z,2026-01-06T23:00:00+02:00,0,0,0,False
1,2026-01-06T22:00:00Z,2026-01-07T00:00:00+02:00,0,0,0,False
1,2026-01-06T23:00:00Z,2026-01-07T01:00:00+02:00,0,0,0,False
1,2026-01-07T00:00:00Z,2026-01-07T02:00:00+02:00,0,0,0,False
1,2026-01-07T01:00:00Z,2026-01-07T03:00:00+02:00,0,0,0,False
1,2026-01-07T02:00:00Z,2026-01-07T04:00:00+02:00,0,0,0,False
1,2026-01-07T03:00:00Z,2026-01-07T05:00:00+02:00,0,0,0,False
1,2026-01-07T04:00:00Z,2026-01-07T06:00:00+02:00,0,0,0,False
1,2026-01-07T05:00:00Z,2026-01-07T07:00:00+02:00,0,0,0,False
1,2026-01-07T06:00:00Z,2026-01-07T08:00:00+02:00,0,0,0,False
1,2026-01-07T07:00:00Z,2026-01-07T09:00:00+02:00,0,0,0,False
1,2026-01-07T08:00:00Z,2026-01-07T10:00:00+02:00,0,0,0,False
1,2026-01-07T09:00:00Z,2026-01-07T11:00:00+02:00,0,0,0,False
1,2026-01-07T10:00:00Z,2026-01-07T12:00:00+02:00,0,0,0,False
1,2026-01-07T11:00:00Z,2026-01-07T13:00:00+02:00,0,0,0,False
1,2026-01-07T12:00:00Z,2026-01-07T14:00:00+02:00,0,0,0,False
1,2026-01-07T13:00:00Z,2026-01-07T15:00:00+02:00,0,0,0,False
1,2026-01-07T14:00:00Z,2026-01-07T16:00:00+02:00,0,0,0,False
1,2026-01-07T15:00:00Z,2026-01-07T17:00:00+02:00,0,0,0,False
1,2026-01-07T16:00:00Z,2026-01-07T18:00:00+02:00,0,0,0,False
1,2026-01-07T17:00:00Z,2026-01-07T19:00:00+02:00,0,0,0,False
1,2026-01-07T18:00:00Z,2026-01-07T20:00:00+02:00,0,0,0,False
1,2026-01-07T19:00:00Z,2026-01-07T21:00:00+02:00,0,0,0,False
1,2026-01-07T20:00:00Z,2026-01-07T22:00:00+02:00,0,0,0,False
1,2026-01-07T21:00:00Z,2026-01-07T23:00:00+02:00,0,0,0,False
1,2026-01-07T22:00:00Z,2026-01-08T00:00:00+02:00,0,0,0,False
1,2026-01-07T23:00:00Z,2026-01-08T01:00:00+02:00,0,0,0,False
1,2026-01-08T00:00:00Z,2026-01-08T02:00:00+02:00,0,0,0,False
1,2026-01-08T01:00:00Z,2026-01-08T03:00:00+02:00,0,0,0,False
1,2026-01-08T02:00:00Z,2026-01-08T04:00:00+02:00,0,0,0,False
1,2026-01-08T03:00:00Z,2026-01-08T05:00:00+02:00,0,0,0,False
1,2026-01-08T04:00:00Z,2026-01-08T06:00:00+02:00,0,0,0,False
1,2026-01-08T05:00:00Z,2026-01-08T07:00:00+02:00,0,0,0,False
1,2026-01-08T06:00:00Z,2026-01-08T08:00:00+02:00,0,0,0,False
1,2026-01-08T07:00:00Z,2026-01-08T09:00:00+02:00,0,0,0,False
1,2026-01-08T08:00:00Z,2026-01-08T10:00:00+02:00,0,0,0,False
1,2026-01-08T09:00:00Z,2026-01-08T11:00:00+02:00,0,0,0,False
1,2026-01-08T10:00:00Z,2026-01-08T12:00:00+02:00,0,0,0,False
1,2026-01-08T11:00:00Z,2026-01-08T13:00:00+02:00,0,0,0,False
1,2026-01-08T12:00:00Z,2026-01-08T14:00:00+02:00,0,0,0,False
1,2026-01-08T13:00:00Z,2026-01-08T15:00:00+02:00,0,0,0,False
1,2026-01-08T14:00:00Z,2026-01-08T16:00:00+02:00,0,0,0,False
1,2026-01-08T15:00:00Z,2026-01-08T17:00:00+02:00,0,0,0,False
1,2026-01-08T16:00:00Z,2026-01-08T18:00:00+02:00,0,0,0,False
1,2026-01-08T17:00:00Z,2026-01-08T19:00:00+02:00,0,0,0,False
1,2026-01-08T18:00:00Z,2026-01-08T20:00:00+02:00,0,0,0,False
1,2026-01-08T19:00:00Z,2026-01-08T21:00:00+02:00,0,0,0,False
1,2026-01-08T20:00:00Z,2026-01-08T22:00:00+02:00,0,0,0,False
1,2026-01-08T21:00:00Z,2026-01-08T23:00:00+02:00,0,0,0,False
1,2026-01-08T22:00:00Z,2026-01-09T00:00:00+02:00,0,0,0,False
1,2026-01-08T23:00:00Z,2026-01-09T01:00:00+02:00,0,0,0,False
1,2026-01-09T00:00:00Z,2026-01-09T02:00:00+02:00,0,0,0,False
1,2026-01-09T01:00:00Z,2026-01-09T03:00:00+02:00,0,0,0,False
1,2026-01-09T02:00:00Z,2026-01-09T04:00:00+02:00,0,0,0,False
1,2026-01-09T03:00:00Z,2026-01-09T05:00:00+02:00,0,0,0,False
1,2026-01-09T04:00:00Z,2026-01-09T06:00:00+02:00,0,0,0,False
1,2026-01-09T05:00:00Z,2026-01-09T07:00:00+02:00,0,0,0,False
1,2026-01-09T06:00:00Z,2026-01-09T08:00:00+02:00,0,0,0,False
1,2026-01-09T07:00:00Z,2026-01-09T09:00:00+02:00,0,0,0,False
1,2026-01-09T08:00:00Z,2026-01-09T10:00:00+02:00,0,0,0,False
1,2026-01-09T09:00:00Z,2026-01-09T11:00:00+02:00,0,0,0,False
1,2026-01-09T10:00:00Z,2026-01-09T12:00:00+02:00,0,0,0,False
1,2026-01-09T11:00:00Z,2026-01-09T13:00:00+02:00,0,0,0,False
1,2026-01-09T12:00:00Z,2026-01-09T14:00:00+02:00,0,0,0,False
1,2026-01-09T13:00:00Z,2026-01-09T15:00:00+02:00,0,0,0,False
1,2026-01-09T14:00:00Z,2026-01-09T16:00:00+02:00,0,0,0,False
1,2026-01-09T15:00:00Z,2026-01-09T17:00:00+02:00,0,0,0,False
1,2026-01-09T16:00:00Z,2026-01-09T18:00:00+02:00,0,0,0,False
1,2026-01-09T17:00:00Z,2026-01-09T19:00:00+02:00,0,0,0,False
1,2026-01-09T18:00:00Z,2026-01-09T20:00:00+02:00,0,0,0,False
1,2026-01-09T19:00:00Z,2026-01-09T21:00:00+02:00,0,0,0,False
1,2026-01-09T20:00:00Z,2026-01-09T22:00:00+02:00,0,0,0,False
1,2026-01-09T21:00:00Z,2026-01-09T23:00:00+02:00,0,0,0,False
1,2026-01-09T22:00:00Z,2026-01-10T00:00:00+02:00,0,0,0,False
1,2026-01-09T23:00:00Z,2026-01-10T01:00:00+02:00,0,0,0,False
1,2026-01-10T00:00:00Z,2026-01-10T02:00:00+02:00,0,0,0,False
1,2026-01-10T01:00:00Z,2026-01-10T03:00:00+02:00,0,0,0,False
1,2026-01-10T02:00:00Z,2026-01-10T04:00:00+02:00,0,0,0,False
1,2026-01-10T03:00:00Z,2026-01-10T05:00:00+02:00,0,0,0,False
1,2026-01-10T04:00:00Z,2026-01-10T06:00:00+02:00,0,0,0,False
1,2026-01-10T05:00:00Z,2026-01-10T07:00:00+02:00,0,0,0,False
1,2026-01-10T06:00:00Z,2026-01-10T08:00:00+02:00,0,0,0,False
1,2026-01-10T07:00:00Z,2026-01-10T09:00:00+02:00,0,0,0,False
1,2026-01-10T08:00:00Z,2026-01-10T10:00:00+02:00,0,0,0,False
1,2026-01-10T09:00:00Z,2026-01-10T11:00:00+02:00,0,0,0,False
1,2026-01-10T10:00:00Z,2026-01-10T12:00:00+02:00,0,0,0,False
1,2026-01-10T11:00:00Z,2026-01-10T13:00:00+02:00,0,0,0,False
1,2026-01-10T12:00:00Z,2026-01-10T14:00:00+02:00,0,0,0,False
1,2026-01-10T13:00:00Z,2026-01-10T15:00:00+02:00,0,0,0,False
1,2026-01-10T14:00:00Z,2026-01-10T16:00:00+02:00,0,0,0,False
1,2026-01-10T15:00:00Z,2026-01-10T17:00:00+02:00,0,0,0,False
1,2026-01-10T16:00:00Z,2026-01-10T18:00:00+02:00,0,0,0,False
1,2026-01-10T17:00:00Z,2026-01-10T19:00:00+02:00,0,0,0,False
1,2026-01-10T18:00:00Z,2026-01-10T20:00:00+02:00,0,0,0,False
1,2026-01-10T19:00:00Z,2026-01-10T21:00:00+02:00,0,0,0,False
1,2026-01-10T20:00:00Z,2026-01-10T22:00:00+02:00,0,0,0,False
1,2026-01-10T21:00:00Z,2026-01-10T23:00:00+02:00,0,0,0,False
1,2026-01-10T22:00:00Z,2026-01-11T00:00:00+02:00,0,0,0,False
1,2026-01-10T23:00:00Z,2026-01-11T01:00:00+02:00,0,0,0,False
1,2026-01-11T00:00:00Z,2026-01-11T02:00:00+02:00,0,0,0,False
1,2026-01-11T01:00:00Z,2026-01-11T03:00:00+02:00,0,0,0,False
1,2026-01-11T02:00:00Z,2026-01-11T04:00:00+02:00,0,0,0,False
1,2026-01-11T03:00:00Z,2026-01-11T05:00:00+02:00,0,0,0,False
1,2026-01-11T04:00:00Z,2026-01-11T06:00:00+02:00,0,0,0,False
1,2026-01-11T05:00:00Z,2026-01-11T07:00:00+02:00,0,0,0,False
1,2026-01-11T06:00:00Z,2026-01-11T08:00:00+02:00,0,0,0,False
1,2026-01-11T07:00:00Z,2026-01-11T09:00:00+02:00,0,0,0,False
1,2026-01-11T08:00:00Z,2026-01-11T10:00:00+02:00,0,0,0,False
1,2026-01-11T09:00:00Z,2026-01-11T11:00:00+02:00,0,0,0,False
1,2026-01-11T10:00:00Z,2026-01-11T12:00:00+02:00,0,0,0,False
1,2026-01-11T11:00:00Z,2026-01-11T13:00:00+02:00,0,0,0,False
1,2026-01-11T12:00:00Z,2026-01-11T14:00:00+02:00,0,0,0,False
1,2026-01-11T13:00:00Z,2026-01-11T15:00:00+02:00,0,0,0,False
1,2026-01-11T14:00:00Z,2026-01-11T16:00:00+02:00,0,0,0,False
1,2026-01-11T15:00:00Z,2026-01-11T17:00:00+02:00,0,0,0,False
1,2026-01-11T16:00:00Z,2026-01-11T18:00:00+02:00,0,0,0,False
1,2026-01-11T17:00:00Z,2026-01-11T19:00:00+02:00,0,0,0,False
1,2026-01-11T18:00:00Z,2026-01-11T20:00:00+02:00,0,0,0,False
1,2026-01-11T19:00:00Z,2026-01-11T21:00:00+02:00,0,0,0,False
1,2026-01-11T20:00:00Z,2026-01-11T22:00:00+02:00,0,0,0,False
1,2026-01-11T21:00:00Z,2026-01-11T23:00:00+02:00,0,0,0,False
1,2026-01-11T22:00:00Z,2026-01-12T00:00:00+02:00,0,0,0,False
1,2026-01-11T23:00:00Z,2026-01-12T01:00:00+02:00,0,0,0,False
1,2026-01-12T00:00:00Z,2026-01-12T02:00:00+02:00,0,0,0,False
1,2026-01-12T01:00:00Z,2026-01-12T03:00:00+02:00,0,0,0,False
1,2026-01-12T02:00:00Z,2026-01-12T04:00:00+02:00,0,0,0,False
1,2026-01-12T03:00:00Z,2026-01-12T05:00:00+02:00,0,0,0,False
1,2026-01-12T04:00:00Z,2026-01-12T06:00:00+02:00,0,0,0,False
1,2026-01-12T05:00:00Z,2026-01-12T07:00:00+02:00,0,0,0,False
1,2026-01-12T06:00:00Z,2026-01-12T08:00:00+02:00,0,0,0,False
1,2026-01-12T07:00:00Z,2026-01-12T09:00:00+02:00,0,0,0,False
1,2026-01-12T08:00:00Z,2026-01-12T10:00:00+02:00,0,0,0,False
1,2026-01-12T09:00:00Z,2026-01-12T11:00:00+02:00,0,0,0,False
1,2026-01-12T10:00:00Z,2026-01-12T12:00:00+02:00,0,0,0,False
1,2026-01-12T11:00:00Z,2026-01-12T13:00:00+02:00,0,0,0,False
1,2026-01-12T12:00:00Z,2026-01-12T14:00:00+02:00,0,0,0,False
1,2026-01-12T13:00:00Z,2026-01-12T15:00:00+02:00,0,0,0,False
1,2026-01-12T14:00:00Z,2026-01-12T16:00:00+02:00,0,0,0,False
1,2026-01-12T15:00:00Z,2026-01-12T17:00:00+02:00,0,0,0,False
1,2026-01-12T16:00:00Z,2026-01-12T18:00:00+02:00,0,0,0,False
1,2026-01-12T17:00:00Z,2026-01-12T19:00:00+02:00,0,0,0,False
1,2026-01-12T18:00:00Z,2026-01-12T20:00:00+02:00,0,0,0,False
1,2026-01-12T19:00:00Z,2026-01-12T21:00:00+02:00,0,0,0,False
1,2026-01-12T20:00:00Z,2026-01-12T22:00:00+02:00,0,0,0,False
1,2026-01-12T21:00:00Z,2026-01-12T23:00:00+02:00,0,0,0,False
1,2026-01-12T22:00:00Z,2026-01-13T00:00:00+02:00,0,0,0,False
1,2026-01-12T23:00:00Z,2026-01-13T01:00:00+02:00,0,0,0,False
1,2026-01-13T00:00:00Z,2026-01-13T02:00:00+02:00,0,0,0,False
1,2026-01-13T01:00:00Z,2026-01-13T03:00:00+02:00,0,0,0,False
1,2026-01-13T02:00:00Z,2026-01-13T04:00:00+02:00,0,0,0,False
1,2026-01-13T03:00:00Z,2026-01-13T05:00:00+02:00,0,0,0,False
1,2026-01-13T04:00:00Z,2026-01-13T06:00:00+02:00,0,0,0,False
1,2026-01-13T05:00:00Z,2026-01-13T07:00:00+02:00,0,0,0,False
1,2026-01-13T06:00:00Z,2026-01-13T08:00:00+02:00,0,0,0,False
1,2026-01-13T07:00:00Z,2026-01-13T09:00:00+02:00,0,0,0,False
1,2026-01-13T08:00:00Z,2026-01-13T10:00:00+02:00,0,0,0,False
1,2026-01-13T09:00:00Z,2026-01-13T11:00:00+02:00,0,0,0,False
1,2026-01-13T10:00:00Z,2026-01-13T12:00:00+02:00,0,0,0,False
1,2026-01-13T11:00:00Z,2026-01-13T13:00:00+02:00,0,0,0,False
1,2026-01-13T12:00:00Z,2026-01-13T14:00:00+02:00,0,0,0,False
1,2026-01-13T13:00:00Z,2026-01-13T15:00:00+02:00,0,0,0,False
1,2026-01-13T14:00:00Z,2026-01-13T16:00:00+02:00,0,0,0,False
1,2026-01-13T15:00:00Z,2026-01-13T17:00:00+02:00,0,0,0,False
1,2026-01-13T16:00:00Z,2026-01-13T18:00:00+02:00,0,0,0,False
1,2026-01-13T17:00:00Z,2026-01-13T19:00:00+02:00,0,0,0,False
1,2026-01-13T18:00:00Z,2026-01-13T20:00:00+02:00,0,0,0,False
1,2026-01-13T19:00:00Z,2026-01-13T21:00:00+02:00,0,0,0,False
1,2026-01-13T20:00:00Z,2026-01-13T22:00:00+02:00,0,0,0,False
1,2026-01-13T21:00:00Z,2026-01-13T23:00:00+02:00,0,0,0,False
1,2026-01-13T22:00:00Z,2026-01-14T00:00:00+02:00,0,0,0,False
1,2026-01-13T23:00:00Z,2026-01-14T01:00:00+02:00,0,0,0,False
1,2026-01-14T00:00:00Z,2026-01-14T02:00:00+02:00,0,0,0,False
1,2026-01-14T01:00:00Z,2026-01-14T03:00:00+02:00,0,0,0,False
1,2026-01-14T02:00:00Z,2026-01-14T04:00:00+02:00,0,0,0,False
1,2026-01-14T03:00:00Z,2026-01-14T05:00:00+02:00,0,0,0,False
1,2026-01-14T04:00:00Z,2026-01-14T06:00:00+02:00,0,0,0,False
1,2026-01-14T05:00:00Z,2026-01-14T07:00:00+02:00,0,0,0,False
1,2026-01-14T06:00:00Z,2026-01-14T08:00:00+02:00,0,0,0,False
1,2026-01-14T07:00:00Z,2026-01-14T09:00:00+02:00,0,0,0,False
1,2026-01-14T08:00:00Z,2026-01-14T10:00:00+02:00,0,0,0,False
1,2026-01-14T09:00:00Z,2026-01-14T11:00:00+02:00,0,0,0,False
1,2026-01-14T10:00:00Z,2026-01-14T12:00:00+02:00,0,0,0,False
1,2026-01-14T11:00:00Z,2026-01-14T13:00:00+02:00,0,0,0,False
1,2026-01-14T12:00:00Z,2026-01-14T14:00:00+02:00,0,0,0,False
1,2026-01-14T13:00:00Z,2026-01-14T15:00:00+02:00,0,0,0,False
1,2026-01-14T14:00:00Z,2026-01-14T16:00:00+02:00,0,0,0,False
1,2026-01-14T15:00:00Z,2026-01-14T17:00:00+02:00,0,0,0,False
1,2026-01-14T16:00:00Z,2026-01-14T18:00:00+02:00,0,0,0,False
1,2026-01-14T17:00:00Z,2026-01-14T19:00:00+02:00,0,0,0,False
1,2026-01-14T18:00:00Z,2026-01-14T20:00:00+02:00,0,0,0,False
1,2026-01-14T19:00:00Z,2026-01-14T21:00:00+02:00,0,0,0,False
1,2026-01-14T20:00:00Z,2026-01-14T22:00:00+02:00,0,0,0,False
1,2026-01-14T21:00:00Z,2026-01-14T23:00:00+02:00,0,0,0,False
1,2026-01-14T22:00:00Z,2026-01-15T00:00:00+02:00,0,0,0,False
1,2026-01-14T23:00:00Z,2026-01-15T01:00:00+02:00,0,0,0,False
1,2026-01-15T00:00:00Z,2026-01-15T02:00:00+02:00,0,0,0,False
1,2026-01-15T01:00:00Z,2026-01-15T03:00:00+02:00,0,0,0,False
1,2026-01-15T02:00:00Z,2026-01-15T04:00:00+02:00,0,0,0,False
1,2026-01-15T03:00:00Z,2026-01-15T05:00:00+02:00,0,0,0,False
1,2026-01-15T04:00:00Z,2026-01-15T06:00:00+02:00,0,0,0,False
1,2026-01-15T05:00:00Z,2026-01-15T07:00:00+02:00,0,0,0,False
1,2026-01-15T06:00:00Z,2026-01-15T08:00:00+02:00,0,0,0,False
1,2026-01-15T07:00:00Z,2026-01-15T09:00:00+02:00,0,0,0,False
1,2026-01-15T08:00:00Z,2026-01-15T10:00:00+02:00,0,0,0,False
1,2026-01-15T09:00:00Z,2026-01-15T11:00:00+02:00,0,0,0,False
1,2026-01-15T10:00:00Z,2026-01-15T12:00:00+02:00,0,0,0,False
1,2026-01-15T11:00:00Z,2026-01-15T13:00:00+02:00,0,0,0,False
1,2026-01-15T12:00:00Z,2026-01-15T14:00:00+02:00,0,0,0,False
1,2026-01-15T13:00:00Z,2026-01-15T15:00:00+02:00,0,0,0,False
1,2026-01-15T14:00:00Z,2026-01-15T16:00:00+02:00,0,0,0,False
1,2026-01-15T15:00:00Z,2026-01-15T17:00:00+02:00,0,0,0,False
1,2026-01-15T16:00:00Z,2026-01-15T18:00:00+02:00,0,0,0,False
1,2026-01-15T17:00:00Z,2026-01-15T19:00:00+02:00,0,0,0,False
1,2026-01-15T18:00:00Z,2026-01-15T20:00:00+02:00,0,0,0,False
1,2026-01-15T19:00:00Z,2026-01-15T21:00:00+02:00,0,0,0,False
1,2026-01-15T20:00:00Z,2026-01-15T22:00:00+02:00,0,0,0,False
1,2026-01-15T21:00:00Z,2026-01-15T23:00:00+02:00,0,0,0,False
1,2026-01-15T22:00:00Z,2026-01-16T00:00:00+02:00,0,0,0,False
1,2026-01-15T23:00:00Z,2026-01-16T01:00:00+02:00,0,0,0,False
1,2026-01-16T00:00:00Z,2026-01-16T02:00:00+02:00,0,0,0,False
1,2026-01-16T01:00:00Z,2026-01-16T03:00:00+02:00,0,0,0,False
1,2026-01-16T02:00:00Z,2026-01-16T04:00:00+02:00,0,0,0,False
1,2026-01-16T03:00:00Z,2026-01-16T05:00:00+02:00,0,0,0,False
1,2026-01-16T04:00:00Z,2026-01-16T06:00:00+02:00,0,0,0,False
1,2026-01-16T05:00:00Z,2026-01-16T07:00:00+02:00,0,0,0,False
1,2026-01-16T06:00:00Z,2026-01-16T08:00:00+02:00,0,0,0,False
1,2026-01-16T07:00:00Z,2026-01-16T09:00:00+02:00,0,0,0,False
1,2026-01-16T08:00:00Z,2026-01-16T10:00:00+02:00,0,0,0,False
1,2026-01-16T09:00:00Z,2026-01-16T11:00:00+02:00,0,0,0,False
1,2026-01-16T10:00:00Z,2026-01-16T12:00:00+02:00,0,0,0,False
1,2026-01-16T11:00:00Z,2026-01-16T13:00:00+02:00,0,0,0,False
1,2026-01-16T12:00:00Z,2026-01-16T14:00:00+02:00,0,0,0,False
1,2026-01-16T13:00:00Z,2026-01-16T15:00:00+02:00,0,0,0,False
1,2026-01-16T14:00:00Z,2026-01-16T16:00:00+02:00,0,0,0,False
1,2026-01-16T15:00:00Z,2026-01-16T17:00:00+02:00,0,0,0,False
1,2026-01-16T16:00:00Z,2026-01-16T18:00:00+02:00,0,0,0,False
1,2026-01-16T17:00:00Z,2026-01-16T19:00:00+02:00,0,0,0,False
1,2026-01-16T18:00:00Z,2026-01-16T20:00:00+02:00,0,0,0,False
1,2026-01-16T19:00:00Z,2026-01-16T21:00:00+02:00,0,0,0,False
1,2026-01-16T20:00:00Z,2026-01-16T22:00:00+02:00,0,0,0,False
1,2026-01-16T21:00:00Z,2026-01-16T23:00:00+02:00,0,0,0,False
1,2026-01-16T22:00:00Z,2026-01-17T00:00:00+02:00,0,0,0,False
1,2026-01-16T23:00:00Z,2026-01-17T01:00:00+02:00,0,0,0,False
1,2026-01-17T00:00:00Z,2026-01-17T02:00:00+02:00,0,0,0,False
1,2026-01-17T01:00:00Z,2026-01-17T03:00:00+02:00,0,0,0,False
1,2026-01-17T02:00:00Z,2026-01-17T04:00:00+02:00,0,0,0,False
1,2026-01-17T03:00:00Z,2026-01-17T05:00:00+02:00,0,0,0,False
1,2026-01-17T04:00:00Z,2026-01-17T06:00:00+02:00,0,0,0,False
1,2026-01-17T05:00:00Z,2026-01-17T07:00:00+02:00,0,0,0,False
1,2026-01-17T06:00:00Z,2026-01-17T08:00:00+02:00,0,0,0,False
1,2026-01-17T07:00:00Z,2026-01-17T09:00:00+02:00,0,0,0,False
1,2026-01-17T08:00:00Z,2026-01-17T10:00:00+02:00,0,0,0,False
1,2026-01-17T09:00:00Z,2026-01-17T11:00:00+02:00,0,0,0,False
1,2026-01-17T10:00:00Z,2026-01-17T12:00:00+02:00,0,0,0,False
1,2026-01-17T11:00:00Z,2026-01-17T13:00:00+02:00,0,0,0,False
1,2026-01-17T12:00:00Z,2026-01-17T14:00:00+02:00,0,0,0,False
1,2026-01-17T13:00:00Z,2026-01-17T15:00:00+02:00,0,0,0,False
1,2026-01-17T14:00:00Z,2026-01-17T16:00:00+02:00,0,0,0,False
1,2026-01-17T15:00:00Z,2026-01-17T17:00:00+02:00,0,0,0,False
1,2026-01-17T16:00:00Z,2026-01-17T18:00:00+02:00,0,0,0,False
1,2026-01-17T17:00:00Z,2026-01-17T19:00:00+02:00,0,0,0,False
1,2026-01-17T18:00:00Z,2026-01-17T20:00:00+02:00,0,0,0,False
1,2026-01-17T19:00:00Z,2026-01-17T21:00:00+02:00,0,0,0,False
1,2026-01-17T20:00:00Z,2026-01-17T22:00:00+02:00,0,0,0,False
1,2026-01-17T21:00:00Z,2026-01-17T23:00:00+02:00,0,0,0,False
1,2026-01-17T22:00:00Z,2026-01-18T00:00:00+02:00,0,0,0,False
1,2026-01-17T23:00:00Z,2026-01-18T01:00:00+02:00,0,0,0,False
1,2026-01-18T00:00:00Z,2026-01-18T02:00:00+02:00,0,0,0,False
1,2026-01-18T01:00:00Z,2026-01-18T03:00:00+02:00,0,0,0,False
1,2026-01-18T02:00:00Z,2026-01-18T04:00:00+02:00,0,0,0,False
1,2026-01-18T03:00:00Z,2026-01-18T05:00:00+02:00,0,0,0,False
1,2026-01-18T04:00:00Z,2026-01-18T06:00:00+02:00,0,0,0,False
1,2026-01-18T05:00:00Z,2026-01-18T07:00:00+02:00,0,0,0,False
1,2026-01-18T06:00:00Z,2026-01-18T08:00:00+02:00,0,0,0,False
1,2026-01-18T07:00:00Z,2026-01-18T09:00:00+02:00,0,0,0,False
1,2026-01-18T08:00:00Z,2026-01-18T10:00:00+02:00,0,0,0,False
1,2026-01-18T09:00:00Z,2026-01-18T11:00:00+02:00,0,0,0,False
1,2026-01-18T10:00:00Z,2026-01-18T12:00:00+02:00,0,0,0,False
1,2026-01-18T11:00:00Z,2026-01-18T13:00:00+02:00,0,0,0,False
1,2026-01-18T12:00:00Z,2026-01-18T14:00:00+02:00,0,0,0,False
1,2026-01-18T13:00:00Z,2026-01-18T15:00:00+02:00,0,0,0,False
1,2026-01-18T14:00:00Z,2026-01-18T16:00:00+02:00,0,0,0,False
1,2026-01-18T15:00:00Z,2026-01-18T17:00:00+02:00,0,0,0,False
1,2026-01-18T16:00:00Z,2026-01-18T18:00:00+02:00,0,0,0,False
1,2026-01-18T17:00:00Z,2026-01-18T19:00:00+02:00,0,0,0,False
1,2026-01-18T18:00:00Z,2026-01-18T20:00:00+02:00,0,0,0,False
1,2026-01-18T19:00:00Z,2026-01-18T21:00:00+02:00,0,0,0,False
1,2026-01-18T20:00:00Z,2026-01-18T22:00:00+02:00,0,0,0,False
1,2026-01-18T21:00:00Z,2026-01-18T23:00:00+02:00,0,0,0,False
1,2026-01-18T22:00:00Z,2026-01-19T00:00:00+02:00,0,0,0,False
1,2026-01-18T23:00:00Z,2026-01-19T01:00:00+02:00,0,0,0,False
1,2026-01-19T00:00:00Z,2026-01-19T02:00:00+02:00,0,0,0,False
1,2026-01-19T01:00:00Z,2026-01-19T03:00:00+02:00,0,0,0,False
1,2026-01-19T02:00:00Z,2026-01-19T04:00:00+02:00,0,0,0,False
1,2026-01-19T03:00:00Z,2026-01-19T05:00:00+02:00,0,0,0,False
1,2026-01-19T04:00:00Z,2026-01-19T06:00:00+02:00,0,0,0,False
1,2026-01-19T05:00:00Z,2026-01-19T07:00:00+02:00,0,0,0,False
1,2026-01-19T06:00:00Z,2026-01-19T08:00:00+02:00,0,0,0,False
1,2026-01-19T07:00:00Z,2026-01-19T09:00:00+02:00,0,0,0,False
1,2026-01-19T08:00:00Z,2026-01-19T10:00:00+02:00,0,0,0,False
1,2026-01-19T09:00:00Z,2026-01-19T11:00:00+02:00,0,0,0,False
1,2026-01-19T10:00:00Z,2026-01-19T12:00:00+02:00,0,0,0,False
1,2026-01-19T11:00:00Z,2026-01-19T13:00:00+02:00,0,0,0,False
1,2026-01-19T12:00:00Z,2026-01-19T14:00:00+02:00,0,0,0,False
1,2026-01-19T13:00:00Z,2026-01-19T15:00:00+02:00,0,0,0,False
1,2026-01-19T14:00:00Z,2026-01-19T16:00:00+02:00,0,0,0,False
1,2026-01-19T15:00:00Z,2026-01-19T17:00:00+02:00,0,0,0,False
1,2026-01-19T16:00:00Z,2026-01-19T18:00:00+02:00,0,0,0,False
1,2026-01-19T17:00:00Z,2026-01-19T19:00:00+02:00,0,0,0,False
1,2026-01-19T18:00:00Z,2026-01-19T20:00:00+02:00,0,0,0,False
1,2026-01-19T19:00:00Z,2026-01-19T21:00:00+02:00,0,0,0,False
1,2026-01-19T20:00:00Z,2026-01-19T22:00:00+02:00,0,0,0,False
1,2026-01-19T21:00:00Z,2026-01-19T23:00:00+02:00,0,0,0,False
1,2026-01-19T22:00:00Z,2026-01-20T00:00:00+02:00,0,0,0,False
1,2026-01-19T23:00:00Z,2026-01-20T01:00:00+02:00,0,0,0,False
1,2026-01-20T00:00:00Z,2026-01-20T02:00:00+02:00,0,0,0,False
1,2026-01-20T01:00:00Z,2026-01-20T03:00:00+02:00,0,0,0,False
1,2026-01-20T02:00:00Z,2026-01-20T04:00:00+02:00,0,0,0,False
1,2026-01-20T03:00:00Z,2026-01-20T05:00:00+02:00,0,0,0,False
1,2026-01-20T04:00:00Z,2026-01-20T06:00:00+02:00,0,0,0,False
1,2026-01-20T05:00:00Z,2026-01-20T07:00:00+02:00,0,0,0,False
1,2026-01-20T06:00:00Z,2026-01-20T08:00:00+02:00,0,0,0,False
1,2026-01-20T07:00:00Z,2026-01-20T09:00:00+02:00,0,0,0,False
1,2026-01-20T08:00:00Z,2026-01-20T10:00:00+02:00,0,0,0,False
1,2026-01-20T09:00:00Z,2026-01-20T11:00:00+02:00,0,0,0,False
1,2026-01-20T10:00:00Z,2026-01-20T12:00:00+02:00,0,0,0,False
1,2026-01-20T11:00:00Z,2026-01-20T13:00:00+02:00,0,0,0,False
1,2026-01-20T12:00:00Z,2026-01-20T14:00:00+02:00,0,0,0,False
1,2026-01-20T13:00:00Z,2026-01-20T15:00:00+02:00,0,0,0,False
1,2026-01-20T14:00:00Z,2026-01-20T16:00:00+02:00,0,0,0,False
1,2026-01-20T15:00:00Z,2026-01-20T17:00:00+02:00,0,0,0,False
1,2026-01-20T16:00:00Z,2026-01-20T18:00:00+02:00,0,0,0,False
1,2026-01-20T17:00:00Z,2026-01-20T19:00:00+02:00,0,0,0,False
1,2026-01-20T18:00:00Z,2026-01-20T20:00:00+02:00,0,0,0,False
1,2026-01-20T19:00:00Z,2026-01-20T21:00:00+02:00,0,0,0,False
1,2026-01-20T20:00:00Z,2026-01-20T22:00:00+02:00,0,0,0,False
1,2026-01-20T21:00:00Z,2026-01-20T23:00:00+02:00,0,0,0,False
1,2026-01-20T22:00:00Z,2026-01-21T00:00:00+02:00,0,0,0,False
1,2026-01-20T23:00:00Z,2026-01-21T01:00:00+02:00,0,0,0,False
1,2026-01-21T00:00:00Z,2026-01-21T02:00:00+02:00,0,0,0,False
1,2026-01-21T01:00:00Z,2026-01-21T03:00:00+02:00,0,0,0,False
1,2026-01-21T02:00:00Z,2026-01-21T04:00:00+02:00,0,0,0,False
1,2026-01-21T03:00:00Z,2026-01-21T05:00:00+02:00,0,0,0,False
1,2026-01-21T04:00:00Z,2026-01-21T06:00:00+02:00,0,0,0,False
1,2026-01-21T05:00:00Z,2026-01-21T07:00:00+02:00,0,0,0,False
1,2026-01-21T06:00:00Z,2026-01-21T08:00:00+02:00,0,0,0,False
1,2026-01-21T07:00:00Z,2026-01-21T09:00:00+02:00,0,0,0,False
1,2026-01-21T08:00:00Z,2026-01-21T10:00:00+02:00,0,0,0,False
1,2026-01-21T09:00:00Z,2026-01-21T11:00:00+02:00,0,0,0,False
1,2026-01-21T10:00:00Z,2026-01-21T12:00:00+02:00,0,0,0,False
1,2026-01-21T11:00:00Z,2026-01-21T13:00:00+02:00,0,0,0,False
1,2026-01-21T12:00:00Z,2026-01-21T14:00:00+02:00,0,0,0,False
1,2026-01-21T13:00:00Z,2026-01-21T15:00:00+02:00,0,0,0,False
1,2026-01-21T14:00:00Z,2026-01-21T16:00:00+02:00,0,0,0,False
1,2026-01-21T15:00:00Z,2026-01-21T17:00:00+02:00,0,0,0,False
1,2026-01-21T16:00:00Z,2026-01-21T18:00:00+02:00,0,0,0,False
1,2026-01-21T17:00:00Z,2026-01-21T19:00:00+02:00,0,0,0,False
1,2026-01-21T18:00:00Z,2026-01-21T20:00:00+02:00,0,0,0,False
1,2026-01-21T19:00:00Z,2026-01-21T21:00:00+02:00,0,0,0,False
1,2026-01-21T20:00:00Z,2026-01-21T22:00:00+02:00,0,0,0,False
1,2026-01-21T21:00:00Z,2026-01-21T23:00:00+02:00,0,0,0,False
1,2026-01-21T22:00:00Z,2026-01-22T00:00:00+02:00,0,0,0,False
1,2026-01-21T23:00:00Z,2026-01-22T01:00:00+02:00,0,0,0,False
1,2026-01-22T00:00:00Z,2026-01-22T02:00:00+02:00,0,0,0,False
1,2026-01-22T01:00:00Z,2026-01-22T03:00:00+02:00,0,0,0,False
1,2026-01-22T02:00:00Z,2026-01-22T04:00:00+02:00,0,0,0,False
1,2026-01-22T03:00:00Z,2026-01-22T05:00:00+02:00,0,0,0,False
1,2026-01-22T04:00:00Z,2026-01-22T06:00:00+02:00,0,0,0,False
1,2026-01-22T05:00:00Z,2026-01-22T07:00:00+02:00,0,0,0,False
1,2026-01-22T06:00:00Z,2026-01-22T08:00:00+02:00,0,0,0,False
1,2026-01-22T07:00:00Z,2026-01-22T09:00:00+02:00,0,0,0,False
1,2026-01-22T08:00:00Z,2026-01-22T10:00:00+02:00,0,0,0,False
1,2026-01-22T09:00:00Z,2026-01-22T11:00:00+02:00,0,0,0,False
1,2026-01-22T10:00:00Z,2026-01-22T12:00:00+02:00,0,0,0,False
1,2026-01-22T11:00:00Z,2026-01-22T13:00:00+02:00,19,8,27,False
1,2026-01-22T12:00:00Z,2026-01-22T14:00:00+02:00,89,86,175,False
1,2026-01-22T13:00:00Z,2026-01-22T15:00:00+02:00,24,27,51,False
1,2026-01-22T14:00:00Z,2026-01-22T16:00:00+02:00,32,29,61,False
1,2026-01-22T15:00:00Z,2026-01-22T17:00:00+02:00,39,45,84,False
1,2026-01-22T16:00:00Z,2026-01-22T18:00:00+02:00,14,17,31,False
1,2026-01-22T17:00:00Z,2026-01-22T19:00:00+02:00,2,2,4,False
1,2026-01-22T18:00:00Z,2026-01-22T20:00:00+02:00,0,0,0,False
1,2026-01-22T19:00:00Z,2026-01-22T21:00:00+02:00,0,0,0,False
1,2026-01-22T20:00:00Z,2026-01-22T22:00:00+02:00,0,0,0,False
1,2026-01-22T21:00:00Z,2026-01-22T23:00:00+02:00,0,0,0,False
1,2026-01-22T22:00:00Z,2026-01-23T00:00:00+02:00,0,0,0,False
1,2026-01-22T23:00:00Z,2026-01-23T01:00:00+02:00,0,0,0,False
1,2026-01-23T00:00:00Z,2026-01-23T02:00:00+02:00,0,0,0,False
1,2026-01-23T01:00:00Z,2026-01-23T03:00:00+02:00,0,0,0,False
1,2026-01-23T02:00:00Z,2026-01-23T04:00:00+02:00,0,0,0,False
1,2026-01-23T03:00:00Z,2026-01-23T05:00:00+02:00,0,0,0,False
1,2026-01-23T04:00:00Z,2026-01-23T06:00:00+02:00,0,0,0,False
1,2026-01-23T05:00:00Z,2026-01-23T07:00:00+02:00,0,0,0,False
1,2026-01-23T06:00:00Z,2026-01-23T08:00:00+02:00,7,7,14,False
1,2026-01-23T07:00:00Z,2026-01-23T09:00:00+02:00,3,2,5,False
1,2026-01-23T08:00:00Z,2026-01-23T10:00:00+02:00,6,7,13,False
1,2026-01-23T09:00:00Z,2026-01-23T11:00:00+02:00,20,15,35,False
1,2026-01-23T10:00:00Z,2026-01-23T12:00:00+02:00,31,31,62,False
1,2026-01-23T11:00:00Z,2026-01-23T13:00:00+02:00,38,32,70,False
1,2026-01-23T12:00:00Z,2026-01-23T14:00:00+02:00,58,43,101,False
1,2026-01-23T13:00:00Z,2026-01-23T15:00:00+02:00,47,60,107,False
1,2026-01-23T14:00:00Z,2026-01-23T16:00:00+02:00,27,33,60,False
1,2026-01-23T15:00:00Z,2026-01-23T17:00:00+02:00,60,52,112,False
1,2026-01-23T16:00:00Z,2026-01-23T18:00:00+02:00,11,21,32,False
1,2026-01-23T17:00:00Z,2026-01-23T19:00:00+02:00,2,8,10,False
1,2026-01-23T18:00:00Z,2026-01-23T20:00:00+02:00,0,0,0,False
1,2026-01-23T19:00:00Z,2026-01-23T21:00:00+02:00,0,0,0,False
1,2026-01-23T20:00:00Z,2026-01-23T22:00:00+02:00,0,0,0,False
1,2026-01-23T21:00:00Z,2026-01-23T23:00:00+02:00,0,0,0,False
1,2026-01-23T22:00:00Z,2026-01-24T00:00:00+02:00,0,0,0,False
1,2026-01-23T23:00:00Z,2026-01-24T01:00:00+02:00,0,0,0,False
1,2026-01-24T00:00:00Z,2026-01-24T02:00:00+02:00,0,0,0,False
1,2026-01-24T01:00:00Z,2026-01-24T03:00:00+02:00,0,0,0,False
1,2026-01-24T02:00:00Z,2026-01-24T04:00:00+02:00,0,0,0,False
1,2026-01-24T03:00:00Z,2026-01-24T05:00:00+02:00,0,0,0,False
1,2026-01-24T04:00:00Z,2026-01-24T06:00:00+02:00,0,0,0,False
1,2026-01-24T05:00:00Z,2026-01-24T07:00:00+02:00,0,0,0,False
1,2026-01-24T06:00:00Z,2026-01-24T08:00:00+02:00,0,0,0,False
1,2026-01-24T07:00:00Z,2026-01-24T09:00:00+02:00,9,8,17,False
1,2026-01-24T08:00:00Z,2026-01-24T10:00:00+02:00,3,5,8,False
1,2026-01-24T09:00:00Z,2026-01-24T11:00:00+02:00,42,28,70,False
1,2026-01-24T10:00:00Z,2026-01-24T12:00:00+02:00,75,55,130,False
1,2026-01-24T11:00:00Z,2026-01-24T13:00:00+02:00,109,110,219,False
1,2026-01-24T12:00:00Z,2026-01-24T14:00:00+02:00,91,93,184,False
1,2026-01-24T13:00:00Z,2026-01-24T15:00:00+02:00,69,58,127,False
1,2026-01-24T14:00:00Z,2026-01-24T16:00:00+02:00,62,68,130,False
1,2026-01-24T15:00:00Z,2026-01-24T17:00:00+02:00,67,64,131,False
1,2026-01-24T16:00:00Z,2026-01-24T18:00:00+02:00,35,63,98,False
1,2026-01-24T17:00:00Z,2026-01-24T19:00:00+02:00,4,6,10,False
1,2026-01-24T18:00:00Z,2026-01-24T20:00:00+02:00,0,0,0,False
1,2026-01-24T19:00:00Z,2026-01-24T21:00:00+02:00,0,0,0,False
1,2026-01-24T20:00:00Z,2026-01-24T22:00:00+02:00,0,0,0,False
1,2026-01-24T21:00:00Z,2026-01-24T23:00:00+02:00,0,0,0,False
1,2026-01-24T22:00:00Z,2026-01-25T00:00:00+02:00,0,0,0,False
1,2026-01-24T23:00:00Z,2026-01-25T01:00:00+02:00,0,0,0,False
1,2026-01-25T00:00:00Z,2026-01-25T02:00:00+02:00,0,0,0,False
1,2026-01-25T01:00:00Z,2026-01-25T03:00:00+02:00,0,0,0,False
1,2026-01-25T02:00:00Z,2026-01-25T04:00:00+02:00,0,0,0,False
1,2026-01-25T03:00:00Z,2026-01-25T05:00:00+02:00,0,0,0,False
1,2026-01-25T04:00:00Z,2026-01-25T06:00:00+02:00,0,0,0,False
1,2026-01-25T05:00:00Z,2026-01-25T07:00:00+02:00,0,0,0,False
1,2026-01-25T06:00:00Z,2026-01-25T08:00:00+02:00,0,0,0,False
1,2026-01-25T07:00:00Z,2026-01-25T09:00:00+02:00,7,7,14,False
1,2026-01-25T08:00:00Z,2026-01-25T10:00:00+02:00,1,1,2,False
1,2026-01-25T09:00:00Z,2026-01-25T11:00:00+02:00,25,15,40,False
1,2026-01-25T10:00:00Z,2026-01-25T12:00:00+02:00,37,29,66,False
1,2026-01-25T11:00:00Z,2026-01-25T13:00:00+02:00,56,56,112,False
1,2026-01-25T12:00:00Z,2026-01-25T14:00:00+02:00,38,48,86,False
1,2026-01-25T13:00:00Z,2026-01-25T15:00:00+02:00,39,26,65,False
1,2026-01-25T14:00:00Z,2026-01-25T16:00:00+02:00,39,52,91,False
1,2026-01-25T15:00:00Z,2026-01-25T17:00:00+02:00,22,28,50,False
1,2026-01-25T16:00:00Z,2026-01-25T18:00:00+02:00,4,4,8,False
1,2026-01-25T17:00:00Z,2026-01-25T19:00:00+02:00,0,0,0,False
1,2026-01-25T18:00:00Z,2026-01-25T20:00:00+02:00,0,0,0,False
1,2026-01-25T19:00:00Z,2026-01-25T21:00:00+02:00,0,0,0,False
1,2026-01-25T20:00:00Z,2026-01-25T22:00:00+02:00,0,0,0,False
1,2026-01-25T21:00:00Z,2026-01-25T23:00:00+02:00,0,0,0,False
1,2026-01-25T22:00:00Z,2026-01-26T00:00:00+02:00,0,0,0,False
1,2026-01-25T23:00:00Z,2026-01-26T01:00:00+02:00,0,0,0,False
1,2026-01-26T00:00:00Z,2026-01-26T02:00:00+02:00,0,0,0,False
1,2026-01-26T01:00:00Z,2026-01-26T03:00:00+02:00,0,0,0,False
1,2026-01-26T02:00:00Z,2026-01-26T04:00:00+02:00,0,0,0,False
1,2026-01-26T03:00:00Z,2026-01-26T05:00:00+02:00,0,0,0,False
1,2026-01-26T04:00:00Z,2026-01-26T06:00:00+02:00,1,1,2,False
1,2026-01-26T05:00:00Z,2026-01-26T07:00:00+02:00,2,0,2,False
1,2026-01-26T06:00:00Z,2026-01-26T08:00:00+02:00,9,10,19,False
1,2026-01-26T07:00:00Z,2026-01-26T09:00:00+02:00,4,4,8,False
1,2026-01-26T08:00:00Z,2026-01-26T10:00:00+02:00,4,7,11,False
1,2026-01-26T09:00:00Z,2026-01-26T11:00:00+02:00,21,17,38,False
1,2026-01-26T10:00:00Z,2026-01-26T12:00:00+02:00,30,26,56,False
1,2026-01-26T11:00:00Z,2026-01-26T13:00:00+02:00,21,26,47,False
1,2026-01-26T12:00:00Z,2026-01-26T14:00:00+02:00,25,22,47,False
1,2026-01-26T13:00:00Z,2026-01-26T15:00:00+02:00,21,22,43,False
1,2026-01-26T14:00:00Z,2026-01-26T16:00:00+02:00,15,12,27,False
1,2026-01-26T15:00:00Z,2026-01-26T17:00:00+02:00,6,14,20,False
1,2026-01-26T16:00:00Z,2026-01-26T18:00:00+02:00,6,6,12,False
1,2026-01-26T17:00:00Z,2026-01-26T19:00:00+02:00,2,2,4,False
1,2026-01-26T18:00:00Z,2026-01-26T20:00:00+02:00,0,0,0,False
1,2026-01-26T19:00:00Z,2026-01-26T21:00:00+02:00,0,0,0,False
1,2026-01-26T20:00:00Z,2026-01-26T22:00:00+02:00,0,0,0,False
1,2026-01-26T21:00:00Z,2026-01-26T23:00:00+02:00,0,0,0,False
1,2026-01-26T22:00:00Z,2026-01-27T00:00:00+02:00,0,0,0,False
1,2026-01-26T23:00:00Z,2026-01-27T01:00:00+02:00,0,0,0,False
1,2026-01-27T00:00:00Z,2026-01-27T02:00:00+02:00,0,0,0,False
1,2026-01-27T01:00:00Z,2026-01-27T03:00:00+02:00,0,0,0,False
1,2026-01-27T02:00:00Z,2026-01-27T04:00:00+02:00,0,0,0,False
1,2026-01-27T03:00:00Z,2026-01-27T05:00:00+02:00,0,0,0,False
1,2026-01-27T04:00:00Z,2026-01-27T06:00:00+02:00,0,0,0,False
1,2026-01-27T05:00:00Z,2026-01-27T07:00:00+02:00,0,0,0,False
1,2026-01-27T06:00:00Z,2026-01-27T08:00:00+02:00,9,7,16,False
1,2026-01-27T07:00:00Z,2026-01-27T09:00:00+02:00,3,3,6,False
1,2026-01-27T08:00:00Z,2026-01-27T10:00:00+02:00,1,3,4,False
1,2026-01-27T09:00:00Z,2026-01-27T11:00:00+02:00,29,24,53,False
1,2026-01-27T10:00:00Z,2026-01-27T12:00:00+02:00,10,14,24,False
1,2026-01-27T11:00:00Z,2026-01-27T13:00:00+02:00,48,31,79,False
1,2026-01-27T12:00:00Z,2026-01-27T14:00:00+02:00,46,48,94,False
1,2026-01-27T13:00:00Z,2026-01-27T15:00:00+02:00,23,35,58,False
1,2026-01-27T14:00:00Z,2026-01-27T16:00:00+02:00,35,29,64,False
1,2026-01-27T15:00:00Z,2026-01-27T17:00:00+02:00,112,111,223,False
1,2026-01-27T16:00:00Z,2026-01-27T18:00:00+02:00,10,19,29,False
1,2026-01-27T17:00:00Z,2026-01-27T19:00:00+02:00,2,4,6,False
1,2026-01-27T18:00:00Z,2026-01-27T20:00:00+02:00,0,0,0,False
1,2026-01-27T19:00:00Z,2026-01-27T21:00:00+02:00,0,0,0,False
1,2026-01-27T20:00:00Z,2026-01-27T22:00:00+02:00,0,0,0,False
1,2026-01-27T21:00:00Z,2026-01-27T23:00:00+02:00,0,0,0,False
1,2026-01-27T22:00:00Z,2026-01-28T00:00:00+02:00,0,0,0,False
1,2026-01-27T23:00:00Z,2026-01-28T01:00:00+02:00,0,0,0,False
1,2026-01-28T00:00:00Z,2026-01-28T02:00:00+02:00,0,0,0,False
1,2026-01-28T01:00:00Z,2026-01-28T03:00:00+02:00,0,0,0,False
1,2026-01-28T02:00:00Z,2026-01-28T04:00:00+02:00,0,0,0,False
1,2026-01-28T03:00:00Z,2026-01-28T05:00:00+02:00,0,0,0,False
1,2026-01-28T04:00:00Z,2026-01-28T06:00:00+02:00,0,0,0,False
1,2026-01-28T05:00:00Z,2026-01-28T07:00:00+02:00,0,0,0,False
1,2026-01-28T06:00:00Z,2026-01-28T08:00:00+02:00,4,5,9,False
1,2026-01-28T07:00:00Z,2026-01-28T09:00:00+02:00,0,0,0,False
1,2026-01-28T08:00:00Z,2026-01-28T10:00:00+02:00,6,6,12,False
1,2026-01-28T09:00:00Z,2026-01-28T11:00:00+02:00,25,24,49,False
1,2026-01-28T10:00:00Z,2026-01-28T12:00:00+02:00,20,19,39,False
1,2026-01-28T11:00:00Z,2026-01-28T13:00:00+02:00,18,15,33,False
1,2026-01-28T12:00:00Z,2026-01-28T14:00:00+02:00,25,19,44,False
1,2026-01-28T13:00:00Z,2026-01-28T15:00:00+02:00,15,20,35,False
1,2026-01-28T14:00:00Z,2026-01-28T16:00:00+02:00,19,13,32,False
1,2026-01-28T15:00:00Z,2026-01-28T17:00:00+02:00,14,18,32,False
1,2026-01-28T16:00:00Z,2026-01-28T18:00:00+02:00,26,26,52,False
1,2026-01-28T17:00:00Z,2026-01-28T19:00:00+02:00,2,6,8,False
1,2026-01-28T18:00:00Z,2026-01-28T20:00:00+02:00,0,0,0,False
1,2026-01-28T19:00:00Z,2026-01-28T21:00:00+02:00,0,0,0,False
1,2026-01-28T20:00:00Z,2026-01-28T22:00:00+02:00,0,0,0,False
1,2026-01-28T21:00:00Z,2026-01-28T23:00:00+02:00,0,0,0,False
1,2026-01-28T22:00:00Z,2026-01-29T00:00:00+02:00,0,0,0,False
1,2026-01-28T23:00:00Z,2026-01-29T01:00:00+02:00,0,0,0,False
1,2026-01-29T00:00:00Z,2026-01-29T02:00:00+02:00,0,0,0,False
1,2026-01-29T01:00:00Z,2026-01-29T03:00:00+02:00,0,0,0,False
1,2026-01-29T02:00:00Z,2026-01-29T04:00:00+02:00,0,0,0,False
1,2026-01-29T03:00:00Z,2026-01-29T05:00:00+02:00,0,0,0,False
1,2026-01-29T04:00:00Z,2026-01-29T06:00:00+02:00,0,0,0,False
1,2026-01-29T05:00:00Z,2026-01-29T07:00:00+02:00,0,0,0,False
1,2026-01-29T06:00:00Z,2026-01-29T08:00:00+02:00,1,1,2,False
1,2026-01-29T07:00:00Z,2026-01-29T09:00:00+02:00,3,2,5,False
1,2026-01-29T08:00:00Z,2026-01-29T10:00:00+02:00,1,2,3,False
1,2026-01-29T09:00:00Z,2026-01-29T11:00:00+02:00,29,20,49,False
1,2026-01-29T10:00:00Z,2026-01-29T12:00:00+02:00,48,37,85,False
1,2026-01-29T11:00:00Z,2026-01-29T13:00:00+02:00,99,96,195,False
1,2026-01-29T12:00:00Z,2026-01-29T14:00:00+02:00,42,56,98,False
1,2026-01-29T13:00:00Z,2026-01-29T15:00:00+02:00,9,13,22,False
1,2026-01-29T14:00:00Z,2026-01-29T16:00:00+02:00,26,23,49,False
1,2026-01-29T15:00:00Z,2026-01-29T17:00:00+02:00,20,21,41,False
1,2026-01-29T16:00:00Z,2026-01-29T18:00:00+02:00,8,16,24,False
1,2026-01-29T17:00:00Z,2026-01-29T19:00:00+02:00,4,4,8,False
1,2026-01-29T18:00:00Z,2026-01-29T20:00:00+02:00,0,0,0,False
1,2026-01-29T19:00:00Z,2026-01-29T21:00:00+02:00,0,0,0,False
1,2026-01-29T20:00:00Z,2026-01-29T22:00:00+02:00,0,0,0,False
1,2026-01-29T21:00:00Z,2026-01-29T23:00:00+02:00,0,0,0,False
1,2026-01-29T22:00:00Z,2026-01-30T00:00:00+02:00,0,0,0,False
1,2026-01-29T23:00:00Z,2026-01-30T01:00:00+02:00,0,0,0,False
1,2026-01-30T00:00:00Z,2026-01-30T02:00:00+02:00,0,0,0,False
1,2026-01-30T01:00:00Z,2026-01-30T03:00:00+02:00,0,0,0,False
1,2026-01-30T02:00:00Z,2026-01-30T04:00:00+02:00,0,0,0,False
1,2026-01-30T03:00:00Z,2026-01-30T05:00:00+02:00,0,0,0,False
1,2026-01-30T04:00:00Z,2026-01-30T06:00:00+02:00,0,0,0,False
1,2026-01-30T05:00:00Z,2026-01-30T07:00:00+02:00,2,2,4,False
1,2026-01-30T06:00:00Z,2026-01-30T08:00:00+02:00,8,8,16,False
1,2026-01-30T07:00:00Z,2026-01-30T09:00:00+02:00,0,0,0,False
1,2026-01-30T08:00:00Z,2026-01-30T10:00:00+02:00,8,9,17,False
1,2026-01-30T09:00:00Z,2026-01-30T11:00:00+02:00,32,25,57,False
1,2026-01-30T10:00:00Z,2026-01-30T12:00:00+02:00,49,40,89,False
1,2026-01-30T11:00:00Z,2026-01-30T13:00:00+02:00,14,28,42,False
1,2026-01-30T12:00:00Z,2026-01-30T14:00:00+02:00,36,23,59,False
1,2026-01-30T13:00:00Z,2026-01-30T15:00:00+02:00,45,54,99,False
1,2026-01-30T14:00:00Z,2026-01-30T16:00:00+02:00,30,35,65,False
1,2026-01-30T15:00:00Z,2026-01-30T17:00:00+02:00,44,27,71,False
1,2026-01-30T16:00:00Z,2026-01-30T18:00:00+02:00,43,56,99,False
1,2026-01-30T17:00:00Z,2026-01-30T19:00:00+02:00,5,12,17,False
1,2026-01-30T18:00:00Z,2026-01-30T20:00:00+02:00,0,0,0,False
1,2026-01-30T19:00:00Z,2026-01-30T21:00:00+02:00,0,0,0,False
1,2026-01-30T20:00:00Z,2026-01-30T22:00:00+02:00,0,0,0,False
1,2026-01-30T21:00:00Z,2026-01-30T23:00:00+02:00,0,0,0,False
1,2026-01-30T22:00:00Z,2026-01-31T00:00:00+02:00,0,0,0,False
1,2026-01-30T23:00:00Z,2026-01-31T01:00:00+02:00,0,0,0,False
1,2026-01-31T00:00:00Z,2026-01-31T02:00:00+02:00,0,0,0,False
1,2026-01-31T01:00:00Z,2026-01-31T03:00:00+02:00,0,0,0,False
1,2026-01-31T02:00:00Z,2026-01-31T04:00:00+02:00,0,0,0,False
1,2026-01-31T03:00:00Z,2026-01-31T05:00:00+02:00,0,0,0,False
1,2026-01-31T04:00:00Z,2026-01-31T06:00:00+02:00,0,0,0,False
1,2026-01-31T05:00:00Z,2026-01-31T07:00:00+02:00,0,0,0,False
1,2026-01-31T06:00:00Z,2026-01-31T08:00:00+02:00,0,0,0,False
1,2026-01-31T07:00:00Z,2026-01-31T09:00:00+02:00,9,10,19,False
1,2026-01-31T08:00:00Z,2026-01-31T10:00:00+02:00,3,1,4,False
1,2026-01-31T09:00:00Z,2026-01-31T11:00:00+02:00,53,33,86,False
1,2026-01-31T10:00:00Z,2026-01-31T12:00:00+02:00,55,69,124,False
1,2026-01-31T11:00:00Z,2026-01-31T13:00:00+02:00,102,74,176,False
1,2026-01-31T12:00:00Z,2026-01-31T14:00:00+02:00,127,131,258,False
1,2026-01-31T13:00:00Z,2026-01-31T15:00:00+02:00,94,110,204,False
1,2026-01-31T14:00:00Z,2026-01-31T16:00:00+02:00,87,86,173,False
1,2026-01-31T15:00:00Z,2026-01-31T17:00:00+02:00,76,58,134,False
1,2026-01-31T16:00:00Z,2026-01-31T18:00:00+02:00,23,60,83,False
1,2026-01-31T17:00:00Z,2026-01-31T19:00:00+02:00,2,4,6,False
1,2026-01-31T18:00:00Z,2026-01-31T20:00:00+02:00,0,0,0,False
1,2026-01-31T19:00:00Z,2026-01-31T21:00:00+02:00,0,0,0,False
1,2026-01-31T20:00:00Z,2026-01-31T22:00:00+02:00,0,0,0,False
1,2026-01-31T21:00:00Z,2026-01-31T23:00:00+02:00,0,0,0,False
1,2026-01-31T22:00:00Z,2026-02-01T00:00:00+02:00,0,0,0,False
1,2026-01-31T23:00:00Z,2026-02-01T01:00:00+02:00,0,0,0,False
1,2026-02-01T00:00:00Z,2026-02-01T02:00:00+02:00,0,0,0,False
1,2026-02-01T01:00:00Z,2026-02-01T03:00:00+02:00,0,0,0,False
1,2026-02-01T02:00:00Z,2026-02-01T04:00:00+02:00,0,0,0,False
1,2026-02-01T03:00:00Z,2026-02-01T05:00:00+02:00,0,0,0,False
1,2026-02-01T04:00:00Z,2026-02-01T06:00:00+02:00,0,0,0,False
1,2026-02-01T05:00:00Z,2026-02-01T07:00:00+02:00,0,0,0,False
1,2026-02-01T06:00:00Z,2026-02-01T08:00:00+02:00,0,0,0,False
1,2026-02-01T07:00:00Z,2026-02-01T09:00:00+02:00,7,7,14,False
1,2026-02-01T08:00:00Z,2026-02-01T10:00:00+02:00,2,2,4,False
1,2026-02-01T09:00:00Z,2026-02-01T11:00:00+02:00,25,17,42,False
1,2026-02-01T10:00:00Z,2026-02-01T12:00:00+02:00,38,26,64,False
1,2026-02-01T11:00:00Z,2026-02-01T13:00:00+02:00,56,59,115,False
1,2026-02-01T12:00:00Z,2026-02-01T14:00:00+02:00,39,44,83,False
1,2026-02-01T13:00:00Z,2026-02-01T15:00:00+02:00,51,57,108,False
1,2026-02-01T14:00:00Z,2026-02-01T16:00:00+02:00,14,18,32,False
1,2026-02-01T15:00:00Z,2026-02-01T17:00:00+02:00,11,15,26,False
1,2026-02-01T16:00:00Z,2026-02-01T18:00:00+02:00,1,0,1,False
1,2026-02-01T17:00:00Z,2026-02-01T19:00:00+02:00,0,0,0,False
1,2026-02-01T18:00:00Z,2026-02-01T20:00:00+02:00,0,0,0,False
1,2026-02-01T19:00:00Z,2026-02-01T21:00:00+02:00,0,0,0,False
1,2026-02-01T20:00:00Z,2026-02-01T22:00:00+02:00,0,0,0,False
1,2026-02-01T21:00:00Z,2026-02-01T23:00:00+02:00,0,0,0,False
1,2026-02-01T22:00:00Z,2026-02-02T00:00:00+02:00,0,0,0,False
1,2026-02-01T23:00:00Z,2026-02-02T01:00:00+02:00,0,0,0,False
1,2026-02-02T00:00:00Z,2026-02-02T02:00:00+02:00,0,0,0,False
1,2026-02-02T01:00:00Z,2026-02-02T03:00:00+02:00,0,0,0,False
1,2026-02-02T02:00:00Z,2026-02-02T04:00:00+02:00,0,0,0,False
1,2026-02-02T03:00:00Z,2026-02-02T05:00:00+02:00,0,0,0,False
1,2026-02-02T04:00:00Z,2026-02-02T06:00:00+02:00,0,0,0,False
1,2026-02-02T05:00:00Z,2026-02-02T07:00:00+02:00,0,0,0,False
1,2026-02-02T06:00:00Z,2026-02-02T08:00:00+02:00,5,5,10,False
1,2026-02-02T07:00:00Z,2026-02-02T09:00:00+02:00,4,4,8,False
1,2026-02-02T08:00:00Z,2026-02-02T10:00:00+02:00,3,2,5,False
1,2026-02-02T09:00:00Z,2026-02-02T11:00:00+02:00,53,21,74,False
1,2026-02-02T10:00:00Z,2026-02-02T12:00:00+02:00,38,63,101,False
1,2026-02-02T11:00:00Z,2026-02-02T13:00:00+02:00,29,30,59,False
1,2026-02-02T12:00:00Z,2026-02-02T14:00:00+02:00,23,28,51,False
1,2026-02-02T13:00:00Z,2026-02-02T15:00:00+02:00,15,11,26,False
1,2026-02-02T14:00:00Z,2026-02-02T16:00:00+02:00,7,5,12,False
1,2026-02-02T15:00:00Z,2026-02-02T17:00:00+02:00,18,20,38,False
1,2026-02-02T16:00:00Z,2026-02-02T18:00:00+02:00,12,14,26,False
1,2026-02-02T17:00:00Z,2026-02-02T19:00:00+02:00,0,1,1,False
1,2026-02-02T18:00:00Z,2026-02-02T20:00:00+02:00,0,0,0,False
1,2026-02-02T19:00:00Z,2026-02-02T21:00:00+02:00,0,0,0,False
1,2026-02-02T20:00:00Z,2026-02-02T22:00:00+02:00,0,0,0,False
1,2026-02-02T21:00:00Z,2026-02-02T23:00:00+02:00,0,0,0,False
1,2026-02-02T22:00:00Z,2026-02-03T00:00:00+02:00,0,0,0,False
1,2026-02-02T23:00:00Z,2026-02-03T01:00:00+02:00,0,0,0,False
1,2026-02-03T00:00:00Z,2026-02-03T02:00:00+02:00,0,0,0,False
1,2026-02-03T01:00:00Z,2026-02-03T03:00:00+02:00,0,0,0,False
1,2026-02-03T02:00:00Z,2026-02-03T04:00:00+02:00,0,0,0,False
1,2026-02-03T03:00:00Z,2026-02-03T05:00:00+02:00,0,0,0,False
1,2026-02-03T04:00:00Z,2026-02-03T06:00:00+02:00,0,0,0,False
1,2026-02-03T05:00:00Z,2026-02-03T07:00:00+02:00,0,0,0,False
1,2026-02-03T06:00:00Z,2026-02-03T08:00:00+02:00,6,6,12,False
1,2026-02-03T07:00:00Z,2026-02-03T09:00:00+02:00,0,0,0,False
1,2026-02-03T08:00:00Z,2026-02-03T10:00:00+02:00,0,0,0,False
1,2026-02-03T09:00:00Z,2026-02-03T11:00:00+02:00,31,24,55,False
1,2026-02-03T10:00:00Z,2026-02-03T12:00:00+02:00,23,20,43,False
1,2026-02-03T11:00:00Z,2026-02-03T13:00:00+02:00,11,15,26,False
1,2026-02-03T12:00:00Z,2026-02-03T14:00:00+02:00,24,17,41,False
1,2026-02-03T13:00:00Z,2026-02-03T15:00:00+02:00,22,25,47,False
1,2026-02-03T14:00:00Z,2026-02-03T16:00:00+02:00,18,17,35,False
1,2026-02-03T15:00:00Z,2026-02-03T17:00:00+02:00,13,20,33,False
1,2026-02-03T16:00:00Z,2026-02-03T18:00:00+02:00,3,4,7,False
1,2026-02-03T17:00:00Z,2026-02-03T19:00:00+02:00,1,0,1,False
1,2026-02-03T18:00:00Z,2026-02-03T20:00:00+02:00,0,0,0,False
1,2026-02-03T19:00:00Z,2026-02-03T21:00:00+02:00,0,0,0,False
1,2026-02-03T20:00:00Z,2026-02-03T22:00:00+02:00,0,0,0,False
1,2026-02-03T21:00:00Z,2026-02-03T23:00:00+02:00,0,0,0,False
1,2026-02-03T22:00:00Z,2026-02-04T00:00:00+02:00,0,0,0,False
1,2026-02-03T23:00:00Z,2026-02-04T01:00:00+02:00,0,0,0,False
1,2026-02-04T00:00:00Z,2026-02-04T02:00:00+02:00,0,0,0,False
1,2026-02-04T01:00:00Z,2026-02-04T03:00:00+02:00,0,0,0,False
1,2026-02-04T02:00:00Z,2026-02-04T04:00:00+02:00,0,0,0,False
1,2026-02-04T03:00:00Z,2026-02-04T05:00:00+02:00,0,0,0,False
1,2026-02-04T04:00:00Z,2026-02-04T06:00:00+02:00,0,0,0,False
1,2026-02-04T05:00:00Z,2026-02-04T07:00:00+02:00,0,0,0,False
1,2026-02-04T06:00:00Z,2026-02-04T08:00:00+02:00,4,3,7,False
1,2026-02-04T07:00:00Z,2026-02-04T09:00:00+02:00,1,1,2,False
1,2026-02-04T08:00:00Z,2026-02-04T10:00:00+02:00,2,2,4,False
1,2026-02-04T09:00:00Z,2026-02-04T11:00:00+02:00,16,15,31,False
1,2026-02-04T10:00:00Z,2026-02-04T12:00:00+02:00,45,41,86,False
1,2026-02-04T11:00:00Z,2026-02-04T13:00:00+02:00,33,25,58,False
1,2026-02-04T12:00:00Z,2026-02-04T14:00:00+02:00,22,23,45,False
1,2026-02-04T13:00:00Z,2026-02-04T15:00:00+02:00,13,17,30,False
1,2026-02-04T14:00:00Z,2026-02-04T16:00:00+02:00,28,27,55,False
1,2026-02-04T15:00:00Z,2026-02-04T17:00:00+02:00,27,29,56,False
1,2026-02-04T16:00:00Z,2026-02-04T18:00:00+02:00,23,25,48,False
1,2026-02-04T17:00:00Z,2026-02-04T19:00:00+02:00,7,11,18,False
1,2026-02-04T18:00:00Z,2026-02-04T20:00:00+02:00,0,0,0,False
1,2026-02-04T19:00:00Z,2026-02-04T21:00:00+02:00,0,0,0,False
1,2026-02-04T20:00:00Z,2026-02-04T22:00:00+02:00,0,0,0,False
1,2026-02-04T21:00:00Z,2026-02-04T23:00:00+02:00,0,0,0,False
1,2026-02-04T22:00:00Z,2026-02-05T00:00:00+02:00,0,0,0,False
1,2026-02-04T23:00:00Z,2026-02-05T01:00:00+02:00,0,0,0,False
1,2026-02-05T00:00:00Z,2026-02-05T02:00:00+02:00,0,0,0,False
1,2026-02-05T01:00:00Z,2026-02-05T03:00:00+02:00,0,0,0,False
1,2026-02-05T02:00:00Z,2026-02-05T04:00:00+02:00,0,0,0,False
1,2026-02-05T03:00:00Z,2026-02-05T05:00:00+02:00,0,0,0,False
1,2026-02-05T04:00:00Z,2026-02-05T06:00:00+02:00,0,0,0,False
1,2026-02-05T05:00:00Z,2026-02-05T07:00:00+02:00,1,1,2,False
1,2026-02-05T06:00:00Z,2026-02-05T08:00:00+02:00,0,0,0,False
1,2026-02-05T07:00:00Z,2026-02-05T09:00:00+02:00,1,1,2,False
1,2026-02-05T08:00:00Z,2026-02-05T10:00:00+02:00,2,2,4,False
1,2026-02-05T09:00:00Z,2026-02-05T11:00:00+02:00,25,19,44,False
1,2026-02-05T10:00:00Z,2026-02-05T12:00:00+02:00,52,46,98,False
1,2026-02-05T11:00:00Z,2026-02-05T13:00:00+02:00,14,23,37,False
1,2026-02-05T12:00:00Z,2026-02-05T14:00:00+02:00,33,26,59,False
1,2026-02-05T13:00:00Z,2026-02-05T15:00:00+02:00,13,16,29,False
1,2026-02-05T14:00:00Z,2026-02-05T16:00:00+02:00,31,23,54,False
1,2026-02-05T15:00:00Z,2026-02-05T17:00:00+02:00,26,27,53,False
1,2026-02-05T16:00:00Z,2026-02-05T18:00:00+02:00,18,27,45,False
1,2026-02-05T17:00:00Z,2026-02-05T19:00:00+02:00,4,6,10,False
1,2026-02-05T18:00:00Z,2026-02-05T20:00:00+02:00,0,0,0,False
1,2026-02-05T19:00:00Z,2026-02-05T21:00:00+02:00,0,0,0,False
1,2026-02-05T20:00:00Z,2026-02-05T22:00:00+02:00,0,0,0,False
1,2026-02-05T21:00:00Z,2026-02-05T23:00:00+02:00,0,0,0,False
1,2026-02-05T22:00:00Z,2026-02-06T00:00:00+02:00,0,0,0,False
1,2026-02-05T23:00:00Z,2026-02-06T01:00:00+02:00,0,0,0,False
1,2026-02-06T00:00:00Z,2026-02-06T02:00:00+02:00,0,0,0,False
1,2026-02-06T01:00:00Z,2026-02-06T03:00:00+02:00,0,0,0,False
1,2026-02-06T02:00:00Z,2026-02-06T04:00:00+02:00,0,0,0,False
1,2026-02-06T03:00:00Z,2026-02-06T05:00:00+02:00,0,0,0,False
1,2026-02-06T04:00:00Z,2026-02-06T06:00:00+02:00,0,0,0,False
1,2026-02-06T05:00:00Z,2026-02-06T07:00:00+02:00,0,0,0,False
1,2026-02-06T06:00:00Z,2026-02-06T08:00:00+02:00,10,9,19,False
1,2026-02-06T07:00:00Z,2026-02-06T09:00:00+02:00,1,2,3,False
1,2026-02-06T08:00:00Z,2026-02-06T10:00:00+02:00,0,0,0,False
1,2026-02-06T09:00:00Z,2026-02-06T11:00:00+02:00,27,16,43,False
1,2026-02-06T10:00:00Z,2026-02-06T12:00:00+02:00,31,36,67,False
1,2026-02-06T11:00:00Z,2026-02-06T13:00:00+02:00,21,19,40,False
1,2026-02-06T12:00:00Z,2026-02-06T14:00:00+02:00,49,33,82,False
1,2026-02-06T13:00:00Z,2026-02-06T15:00:00+02:00,46,59,105,False
1,2026-02-06T14:00:00Z,2026-02-06T16:00:00+02:00,29,31,60,False
1,2026-02-06T15:00:00Z,2026-02-06T17:00:00+02:00,22,20,42,False
1,2026-02-06T16:00:00Z,2026-02-06T18:00:00+02:00,18,25,43,False
1,2026-02-06T17:00:00Z,2026-02-06T19:00:00+02:00,1,7,8,False
1,2026-02-06T18:00:00Z,2026-02-06T20:00:00+02:00,0,0,0,False
1,2026-02-06T19:00:00Z,2026-02-06T21:00:00+02:00,0,0,0,False
1,2026-02-06T20:00:00Z,2026-02-06T22:00:00+02:00,0,0,0,False
1,2026-02-06T21:00:00Z,2026-02-06T23:00:00+02:00,0,0,0,False
1,2026-02-06T22:00:00Z,2026-02-07T00:00:00+02:00,0,0,0,False
1,2026-02-06T23:00:00Z,2026-02-07T01:00:00+02:00,0,0,0,False
1,2026-02-07T00:00:00Z,2026-02-07T02:00:00+02:00,0,0,0,False
1,2026-02-07T01:00:00Z,2026-02-07T03:00:00+02:00,0,0,0,False
1,2026-02-07T02:00:00Z,2026-02-07T04:00:00+02:00,0,0,0,False
1,2026-02-07T03:00:00Z,2026-02-07T05:00:00+02:00,0,0,0,False
1,2026-02-07T04:00:00Z,2026-02-07T06:00:00+02:00,0,0,0,False
1,2026-02-07T05:00:00Z,2026-02-07T07:00:00+02:00,0,0,0,False
1,2026-02-07T06:00:00Z,2026-02-07T08:00:00+02:00,0,0,0,False
1,2026-02-07T07:00:00Z,2026-02-07T09:00:00+02:00,6,6,12,False
1,2026-02-07T08:00:00Z,2026-02-07T10:00:00+02:00,7,7,14,False
1,2026-02-07T09:00:00Z,2026-02-07T11:00:00+02:00,55,33,88,False
1,2026-02-07T10:00:00Z,2026-02-07T12:00:00+02:00,93,77,170,False
1,2026-02-07T11:00:00Z,2026-02-07T13:00:00+02:00,99,100,199,False
1,2026-02-07T12:00:00Z,2026-02-07T14:00:00+02:00,68,85,153,False
1,2026-02-07T13:00:00Z,2026-02-07T15:00:00+02:00,66,67,133,False
1,2026-02-07T14:00:00Z,2026-02-07T16:00:00+02:00,87,63,150,False
1,2026-02-07T15:00:00Z,2026-02-07T17:00:00+02:00,43,70,113,False
1,2026-02-07T16:00:00Z,2026-02-07T18:00:00+02:00,28,41,69,False
1,2026-02-07T17:00:00Z,2026-02-07T19:00:00+02:00,1,1,2,False
1,2026-02-07T18:00:00Z,2026-02-07T20:00:00+02:00,0,0,0,False
1,2026-02-07T19:00:00Z,2026-02-07T21:00:00+02:00,0,0,0,False
1,2026-02-07T20:00:00Z,2026-02-07T22:00:00+02:00,0,0,0,False
1,2026-02-07T21:00:00Z,2026-02-07T23:00:00+02:00,0,0,0,False
1,2026-02-07T22:00:00Z,2026-02-08T00:00:00+02:00,0,0,0,False
1,2026-02-07T23:00:00Z,2026-02-08T01:00:00+02:00,0,0,0,False
1,2026-02-08T00:00:00Z,2026-02-08T02:00:00+02:00,0,0,0,False
1,2026-02-08T01:00:00Z,2026-02-08T03:00:00+02:00,0,0,0,False
1,2026-02-08T02:00:00Z,2026-02-08T04:00:00+02:00,0,0,0,False
1,2026-02-08T03:00:00Z,2026-02-08T05:00:00+02:00,0,0,0,False
1,2026-02-08T04:00:00Z,2026-02-08T06:00:00+02:00,0,0,0,False
1,2026-02-08T05:00:00Z,2026-02-08T07:00:00+02:00,0,0,0,False
1,2026-02-08T06:00:00Z,2026-02-08T08:00:00+02:00,0,0,0,False
1,2026-02-08T07:00:00Z,2026-02-08T09:00:00+02:00,6,6,12,False
1,2026-02-08T08:00:00Z,2026-02-08T10:00:00+02:00,5,5,10,False
1,2026-02-08T09:00:00Z,2026-02-08T11:00:00+02:00,26,19,45,False
1,2026-02-08T10:00:00Z,2026-02-08T12:00:00+02:00,19,18,37,False
1,2026-02-08T11:00:00Z,2026-02-08T13:00:00+02:00,35,34,69,False
1,2026-02-08T12:00:00Z,2026-02-08T14:00:00+02:00,33,30,63,False
1,2026-02-08T13:00:00Z,2026-02-08T15:00:00+02:00,25,26,51,False
1,2026-02-08T14:00:00Z,2026-02-08T16:00:00+02:00,32,23,55,False
1,2026-02-08T15:00:00Z,2026-02-08T17:00:00+02:00,13,30,43,False
1,2026-02-08T16:00:00Z,2026-02-08T18:00:00+02:00,3,5,8,False
1,2026-02-08T17:00:00Z,2026-02-08T19:00:00+02:00,0,0,0,False
1,2026-02-08T18:00:00Z,2026-02-08T20:00:00+02:00,0,0,0,False
1,2026-02-08T19:00:00Z,2026-02-08T21:00:00+02:00,0,0,0,False
1,2026-02-08T20:00:00Z,2026-02-08T22:00:00+02:00,0,0,0,False
1,2026-02-08T21:00:00Z,2026-02-08T23:00:00+02:00,0,0,0,False
1,2026-02-08T22:00:00Z,2026-02-09T00:00:00+02:00,0,0,0,False
1,2026-02-08T23:00:00Z,2026-02-09T01:00:00+02:00,0,0,0,False
1,2026-02-09T00:00:00Z,2026-02-09T02:00:00+02:00,0,0,0,False
1,2026-02-09T01:00:00Z,2026-02-09T03:00:00+02:00,0,0,0,False
1,2026-02-09T02:00:00Z,2026-02-09T04:00:00+02:00,0,0,0,False
1,2026-02-09T03:00:00Z,2026-02-09T05:00:00+02:00,0,0,0,False
1,2026-02-09T04:00:00Z,2026-02-09T06:00:00+02:00,0,0,0,False
1,2026-02-09T05:00:00Z,2026-02-09T07:00:00+02:00,0,0,0,False
1,2026-02-09T06:00:00Z,2026-02-09T08:00:00+02:00,7,7,14,False
1,2026-02-09T07:00:00Z,2026-02-09T09:00:00+02:00,1,1,2,False
1,2026-02-09T08:00:00Z,2026-02-09T10:00:00+02:00,9,9,18,False
1,2026-02-09T09:00:00Z,2026-02-09T11:00:00+02:00,18,13,31,False
1,2026-02-09T10:00:00Z,2026-02-09T12:00:00+02:00,18,21,39,False
1,2026-02-09T11:00:00Z,2026-02-09T13:00:00+02:00,20,18,38,False
1,2026-02-09T12:00:00Z,2026-02-09T14:00:00+02:00,12,10,22,False
1,2026-02-09T13:00:00Z,2026-02-09T15:00:00+02:00,35,30,65,False
1,2026-02-09T14:00:00Z,2026-02-09T16:00:00+02:00,13,18,31,False
1,2026-02-09T15:00:00Z,2026-02-09T17:00:00+02:00,22,17,39,False
1,2026-02-09T16:00:00Z,2026-02-09T18:00:00+02:00,26,33,59,False
1,2026-02-09T17:00:00Z,2026-02-09T19:00:00+02:00,3,5,8,False
1,2026-02-09T18:00:00Z,2026-02-09T20:00:00+02:00,0,0,0,False
1,2026-02-09T19:00:00Z,2026-02-09T21:00:00+02:00,0,0,0,False
1,2026-02-09T20:00:00Z,2026-02-09T22:00:00+02:00,0,0,0,False
1,2026-02-09T21:00:00Z,2026-02-09T23:00:00+02:00,0,0,0,False
1,2026-02-09T22:00:00Z,2026-02-10T00:00:00+02:00,0,0,0,False
1,2026-02-09T23:00:00Z,2026-02-10T01:00:00+02:00,0,0,0,False
1,2026-02-10T00:00:00Z,2026-02-10T02:00:00+02:00,0,0,0,False
1,2026-02-10T01:00:00Z,2026-02-10T03:00:00+02:00,0,0,0,False
1,2026-02-10T02:00:00Z,2026-02-10T04:00:00+02:00,0,0,0,False
1,2026-02-10T03:00:00Z,2026-02-10T05:00:00+02:00,0,0,0,False
1,2026-02-10T04:00:00Z,2026-02-10T06:00:00+02:00,0,0,0,False
1,2026-02-10T05:00:00Z,2026-02-10T07:00:00+02:00,5,5,10,False
1,2026-02-10T06:00:00Z,2026-02-10T08:00:00+02:00,1,1,2,False
1,2026-02-10T07:00:00Z,2026-02-10T09:00:00+02:00,5,4,9,False
1,2026-02-10T08:00:00Z,2026-02-10T10:00:00+02:00,1,1,2,False
1,2026-02-10T09:00:00Z,2026-02-10T11:00:00+02:00,26,19,45,False
1,2026-02-10T10:00:00Z,2026-02-10T12:00:00+02:00,17,16,33,False
1,2026-02-10T11:00:00Z,2026-02-10T13:00:00+02:00,11,17,28,False
1,2026-02-10T12:00:00Z,2026-02-10T14:00:00+02:00,12,10,22,False
1,2026-02-10T13:00:00Z,2026-02-10T15:00:00+02:00,21,18,39,False
1,2026-02-10T14:00:00Z,2026-02-10T16:00:00+02:00,45,29,74,False
1,2026-02-10T15:00:00Z,2026-02-10T17:00:00+02:00,25,41,66,False
1,2026-02-10T16:00:00Z,2026-02-10T18:00:00+02:00,9,14,23,False
1,2026-02-10T17:00:00Z,2026-02-10T19:00:00+02:00,2,2,4,False
1,2026-02-10T18:00:00Z,2026-02-10T20:00:00+02:00,0,0,0,False
1,2026-02-10T19:00:00Z,2026-02-10T21:00:00+02:00,0,0,0,False
1,2026-02-10T20:00:00Z,2026-02-10T22:00:00+02:00,0,0,0,False
1,2026-02-10T21:00:00Z,2026-02-10T23:00:00+02:00,0,0,0,False
1,2026-02-10T22:00:00Z,2026-02-11T00:00:00+02:00,0,0,0,False
1,2026-02-10T23:00:00Z,2026-02-11T01:00:00+02:00,0,0,0,False
1,2026-02-11T00:00:00Z,2026-02-11T02:00:00+02:00,0,0,0,False
1,2026-02-11T01:00:00Z,2026-02-11T03:00:00+02:00,0,0,0,False
1,2026-02-11T02:00:00Z,2026-02-11T04:00:00+02:00,0,0,0,False
1,2026-02-11T03:00:00Z,2026-02-11T05:00:00+02:00,0,0,0,False
1,2026-02-11T04:00:00Z,2026-02-11T06:00:00+02:00,0,0,0,False
1,2026-02-11T05:00:00Z,2026-02-11T07:00:00+02:00,0,0,0,False
1,2026-02-11T06:00:00Z,2026-02-11T08:00:00+02:00,3,3,6,False
1,2026-02-11T07:00:00Z,2026-02-11T09:00:00+02:00,0,0,0,False
1,2026-02-11T08:00:00Z,2026-02-11T10:00:00+02:00,2,2,4,False
1,2026-02-11T09:00:00Z,2026-02-11T11:00:00+02:00,32,27,59,False
1,2026-02-11T10:00:00Z,2026-02-11T12:00:00+02:00,17,23,40,False
1,2026-02-11T11:00:00Z,2026-02-11T13:00:00+02:00,25,23,48,False
1,2026-02-11T12:00:00Z,2026-02-11T14:00:00+02:00,29,25,54,False
1,2026-02-11T13:00:00Z,2026-02-11T15:00:00+02:00,22,18,40,False
1,2026-02-11T14:00:00Z,2026-02-11T16:00:00+02:00,14,14,28,False
1,2026-02-11T15:00:00Z,2026-02-11T17:00:00+02:00,15,19,34,False
1,2026-02-11T16:00:00Z,2026-02-11T18:00:00+02:00,6,9,15,False
1,2026-02-11T17:00:00Z,2026-02-11T19:00:00+02:00,2,2,4,False
1,2026-02-11T18:00:00Z,2026-02-11T20:00:00+02:00,0,0,0,False
1,2026-02-11T19:00:00Z,2026-02-11T21:00:00+02:00,0,0,0,False
1,2026-02-11T20:00:00Z,2026-02-11T22:00:00+02:00,0,0,0,False
1,2026-02-11T21:00:00Z,2026-02-11T23:00:00+02:00,0,0,0,False
1,2026-02-11T22:00:00Z,2026-02-12T00:00:00+02:00,0,0,0,False
1,2026-02-11T23:00:00Z,2026-02-12T01:00:00+02:00,0,0,0,False
1,2026-02-12T00:00:00Z,2026-02-12T02:00:00+02:00,0,0,0,False
1,2026-02-12T01:00:00Z,2026-02-12T03:00:00+02:00,0,0,0,False
1,2026-02-12T02:00:00Z,2026-02-12T04:00:00+02:00,0,0,0,False
1,2026-02-12T03:00:00Z,2026-02-12T05:00:00+02:00,0,0,0,False
1,2026-02-12T04:00:00Z,2026-02-12T06:00:00+02:00,0,0,0,False
1,2026-02-12T05:00:00Z,2026-02-12T07:00:00+02:00,1,1,2,False
1,2026-02-12T06:00:00Z,2026-02-12T08:00:00+02:00,0,0,0,False
1,2026-02-12T07:00:00Z,2026-02-12T09:00:00+02:00,1,1,2,False
1,2026-02-12T08:00:00Z,2026-02-12T10:00:00+02:00,2,2,4,False
1,2026-02-12T09:00:00Z,2026-02-12T11:00:00+02:00,23,16,39,False
1,2026-02-12T10:00:00Z,2026-02-12T12:00:00+02:00,40,29,69,False
1,2026-02-12T11:00:00Z,2026-02-12T13:00:00+02:00,26,27,53,False
1,2026-02-12T12:00:00Z,2026-02-12T14:00:00+02:00,14,29,43,False
1,2026-02-12T13:00:00Z,2026-02-12T15:00:00+02:00,17,11,28,False
1,2026-02-12T14:00:00Z,2026-02-12T16:00:00+02:00,14,21,35,False
1,2026-02-12T15:00:00Z,2026-02-12T17:00:00+02:00,11,10,21,False
1,2026-02-12T16:00:00Z,2026-02-12T18:00:00+02:00,5,7,12,False
1,2026-02-12T17:00:00Z,2026-02-12T19:00:00+02:00,1,1,2,False
1,2026-02-12T18:00:00Z,2026-02-12T20:00:00+02:00,0,0,0,False
1,2026-02-12T19:00:00Z,2026-02-12T21:00:00+02:00,0,0,0,False
1,2026-02-12T20:00:00Z,2026-02-12T22:00:00+02:00,0,0,0,False
1,2026-02-12T21:00:00Z,2026-02-12T23:00:00+02:00,0,0,0,False
1,2026-02-12T22:00:00Z,2026-02-13T00:00:00+02:00,0,0,0,False
1,2026-02-12T23:00:00Z,2026-02-13T01:00:00+02:00,0,0,0,False
1,2026-02-13T00:00:00Z,2026-02-13T02:00:00+02:00,0,0,0,False
1,2026-02-13T01:00:00Z,2026-02-13T03:00:00+02:00,0,0,0,False
1,2026-02-13T02:00:00Z,2026-02-13T04:00:00+02:00,0,0,0,False
1,2026-02-13T03:00:00Z,2026-02-13T05:00:00+02:00,0,0,0,False
1,2026-02-13T04:00:00Z,2026-02-13T06:00:00+02:00,0,0,0,False
1,2026-02-13T05:00:00Z,2026-02-13T07:00:00+02:00,0,0,0,False
1,2026-02-13T06:00:00Z,2026-02-13T08:00:00+02:00,2,2,4,False
1,2026-02-13T07:00:00Z,2026-02-13T09:00:00+02:00,0,0,0,False
1,2026-02-13T08:00:00Z,2026-02-13T10:00:00+02:00,4,5,9,False
1,2026-02-13T09:00:00Z,2026-02-13T11:00:00+02:00,28,25,53,False
1,2026-02-13T10:00:00Z,2026-02-13T12:00:00+02:00,37,33,70,False
1,2026-02-13T11:00:00Z,2026-02-13T13:00:00+02:00,47,40,87,False
1,2026-02-13T12:00:00Z,2026-02-13T14:00:00+02:00,46,45,91,False
1,2026-02-13T13:00:00Z,2026-02-13T15:00:00+02:00,40,45,85,False
1,2026-02-13T14:00:00Z,2026-02-13T16:00:00+02:00,22,22,44,False
1,2026-02-13T15:00:00Z,2026-02-13T17:00:00+02:00,41,37,78,False
1,2026-02-13T16:00:00Z,2026-02-13T18:00:00+02:00,18,30,48,False
1,2026-02-13T17:00:00Z,2026-02-13T19:00:00+02:00,2,4,6,False
1,2026-02-13T18:00:00Z,2026-02-13T20:00:00+02:00,0,0,0,False
1,2026-02-13T19:00:00Z,2026-02-13T21:00:00+02:00,0,0,0,False
1,2026-02-13T20:00:00Z,2026-02-13T22:00:00+02:00,0,0,0,False
1,2026-02-13T21:00:00Z,2026-02-13T23:00:00+02:00,0,0,0,False
1,2026-02-13T22:00:00Z,2026-02-14T00:00:00+02:00,0,0,0,False
1,2026-02-13T23:00:00Z,2026-02-14T01:00:00+02:00,0,0,0,False
1,2026-02-14T00:00:00Z,2026-02-14T02:00:00+02:00,0,0,0,False
1,2026-02-14T01:00:00Z,2026-02-14T03:00:00+02:00,0,0,0,False
1,2026-02-14T02:00:00Z,2026-02-14T04:00:00+02:00,0,0,0,False
1,2026-02-14T03:00:00Z,2026-02-14T05:00:00+02:00,0,0,0,False
1,2026-02-14T04:00:00Z,2026-02-14T06:00:00+02:00,0,0,0,False
1,2026-02-14T05:00:00Z,2026-02-14T07:00:00+02:00,0,0,0,False
1,2026-02-14T06:00:00Z,2026-02-14T08:00:00+02:00,9,9,18,False
1,2026-02-14T07:00:00Z,2026-02-14T09:00:00+02:00,1,1,2,False
1,2026-02-14T08:00:00Z,2026-02-14T10:00:00+02:00,5,5,10,False
1,2026-02-14T09:00:00Z,2026-02-14T11:00:00+02:00,52,35,87,False
1,2026-02-14T10:00:00Z,2026-02-14T12:00:00+02:00,66,64,130,False
1,2026-02-14T11:00:00Z,2026-02-14T13:00:00+02:00,77,75,152,False
1,2026-02-14T12:00:00Z,2026-02-14T14:00:00+02:00,63,50,113,False
1,2026-02-14T13:00:00Z,2026-02-14T15:00:00+02:00,109,98,207,False
1,2026-02-14T14:00:00Z,2026-02-14T16:00:00+02:00,71,81,152,False
1,2026-02-14T15:00:00Z,2026-02-14T17:00:00+02:00,70,82,152,False
1,2026-02-14T16:00:00Z,2026-02-14T18:00:00+02:00,42,45,87,False
1,2026-02-14T17:00:00Z,2026-02-14T19:00:00+02:00,6,22,28,False
1,2026-02-14T18:00:00Z,2026-02-14T20:00:00+02:00,0,0,0,False
1,2026-02-14T19:00:00Z,2026-02-14T21:00:00+02:00,0,0,0,False
1,2026-02-14T20:00:00Z,2026-02-14T22:00:00+02:00,0,0,0,False
1,2026-02-14T21:00:00Z,2026-02-14T23:00:00+02:00,0,0,0,False
1,2026-02-14T22:00:00Z,2026-02-15T00:00:00+02:00,0,0,0,False
1,2026-02-14T23:00:00Z,2026-02-15T01:00:00+02:00,0,0,0,False
1,2026-02-15T00:00:00Z,2026-02-15T02:00:00+02:00,0,0,0,False
1,2026-02-15T01:00:00Z,2026-02-15T03:00:00+02:00,0,0,0,False
1,2026-02-15T02:00:00Z,2026-02-15T04:00:00+02:00,0,0,0,False
1,2026-02-15T03:00:00Z,2026-02-15T05:00:00+02:00,0,0,0,False
1,2026-02-15T04:00:00Z,2026-02-15T06:00:00+02:00,0,0,0,False
1,2026-02-15T05:00:00Z,2026-02-15T07:00:00+02:00,0,0,0,False
1,2026-02-15T06:00:00Z,2026-02-15T08:00:00+02:00,7,7,14,False
1,2026-02-15T07:00:00Z,2026-02-15T09:00:00+02:00,2,2,4,False
1,2026-02-15T08:00:00Z,2026-02-15T10:00:00+02:00,2,2,4,False
1,2026-02-15T09:00:00Z,2026-02-15T11:00:00+02:00,39,27,66,False
1,2026-02-15T10:00:00Z,2026-02-15T12:00:00+02:00,37,37,74,False
1,2026-02-15T11:00:00Z,2026-02-15T13:00:00+02:00,26,29,55,False
1,2026-02-15T12:00:00Z,2026-02-15T14:00:00+02:00,16,19,35,False
1,2026-02-15T13:00:00Z,2026-02-15T15:00:00+02:00,30,30,60,False
1,2026-02-15T14:00:00Z,2026-02-15T16:00:00+02:00,9,17,26,False
1,2026-02-15T15:00:00Z,2026-02-15T17:00:00+02:00,15,13,28,False
1,2026-02-15T16:00:00Z,2026-02-15T18:00:00+02:00,2,2,4,False
1,2026-02-15T17:00:00Z,2026-02-15T19:00:00+02:00,0,0,0,False
1,2026-02-15T18:00:00Z,2026-02-15T20:00:00+02:00,0,0,0,False
1,2026-02-15T19:00:00Z,2026-02-15T21:00:00+02:00,0,0,0,False
1,2026-02-15T20:00:00Z,2026-02-15T22:00:00+02:00,0,0,0,False
1,2026-02-15T21:00:00Z,2026-02-15T23:00:00+02:00,0,0,0,False
1,2026-02-15T22:00:00Z,2026-02-16T00:00:00+02:00,0,0,0,False
1,2026-02-15T23:00:00Z,2026-02-16T01:00:00+02:00,0,0,0,False
1,2026-02-16T00:00:00Z,2026-02-16T02:00:00+02:00,0,0,0,False
1,2026-02-16T01:00:00Z,2026-02-16T03:00:00+02:00,0,0,0,False
1,2026-02-16T02:00:00Z,2026-02-16T04:00:00+02:00,0,0,0,False
1,2026-02-16T03:00:00Z,2026-02-16T05:00:00+02:00,0,0,0,False
1,2026-02-16T04:00:00Z,2026-02-16T06:00:00+02:00,0,0,0,False
1,2026-02-16T05:00:00Z,2026-02-16T07:00:00+02:00,6,6,12,False
1,2026-02-16T06:00:00Z,2026-02-16T08:00:00+02:00,4,4,8,False
1,2026-02-16T07:00:00Z,2026-02-16T09:00:00+02:00,0,0,0,False
1,2026-02-16T08:00:00Z,2026-02-16T10:00:00+02:00,1,1,2,False
1,2026-02-16T09:00:00Z,2026-02-16T11:00:00+02:00,22,13,35,False
1,2026-02-16T10:00:00Z,2026-02-16T12:00:00+02:00,32,28,60,False
1,2026-02-16T11:00:00Z,2026-02-16T13:00:00+02:00,40,34,74,False
1,2026-02-16T12:00:00Z,2026-02-16T14:00:00+02:00,45,48,93,False
1,2026-02-16T13:00:00Z,2026-02-16T15:00:00+02:00,38,44,82,False
1,2026-02-16T14:00:00Z,2026-02-16T16:00:00+02:00,25,25,50,False
1,2026-02-16T15:00:00Z,2026-02-16T17:00:00+02:00,26,27,53,False
1,2026-02-16T16:00:00Z,2026-02-16T18:00:00+02:00,7,17,24,False
1,2026-02-16T17:00:00Z,2026-02-16T19:00:00+02:00,1,1,2,False
1,2026-02-16T18:00:00Z,2026-02-16T20:00:00+02:00,0,0,0,False
1,2026-02-16T19:00:00Z,2026-02-16T21:00:00+02:00,0,0,0,False
1,2026-02-16T20:00:00Z,2026-02-16T22:00:00+02:00,0,0,0,False
1,2026-02-16T21:00:00Z,2026-02-16T23:00:00+02:00,0,0,0,False
1,2026-02-16T22:00:00Z,2026-02-17T00:00:00+02:00,0,0,0,False
1,2026-02-16T23:00:00Z,2026-02-17T01:00:00+02:00,0,0,0,False
1,2026-02-17T00:00:00Z,2026-02-17T02:00:00+02:00,0,0,0,False
1,2026-02-17T01:00:00Z,2026-02-17T03:00:00+02:00,0,0,0,False
1,2026-02-17T02:00:00Z,2026-02-17T04:00:00+02:00,0,0,0,False
1,2026-02-17T03:00:00Z,2026-02-17T05:00:00+02:00,0,0,0,False
1,2026-02-17T04:00:00Z,2026-02-17T06:00:00+02:00,0,0,0,False
1,2026-02-17T05:00:00Z,2026-02-17T07:00:00+02:00,4,4,8,False
1,2026-02-17T06:00:00Z,2026-02-17T08:00:00+02:00,2,2,4,False
1,2026-02-17T07:00:00Z,2026-02-17T09:00:00+02:00,2,2,4,False
1,2026-02-17T08:00:00Z,2026-02-17T10:00:00+02:00,1,1,2,False
1,2026-02-17T09:00:00Z,2026-02-17T11:00:00+02:00,15,10,25,False
1,2026-02-17T10:00:00Z,2026-02-17T12:00:00+02:00,28,26,54,False
1,2026-02-17T11:00:00Z,2026-02-17T13:00:00+02:00,48,37,85,False
1,2026-02-17T12:00:00Z,2026-02-17T14:00:00+02:00,36,42,78,False
1,2026-02-17T13:00:00Z,2026-02-17T15:00:00+02:00,21,22,43,False
1,2026-02-17T14:00:00Z,2026-02-17T16:00:00+02:00,18,25,43,False
1,2026-02-17T15:00:00Z,2026-02-17T17:00:00+02:00,14,13,27,False
1,2026-02-17T16:00:00Z,2026-02-17T18:00:00+02:00,10,13,23,False
1,2026-02-17T17:00:00Z,2026-02-17T19:00:00+02:00,2,2,4,False
1,2026-02-17T18:00:00Z,2026-02-17T20:00:00+02:00,0,0,0,False
1,2026-02-17T19:00:00Z,2026-02-17T21:00:00+02:00,0,0,0,False
1,2026-02-17T20:00:00Z,2026-02-17T22:00:00+02:00,0,0,0,False
1,2026-02-17T21:00:00Z,2026-02-17T23:00:00+02:00,0,0,0,False
1,2026-02-17T22:00:00Z,2026-02-18T00:00:00+02:00,0,0,0,False
1,2026-02-17T23:00:00Z,2026-02-18T01:00:00+02:00,0,0,0,False
1,2026-02-18T00:00:00Z,2026-02-18T02:00:00+02:00,0,0,0,False
1,2026-02-18T01:00:00Z,2026-02-18T03:00:00+02:00,0,0,0,False
1,2026-02-18T02:00:00Z,2026-02-18T04:00:00+02:00,0,0,0,False
1,2026-02-18T03:00:00Z,2026-02-18T05:00:00+02:00,0,0,0,False
1,2026-02-18T04:00:00Z,2026-02-18T06:00:00+02:00,0,0,0,False
1,2026-02-18T05:00:00Z,2026-02-18T07:00:00+02:00,0,0,0,False
1,2026-02-18T06:00:00Z,2026-02-18T08:00:00+02:00,2,3,5,False
1,2026-02-18T07:00:00Z,2026-02-18T09:00:00+02:00,1,1,2,False
1,2026-02-18T08:00:00Z,2026-02-18T10:00:00+02:00,1,1,2,False
1,2026-02-18T09:00:00Z,2026-02-18T11:00:00+02:00,27,17,44,False
1,2026-02-18T10:00:00Z,2026-02-18T12:00:00+02:00,19,27,46,False
1,2026-02-18T11:00:00Z,2026-02-18T13:00:00+02:00,24,17,41,False
1,2026-02-18T12:00:00Z,2026-02-18T14:00:00+02:00,62,51,113,False
1,2026-02-18T13:00:00Z,2026-02-18T15:00:00+02:00,22,31,53,False
1,2026-02-18T14:00:00Z,2026-02-18T16:00:00+02:00,31,30,61,False
1,2026-02-18T15:00:00Z,2026-02-18T17:00:00+02:00,29,30,59,False
1,2026-02-18T16:00:00Z,2026-02-18T18:00:00+02:00,11,18,29,False
1,2026-02-18T17:00:00Z,2026-02-18T19:00:00+02:00,1,2,3,False
1,2026-02-18T18:00:00Z,2026-02-18T20:00:00+02:00,0,0,0,False
1,2026-02-18T19:00:00Z,2026-02-18T21:00:00+02:00,0,0,0,False
1,2026-02-18T20:00:00Z,2026-02-18T22:00:00+02:00,0,0,0,False
1,2026-02-18T21:00:00Z,2026-02-18T23:00:00+02:00,0,0,0,False
1,2026-02-18T22:00:00Z,2026-02-19T00:00:00+02:00,0,0,0,False
1,2026-02-18T23:00:00Z,2026-02-19T01:00:00+02:00,0,0,0,False
1,2026-02-19T00:00:00Z,2026-02-19T02:00:00+02:00,0,0,0,False
1,2026-02-19T01:00:00Z,2026-02-19T03:00:00+02:00,0,0,0,False
1,2026-02-19T02:00:00Z,2026-02-19T04:00:00+02:00,0,0,0,False
1,2026-02-19T03:00:00Z,2026-02-19T05:00:00+02:00,0,0,0,False
1,2026-02-19T04:00:00Z,2026-02-19T06:00:00+02:00,0,0,0,False
1,2026-02-19T05:00:00Z,2026-02-19T07:00:00+02:00,0,0,0,False
1,2026-02-19T06:00:00Z,2026-02-19T08:00:00+02:00,1,1,2,False
1,2026-02-19T07:00:00Z,2026-02-19T09:00:00+02:00,1,1,2,False
1,2026-02-19T08:00:00Z,2026-02-19T10:00:00+02:00,1,1,2,False
1,2026-02-19T09:00:00Z,2026-02-19T11:00:00+02:00,14,10,24,False
1,2026-02-19T10:00:00Z,2026-02-19T12:00:00+02:00,24,20,44,False
1,2026-02-19T11:00:00Z,2026-02-19T13:00:00+02:00,27,24,51,False
1,2026-02-19T12:00:00Z,2026-02-19T14:00:00+02:00,34,31,65,False
1,2026-02-19T13:00:00Z,2026-02-19T15:00:00+02:00,31,37,68,False
1,2026-02-19T14:00:00Z,2026-02-19T16:00:00+02:00,28,22,50,False
1,2026-02-19T15:00:00Z,2026-02-19T17:00:00+02:00,30,36,66,False
1,2026-02-19T16:00:00Z,2026-02-19T18:00:00+02:00,43,32,75,False
1,2026-02-19T17:00:00Z,2026-02-19T19:00:00+02:00,49,28,77,False
1,2026-02-19T18:00:00Z,2026-02-19T20:00:00+02:00,11,20,31,False
1,2026-02-19T19:00:00Z,2026-02-19T21:00:00+02:00,29,61,90,False
1,2026-02-19T20:00:00Z,2026-02-19T22:00:00+02:00,0,0,0,False
1,2026-02-19T21:00:00Z,2026-02-19T23:00:00+02:00,0,0,0,False
1,2026-02-19T22:00:00Z,2026-02-20T00:00:00+02:00,0,0,0,False
1,2026-02-19T23:00:00Z,2026-02-20T01:00:00+02:00,0,0,0,False
1,2026-02-20T00:00:00Z,2026-02-20T02:00:00+02:00,0,0,0,False
1,2026-02-20T01:00:00Z,2026-02-20T03:00:00+02:00,0,0,0,False
1,2026-02-20T02:00:00Z,2026-02-20T04:00:00+02:00,0,0,0,False
1,2026-02-20T03:00:00Z,2026-02-20T05:00:00+02:00,0,0,0,False
1,2026-02-20T04:00:00Z,2026-02-20T06:00:00+02:00,0,0,0,False
1,2026-02-20T05:00:00Z,2026-02-20T07:00:00+02:00,1,1,2,False
1,2026-02-20T06:00:00Z,2026-02-20T08:00:00+02:00,12,12,24,False
1,2026-02-20T07:00:00Z,2026-02-20T09:00:00+02:00,0,0,0,False
1,2026-02-20T08:00:00Z,2026-02-20T10:00:00+02:00,2,2,4,False
1,2026-02-20T09:00:00Z,2026-02-20T11:00:00+02:00,39,20,59,False
1,2026-02-20T10:00:00Z,2026-02-20T12:00:00+02:00,32,38,70,False
1,2026-02-20T11:00:00Z,2026-02-20T13:00:00+02:00,57,45,102,False
1,2026-02-20T12:00:00Z,2026-02-20T14:00:00+02:00,29,30,59,False
1,2026-02-20T13:00:00Z,2026-02-20T15:00:00+02:00,56,66,122,False
1,2026-02-20T14:00:00Z,2026-02-20T16:00:00+02:00,37,42,79,False
1,2026-02-20T15:00:00Z,2026-02-20T17:00:00+02:00,35,42,77,False
1,2026-02-20T16:00:00Z,2026-02-20T18:00:00+02:00,15,16,31,False
1,2026-02-20T17:00:00Z,2026-02-20T19:00:00+02:00,1,2,3,False
1,2026-02-20T18:00:00Z,2026-02-20T20:00:00+02:00,0,0,0,False
1,2026-02-20T19:00:00Z,2026-02-20T21:00:00+02:00,0,0,0,False
1,2026-02-20T20:00:00Z,2026-02-20T22:00:00+02:00,0,0,0,False
1,2026-02-20T21:00:00Z,2026-02-20T23:00:00+02:00,0,0,0,False
1,2026-02-20T22:00:00Z,2026-02-21T00:00:00+02:00,0,0,0,False
1,2026-02-20T23:00:00Z,2026-02-21T01:00:00+02:00,0,0,0,False
1,2026-02-21T00:00:00Z,2026-02-21T02:00:00+02:00,0,0,0,False
1,2026-02-21T01:00:00Z,2026-02-21T03:00:00+02:00,0,0,0,False
1,2026-02-21T02:00:00Z,2026-02-21T04:00:00+02:00,0,0,0,False
1,2026-02-21T03:00:00Z,2026-02-21T05:00:00+02:00,0,0,0,False
1,2026-02-21T04:00:00Z,2026-02-21T06:00:00+02:00,0,0,0,False
1,2026-02-21T05:00:00Z,2026-02-21T07:00:00+02:00,0,0,0,False
1,2026-02-21T06:00:00Z,2026-02-21T08:00:00+02:00,6,6,12,False
1,2026-02-21T07:00:00Z,2026-02-21T09:00:00+02:00,1,1,2,False
1,2026-02-21T08:00:00Z,2026-02-21T10:00:00+02:00,2,2,4,False
1,2026-02-21T09:00:00Z,2026-02-21T11:00:00+02:00,35,23,58,False
1,2026-02-21T10:00:00Z,2026-02-21T12:00:00+02:00,75,62,137,False
1,2026-02-21T11:00:00Z,2026-02-21T13:00:00+02:00,62,65,127,False
1,2026-02-21T12:00:00Z,2026-02-21T14:00:00+02:00,95,91,186,False
1,2026-02-21T13:00:00Z,2026-02-21T15:00:00+02:00,97,86,183,False
1,2026-02-21T14:00:00Z,2026-02-21T16:00:00+02:00,90,97,187,False
1,2026-02-21T15:00:00Z,2026-02-21T17:00:00+02:00,54,68,122,False
1,2026-02-21T16:00:00Z,2026-02-21T18:00:00+02:00,27,42,69,False
1,2026-02-21T17:00:00Z,2026-02-21T19:00:00+02:00,6,14,20,False
1,2026-02-21T18:00:00Z,2026-02-21T20:00:00+02:00,0,0,0,False
1,2026-02-21T19:00:00Z,2026-02-21T21:00:00+02:00,0,0,0,False
1,2026-02-21T20:00:00Z,2026-02-21T22:00:00+02:00,0,0,0,False
1,2026-02-21T21:00:00Z,2026-02-21T23:00:00+02:00,0,0,0,False
1,2026-02-21T22:00:00Z,2026-02-22T00:00:00+02:00,0,0,0,False
1,2026-02-21T23:00:00Z,2026-02-22T01:00:00+02:00,0,0,0,False
1,2026-02-22T00:00:00Z,2026-02-22T02:00:00+02:00,0,0,0,False
1,2026-02-22T01:00:00Z,2026-02-22T03:00:00+02:00,0,0,0,False
1,2026-02-22T02:00:00Z,2026-02-22T04:00:00+02:00,0,0,0,False
1,2026-02-22T03:00:00Z,2026-02-22T05:00:00+02:00,0,0,0,False
1,2026-02-22T04:00:00Z,2026-02-22T06:00:00+02:00,0,0,0,False
1,2026-02-22T05:00:00Z,2026-02-22T07:00:00+02:00,0,0,0,False
1,2026-02-22T06:00:00Z,2026-02-22T08:00:00+02:00,5,5,10,False
1,2026-02-22T07:00:00Z,2026-02-22T09:00:00+02:00,2,2,4,False
1,2026-02-22T08:00:00Z,2026-02-22T10:00:00+02:00,4,3,7,False
1,2026-02-22T09:00:00Z,2026-02-22T11:00:00+02:00,22,16,38,False
1,2026-02-22T10:00:00Z,2026-02-22T12:00:00+02:00,26,24,50,False
1,2026-02-22T11:00:00Z,2026-02-22T13:00:00+02:00,37,35,72,False
1,2026-02-22T12:00:00Z,2026-02-22T14:00:00+02:00,34,35,69,False
1,2026-02-22T13:00:00Z,2026-02-22T15:00:00+02:00,17,19,36,False
1,2026-02-22T14:00:00Z,2026-02-22T16:00:00+02:00,37,31,68,False
1,2026-02-22T15:00:00Z,2026-02-22T17:00:00+02:00,8,22,30,False
1,2026-02-22T16:00:00Z,2026-02-22T18:00:00+02:00,0,0,0,False
1,2026-02-22T17:00:00Z,2026-02-22T19:00:00+02:00,0,0,0,False
1,2026-02-22T18:00:00Z,2026-02-22T20:00:00+02:00,0,0,0,False
1,2026-02-22T19:00:00Z,2026-02-22T21:00:00+02:00,0,0,0,False
1,2026-02-22T20:00:00Z,2026-02-22T22:00:00+02:00,0,0,0,False
1,2026-02-22T21:00:00Z,2026-02-22T23:00:00+02:00,0,0,0,False
1,2026-02-22T22:00:00Z,2026-02-23T00:00:00+02:00,0,0,0,False
1,2026-02-22T23:00:00Z,2026-02-23T01:00:00+02:00,0,0,0,False
1,2026-02-23T00:00:00Z,2026-02-23T02:00:00+02:00,0,0,0,False
1,2026-02-23T01:00:00Z,2026-02-23T03:00:00+02:00,0,0,0,False
1,2026-02-23T02:00:00Z,2026-02-23T04:00:00+02:00,0,0,0,False
1,2026-02-23T03:00:00Z,2026-02-23T05:00:00+02:00,0,0,0,False
1,2026-02-23T04:00:00Z,2026-02-23T06:00:00+02:00,0,0,0,False
1,2026-02-23T05:00:00Z,2026-02-23T07:00:00+02:00,5,5,10,False
1,2026-02-23T06:00:00Z,2026-02-23T08:00:00+02:00,2,2,4,False
1,2026-02-23T07:00:00Z,2026-02-23T09:00:00+02:00,0,1,1,False
1,2026-02-23T08:00:00Z,2026-02-23T10:00:00+02:00,3,3,6,False
1,2026-02-23T09:00:00Z,2026-02-23T11:00:00+02:00,10,10,20,False
1,2026-02-23T10:00:00Z,2026-02-23T12:00:00+02:00,15,13,28,False
1,2026-02-23T11:00:00Z,2026-02-23T13:00:00+02:00,33,16,49,False
1,2026-02-23T12:00:00Z,2026-02-23T14:00:00+02:00,33,37,70,False
1,2026-02-23T13:00:00Z,2026-02-23T15:00:00+02:00,21,29,50,False
1,2026-02-23T14:00:00Z,2026-02-23T16:00:00+02:00,61,23,84,False
1,2026-02-23T15:00:00Z,2026-02-23T17:00:00+02:00,52,58,110,False
1,2026-02-23T16:00:00Z,2026-02-23T18:00:00+02:00,23,57,80,False
1,2026-02-23T17:00:00Z,2026-02-23T19:00:00+02:00,2,2,4,False
1,2026-02-23T18:00:00Z,2026-02-23T20:00:00+02:00,0,0,0,False
1,2026-02-23T19:00:00Z,2026-02-23T21:00:00+02:00,0,0,0,False
1,2026-02-23T20:00:00Z,2026-02-23T22:00:00+02:00,0,0,0,False
1,2026-02-23T21:00:00Z,2026-02-23T23:00:00+02:00,0,0,0,False
1,2026-02-23T22:00:00Z,2026-02-24T00:00:00+02:00,0,0,0,False
1,2026-02-23T23:00:00Z,2026-02-24T01:00:00+02:00,0,0,0,False
1,2026-02-24T00:00:00Z,2026-02-24T02:00:00+02:00,0,0,0,False
1,2026-02-24T01:00:00Z,2026-02-24T03:00:00+02:00,0,0,0,False
1,2026-02-24T02:00:00Z,2026-02-24T04:00:00+02:00,0,0,0,False
1,2026-02-24T03:00:00Z,2026-02-24T05:00:00+02:00,0,0,0,False
1,2026-02-24T04:00:00Z,2026-02-24T06:00:00+02:00,0,0,0,False
1,2026-02-24T05:00:00Z,2026-02-24T07:00:00+02:00,6,6,12,False
1,2026-02-24T06:00:00Z,2026-02-24T08:00:00+02:00,0,0,0,False
1,2026-02-24T07:00:00Z,2026-02-24T09:00:00+02:00,1,1,2,False
1,2026-02-24T08:00:00Z,2026-02-24T10:00:00+02:00,8,8,16,False
1,2026-02-24T09:00:00Z,2026-02-24T11:00:00+02:00,38,30,68,False
1,2026-02-24T10:00:00Z,2026-02-24T12:00:00+02:00,56,61,117,False
1,2026-02-24T11:00:00Z,2026-02-24T13:00:00+02:00,32,39,71,False
1,2026-02-24T12:00:00Z,2026-02-24T14:00:00+02:00,28,18,46,False
1,2026-02-24T13:00:00Z,2026-02-24T15:00:00+02:00,63,65,128,False
1,2026-02-24T14:00:00Z,2026-02-24T16:00:00+02:00,40,33,73,False
1,2026-02-24T15:00:00Z,2026-02-24T17:00:00+02:00,24,33,57,False
1,2026-02-24T16:00:00Z,2026-02-24T18:00:00+02:00,22,30,52,False
1,2026-02-24T17:00:00Z,2026-02-24T19:00:00+02:00,2,2,4,False
1,2026-02-24T18:00:00Z,2026-02-24T20:00:00+02:00,0,0,0,False
1,2026-02-24T19:00:00Z,2026-02-24T21:00:00+02:00,0,0,0,False
1,2026-02-24T20:00:00Z,2026-02-24T22:00:00+02:00,0,0,0,False
1,2026-02-24T21:00:00Z,2026-02-24T23:00:00+02:00,0,0,0,False
1,2026-02-24T22:00:00Z,2026-02-25T00:00:00+02:00,0,0,0,False
1,2026-02-24T23:00:00Z,2026-02-25T01:00:00+02:00,0,0,0,False
1,2026-02-25T00:00:00Z,2026-02-25T02:00:00+02:00,0,0,0,False
1,2026-02-25T01:00:00Z,2026-02-25T03:00:00+02:00,0,0,0,False
1,2026-02-25T02:00:00Z,2026-02-25T04:00:00+02:00,0,0,0,False
1,2026-02-25T03:00:00Z,2026-02-25T05:00:00+02:00,0,0,0,False
1,2026-02-25T04:00:00Z,2026-02-25T06:00:00+02:00,0,0,0,False
1,2026-02-25T05:00:00Z,2026-02-25T07:00:00+02:00,1,1,2,False
1,2026-02-25T06:00:00Z,2026-02-25T08:00:00+02:00,3,2,5,False
1,2026-02-25T07:00:00Z,2026-02-25T09:00:00+02:00,0,0,0,False
1,2026-02-25T08:00:00Z,2026-02-25T10:00:00+02:00,7,3,10,False
1,2026-02-25T09:00:00Z,2026-02-25T11:00:00+02:00,28,30,58,False
1,2026-02-25T10:00:00Z,2026-02-25T12:00:00+02:00,41,35,76,False
1,2026-02-25T11:00:00Z,2026-02-25T13:00:00+02:00,19,26,45,False
1,2026-02-25T12:00:00Z,2026-02-25T14:00:00+02:00,54,39,93,False
1,2026-02-25T13:00:00Z,2026-02-25T15:00:00+02:00,10,22,32,False
1,2026-02-25T14:00:00Z,2026-02-25T16:00:00+02:00,32,26,58,False
1,2026-02-25T15:00:00Z,2026-02-25T17:00:00+02:00,11,21,32,False
1,2026-02-25T16:00:00Z,2026-02-25T18:00:00+02:00,13,14,27,False
1,2026-02-25T17:00:00Z,2026-02-25T19:00:00+02:00,1,2,3,False
1,2026-02-25T18:00:00Z,2026-02-25T20:00:00+02:00,0,0,0,False
1,2026-02-25T19:00:00Z,2026-02-25T21:00:00+02:00,0,0,0,False
1,2026-02-25T20:00:00Z,2026-02-25T22:00:00+02:00,0,0,0,False
1,2026-02-25T21:00:00Z,2026-02-25T23:00:00+02:00,0,0,0,False
1,2026-02-25T22:00:00Z,2026-02-26T00:00:00+02:00,0,0,0,False
1,2026-02-25T23:00:00Z,2026-02-26T01:00:00+02:00,0,0,0,False
1,2026-02-26T00:00:00Z,2026-02-26T02:00:00+02:00,0,0,0,False
1,2026-02-26T01:00:00Z,2026-02-26T03:00:00+02:00,0,0,0,False
1,2026-02-26T02:00:00Z,2026-02-26T04:00:00+02:00,0,0,0,False
1,2026-02-26T03:00:00Z,2026-02-26T05:00:00+02:00,0,0,0,False
1,2026-02-26T04:00:00Z,2026-02-26T06:00:00+02:00,1,1,2,False
1,2026-02-26T05:00:00Z,2026-02-26T07:00:00+02:00,2,1,3,False
1,2026-02-26T06:00:00Z,2026-02-26T08:00:00+02:00,12,10,22,False
1,2026-02-26T07:00:00Z,2026-02-26T09:00:00+02:00,49,39,88,False
1,2026-02-26T08:00:00Z,2026-02-26T10:00:00+02:00,18,29,47,False
1,2026-02-26T09:00:00Z,2026-02-26T11:00:00+02:00,30,25,55,False
1,2026-02-26T10:00:00Z,2026-02-26T12:00:00+02:00,25,28,53,False
1,2026-02-26T11:00:00Z,2026-02-26T13:00:00+02:00,21,19,40,False
1,2026-02-26T12:00:00Z,2026-02-26T14:00:00+02:00,36,21,57,False
1,2026-02-26T13:00:00Z,2026-02-26T15:00:00+02:00,30,47,77,False
1,2026-02-26T14:00:00Z,2026-02-26T16:00:00+02:00,22,19,41,False
1,2026-02-26T15:00:00Z,2026-02-26T17:00:00+02:00,39,39,78,False
1,2026-02-26T16:00:00Z,2026-02-26T18:00:00+02:00,35,41,76,False
1,2026-02-26T17:00:00Z,2026-02-26T19:00:00+02:00,37,22,59,False
1,2026-02-26T18:00:00Z,2026-02-26T20:00:00+02:00,34,26,60,False
1,2026-02-26T19:00:00Z,2026-02-26T21:00:00+02:00,19,31,50,False
1,2026-02-26T20:00:00Z,2026-02-26T22:00:00+02:00,6,18,24,False
1,2026-02-26T21:00:00Z,2026-02-26T23:00:00+02:00,0,0,0,False
1,2026-02-26T22:00:00Z,2026-02-27T00:00:00+02:00,0,0,0,False
1,2026-02-26T23:00:00Z,2026-02-27T01:00:00+02:00,0,0,0,False
1,2026-02-27T00:00:00Z,2026-02-27T02:00:00+02:00,0,0,0,False
1,2026-02-27T01:00:00Z,2026-02-27T03:00:00+02:00,0,0,0,False
1,2026-02-27T02:00:00Z,2026-02-27T04:00:00+02:00,0,0,0,False
1,2026-02-27T03:00:00Z,2026-02-27T05:00:00+02:00,0,0,0,False
1,2026-02-27T04:00:00Z,2026-02-27T06:00:00+02:00,0,0,0,False
1,2026-02-27T05:00:00Z,2026-02-27T07:00:00+02:00,0,0,0,False
1,2026-02-27T06:00:00Z,2026-02-27T08:00:00+02:00,7,7,14,False
1,2026-02-27T07:00:00Z,2026-02-27T09:00:00+02:00,2,2,4,False
1,2026-02-27T08:00:00Z,2026-02-27T10:00:00+02:00,1,1,2,False
1,2026-02-27T09:00:00Z,2026-02-27T11:00:00+02:00,29,24,53,False
1,2026-02-27T10:00:00Z,2026-02-27T12:00:00+02:00,33,33,66,False
1,2026-02-27T11:00:00Z,2026-02-27T13:00:00+02:00,57,48,105,False
1,2026-02-27T12:00:00Z,2026-02-27T14:00:00+02:00,77,75,152,False
1,2026-02-27T13:00:00Z,2026-02-27T15:00:00+02:00,68,74,142,False
1,2026-02-27T14:00:00Z,2026-02-27T16:00:00+02:00,39,42,81,False
1,2026-02-27T15:00:00Z,2026-02-27T17:00:00+02:00,62,52,114,False
1,2026-02-27T16:00:00Z,2026-02-27T18:00:00+02:00,30,40,70,False
1,2026-02-27T17:00:00Z,2026-02-27T19:00:00+02:00,4,14,18,False
1,2026-02-27T18:00:00Z,2026-02-27T20:00:00+02:00,0,0,0,False
1,2026-02-27T19:00:00Z,2026-02-27T21:00:00+02:00,0,0,0,False
1,2026-02-27T20:00:00Z,2026-02-27T22:00:00+02:00,0,0,0,False
1,2026-02-27T21:00:00Z,2026-02-27T23:00:00+02:00,0,0,0,False
1,2026-02-27T22:00:00Z,2026-02-28T00:00:00+02:00,0,0,0,False
1,2026-02-27T23:00:00Z,2026-02-28T01:00:00+02:00,0,0,0,False
1,2026-02-28T00:00:00Z,2026-02-28T02:00:00+02:00,0,0,0,False
1,2026-02-28T01:00:00Z,2026-02-28T03:00:00+02:00,0,0,0,False
1,2026-02-28T02:00:00Z,2026-02-28T04:00:00+02:00,0,0,0,False
1,2026-02-28T03:00:00Z,2026-02-28T05:00:00+02:00,0,0,0,False
1,2026-02-28T04:00:00Z,2026-02-28T06:00:00+02:00,0,0,0,False
1,2026-02-28T05:00:00Z,2026-02-28T07:00:00+02:00,0,0,0,False
1,2026-02-28T06:00:00Z,2026-02-28T08:00:00+02:00,5,5,10,False
1,2026-02-28T07:00:00Z,2026-02-28T09:00:00+02:00,0,0,0,False
1,2026-02-28T08:00:00Z,2026-02-28T10:00:00+02:00,4,4,8,False
1,2026-02-28T09:00:00Z,2026-02-28T11:00:00+02:00,109,71,180,False
1,2026-02-28T10:00:00Z,2026-02-28T12:00:00+02:00,103,112,215,False
1,2026-02-28T11:00:00Z,2026-02-28T13:00:00+02:00,97,96,193,False
1,2026-02-28T12:00:00Z,2026-02-28T14:00:00+02:00,85,97,182,False
1,2026-02-28T13:00:00Z,2026-02-28T15:00:00+02:00,28,37,65,False
1,2026-02-28T14:00:00Z,2026-02-28T16:00:00+02:00,43,41,84,False
1,2026-02-28T15:00:00Z,2026-02-28T17:00:00+02:00,42,55,97,False
1,2026-02-28T16:00:00Z,2026-02-28T18:00:00+02:00,16,18,34,False
1,2026-02-28T17:00:00Z,2026-02-28T19:00:00+02:00,1,1,2,False
1,2026-02-28T18:00:00Z,2026-02-28T20:00:00+02:00,0,0,0,False
1,2026-02-28T19:00:00Z,2026-02-28T21:00:00+02:00,0,0,0,False
1,2026-02-28T20:00:00Z,2026-02-28T22:00:00+02:00,0,0,0,False
1,2026-02-28T21:00:00Z,2026-02-28T23:00:00+02:00,0,0,0,False
1,2026-02-28T22:00:00Z,2026-03-01T00:00:00+02:00,0,0,0,False
1,2026-02-28T23:00:00Z,2026-03-01T01:00:00+02:00,0,0,0,False
1,2026-03-01T00:00:00Z,2026-03-01T02:00:00+02:00,0,0,0,False
1,2026-03-01T01:00:00Z,2026-03-01T03:00:00+02:00,0,0,0,False
1,2026-03-01T02:00:00Z,2026-03-01T04:00:00+02:00,0,0,0,False
1,2026-03-01T03:00:00Z,2026-03-01T05:00:00+02:00,0,0,0,False
1,2026-03-01T04:00:00Z,2026-03-01T06:00:00+02:00,0,0,0,False
1,2026-03-01T05:00:00Z,2026-03-01T07:00:00+02:00,0,0,0,False
1,2026-03-01T06:00:00Z,2026-03-01T08:00:00+02:00,5,5,10,False
1,2026-03-01T07:00:00Z,2026-03-01T09:00:00+02:00,0,0,0,False
1,2026-03-01T08:00:00Z,2026-03-01T10:00:00+02:00,6,6,12,False
1,2026-03-01T09:00:00Z,2026-03-01T11:00:00+02:00,43,28,71,False
1,2026-03-01T10:00:00Z,2026-03-01T12:00:00+02:00,57,58,115,False
1,2026-03-01T11:00:00Z,2026-03-01T13:00:00+02:00,37,44,81,False
1,2026-03-01T12:00:00Z,2026-03-01T14:00:00+02:00,28,25,53,False
1,2026-03-01T13:00:00Z,2026-03-01T15:00:00+02:00,37,41,78,False
1,2026-03-01T14:00:00Z,2026-03-01T16:00:00+02:00,30,26,56,False
1,2026-03-01T15:00:00Z,2026-03-01T17:00:00+02:00,9,12,21,False
1,2026-03-01T16:00:00Z,2026-03-01T18:00:00+02:00,5,11,16,False
1,2026-03-01T17:00:00Z,2026-03-01T19:00:00+02:00,0,0,0,False
1,2026-03-01T18:00:00Z,2026-03-01T20:00:00+02:00,0,0,0,False
1,2026-03-01T19:00:00Z,2026-03-01T21:00:00+02:00,0,0,0,False
1,2026-03-01T20:00:00Z,2026-03-01T22:00:00+02:00,0,0,0,False
1,2026-03-01T21:00:00Z,2026-03-01T23:00:00+02:00,0,0,0,False
1,2026-03-01T22:00:00Z,2026-03-02T00:00:00+02:00,0,0,0,False
1,2026-03-01T23:00:00Z,2026-03-02T01:00:00+02:00,0,0,0,False
1,2026-03-02T00:00:00Z,2026-03-02T02:00:00+02:00,0,0,0,False
1,2026-03-02T01:00:00Z,2026-03-02T03:00:00+02:00,0,0,0,False
1,2026-03-02T02:00:00Z,2026-03-02T04:00:00+02:00,0,0,0,False
1,2026-03-02T03:00:00Z,2026-03-02T05:00:00+02:00,0,0,0,False
1,2026-03-02T04:00:00Z,2026-03-02T06:00:00+02:00,0,0,0,False
1,2026-03-02T05:00:00Z,2026-03-02T07:00:00+02:00,5,5,10,False
1,2026-03-02T06:00:00Z,2026-03-02T08:00:00+02:00,3,3,6,False
1,2026-03-02T07:00:00Z,2026-03-02T09:00:00+02:00,1,1,2,False
1,2026-03-02T08:00:00Z,2026-03-02T10:00:00+02:00,2,2,4,False
1,2026-03-02T09:00:00Z,2026-03-02T11:00:00+02:00,40,38,78,False
1,2026-03-02T10:00:00Z,2026-03-02T12:00:00+02:00,62,56,118,False
1,2026-03-02T11:00:00Z,2026-03-02T13:00:00+02:00,50,42,92,False
1,2026-03-02T12:00:00Z,2026-03-02T14:00:00+02:00,20,35,55,False
1,2026-03-02T13:00:00Z,2026-03-02T15:00:00+02:00,25,21,46,False
1,2026-03-02T14:00:00Z,2026-03-02T16:00:00+02:00,21,24,45,False
1,2026-03-02T15:00:00Z,2026-03-02T17:00:00+02:00,28,29,57,False
1,2026-03-02T16:00:00Z,2026-03-02T18:00:00+02:00,12,15,27,False
1,2026-03-02T17:00:00Z,2026-03-02T19:00:00+02:00,1,2,3,False
1,2026-03-02T18:00:00Z,2026-03-02T20:00:00+02:00,0,0,0,False
1,2026-03-02T19:00:00Z,2026-03-02T21:00:00+02:00,0,0,0,False
1,2026-03-02T20:00:00Z,2026-03-02T22:00:00+02:00,0,0,0,False
1,2026-03-02T21:00:00Z,2026-03-02T23:00:00+02:00,0,0,0,False
1,2026-03-02T22:00:00Z,2026-03-03T00:00:00+02:00,0,0,0,False
1,2026-03-02T23:00:00Z,2026-03-03T01:00:00+02:00,0,0,0,False
1,2026-03-03T00:00:00Z,2026-03-03T02:00:00+02:00,0,0,0,False
1,2026-03-03T01:00:00Z,2026-03-03T03:00:00+02:00,0,0,0,False
1,2026-03-03T02:00:00Z,2026-03-03T04:00:00+02:00,0,0,0,False
1,2026-03-03T03:00:00Z,2026-03-03T05:00:00+02:00,0,0,0,False
1,2026-03-03T04:00:00Z,2026-03-03T06:00:00+02:00,0,0,0,False
1,2026-03-03T05:00:00Z,2026-03-03T07:00:00+02:00,5,6,11,False
1,2026-03-03T06:00:00Z,2026-03-03T08:00:00+02:00,2,2,4,False
1,2026-03-03T07:00:00Z,2026-03-03T09:00:00+02:00,1,1,2,False
1,2026-03-03T08:00:00Z,2026-03-03T10:00:00+02:00,1,1,2,False
1,2026-03-03T09:00:00Z,2026-03-03T11:00:00+02:00,43,33,76,False
1,2026-03-03T10:00:00Z,2026-03-03T12:00:00+02:00,28,24,52,False
1,2026-03-03T11:00:00Z,2026-03-03T13:00:00+02:00,33,35,68,False
1,2026-03-03T12:00:00Z,2026-03-03T14:00:00+02:00,33,31,64,False
1,2026-03-03T13:00:00Z,2026-03-03T15:00:00+02:00,29,32,61,False
1,2026-03-03T14:00:00Z,2026-03-03T16:00:00+02:00,23,26,49,False
1,2026-03-03T15:00:00Z,2026-03-03T17:00:00+02:00,40,35,75,False
1,2026-03-03T16:00:00Z,2026-03-03T18:00:00+02:00,12,19,31,False
1,2026-03-03T17:00:00Z,2026-03-03T19:00:00+02:00,3,5,8,False
1,2026-03-03T18:00:00Z,2026-03-03T20:00:00+02:00,0,0,0,False
1,2026-03-03T19:00:00Z,2026-03-03T21:00:00+02:00,0,0,0,False
1,2026-03-03T20:00:00Z,2026-03-03T22:00:00+02:00,0,0,0,False
1,2026-03-03T21:00:00Z,2026-03-03T23:00:00+02:00,0,0,0,False
1,2026-03-03T22:00:00Z,2026-03-04T00:00:00+02:00,0,0,0,False
1,2026-03-03T23:00:00Z,2026-03-04T01:00:00+02:00,0,0,0,False
1,2026-03-04T00:00:00Z,2026-03-04T02:00:00+02:00,0,0,0,False
1,2026-03-04T01:00:00Z,2026-03-04T03:00:00+02:00,0,0,0,False
1,2026-03-04T02:00:00Z,2026-03-04T04:00:00+02:00,0,0,0,False
1,2026-03-04T03:00:00Z,2026-03-04T05:00:00+02:00,0,0,0,False
1,2026-03-04T04:00:00Z,2026-03-04T06:00:00+02:00,0,0,0,False
1,2026-03-04T05:00:00Z,2026-03-04T07:00:00+02:00,17,13,30,False
1,2026-03-04T06:00:00Z,2026-03-04T08:00:00+02:00,24,19,43,False
1,2026-03-04T07:00:00Z,2026-03-04T09:00:00+02:00,10,9,19,False
1,2026-03-04T08:00:00Z,2026-03-04T10:00:00+02:00,9,12,21,False
1,2026-03-04T09:00:00Z,2026-03-04T11:00:00+02:00,38,43,81,False
1,2026-03-04T10:00:00Z,2026-03-04T12:00:00+02:00,32,27,59,False
1,2026-03-04T11:00:00Z,2026-03-04T13:00:00+02:00,59,51,110,False
1,2026-03-04T12:00:00Z,2026-03-04T14:00:00+02:00,37,46,83,False
1,2026-03-04T13:00:00Z,2026-03-04T15:00:00+02:00,50,40,90,False
1,2026-03-04T14:00:00Z,2026-03-04T16:00:00+02:00,20,30,50,False
1,2026-03-04T15:00:00Z,2026-03-04T17:00:00+02:00,37,29,66,False
1,2026-03-04T16:00:00Z,2026-03-04T18:00:00+02:00,7,20,27,False
1,2026-03-04T17:00:00Z,2026-03-04T19:00:00+02:00,2,2,4,False
1,2026-03-04T18:00:00Z,2026-03-04T20:00:00+02:00,0,0,0,False
1,2026-03-04T19:00:00Z,2026-03-04T21:00:00+02:00,0,0,0,False
1,2026-03-04T20:00:00Z,2026-03-04T22:00:00+02:00,0,0,0,False
1,2026-03-04T21:00:00Z,2026-03-04T23:00:00+02:00,0,0,0,False
1,2026-03-04T22:00:00Z,2026-03-05T00:00:00+02:00,0,0,0,False
1,2026-03-04T23:00:00Z,2026-03-05T01:00:00+02:00,0,0,0,False
1,2026-03-05T00:00:00Z,2026-03-05T02:00:00+02:00,0,0,0,False
1,2026-03-05T01:00:00Z,2026-03-05T03:00:00+02:00,0,0,0,False
1,2026-03-05T02:00:00Z,2026-03-05T04:00:00+02:00,0,0,0,False
1,2026-03-05T03:00:00Z,2026-03-05T05:00:00+02:00,0,0,0,False
1,2026-03-05T04:00:00Z,2026-03-05T06:00:00+02:00,0,0,0,False
1,2026-03-05T05:00:00Z,2026-03-05T07:00:00+02:00,2,1,3,False
1,2026-03-05T06:00:00Z,2026-03-05T08:00:00+02:00,0,0,0,False
1,2026-03-05T07:00:00Z,2026-03-05T09:00:00+02:00,2,2,4,False
1,2026-03-05T08:00:00Z,2026-03-05T10:00:00+02:00,2,3,5,False
1,2026-03-05T09:00:00Z,2026-03-05T11:00:00+02:00,43,38,81,False
1,2026-03-05T10:00:00Z,2026-03-05T12:00:00+02:00,57,48,105,False
1,2026-03-05T11:00:00Z,2026-03-05T13:00:00+02:00,60,64,124,False
1,2026-03-05T12:00:00Z,2026-03-05T14:00:00+02:00,40,40,80,False
1,2026-03-05T13:00:00Z,2026-03-05T15:00:00+02:00,31,36,67,False
1,2026-03-05T14:00:00Z,2026-03-05T16:00:00+02:00,15,20,35,False
1,2026-03-05T15:00:00Z,2026-03-05T17:00:00+02:00,29,22,51,False
1,2026-03-05T16:00:00Z,2026-03-05T18:00:00+02:00,11,19,30,False
1,2026-03-05T17:00:00Z,2026-03-05T19:00:00+02:00,1,1,2,False
1,2026-03-05T18:00:00Z,2026-03-05T20:00:00+02:00,0,0,0,False
1,2026-03-05T19:00:00Z,2026-03-05T21:00:00+02:00,0,0,0,False
1,2026-03-05T20:00:00Z,2026-03-05T22:00:00+02:00,0,0,0,False
1,2026-03-05T21:00:00Z,2026-03-05T23:00:00+02:00,0,0,0,False
1,2026-03-05T22:00:00Z,2026-03-06T00:00:00+02:00,0,0,0,False
1,2026-03-05T23:00:00Z,2026-03-06T01:00:00+02:00,0,0,0,False
1,2026-03-06T00:00:00Z,2026-03-06T02:00:00+02:00,0,0,0,False
1,2026-03-06T01:00:00Z,2026-03-06T03:00:00+02:00,0,0,0,False
1,2026-03-06T02:00:00Z,2026-03-06T04:00:00+02:00,0,0,0,False
1,2026-03-06T03:00:00Z,2026-03-06T05:00:00+02:00,0,0,0,False
1,2026-03-06T04:00:00Z,2026-03-06T06:00:00+02:00,0,0,0,False
1,2026-03-06T05:00:00Z,2026-03-06T07:00:00+02:00,12,12,24,False
1,2026-03-06T06:00:00Z,2026-03-06T08:00:00+02:00,14,14,28,False
1,2026-03-06T07:00:00Z,2026-03-06T09:00:00+02:00,0,0,0,False
1,2026-03-06T08:00:00Z,2026-03-06T10:00:00+02:00,2,2,4,False
1,2026-03-06T09:00:00Z,2026-03-06T11:00:00+02:00,64,55,119,False
1,2026-03-06T10:00:00Z,2026-03-06T12:00:00+02:00,50,36,86,False
1,2026-03-06T11:00:00Z,2026-03-06T13:00:00+02:00,55,59,114,False
1,2026-03-06T12:00:00Z,2026-03-06T14:00:00+02:00,51,53,104,False
1,2026-03-06T13:00:00Z,2026-03-06T15:00:00+02:00,24,35,59,False
1,2026-03-06T14:00:00Z,2026-03-06T16:00:00+02:00,39,34,73,False
1,2026-03-06T15:00:00Z,2026-03-06T17:00:00+02:00,27,29,56,False
1,2026-03-06T16:00:00Z,2026-03-06T18:00:00+02:00,11,19,30,False
1,2026-03-06T17:00:00Z,2026-03-06T19:00:00+02:00,0,0,0,False
1,2026-03-06T18:00:00Z,2026-03-06T20:00:00+02:00,0,0,0,False
1,2026-03-06T19:00:00Z,2026-03-06T21:00:00+02:00,0,0,0,False
1,2026-03-06T20:00:00Z,2026-03-06T22:00:00+02:00,0,0,0,False
1,2026-03-06T21:00:00Z,2026-03-06T23:00:00+02:00,0,0,0,False
1,2026-03-06T22:00:00Z,2026-03-07T00:00:00+02:00,0,0,0,False
1,2026-03-06T23:00:00Z,2026-03-07T01:00:00+02:00,0,0,0,False
1,2026-03-07T00:00:00Z,2026-03-07T02:00:00+02:00,0,0,0,False
1,2026-03-07T01:00:00Z,2026-03-07T03:00:00+02:00,0,0,0,False
1,2026-03-07T02:00:00Z,2026-03-07T04:00:00+02:00,0,0,0,False
1,2026-03-07T03:00:00Z,2026-03-07T05:00:00+02:00,0,0,0,False
1,2026-03-07T04:00:00Z,2026-03-07T06:00:00+02:00,0,0,0,False
1,2026-03-07T05:00:00Z,2026-03-07T07:00:00+02:00,0,0,0,False
1,2026-03-07T06:00:00Z,2026-03-07T08:00:00+02:00,7,7,14,False
1,2026-03-07T07:00:00Z,2026-03-07T09:00:00+02:00,0,0,0,False
1,2026-03-07T08:00:00Z,2026-03-07T10:00:00+02:00,3,3,6,False
1,2026-03-07T09:00:00Z,2026-03-07T11:00:00+02:00,61,40,101,False
1,2026-03-07T10:00:00Z,2026-03-07T12:00:00+02:00,63,62,125,False
1,2026-03-07T11:00:00Z,2026-03-07T13:00:00+02:00,79,60,139,False
1,2026-03-07T12:00:00Z,2026-03-07T14:00:00+02:00,75,99,174,False
1,2026-03-07T13:00:00Z,2026-03-07T15:00:00+02:00,55,47,102,False
1,2026-03-07T14:00:00Z,2026-03-07T16:00:00+02:00,44,57,101,False
1,2026-03-07T15:00:00Z,2026-03-07T17:00:00+02:00,39,50,89,False
1,2026-03-07T16:00:00Z,2026-03-07T18:00:00+02:00,20,26,46,False
1,2026-03-07T17:00:00Z,2026-03-07T19:00:00+02:00,1,1,2,False
1,2026-03-07T18:00:00Z,2026-03-07T20:00:00+02:00,0,0,0,False
1,2026-03-07T19:00:00Z,2026-03-07T21:00:00+02:00,0,0,0,False
1,2026-03-07T20:00:00Z,2026-03-07T22:00:00+02:00,0,0,0,False
1,2026-03-07T21:00:00Z,2026-03-07T23:00:00+02:00,0,0,0,False
1,2026-03-07T22:00:00Z,2026-03-08T00:00:00+02:00,0,0,0,False
1,2026-03-07T23:00:00Z,2026-03-08T01:00:00+02:00,0,0,0,False
1,2026-03-08T00:00:00Z,2026-03-08T02:00:00+02:00,0,0,0,False
1,2026-03-08T01:00:00Z,2026-03-08T03:00:00+02:00,0,0,0,False
1,2026-03-08T02:00:00Z,2026-03-08T04:00:00+02:00,0,0,0,False
1,2026-03-08T03:00:00Z,2026-03-08T05:00:00+02:00,0,0,0,False
1,2026-03-08T04:00:00Z,2026-03-08T06:00:00+02:00,0,0,0,False
1,2026-03-08T05:00:00Z,2026-03-08T07:00:00+02:00,0,0,0,False
1,2026-03-08T06:00:00Z,2026-03-08T08:00:00+02:00,5,5,10,False
1,2026-03-08T07:00:00Z,2026-03-08T09:00:00+02:00,0,0,0,False
1,2026-03-08T08:00:00Z,2026-03-08T10:00:00+02:00,7,8,15,False
1,2026-03-08T09:00:00Z,2026-03-08T11:00:00+02:00,19,9,28,False
1,2026-03-08T10:00:00Z,2026-03-08T12:00:00+02:00,47,37,84,False
1,2026-03-08T11:00:00Z,2026-03-08T13:00:00+02:00,40,50,90,False
1,2026-03-08T12:00:00Z,2026-03-08T14:00:00+02:00,32,32,64,False
1,2026-03-08T13:00:00Z,2026-03-08T15:00:00+02:00,19,16,35,False
1,2026-03-08T14:00:00Z,2026-03-08T16:00:00+02:00,13,16,29,False
1,2026-03-08T15:00:00Z,2026-03-08T17:00:00+02:00,27,31,58,False
1,2026-03-08T16:00:00Z,2026-03-08T18:00:00+02:00,2,4,6,False
1,2026-03-08T17:00:00Z,2026-03-08T19:00:00+02:00,0,0,0,False
1,2026-03-08T18:00:00Z,2026-03-08T20:00:00+02:00,0,0,0,False
1,2026-03-08T19:00:00Z,2026-03-08T21:00:00+02:00,0,0,0,False
1,2026-03-08T20:00:00Z,2026-03-08T22:00:00+02:00,0,0,0,False
1,2026-03-08T21:00:00Z,2026-03-08T23:00:00+02:00,0,0,0,False
1,2026-03-08T22:00:00Z,2026-03-09T00:00:00+02:00,0,0,0,False
1,2026-03-08T23:00:00Z,2026-03-09T01:00:00+02:00,0,0,0,False
1,2026-03-09T00:00:00Z,2026-03-09T02:00:00+02:00,0,0,0,False
1,2026-03-09T01:00:00Z,2026-03-09T03:00:00+02:00,0,0,0,False
1,2026-03-09T02:00:00Z,2026-03-09T04:00:00+02:00,0,0,0,False
1,2026-03-09T03:00:00Z,2026-03-09T05:00:00+02:00,0,0,0,False
1,2026-03-09T04:00:00Z,2026-03-09T06:00:00+02:00,0,0,0,False
1,2026-03-09T05:00:00Z,2026-03-09T07:00:00+02:00,6,6,12,False
1,2026-03-09T06:00:00Z,2026-03-09T08:00:00+02:00,1,1,2,False
1,2026-03-09T07:00:00Z,2026-03-09T09:00:00+02:00,4,4,8,False
1,2026-03-09T08:00:00Z,2026-03-09T10:00:00+02:00,2,2,4,False
1,2026-03-09T09:00:00Z,2026-03-09T11:00:00+02:00,23,15,38,False
1,2026-03-09T10:00:00Z,2026-03-09T12:00:00+02:00,32,34,66,False
1,2026-03-09T11:00:00Z,2026-03-09T13:00:00+02:00,12,12,24,False
1,2026-03-09T12:00:00Z,2026-03-09T14:00:00+02:00,12,12,24,False
1,2026-03-09T13:00:00Z,2026-03-09T15:00:00+02:00,22,23,45,False
1,2026-03-09T14:00:00Z,2026-03-09T16:00:00+02:00,19,15,34,False
1,2026-03-09T15:00:00Z,2026-03-09T17:00:00+02:00,5,3,8,False
1,2026-03-09T16:00:00Z,2026-03-09T18:00:00+02:00,16,24,40,False
1,2026-03-09T17:00:00Z,2026-03-09T19:00:00+02:00,1,3,4,False
1,2026-03-09T18:00:00Z,2026-03-09T20:00:00+02:00,0,0,0,False
1,2026-03-09T19:00:00Z,2026-03-09T21:00:00+02:00,0,0,0,False
1,2026-03-09T20:00:00Z,2026-03-09T22:00:00+02:00,0,0,0,False
1,2026-03-09T21:00:00Z,2026-03-09T23:00:00+02:00,0,0,0,False
1,2026-03-09T22:00:00Z,2026-03-10T00:00:00+02:00,0,0,0,False
1,2026-03-09T23:00:00Z,2026-03-10T01:00:00+02:00,0,0,0,False
1,2026-03-10T00:00:00Z,2026-03-10T02:00:00+02:00,0,0,0,False
1,2026-03-10T01:00:00Z,2026-03-10T03:00:00+02:00,0,0,0,False
1,2026-03-10T02:00:00Z,2026-03-10T04:00:00+02:00,0,0,0,False
1,2026-03-10T03:00:00Z,2026-03-10T05:00:00+02:00,0,0,0,False
1,2026-03-10T04:00:00Z,2026-03-10T06:00:00+02:00,0,0,0,False
1,2026-03-10T05:00:00Z,2026-03-10T07:00:00+02:00,5,5,10,False
1,2026-03-10T06:00:00Z,2026-03-10T08:00:00+02:00,2,2,4,False
1,2026-03-10T07:00:00Z,2026-03-10T09:00:00+02:00,4,1,5,False
1,2026-03-10T08:00:00Z,2026-03-10T10:00:00+02:00,2,4,6,False
1,2026-03-10T09:00:00Z,2026-03-10T11:00:00+02:00,14,11,25,False
1,2026-03-10T10:00:00Z,2026-03-10T12:00:00+02:00,30,23,53,False
1,2026-03-10T11:00:00Z,2026-03-10T13:00:00+02:00,59,46,105,False
1,2026-03-10T12:00:00Z,2026-03-10T14:00:00+02:00,33,44,77,False
1,2026-03-10T13:00:00Z,2026-03-10T15:00:00+02:00,21,31,52,False
1,2026-03-10T14:00:00Z,2026-03-10T16:00:00+02:00,21,21,42,False
1,2026-03-10T15:00:00Z,2026-03-10T17:00:00+02:00,45,26,71,False
1,2026-03-10T16:00:00Z,2026-03-10T18:00:00+02:00,23,27,50,False
1,2026-03-10T17:00:00Z,2026-03-10T19:00:00+02:00,9,27,36,False
1,2026-03-10T18:00:00Z,2026-03-10T20:00:00+02:00,2,5,7,False
1,2026-03-10T19:00:00Z,2026-03-10T21:00:00+02:00,0,0,0,False
1,2026-03-10T20:00:00Z,2026-03-10T22:00:00+02:00,0,0,0,False
1,2026-03-10T21:00:00Z,2026-03-10T23:00:00+02:00,0,0,0,False
1,2026-03-10T22:00:00Z,2026-03-11T00:00:00+02:00,0,0,0,False
1,2026-03-10T23:00:00Z,2026-03-11T01:00:00+02:00,0,0,0,False
1,2026-03-11T00:00:00Z,2026-03-11T02:00:00+02:00,0,0,0,False
1,2026-03-11T01:00:00Z,2026-03-11T03:00:00+02:00,0,0,0,False
1,2026-03-11T02:00:00Z,2026-03-11T04:00:00+02:00,0,0,0,False
1,2026-03-11T03:00:00Z,2026-03-11T05:00:00+02:00,0,0,0,False
1,2026-03-11T04:00:00Z,2026-03-11T06:00:00+02:00,0,0,0,False
1,2026-03-11T05:00:00Z,2026-03-11T07:00:00+02:00,2,2,4,False
1,2026-03-11T06:00:00Z,2026-03-11T08:00:00+02:00,1,1,2,False
1,2026-03-11T07:00:00Z,2026-03-11T09:00:00+02:00,0,0,0,False
1,2026-03-11T08:00:00Z,2026-03-11T10:00:00+02:00,1,1,2,False
1,2026-03-11T09:00:00Z,2026-03-11T11:00:00+02:00,22,20,42,False
1,2026-03-11T10:00:00Z,2026-03-11T12:00:00+02:00,26,23,49,False
1,2026-03-11T11:00:00Z,2026-03-11T13:00:00+02:00,25,19,44,False
1,2026-03-11T12:00:00Z,2026-03-11T14:00:00+02:00,24,27,51,False
1,2026-03-11T13:00:00Z,2026-03-11T15:00:00+02:00,57,53,110,False
1,2026-03-11T14:00:00Z,2026-03-11T16:00:00+02:00,50,28,78,False
1,2026-03-11T15:00:00Z,2026-03-11T17:00:00+02:00,75,61,136,False
1,2026-03-11T16:00:00Z,2026-03-11T18:00:00+02:00,30,70,100,False
1,2026-03-11T17:00:00Z,2026-03-11T19:00:00+02:00,3,3,6,False
1,2026-03-11T18:00:00Z,2026-03-11T20:00:00+02:00,0,0,0,False
1,2026-03-11T19:00:00Z,2026-03-11T21:00:00+02:00,0,0,0,False
1,2026-03-11T20:00:00Z,2026-03-11T22:00:00+02:00,0,0,0,False
1,2026-03-11T21:00:00Z,2026-03-11T23:00:00+02:00,0,0,0,False
1,2026-03-11T22:00:00Z,2026-03-12T00:00:00+02:00,0,0,0,False
1,2026-03-11T23:00:00Z,2026-03-12T01:00:00+02:00,0,0,0,False
1,2026-03-12T00:00:00Z,2026-03-12T02:00:00+02:00,0,0,0,False
1,2026-03-12T01:00:00Z,2026-03-12T03:00:00+02:00,0,0,0,False
1,2026-03-12T02:00:00Z,2026-03-12T04:00:00+02:00,0,0,0,False
1,2026-03-12T03:00:00Z,2026-03-12T05:00:00+02:00,0,0,0,False
1,2026-03-12T04:00:00Z,2026-03-12T06:00:00+02:00,0,0,0,False
1,2026-03-12T05:00:00Z,2026-03-12T07:00:00+02:00,2,3,5,False
1,2026-03-12T06:00:00Z,2026-03-12T08:00:00+02:00,2,0,2,False
1,2026-03-12T07:00:00Z,2026-03-12T09:00:00+02:00,2,2,4,False
1,2026-03-12T08:00:00Z,2026-03-12T10:00:00+02:00,1,1,2,False
1,2026-03-12T09:00:00Z,2026-03-12T11:00:00+02:00,35,21,56,False
1,2026-03-12T10:00:00Z,2026-03-12T12:00:00+02:00,44,51,95,False
1,2026-03-12T11:00:00Z,2026-03-12T13:00:00+02:00,20,19,39,False
1,2026-03-12T12:00:00Z,2026-03-12T14:00:00+02:00,32,34,66,False
1,2026-03-12T13:00:00Z,2026-03-12T15:00:00+02:00,17,21,38,False
1,2026-03-12T14:00:00Z,2026-03-12T16:00:00+02:00,12,10,22,False
1,2026-03-12T15:00:00Z,2026-03-12T17:00:00+02:00,13,13,26,False
1,2026-03-12T16:00:00Z,2026-03-12T18:00:00+02:00,9,14,23,False
1,2026-03-12T17:00:00Z,2026-03-12T19:00:00+02:00,2,2,4,False
1,2026-03-12T18:00:00Z,2026-03-12T20:00:00+02:00,0,0,0,False
1,2026-03-12T19:00:00Z,2026-03-12T21:00:00+02:00,0,0,0,False
1,2026-03-12T20:00:00Z,2026-03-12T22:00:00+02:00,0,0,0,False
1,2026-03-12T21:00:00Z,2026-03-12T23:00:00+02:00,0,0,0,False
1,2026-03-12T22:00:00Z,2026-03-13T00:00:00+02:00,0,0,0,False
1,2026-03-12T23:00:00Z,2026-03-13T01:00:00+02:00,0,0,0,False
1,2026-03-13T00:00:00Z,2026-03-13T02:00:00+02:00,0,0,0,False
1,2026-03-13T01:00:00Z,2026-03-13T03:00:00+02:00,0,0,0,False
1,2026-03-13T02:00:00Z,2026-03-13T04:00:00+02:00,0,0,0,False
1,2026-03-13T03:00:00Z,2026-03-13T05:00:00+02:00,0,0,0,False
1,2026-03-13T04:00:00Z,2026-03-13T06:00:00+02:00,0,0,0,False
1,2026-03-13T05:00:00Z,2026-03-13T07:00:00+02:00,5,5,10,False
1,2026-03-13T06:00:00Z,2026-03-13T08:00:00+02:00,4,4,8,False
1,2026-03-13T07:00:00Z,2026-03-13T09:00:00+02:00,0,0,0,False
1,2026-03-13T08:00:00Z,2026-03-13T10:00:00+02:00,1,1,2,False
1,2026-03-13T09:00:00Z,2026-03-13T11:00:00+02:00,38,28,66,False
1,2026-03-13T10:00:00Z,2026-03-13T12:00:00+02:00,28,29,57,False
1,2026-03-13T11:00:00Z,2026-03-13T13:00:00+02:00,18,24,42,False
1,2026-03-13T12:00:00Z,2026-03-13T14:00:00+02:00,51,35,86,False
1,2026-03-13T13:00:00Z,2026-03-13T15:00:00+02:00,29,34,63,False
1,2026-03-13T14:00:00Z,2026-03-13T16:00:00+02:00,28,27,55,False
1,2026-03-13T15:00:00Z,2026-03-13T17:00:00+02:00,75,68,143,False
1,2026-03-13T16:00:00Z,2026-03-13T18:00:00+02:00,17,32,49,False
1,2026-03-13T17:00:00Z,2026-03-13T19:00:00+02:00,4,12,16,False
1,2026-03-13T18:00:00Z,2026-03-13T20:00:00+02:00,0,0,0,False
1,2026-03-13T19:00:00Z,2026-03-13T21:00:00+02:00,0,0,0,False
1,2026-03-13T20:00:00Z,2026-03-13T22:00:00+02:00,0,0,0,False
1,2026-03-13T21:00:00Z,2026-03-13T23:00:00+02:00,0,0,0,False
1,2026-03-13T22:00:00Z,2026-03-14T00:00:00+02:00,0,0,0,False
1,2026-03-13T23:00:00Z,2026-03-14T01:00:00+02:00,0,0,0,False
1,2026-03-14T00:00:00Z,2026-03-14T02:00:00+02:00,0,0,0,False
1,2026-03-14T01:00:00Z,2026-03-14T03:00:00+02:00,0,0,0,False
1,2026-03-14T02:00:00Z,2026-03-14T04:00:00+02:00,0,0,0,False
1,2026-03-14T03:00:00Z,2026-03-14T05:00:00+02:00,0,0,0,False
1,2026-03-14T04:00:00Z,2026-03-14T06:00:00+02:00,0,0,0,False
1,2026-03-14T05:00:00Z,2026-03-14T07:00:00+02:00,0,0,0,False
1,2026-03-14T06:00:00Z,2026-03-14T08:00:00+02:00,4,4,8,False
1,2026-03-14T07:00:00Z,2026-03-14T09:00:00+02:00,2,2,4,False
1,2026-03-14T08:00:00Z,2026-03-14T10:00:00+02:00,1,2,3,False
1,2026-03-14T09:00:00Z,2026-03-14T11:00:00+02:00,56,31,87,False
1,2026-03-14T10:00:00Z,2026-03-14T12:00:00+02:00,74,79,153,False
1,2026-03-14T11:00:00Z,2026-03-14T13:00:00+02:00,65,65,130,False
1,2026-03-14T12:00:00Z,2026-03-14T14:00:00+02:00,62,55,117,False
1,2026-03-14T13:00:00Z,2026-03-14T15:00:00+02:00,57,63,120,False
1,2026-03-14T14:00:00Z,2026-03-14T16:00:00+02:00,44,46,90,False
1,2026-03-14T15:00:00Z,2026-03-14T17:00:00+02:00,66,67,133,False
1,2026-03-14T16:00:00Z,2026-03-14T18:00:00+02:00,33,50,83,False
1,2026-03-14T17:00:00Z,2026-03-14T19:00:00+02:00,3,4,7,False
1,2026-03-14T18:00:00Z,2026-03-14T20:00:00+02:00,0,0,0,False
1,2026-03-14T19:00:00Z,2026-03-14T21:00:00+02:00,0,0,0,False
1,2026-03-14T20:00:00Z,2026-03-14T22:00:00+02:00,0,0,0,False
1,2026-03-14T21:00:00Z,2026-03-14T23:00:00+02:00,0,0,0,False
1,2026-03-14T22:00:00Z,2026-03-15T00:00:00+02:00,0,0,0,False
1,2026-03-14T23:00:00Z,2026-03-15T01:00:00+02:00,0,0,0,False
1,2026-03-15T00:00:00Z,2026-03-15T02:00:00+02:00,0,0,0,False
1,2026-03-15T01:00:00Z,2026-03-15T03:00:00+02:00,0,0,0,False
1,2026-03-15T02:00:00Z,2026-03-15T04:00:00+02:00,0,0,0,False
1,2026-03-15T03:00:00Z,2026-03-15T05:00:00+02:00,0,0,0,False
1,2026-03-15T04:00:00Z,2026-03-15T06:00:00+02:00,0,0,0,False
1,2026-03-15T05:00:00Z,2026-03-15T07:00:00+02:00,0,0,0,False
1,2026-03-15T06:00:00Z,2026-03-15T08:00:00+02:00,4,4,8,False
1,2026-03-15T07:00:00Z,2026-03-15T09:00:00+02:00,1,1,2,False
1,2026-03-15T08:00:00Z,2026-03-15T10:00:00+02:00,2,1,3,False
1,2026-03-15T09:00:00Z,2026-03-15T11:00:00+02:00,24,12,36,False
1,2026-03-15T10:00:00Z,2026-03-15T12:00:00+02:00,35,30,65,False
1,2026-03-15T11:00:00Z,2026-03-15T13:00:00+02:00,37,34,71,False
1,2026-03-15T12:00:00Z,2026-03-15T14:00:00+02:00,32,38,70,False
1,2026-03-15T13:00:00Z,2026-03-15T15:00:00+02:00,34,28,62,False
1,2026-03-15T14:00:00Z,2026-03-15T16:00:00+02:00,42,42,84,False
1,2026-03-15T15:00:00Z,2026-03-15T17:00:00+02:00,16,38,54,False
1,2026-03-15T16:00:00Z,2026-03-15T18:00:00+02:00,2,2,4,False
1,2026-03-15T17:00:00Z,2026-03-15T19:00:00+02:00,0,0,0,False
1,2026-03-15T18:00:00Z,2026-03-15T20:00:00+02:00,0,0,0,False
1,2026-03-15T19:00:00Z,2026-03-15T21:00:00+02:00,0,0,0,False
1,2026-03-15T20:00:00Z,2026-03-15T22:00:00+02:00,0,0,0,False
1,2026-03-15T21:00:00Z,2026-03-15T23:00:00+02:00,0,0,0,False
1,2026-03-15T22:00:00Z,2026-03-16T00:00:00+02:00,0,0,0,False
1,2026-03-15T23:00:00Z,2026-03-16T01:00:00+02:00,0,0,0,False
1,2026-03-16T00:00:00Z,2026-03-16T02:00:00+02:00,0,0,0,False
1,2026-03-16T01:00:00Z,2026-03-16T03:00:00+02:00,0,0,0,False
1,2026-03-16T02:00:00Z,2026-03-16T04:00:00+02:00,0,0,0,False
1,2026-03-16T03:00:00Z,2026-03-16T05:00:00+02:00,0,0,0,False
1,2026-03-16T04:00:00Z,2026-03-16T06:00:00+02:00,0,0,0,False
1,2026-03-16T05:00:00Z,2026-03-16T07:00:00+02:00,5,6,11,False
1,2026-03-16T06:00:00Z,2026-03-16T08:00:00+02:00,1,0,1,False
1,2026-03-16T07:00:00Z,2026-03-16T09:00:00+02:00,1,1,2,False
1,2026-03-16T08:00:00Z,2026-03-16T10:00:00+02:00,3,3,6,False
1,2026-03-16T09:00:00Z,2026-03-16T11:00:00+02:00,51,35,86,False
1,2026-03-16T10:00:00Z,2026-03-16T12:00:00+02:00,20,34,54,False
1,2026-03-16T11:00:00Z,2026-03-16T13:00:00+02:00,21,18,39,False
1,2026-03-16T12:00:00Z,2026-03-16T14:00:00+02:00,25,24,49,False
1,2026-03-16T13:00:00Z,2026-03-16T15:00:00+02:00,23,16,39,False
1,2026-03-16T14:00:00Z,2026-03-16T16:00:00+02:00,31,32,63,False
1,2026-03-16T15:00:00Z,2026-03-16T17:00:00+02:00,25,31,56,False
1,2026-03-16T16:00:00Z,2026-03-16T18:00:00+02:00,7,12,19,False
1,2026-03-16T17:00:00Z,2026-03-16T19:00:00+02:00,0,0,0,False
1,2026-03-16T18:00:00Z,2026-03-16T20:00:00+02:00,0,0,0,False
1,2026-03-16T19:00:00Z,2026-03-16T21:00:00+02:00,0,0,0,False
1,2026-03-16T20:00:00Z,2026-03-16T22:00:00+02:00,0,0,0,False
1,2026-03-16T21:00:00Z,2026-03-16T23:00:00+02:00,0,0,0,False
1,2026-03-16T22:00:00Z,2026-03-17T00:00:00+02:00,0,0,0,False
1,2026-03-16T23:00:00Z,2026-03-17T01:00:00+02:00,0,0,0,False
1,2026-03-17T00:00:00Z,2026-03-17T02:00:00+02:00,0,0,0,False
1,2026-03-17T01:00:00Z,2026-03-17T03:00:00+02:00,0,0,0,False
1,2026-03-17T02:00:00Z,2026-03-17T04:00:00+02:00,0,0,0,False
1,2026-03-17T03:00:00Z,2026-03-17T05:00:00+02:00,0,0,0,False
1,2026-03-17T04:00:00Z,2026-03-17T06:00:00+02:00,0,0,0,False
1,2026-03-17T05:00:00Z,2026-03-17T07:00:00+02:00,5,5,10,False
1,2026-03-17T06:00:00Z,2026-03-17T08:00:00+02:00,2,1,3,False
1,2026-03-17T07:00:00Z,2026-03-17T09:00:00+02:00,0,0,0,False
1,2026-03-17T08:00:00Z,2026-03-17T10:00:00+02:00,2,2,4,False
1,2026-03-17T09:00:00Z,2026-03-17T11:00:00+02:00,15,7,22,False
1,2026-03-17T10:00:00Z,2026-03-17T12:00:00+02:00,20,21,41,False
1,2026-03-17T11:00:00Z,2026-03-17T13:00:00+02:00,31,29,60,False
1,2026-03-17T12:00:00Z,2026-03-17T14:00:00+02:00,114,120,234,False
1,2026-03-17T13:00:00Z,2026-03-17T15:00:00+02:00,28,20,48,False
1,2026-03-17T14:00:00Z,2026-03-17T16:00:00+02:00,21,31,52,False
1,2026-03-17T15:00:00Z,2026-03-17T17:00:00+02:00,37,26,63,False
1,2026-03-17T16:00:00Z,2026-03-17T18:00:00+02:00,8,21,29,False
1,2026-03-17T17:00:00Z,2026-03-17T19:00:00+02:00,2,4,6,False
1,2026-03-17T18:00:00Z,2026-03-17T20:00:00+02:00,0,0,0,False
1,2026-03-17T19:00:00Z,2026-03-17T21:00:00+02:00,0,0,0,False
1,2026-03-17T20:00:00Z,2026-03-17T22:00:00+02:00,0,0,0,False
1,2026-03-17T21:00:00Z,2026-03-17T23:00:00+02:00,0,0,0,False
1,2026-03-17T22:00:00Z,2026-03-18T00:00:00+02:00,0,0,0,False
1,2026-03-17T23:00:00Z,2026-03-18T01:00:00+02:00,0,0,0,False
1,2026-03-18T00:00:00Z,2026-03-18T02:00:00+02:00,0,0,0,False
1,2026-03-18T01:00:00Z,2026-03-18T03:00:00+02:00,0,0,0,False
1,2026-03-18T02:00:00Z,2026-03-18T04:00:00+02:00,0,0,0,False
1,2026-03-18T03:00:00Z,2026-03-18T05:00:00+02:00,0,0,0,False
1,2026-03-18T04:00:00Z,2026-03-18T06:00:00+02:00,1,1,2,False
1,2026-03-18T05:00:00Z,2026-03-18T07:00:00+02:00,0,0,0,False
1,2026-03-18T06:00:00Z,2026-03-18T08:00:00+02:00,3,3,6,False
1,2026-03-18T07:00:00Z,2026-03-18T09:00:00+02:00,0,0,0,False
1,2026-03-18T08:00:00Z,2026-03-18T10:00:00+02:00,3,3,6,False
1,2026-03-18T09:00:00Z,2026-03-18T11:00:00+02:00,38,24,62,False
1,2026-03-18T10:00:00Z,2026-03-18T12:00:00+02:00,61,66,127,False
1,2026-03-18T11:00:00Z,2026-03-18T13:00:00+02:00,18,21,39,False
1,2026-03-18T12:00:00Z,2026-03-18T14:00:00+02:00,37,28,65,False
1,2026-03-18T13:00:00Z,2026-03-18T15:00:00+02:00,22,30,52,False
1,2026-03-18T14:00:00Z,2026-03-18T16:00:00+02:00,16,14,30,False
1,2026-03-18T15:00:00Z,2026-03-18T17:00:00+02:00,47,32,79,False
1,2026-03-18T16:00:00Z,2026-03-18T18:00:00+02:00,8,30,38,False
1,2026-03-18T17:00:00Z,2026-03-18T19:00:00+02:00,2,2,4,False
1,2026-03-18T18:00:00Z,2026-03-18T20:00:00+02:00,0,0,0,False
1,2026-03-18T19:00:00Z,2026-03-18T21:00:00+02:00,0,0,0,False
1,2026-03-18T20:00:00Z,2026-03-18T22:00:00+02:00,0,0,0,False
1,2026-03-18T21:00:00Z,2026-03-18T23:00:00+02:00,0,0,0,False
1,2026-03-18T22:00:00Z,2026-03-19T00:00:00+02:00,0,0,0,False
1,2026-03-18T23:00:00Z,2026-03-19T01:00:00+02:00,0,0,0,False
1,2026-03-19T00:00:00Z,2026-03-19T02:00:00+02:00,0,0,0,False
1,2026-03-19T01:00:00Z,2026-03-19T03:00:00+02:00,0,0,0,False
1,2026-03-19T02:00:00Z,2026-03-19T04:00:00+02:00,0,0,0,False
1,2026-03-19T03:00:00Z,2026-03-19T05:00:00+02:00,0,0,0,False
1,2026-03-19T04:00:00Z,2026-03-19T06:00:00+02:00,0,0,0,False
1,2026-03-19T05:00:00Z,2026-03-19T07:00:00+02:00,2,2,4,False
1,2026-03-19T06:00:00Z,2026-03-19T08:00:00+02:00,0,0,0,False
1,2026-03-19T07:00:00Z,2026-03-19T09:00:00+02:00,1,1,2,False
1,2026-03-19T08:00:00Z,2026-03-19T10:00:00+02:00,1,1,2,False
1,2026-03-19T09:00:00Z,2026-03-19T11:00:00+02:00,48,37,85,False
1,2026-03-19T10:00:00Z,2026-03-19T12:00:00+02:00,33,36,69,False
1,2026-03-19T11:00:00Z,2026-03-19T13:00:00+02:00,70,46,116,False
1,2026-03-19T12:00:00Z,2026-03-19T14:00:00+02:00,90,104,194,False
1,2026-03-19T13:00:00Z,2026-03-19T15:00:00+02:00,31,41,72,False
1,2026-03-19T14:00:00Z,2026-03-19T16:00:00+02:00,12,12,24,False
1,2026-03-19T15:00:00Z,2026-03-19T17:00:00+02:00,25,24,49,False
1,2026-03-19T16:00:00Z,2026-03-19T18:00:00+02:00,11,17,28,False
1,2026-03-19T17:00:00Z,2026-03-19T19:00:00+02:00,5,6,11,False
1,2026-03-19T18:00:00Z,2026-03-19T20:00:00+02:00,0,0,0,False
1,2026-03-19T19:00:00Z,2026-03-19T21:00:00+02:00,0,0,0,False
1,2026-03-19T20:00:00Z,2026-03-19T22:00:00+02:00,0,0,0,False
1,2026-03-19T21:00:00Z,2026-03-19T23:00:00+02:00,0,0,0,False
1,2026-03-19T22:00:00Z,2026-03-20T00:00:00+02:00,0,0,0,False
1,2026-03-19T23:00:00Z,2026-03-20T01:00:00+02:00,0,0,0,False
1,2026-03-20T00:00:00Z,2026-03-20T02:00:00+02:00,0,0,0,False
1,2026-03-20T01:00:00Z,2026-03-20T03:00:00+02:00,0,0,0,False
1,2026-03-20T02:00:00Z,2026-03-20T04:00:00+02:00,0,0,0,False
1,2026-03-20T03:00:00Z,2026-03-20T05:00:00+02:00,0,0,0,False
1,2026-03-20T04:00:00Z,2026-03-20T06:00:00+02:00,0,0,0,False
1,2026-03-20T05:00:00Z,2026-03-20T07:00:00+02:00,2,2,4,False
1,2026-03-20T06:00:00Z,2026-03-20T08:00:00+02:00,8,8,16,False
1,2026-03-20T07:00:00Z,2026-03-20T09:00:00+02:00,6,3,9,False
1,2026-03-20T08:00:00Z,2026-03-20T10:00:00+02:00,2,5,7,False
1,2026-03-20T09:00:00Z,2026-03-20T11:00:00+02:00,91,86,177,False
1,2026-03-20T10:00:00Z,2026-03-20T12:00:00+02:00,31,28,59,False
1,2026-03-20T11:00:00Z,2026-03-20T13:00:00+02:00,29,23,52,False
1,2026-03-20T12:00:00Z,2026-03-20T14:00:00+02:00,35,31,66,False
1,2026-03-20T13:00:00Z,2026-03-20T15:00:00+02:00,26,36,62,False
1,2026-03-20T14:00:00Z,2026-03-20T16:00:00+02:00,26,27,53,False
1,2026-03-20T15:00:00Z,2026-03-20T17:00:00+02:00,23,19,42,False
1,2026-03-20T16:00:00Z,2026-03-20T18:00:00+02:00,19,25,44,False
1,2026-03-20T17:00:00Z,2026-03-20T19:00:00+02:00,4,8,12,False
1,2026-03-20T18:00:00Z,2026-03-20T20:00:00+02:00,0,0,0,False
1,2026-03-20T19:00:00Z,2026-03-20T21:00:00+02:00,0,0,0,False
1,2026-03-20T20:00:00Z,2026-03-20T22:00:00+02:00,0,0,0,False
1,2026-03-20T21:00:00Z,2026-03-20T23:00:00+02:00,0,0,0,False
1,2026-03-20T22:00:00Z,2026-03-21T00:00:00+02:00,0,0,0,False
1,2026-03-20T23:00:00Z,2026-03-21T01:00:00+02:00,0,0,0,False
1,2026-03-21T00:00:00Z,2026-03-21T02:00:00+02:00,0,0,0,False
1,2026-03-21T01:00:00Z,2026-03-21T03:00:00+02:00,0,0,0,False
1,2026-03-21T02:00:00Z,2026-03-21T04:00:00+02:00,0,0,0,False
1,2026-03-21T03:00:00Z,2026-03-21T05:00:00+02:00,0,0,0,False
1,2026-03-21T04:00:00Z,2026-03-21T06:00:00+02:00,0,0,0,False
1,2026-03-21T05:00:00Z,2026-03-21T07:00:00+02:00,0,0,0,False
1,2026-03-21T06:00:00Z,2026-03-21T08:00:00+02:00,4,4,8,False
1,2026-03-21T07:00:00Z,2026-03-21T09:00:00+02:00,1,1,2,False
1,2026-03-21T08:00:00Z,2026-03-21T10:00:00+02:00,3,3,6,False
1,2026-03-21T09:00:00Z,2026-03-21T11:00:00+02:00,54,35,89,False
1,2026-03-21T10:00:00Z,2026-03-21T12:00:00+02:00,55,48,103,False
1,2026-03-21T11:00:00Z,2026-03-21T13:00:00+02:00,70,84,154,False
1,2026-03-21T12:00:00Z,2026-03-21T14:00:00+02:00,78,63,141,False
1,2026-03-21T13:00:00Z,2026-03-21T15:00:00+02:00,85,83,168,False
1,2026-03-21T14:00:00Z,2026-03-21T16:00:00+02:00,53,61,114,False
1,2026-03-21T15:00:00Z,2026-03-21T17:00:00+02:00,27,41,68,False
1,2026-03-21T16:00:00Z,2026-03-21T18:00:00+02:00,12,16,28,False
1,2026-03-21T17:00:00Z,2026-03-21T19:00:00+02:00,2,1,3,False
1,2026-03-21T18:00:00Z,2026-03-21T20:00:00+02:00,0,0,0,False
1,2026-03-21T19:00:00Z,2026-03-21T21:00:00+02:00,0,0,0,False
1,2026-03-21T20:00:00Z,2026-03-21T22:00:00+02:00,0,0,0,False
1,2026-03-21T21:00:00Z,2026-03-21T23:00:00+02:00,0,0,0,False
1,2026-03-21T22:00:00Z,2026-03-22T00:00:00+02:00,0,0,0,False
1,2026-03-21T23:00:00Z,2026-03-22T01:00:00+02:00,0,0,0,False
1,2026-03-22T00:00:00Z,2026-03-22T02:00:00+02:00,0,0,0,False
1,2026-03-22T01:00:00Z,2026-03-22T03:00:00+02:00,0,0,0,False
1,2026-03-22T02:00:00Z,2026-03-22T04:00:00+02:00,0,0,0,False
1,2026-03-22T03:00:00Z,2026-03-22T05:00:00+02:00,0,0,0,False
1,2026-03-22T04:00:00Z,2026-03-22T06:00:00+02:00,0,0,0,False
1,2026-03-22T05:00:00Z,2026-03-22T07:00:00+02:00,0,0,0,False
1,2026-03-22T06:00:00Z,2026-03-22T08:00:00+02:00,5,5,10,False
1,2026-03-22T07:00:00Z,2026-03-22T09:00:00+02:00,1,1,2,False
1,2026-03-22T08:00:00Z,2026-03-22T10:00:00+02:00,4,5,9,False
1,2026-03-22T09:00:00Z,2026-03-22T11:00:00+02:00,15,6,21,False
1,2026-03-22T10:00:00Z,2026-03-22T12:00:00+02:00,20,25,45,False
1,2026-03-22T11:00:00Z,2026-03-22T13:00:00+02:00,52,33,85,False
1,2026-03-22T12:00:00Z,2026-03-22T14:00:00+02:00,29,40,69,False
1,2026-03-22T13:00:00Z,2026-03-22T15:00:00+02:00,46,41,87,False
1,2026-03-22T14:00:00Z,2026-03-22T16:00:00+02:00,18,30,48,False
1,2026-03-22T15:00:00Z,2026-03-22T17:00:00+02:00,4,10,14,False
1,2026-03-22T16:00:00Z,2026-03-22T18:00:00+02:00,3,4,7,False
1,2026-03-22T17:00:00Z,2026-03-22T19:00:00+02:00,0,0,0,False
1,2026-03-22T18:00:00Z,2026-03-22T20:00:00+02:00,0,0,0,False
1,2026-03-22T19:00:00Z,2026-03-22T21:00:00+02:00,0,0,0,False
1,2026-03-22T20:00:00Z,2026-03-22T22:00:00+02:00,0,0,0,False
1,2026-03-22T21:00:00Z,2026-03-22T23:00:00+02:00,0,0,0,False
1,2026-03-22T22:00:00Z,2026-03-23T00:00:00+02:00,0,0,0,False
1,2026-03-22T23:00:00Z,2026-03-23T01:00:00+02:00,0,0,0,False
1,2026-03-23T00:00:00Z,2026-03-23T02:00:00+02:00,0,0,0,False
1,2026-03-23T01:00:00Z,2026-03-23T03:00:00+02:00,0,0,0,False
1,2026-03-23T02:00:00Z,2026-03-23T04:00:00+02:00,0,0,0,False
1,2026-03-23T03:00:00Z,2026-03-23T05:00:00+02:00,0,0,0,False
1,2026-03-23T04:00:00Z,2026-03-23T06:00:00+02:00,0,0,0,False
1,2026-03-23T05:00:00Z,2026-03-23T07:00:00+02:00,5,5,10,False
1,2026-03-23T06:00:00Z,2026-03-23T08:00:00+02:00,0,0,0,False
1,2026-03-23T07:00:00Z,2026-03-23T09:00:00+02:00,17,4,21,False
1,2026-03-23T08:00:00Z,2026-03-23T10:00:00+02:00,98,99,197,False
1,2026-03-23T09:00:00Z,2026-03-23T11:00:00+02:00,8,19,27,False
1,2026-03-23T10:00:00Z,2026-03-23T12:00:00+02:00,63,32,95,False
1,2026-03-23T11:00:00Z,2026-03-23T13:00:00+02:00,34,56,90,False
1,2026-03-23T12:00:00Z,2026-03-23T14:00:00+02:00,8,15,23,False
1,2026-03-23T13:00:00Z,2026-03-23T15:00:00+02:00,15,16,31,False
1,2026-03-23T14:00:00Z,2026-03-23T16:00:00+02:00,7,5,12,False
1,2026-03-23T15:00:00Z,2026-03-23T17:00:00+02:00,21,20,41,False
1,2026-03-23T16:00:00Z,2026-03-23T18:00:00+02:00,12,22,34,False
1,2026-03-23T17:00:00Z,2026-03-23T19:00:00+02:00,1,0,1,False
1,2026-03-23T18:00:00Z,2026-03-23T20:00:00+02:00,0,0,0,False
1,2026-03-23T19:00:00Z,2026-03-23T21:00:00+02:00,0,0,0,False
1,2026-03-23T20:00:00Z,2026-03-23T22:00:00+02:00,0,0,0,False
1,2026-03-23T21:00:00Z,2026-03-23T23:00:00+02:00,0,0,0,False
1,2026-03-23T22:00:00Z,2026-03-24T00:00:00+02:00,0,0,0,False
1,2026-03-23T23:00:00Z,2026-03-24T01:00:00+02:00,0,0,0,False
1,2026-03-24T00:00:00Z,2026-03-24T02:00:00+02:00,0,0,0,False
1,2026-03-24T01:00:00Z,2026-03-24T03:00:00+02:00,0,0,0,False
1,2026-03-24T02:00:00Z,2026-03-24T04:00:00+02:00,0,0,0,False
1,2026-03-24T03:00:00Z,2026-03-24T05:00:00+02:00,0,0,0,False
1,2026-03-24T04:00:00Z,2026-03-24T06:00:00+02:00,0,0,0,False
1,2026-03-24T05:00:00Z,2026-03-24T07:00:00+02:00,3,3,6,False
1,2026-03-24T06:00:00Z,2026-03-24T08:00:00+02:00,2,2,4,False
1,2026-03-24T07:00:00Z,2026-03-24T09:00:00+02:00,0,0,0,False
1,2026-03-24T08:00:00Z,2026-03-24T10:00:00+02:00,47,28,75,False
1,2026-03-24T09:00:00Z,2026-03-24T11:00:00+02:00,39,44,83,False
1,2026-03-24T10:00:00Z,2026-03-24T12:00:00+02:00,10,22,32,False
1,2026-03-24T11:00:00Z,2026-03-24T13:00:00+02:00,13,14,27,False
1,2026-03-24T12:00:00Z,2026-03-24T14:00:00+02:00,13,10,23,False
1,2026-03-24T13:00:00Z,2026-03-24T15:00:00+02:00,29,23,52,False
1,2026-03-24T14:00:00Z,2026-03-24T16:00:00+02:00,36,35,71,False
1,2026-03-24T15:00:00Z,2026-03-24T17:00:00+02:00,27,29,56,False
1,2026-03-24T16:00:00Z,2026-03-24T18:00:00+02:00,28,29,57,False
1,2026-03-24T17:00:00Z,2026-03-24T19:00:00+02:00,94,41,135,False
1,2026-03-24T18:00:00Z,2026-03-24T20:00:00+02:00,69,71,140,False
1,2026-03-24T19:00:00Z,2026-03-24T21:00:00+02:00,46,90,136,False
1,2026-03-24T20:00:00Z,2026-03-24T22:00:00+02:00,14,20,34,False
1,2026-03-24T21:00:00Z,2026-03-24T23:00:00+02:00,0,0,0,False
1,2026-03-24T22:00:00Z,2026-03-25T00:00:00+02:00,0,0,0,False
1,2026-03-24T23:00:00Z,2026-03-25T01:00:00+02:00,0,0,0,False
1,2026-03-25T00:00:00Z,2026-03-25T02:00:00+02:00,0,0,0,False
1,2026-03-25T01:00:00Z,2026-03-25T03:00:00+02:00,0,0,0,False
1,2026-03-25T02:00:00Z,2026-03-25T04:00:00+02:00,0,0,0,False
1,2026-03-25T03:00:00Z,2026-03-25T05:00:00+02:00,0,0,0,False
1,2026-03-25T04:00:00Z,2026-03-25T06:00:00+02:00,0,0,0,False
1,2026-03-25T05:00:00Z,2026-03-25T07:00:00+02:00,1,2,3,False
1,2026-03-25T06:00:00Z,2026-03-25T08:00:00+02:00,2,2,4,False
1,2026-03-25T07:00:00Z,2026-03-25T09:00:00+02:00,0,0,0,False
1,2026-03-25T08:00:00Z,2026-03-25T10:00:00+02:00,1,1,2,False
1,2026-03-25T09:00:00Z,2026-03-25T11:00:00+02:00,31,25,56,False
1,2026-03-25T10:00:00Z,2026-03-25T12:00:00+02:00,32,26,58,False
1,2026-03-25T11:00:00Z,2026-03-25T13:00:00+02:00,21,26,47,False
1,2026-03-25T12:00:00Z,2026-03-25T14:00:00+02:00,25,23,48,False
1,2026-03-25T13:00:00Z,2026-03-25T15:00:00+02:00,68,55,123,False
1,2026-03-25T14:00:00Z,2026-03-25T16:00:00+02:00,19,32,51,False
1,2026-03-25T15:00:00Z,2026-03-25T17:00:00+02:00,42,25,67,False
1,2026-03-25T16:00:00Z,2026-03-25T18:00:00+02:00,16,38,54,False
1,2026-03-25T17:00:00Z,2026-03-25T19:00:00+02:00,36,22,58,False
1,2026-03-25T18:00:00Z,2026-03-25T20:00:00+02:00,6,6,12,False
1,2026-03-25T19:00:00Z,2026-03-25T21:00:00+02:00,16,32,48,False
1,2026-03-25T20:00:00Z,2026-03-25T22:00:00+02:00,0,0,0,False
1,2026-03-25T21:00:00Z,2026-03-25T23:00:00+02:00,0,0,0,False
1,2026-03-25T22:00:00Z,2026-03-26T00:00:00+02:00,0,0,0,False
1,2026-03-25T23:00:00Z,2026-03-26T01:00:00+02:00,0,0,0,False
1,2026-03-26T00:00:00Z,2026-03-26T02:00:00+02:00,0,0,0,False
1,2026-03-26T01:00:00Z,2026-03-26T03:00:00+02:00,0,0,0,False
1,2026-03-26T02:00:00Z,2026-03-26T04:00:00+02:00,0,0,0,False
1,2026-03-26T03:00:00Z,2026-03-26T05:00:00+02:00,0,0,0,False
1,2026-03-26T04:00:00Z,2026-03-26T06:00:00+02:00,0,0,0,False
1,2026-03-26T05:00:00Z,2026-03-26T07:00:00+02:00,2,2,4,False
1,2026-03-26T06:00:00Z,2026-03-26T08:00:00+02:00,0,0,0,False
1,2026-03-26T07:00:00Z,2026-03-26T09:00:00+02:00,65,21,86,False
1,2026-03-26T08:00:00Z,2026-03-26T10:00:00+02:00,18,16,34,False
1,2026-03-26T09:00:00Z,2026-03-26T11:00:00+02:00,32,77,109,False
1,2026-03-26T10:00:00Z,2026-03-26T12:00:00+02:00,15,20,35,False
1,2026-03-26T11:00:00Z,2026-03-26T13:00:00+02:00,14,11,25,False
1,2026-03-26T12:00:00Z,2026-03-26T14:00:00+02:00,31,25,56,False
1,2026-03-26T13:00:00Z,2026-03-26T15:00:00+02:00,37,22,59,False
1,2026-03-26T14:00:00Z,2026-03-26T16:00:00+02:00,24,37,61,False
1,2026-03-26T15:00:00Z,2026-03-26T17:00:00+02:00,43,30,73,False
1,2026-03-26T16:00:00Z,2026-03-26T18:00:00+02:00,15,28,43,False
1,2026-03-26T17:00:00Z,2026-03-26T19:00:00+02:00,2,10,12,False
1,2026-03-26T18:00:00Z,2026-03-26T20:00:00+02:00,0,0,0,False
1,2026-03-26T19:00:00Z,2026-03-26T21:00:00+02:00,0,0,0,False
1,2026-03-26T20:00:00Z,2026-03-26T22:00:00+02:00,0,0,0,False
1,2026-03-26T21:00:00Z,2026-03-26T23:00:00+02:00,0,0,0,False
1,2026-03-26T22:00:00Z,2026-03-27T00:00:00+02:00,0,0,0,False
1,2026-03-26T23:00:00Z,2026-03-27T01:00:00+02:00,0,0,0,False
1,2026-03-27T00:00:00Z,2026-03-27T02:00:00+02:00,0,0,0,False
1,2026-03-27T01:00:00Z,2026-03-27T03:00:00+02:00,0,0,0,False
1,2026-03-27T02:00:00Z,2026-03-27T04:00:00+02:00,0,0,0,False
1,2026-03-27T03:00:00Z,2026-03-27T05:00:00+02:00,0,0,0,False
1,2026-03-27T04:00:00Z,2026-03-27T06:00:00+02:00,0,0,0,False
1,2026-03-27T05:00:00Z,2026-03-27T07:00:00+02:00,4,4,8,False
1,2026-03-27T06:00:00Z,2026-03-27T08:00:00+02:00,5,5,10,False
1,2026-03-27T07:00:00Z,2026-03-27T09:00:00+02:00,0,0,0,False
1,2026-03-27T08:00:00Z,2026-03-27T10:00:00+02:00,2,2,4,False
1,2026-03-27T09:00:00Z,2026-03-27T11:00:00+02:00,30,18,48,False
1,2026-03-27T10:00:00Z,2026-03-27T12:00:00+02:00,29,31,60,False
1,2026-03-27T11:00:00Z,2026-03-27T13:00:00+02:00,37,30,67,False
1,2026-03-27T12:00:00Z,2026-03-27T14:00:00+02:00,30,38,68,False
1,2026-03-27T13:00:00Z,2026-03-27T15:00:00+02:00,46,36,82,False
1,2026-03-27T14:00:00Z,2026-03-27T16:00:00+02:00,20,27,47,False
1,2026-03-27T15:00:00Z,2026-03-27T17:00:00+02:00,36,32,68,False
1,2026-03-27T16:00:00Z,2026-03-27T18:00:00+02:00,10,22,32,False
1,2026-03-27T17:00:00Z,2026-03-27T19:00:00+02:00,0,3,3,False
1,2026-03-27T18:00:00Z,2026-03-27T20:00:00+02:00,0,0,0,False
1,2026-03-27T19:00:00Z,2026-03-27T21:00:00+02:00,0,0,0,False
1,2026-03-27T20:00:00Z,2026-03-27T22:00:00+02:00,0,0,0,False
1,2026-03-27T21:00:00Z,2026-03-27T23:00:00+02:00,0,0,0,False
1,2026-03-27T22:00:00Z,2026-03-28T00:00:00+02:00,0,0,0,False
1,2026-03-27T23:00:00Z,2026-03-28T01:00:00+02:00,0,0,0,False
1,2026-03-28T00:00:00Z,2026-03-28T02:00:00+02:00,0,0,0,False
1,2026-03-28T01:00:00Z,2026-03-28T03:00:00+02:00,0,0,0,False
1,2026-03-28T02:00:00Z,2026-03-28T04:00:00+02:00,0,0,0,False
1,2026-03-28T03:00:00Z,2026-03-28T05:00:00+02:00,0,0,0,False
1,2026-03-28T04:00:00Z,2026-03-28T06:00:00+02:00,0,0,0,False
1,2026-03-28T05:00:00Z,2026-03-28T07:00:00+02:00,0,0,0,False
1,2026-03-28T06:00:00Z,2026-03-28T08:00:00+02:00,3,3,6,False
1,2026-03-28T07:00:00Z,2026-03-28T09:00:00+02:00,1,1,2,False
1,2026-03-28T08:00:00Z,2026-03-28T10:00:00+02:00,2,2,4,False
1,2026-03-28T09:00:00Z,2026-03-28T11:00:00+02:00,55,32,87,False
1,2026-03-28T10:00:00Z,2026-03-28T12:00:00+02:00,67,59,126,False
1,2026-03-28T11:00:00Z,2026-03-28T13:00:00+02:00,67,70,137,False
1,2026-03-28T12:00:00Z,2026-03-28T14:00:00+02:00,36,54,90,False
1,2026-03-28T13:00:00Z,2026-03-28T15:00:00+02:00,53,49,102,False
1,2026-03-28T14:00:00Z,2026-03-28T16:00:00+02:00,22,25,47,False
1,2026-03-28T15:00:00Z,2026-03-28T17:00:00+02:00,52,48,100,False
1,2026-03-28T16:00:00Z,2026-03-28T18:00:00+02:00,14,30,44,False
1,2026-03-28T17:00:00Z,2026-03-28T19:00:00+02:00,1,1,2,False
1,2026-03-28T18:00:00Z,2026-03-28T20:00:00+02:00,0,0,0,False
1,2026-03-28T19:00:00Z,2026-03-28T21:00:00+02:00,0,0,0,False
1,2026-03-28T20:00:00Z,2026-03-28T22:00:00+02:00,0,0,0,False
1,2026-03-28T21:00:00Z,2026-03-28T23:00:00+02:00,0,0,0,False
1,2026-03-28T22:00:00Z,2026-03-29T00:00:00+02:00,0,0,0,False
1,2026-03-28T23:00:00Z,2026-03-29T01:00:00+02:00,0,0,0,False
1,2026-03-29T00:00:00Z,2026-03-29T02:00:00+02:00,0,0,0,False
1,2026-03-29T01:00:00Z,2026-03-29T04:00:00+03:00,0,0,0,False
1,2026-03-29T02:00:00Z,2026-03-29T05:00:00+03:00,0,0,0,False
1,2026-03-29T03:00:00Z,2026-03-29T06:00:00+03:00,0,0,0,False
1,2026-03-29T04:00:00Z,2026-03-29T07:00:00+03:00,0,0,0,False
1,2026-03-29T05:00:00Z,2026-03-29T08:00:00+03:00,4,3,7,False
1,2026-03-29T06:00:00Z,2026-03-29T09:00:00+03:00,1,1,2,False
1,2026-03-29T07:00:00Z,2026-03-29T10:00:00+03:00,4,3,7,False
1,2026-03-29T08:00:00Z,2026-03-29T11:00:00+03:00,23,15,38,False
1,2026-03-29T09:00:00Z,2026-03-29T12:00:00+03:00,25,23,48,False
1,2026-03-29T10:00:00Z,2026-03-29T13:00:00+03:00,26,21,47,False
1,2026-03-29T11:00:00Z,2026-03-29T14:00:00+03:00,28,33,61,False
1,2026-03-29T12:00:00Z,2026-03-29T15:00:00+03:00,19,20,39,False
1,2026-03-29T13:00:00Z,2026-03-29T16:00:00+03:00,19,22,41,False
1,2026-03-29T14:00:00Z,2026-03-29T17:00:00+03:00,16,15,31,False
1,2026-03-29T15:00:00Z,2026-03-29T18:00:00+03:00,3,10,13,False
1,2026-03-29T16:00:00Z,2026-03-29T19:00:00+03:00,0,0,0,False
1,2026-03-29T17:00:00Z,2026-03-29T20:00:00+03:00,0,0,0,False
1,2026-03-29T18:00:00Z,2026-03-29T21:00:00+03:00,0,0,0,False
1,2026-03-29T19:00:00Z,2026-03-29T22:00:00+03:00,0,0,0,False
1,2026-03-29T20:00:00Z,2026-03-29T23:00:00+03:00,0,0,0,False
1,2026-03-29T21:00:00Z,2026-03-30T00:00:00+03:00,0,0,0,False
1,2026-03-29T22:00:00Z,2026-03-30T01:00:00+03:00,0,0,0,False
1,2026-03-29T23:00:00Z,2026-03-30T02:00:00+03:00,0,0,0,False
1,2026-03-30T00:00:00Z,2026-03-30T03:00:00+03:00,0,0,0,False
1,2026-03-30T01:00:00Z,2026-03-30T04:00:00+03:00,0,0,0,False
1,2026-03-30T02:00:00Z,2026-03-30T05:00:00+03:00,0,0,0,False
1,2026-03-30T03:00:00Z,2026-03-30T06:00:00+03:00,0,0,0,False
1,2026-03-30T04:00:00Z,2026-03-30T07:00:00+03:00,3,3,6,False
1,2026-03-30T05:00:00Z,2026-03-30T08:00:00+03:00,2,2,4,False
1,2026-03-30T06:00:00Z,2026-03-30T09:00:00+03:00,0,0,0,False
1,2026-03-30T07:00:00Z,2026-03-30T10:00:00+03:00,0,0,0,False
1,2026-03-30T08:00:00Z,2026-03-30T11:00:00+03:00,16,7,23,False
1,2026-03-30T09:00:00Z,2026-03-30T12:00:00+03:00,15,19,34,False
1,2026-03-30T10:00:00Z,2026-03-30T13:00:00+03:00,24,23,47,False
1,2026-03-30T11:00:00Z,2026-03-30T14:00:00+03:00,29,28,57,False
1,2026-03-30T12:00:00Z,2026-03-30T15:00:00+03:00,19,15,34,False
1,2026-03-30T13:00:00Z,2026-03-30T16:00:00+03:00,14,24,38,False
1,2026-03-30T14:00:00Z,2026-03-30T17:00:00+03:00,21,16,37,False
1,2026-03-30T15:00:00Z,2026-03-30T18:00:00+03:00,11,16,27,False
1,2026-03-30T16:00:00Z,2026-03-30T19:00:00+03:00,2,3,5,False
1,2026-03-30T17:00:00Z,2026-03-30T20:00:00+03:00,0,0,0,False
1,2026-03-30T18:00:00Z,2026-03-30T21:00:00+03:00,0,0,0,False
1,2026-03-30T19:00:00Z,2026-03-30T22:00:00+03:00,0,0,0,False
1,2026-03-30T20:00:00Z,2026-03-30T23:00:00+03:00,0,0,0,False
1,2026-03-30T21:00:00Z,2026-03-31T00:00:00+03:00,0,0,0,False
1,2026-03-30T22:00:00Z,2026-03-31T01:00:00+03:00,0,0,0,False
1,2026-03-30T23:00:00Z,2026-03-31T02:00:00+03:00,0,0,0,False
1,2026-03-31T00:00:00Z,2026-03-31T03:00:00+03:00,0,0,0,False
1,2026-03-31T01:00:00Z,2026-03-31T04:00:00+03:00,0,0,0,False
1,2026-03-31T02:00:00Z,2026-03-31T05:00:00+03:00,0,0,0,False
1,2026-03-31T03:00:00Z,2026-03-31T06:00:00+03:00,0,0,0,False
1,2026-03-31T04:00:00Z,2026-03-31T07:00:00+03:00,3,3,6,False
1,2026-03-31T05:00:00Z,2026-03-31T08:00:00+03:00,0,0,0,False
1,2026-03-31T06:00:00Z,2026-03-31T09:00:00+03:00,2,1,3,False
1,2026-03-31T07:00:00Z,2026-03-31T10:00:00+03:00,1,1,2,False
1,2026-03-31T08:00:00Z,2026-03-31T11:00:00+03:00,23,16,39,False
1,2026-03-31T09:00:00Z,2026-03-31T12:00:00+03:00,14,13,27,False
1,2026-03-31T10:00:00Z,2026-03-31T13:00:00+03:00,17,19,36,False
1,2026-03-31T11:00:00Z,2026-03-31T14:00:00+03:00,21,18,39,False
1,2026-03-31T12:00:00Z,2026-03-31T15:00:00+03:00,39,28,67,False
1,2026-03-31T13:00:00Z,2026-03-31T16:00:00+03:00,41,44,85,False
1,2026-03-31T14:00:00Z,2026-03-31T17:00:00+03:00,18,33,51,False
1,2026-03-31T15:00:00Z,2026-03-31T18:00:00+03:00,6,6,12,False
1,2026-03-31T16:00:00Z,2026-03-31T19:00:00+03:00,0,1,1,False
1,2026-03-31T17:00:00Z,2026-03-31T20:00:00+03:00,0,0,0,False
1,2026-03-31T18:00:00Z,2026-03-31T21:00:00+03:00,0,0,0,False
1,2026-03-31T19:00:00Z,2026-03-31T22:00:00+03:00,0,0,0,False
1,2026-03-31T20:00:00Z,2026-03-31T23:00:00+03:00,0,0,0,False
1,2026-03-31T21:00:00Z,2026-04-01T00:00:00+03:00,0,0,0,False
1,2026-03-31T22:00:00Z,2026-04-01T01:00:00+03:00,0,0,0,False
1,2026-03-31T23:00:00Z,2026-04-01T02:00:00+03:00,0,0,0,False
1,2026-04-01T00:00:00Z,2026-04-01T03:00:00+03:00,0,0,0,False
1,2026-04-01T01:00:00Z,2026-04-01T04:00:00+03:00,0,0,0,False
1,2026-04-01T02:00:00Z,2026-04-01T05:00:00+03:00,0,0,0,False
1,2026-04-01T03:00:00Z,2026-04-01T06:00:00+03:00,0,0,0,False
1,2026-04-01T04:00:00Z,2026-04-01T07:00:00+03:00,1,1,2,False
1,2026-04-01T05:00:00Z,2026-04-01T08:00:00+03:00,6,5,11,False
1,2026-04-01T06:00:00Z,2026-04-01T09:00:00+03:00,2,1,3,False
1,2026-04-01T07:00:00Z,2026-04-01T10:00:00+03:00,1,1,2,False
1,2026-04-01T08:00:00Z,2026-04-01T11:00:00+03:00,38,32,70,False
1,2026-04-01T09:00:00Z,2026-04-01T12:00:00+03:00,49,36,85,False
1,2026-04-01T10:00:00Z,2026-04-01T13:00:00+03:00,23,35,58,False
1,2026-04-01T11:00:00Z,2026-04-01T14:00:00+03:00,27,28,55,False
1,2026-04-01T12:00:00Z,2026-04-01T15:00:00+03:00,19,21,40,False
1,2026-04-01T13:00:00Z,2026-04-01T16:00:00+03:00,16,18,34,False
1,2026-04-01T14:00:00Z,2026-04-01T17:00:00+03:00,26,20,46,False
1,2026-04-01T15:00:00Z,2026-04-01T18:00:00+03:00,18,27,45,False
1,2026-04-01T16:00:00Z,2026-04-01T19:00:00+03:00,1,0,1,False
1,2026-04-01T17:00:00Z,2026-04-01T20:00:00+03:00,0,0,0,False
1,2026-04-01T18:00:00Z,2026-04-01T21:00:00+03:00,0,0,0,False
1,2026-04-01T19:00:00Z,2026-04-01T22:00:00+03:00,0,0,0,False
1,2026-04-01T20:00:00Z,2026-04-01T23:00:00+03:00,0,0,0,False
1,2026-04-01T21:00:00Z,2026-04-02T00:00:00+03:00,0,0,0,False
1,2026-04-01T22:00:00Z,2026-04-02T01:00:00+03:00,0,0,0,False
1,2026-04-01T23:00:00Z,2026-04-02T02:00:00+03:00,0,0,0,False
1,2026-04-02T00:00:00Z,2026-04-02T03:00:00+03:00,0,0,0,False
1,2026-04-02T01:00:00Z,2026-04-02T04:00:00+03:00,0,0,0,False
1,2026-04-02T02:00:00Z,2026-04-02T05:00:00+03:00,0,0,0,False
1,2026-04-02T03:00:00Z,2026-04-02T06:00:00+03:00,0,0,0,False
1,2026-04-02T04:00:00Z,2026-04-02T07:00:00+03:00,11,11,22,False
1,2026-04-02T05:00:00Z,2026-04-02T08:00:00+03:00,1,1,2,False
1,2026-04-02T06:00:00Z,2026-04-02T09:00:00+03:00,0,0,0,False
1,2026-04-02T07:00:00Z,2026-04-02T10:00:00+03:00,2,2,4,False
1,2026-04-02T08:00:00Z,2026-04-02T11:00:00+03:00,57,53,110,False
1,2026-04-02T09:00:00Z,2026-04-02T12:00:00+03:00,23,11,34,False
1,2026-04-02T10:00:00Z,2026-04-02T13:00:00+03:00,20,27,47,False
1,2026-04-02T11:00:00Z,2026-04-02T14:00:00+03:00,38,31,69,False
1,2026-04-02T12:00:00Z,2026-04-02T15:00:00+03:00,35,41,76,False
1,2026-04-02T13:00:00Z,2026-04-02T16:00:00+03:00,18,20,38,False
1,2026-04-02T14:00:00Z,2026-04-02T17:00:00+03:00,23,21,44,False
1,2026-04-02T15:00:00Z,2026-04-02T18:00:00+03:00,15,19,34,False
1,2026-04-02T16:00:00Z,2026-04-02T19:00:00+03:00,2,4,6,False
1,2026-04-02T17:00:00Z,2026-04-02T20:00:00+03:00,0,0,0,False
1,2026-04-02T18:00:00Z,2026-04-02T21:00:00+03:00,0,0,0,False
1,2026-04-02T19:00:00Z,2026-04-02T22:00:00+03:00,0,0,0,False
1,2026-04-02T20:00:00Z,2026-04-02T23:00:00+03:00,0,0,0,False
1,2026-04-02T21:00:00Z,2026-04-03T00:00:00+03:00,0,0,0,False
1,2026-04-02T22:00:00Z,2026-04-03T01:00:00+03:00,0,0,0,False
1,2026-04-02T23:00:00Z,2026-04-03T02:00:00+03:00,0,0,0,False
1,2026-04-03T00:00:00Z,2026-04-03T03:00:00+03:00,0,0,0,False
1,2026-04-03T01:00:00Z,2026-04-03T04:00:00+03:00,0,0,0,False
1,2026-04-03T02:00:00Z,2026-04-03T05:00:00+03:00,0,0,0,False
1,2026-04-03T03:00:00Z,2026-04-03T06:00:00+03:00,0,0,0,False
1,2026-04-03T04:00:00Z,2026-04-03T07:00:00+03:00,1,1,2,False
1,2026-04-03T05:00:00Z,2026-04-03T08:00:00+03:00,0,0,0,False
1,2026-04-03T06:00:00Z,2026-04-03T09:00:00+03:00,2,2,4,False
1,2026-04-03T07:00:00Z,2026-04-03T10:00:00+03:00,2,3,5,False
1,2026-04-03T08:00:00Z,2026-04-03T11:00:00+03:00,30,14,44,False
1,2026-04-03T09:00:00Z,2026-04-03T12:00:00+03:00,29,41,70,False
1,2026-04-03T10:00:00Z,2026-04-03T13:00:00+03:00,36,32,68,False
1,2026-04-03T11:00:00Z,2026-04-03T14:00:00+03:00,17,19,36,False
1,2026-04-03T12:00:00Z,2026-04-03T15:00:00+03:00,40,27,67,False
1,2026-04-03T13:00:00Z,2026-04-03T16:00:00+03:00,18,26,44,False
1,2026-04-03T14:00:00Z,2026-04-03T17:00:00+03:00,17,24,41,False
1,2026-04-03T15:00:00Z,2026-04-03T18:00:00+03:00,4,8,12,False
1,2026-04-03T16:00:00Z,2026-04-03T19:00:00+03:00,0,0,0,False
1,2026-04-03T17:00:00Z,2026-04-03T20:00:00+03:00,0,0,0,False
1,2026-04-03T18:00:00Z,2026-04-03T21:00:00+03:00,0,0,0,False
1,2026-04-03T19:00:00Z,2026-04-03T22:00:00+03:00,0,0,0,False
1,2026-04-03T20:00:00Z,2026-04-03T23:00:00+03:00,0,0,0,False
1,2026-04-03T21:00:00Z,2026-04-04T00:00:00+03:00,0,0,0,False
1,2026-04-03T22:00:00Z,2026-04-04T01:00:00+03:00,0,0,0,False
1,2026-04-03T23:00:00Z,2026-04-04T02:00:00+03:00,0,0,0,False
1,2026-04-04T00:00:00Z,2026-04-04T03:00:00+03:00,0,0,0,False
1,2026-04-04T01:00:00Z,2026-04-04T04:00:00+03:00,0,0,0,False
1,2026-04-04T02:00:00Z,2026-04-04T05:00:00+03:00,0,0,0,False
1,2026-04-04T03:00:00Z,2026-04-04T06:00:00+03:00,0,0,0,False
1,2026-04-04T04:00:00Z,2026-04-04T07:00:00+03:00,0,0,0,False
1,2026-04-04T05:00:00Z,2026-04-04T08:00:00+03:00,3,3,6,False
1,2026-04-04T06:00:00Z,2026-04-04T09:00:00+03:00,0,0,0,False
1,2026-04-04T07:00:00Z,2026-04-04T10:00:00+03:00,2,3,5,False
1,2026-04-04T08:00:00Z,2026-04-04T11:00:00+03:00,20,17,37,False
1,2026-04-04T09:00:00Z,2026-04-04T12:00:00+03:00,61,48,109,False
1,2026-04-04T10:00:00Z,2026-04-04T13:00:00+03:00,57,54,111,False
1,2026-04-04T11:00:00Z,2026-04-04T14:00:00+03:00,49,54,103,False
1,2026-04-04T12:00:00Z,2026-04-04T15:00:00+03:00,52,44,96,False
1,2026-04-04T13:00:00Z,2026-04-04T16:00:00+03:00,40,48,88,False
1,2026-04-04T14:00:00Z,2026-04-04T17:00:00+03:00,21,23,44,False
1,2026-04-04T15:00:00Z,2026-04-04T18:00:00+03:00,19,26,45,False
1,2026-04-04T16:00:00Z,2026-04-04T19:00:00+03:00,1,5,6,False
1,2026-04-04T17:00:00Z,2026-04-04T20:00:00+03:00,0,0,0,False
1,2026-04-04T18:00:00Z,2026-04-04T21:00:00+03:00,0,0,0,False
1,2026-04-04T19:00:00Z,2026-04-04T22:00:00+03:00,0,0,0,False
1,2026-04-04T20:00:00Z,2026-04-04T23:00:00+03:00,0,0,0,False
1,2026-04-04T21:00:00Z,2026-04-05T00:00:00+03:00,0,0,0,False
1,2026-04-04T22:00:00Z,2026-04-05T01:00:00+03:00,0,0,0,False
1,2026-04-04T23:00:00Z,2026-04-05T02:00:00+03:00,0,0,0,False
1,2026-04-05T00:00:00Z,2026-04-05T03:00:00+03:00,0,0,0,False
1,2026-04-05T01:00:00Z,2026-04-05T04:00:00+03:00,0,0,0,False
1,2026-04-05T02:00:00Z,2026-04-05T05:00:00+03:00,0,0,0,False
1,2026-04-05T03:00:00Z,2026-04-05T06:00:00+03:00,0,0,0,False
1,2026-04-05T04:00:00Z,2026-04-05T07:00:00+03:00,0,0,0,False
1,2026-04-05T05:00:00Z,2026-04-05T08:00:00+03:00,3,3,6,False
1,2026-04-05T06:00:00Z,2026-04-05T09:00:00+03:00,0,0,0,False
1,2026-04-05T07:00:00Z,2026-04-05T10:00:00+03:00,3,3,6,False
1,2026-04-05T08:00:00Z,2026-04-05T11:00:00+03:00,25,15,40,False
1,2026-04-05T09:00:00Z,2026-04-05T12:00:00+03:00,35,32,67,False
1,2026-04-05T10:00:00Z,2026-04-05T13:00:00+03:00,57,30,87,False
1,2026-04-05T11:00:00Z,2026-04-05T14:00:00+03:00,49,63,112,False
1,2026-04-05T12:00:00Z,2026-04-05T15:00:00+03:00,43,55,98,False
1,2026-04-05T13:00:00Z,2026-04-05T16:00:00+03:00,19,22,41,False
1,2026-04-05T14:00:00Z,2026-04-05T17:00:00+03:00,10,18,28,False
1,2026-04-05T15:00:00Z,2026-04-05T18:00:00+03:00,0,0,0,False
1,2026-04-05T16:00:00Z,2026-04-05T19:00:00+03:00,0,0,0,False
1,2026-04-05T17:00:00Z,2026-04-05T20:00:00+03:00,0,0,0,False
1,2026-04-05T18:00:00Z,2026-04-05T21:00:00+03:00,0,0,0,False
1,2026-04-05T19:00:00Z,2026-04-05T22:00:00+03:00,0,0,0,False
1,2026-04-05T20:00:00Z,2026-04-05T23:00:00+03:00,0,0,0,False
1,2026-04-05T21:00:00Z,2026-04-06T00:00:00+03:00,0,0,0,False
1,2026-04-05T22:00:00Z,2026-04-06T01:00:00+03:00,0,0,0,False
1,2026-04-05T23:00:00Z,2026-04-06T02:00:00+03:00,0,0,0,False
1,2026-04-06T00:00:00Z,2026-04-06T03:00:00+03:00,0,0,0,False
1,2026-04-06T01:00:00Z,2026-04-06T04:00:00+03:00,0,0,0,False
1,2026-04-06T02:00:00Z,2026-04-06T05:00:00+03:00,0,0,0,False
1,2026-04-06T03:00:00Z,2026-04-06T06:00:00+03:00,0,0,0,False
1,2026-04-06T04:00:00Z,2026-04-06T07:00:00+03:00,0,0,0,False
1,2026-04-06T05:00:00Z,2026-04-06T08:00:00+03:00,3,3,6,False
1,2026-04-06T06:00:00Z,2026-04-06T09:00:00+03:00,0,0,0,False
1,2026-04-06T07:00:00Z,2026-04-06T10:00:00+03:00,3,3,6,False
1,2026-04-06T08:00:00Z,2026-04-06T11:00:00+03:00,20,9,29,False
1,2026-04-06T09:00:00Z,2026-04-06T12:00:00+03:00,27,23,50,False
1,2026-04-06T10:00:00Z,2026-04-06T13:00:00+03:00,31,27,58,False
1,2026-04-06T11:00:00Z,2026-04-06T14:00:00+03:00,33,36,69,False
1,2026-04-06T12:00:00Z,2026-04-06T15:00:00+03:00,48,52,100,False
1,2026-04-06T13:00:00Z,2026-04-06T16:00:00+03:00,19,29,48,False
1,2026-04-06T14:00:00Z,2026-04-06T17:00:00+03:00,11,9,20,False
1,2026-04-06T15:00:00Z,2026-04-06T18:00:00+03:00,11,14,25,False
1,2026-04-06T16:00:00Z,2026-04-06T19:00:00+03:00,1,1,2,False
1,2026-04-06T17:00:00Z,2026-04-06T20:00:00+03:00,0,0,0,False
1,2026-04-06T18:00:00Z,2026-04-06T21:00:00+03:00,0,0,0,False
1,2026-04-06T19:00:00Z,2026-04-06T22:00:00+03:00,0,0,0,False
1,2026-04-06T20:00:00Z,2026-04-06T23:00:00+03:00,0,0,0,False
1,2026-04-06T21:00:00Z,2026-04-07T00:00:00+03:00,0,0,0,False
1,2026-04-06T22:00:00Z,2026-04-07T01:00:00+03:00,0,0,0,False
1,2026-04-06T23:00:00Z,2026-04-07T02:00:00+03:00,0,0,0,False
1,2026-04-07T00:00:00Z,2026-04-07T03:00:00+03:00,0,0,0,False
1,2026-04-07T01:00:00Z,2026-04-07T04:00:00+03:00,0,0,0,False
1,2026-04-07T02:00:00Z,2026-04-07T05:00:00+03:00,0,0,0,False
1,2026-04-07T03:00:00Z,2026-04-07T06:00:00+03:00,0,0,0,False
1,2026-04-07T04:00:00Z,2026-04-07T07:00:00+03:00,2,2,4,False
1,2026-04-07T05:00:00Z,2026-04-07T08:00:00+03:00,0,0,0,False
1,2026-04-07T06:00:00Z,2026-04-07T09:00:00+03:00,2,2,4,False
1,2026-04-07T07:00:00Z,2026-04-07T10:00:00+03:00,0,0,0,False
1,2026-04-07T08:00:00Z,2026-04-07T11:00:00+03:00,15,15,30,False
1,2026-04-07T09:00:00Z,2026-04-07T12:00:00+03:00,11,10,21,False
1,2026-04-07T10:00:00Z,2026-04-07T13:00:00+03:00,14,12,26,False
1,2026-04-07T11:00:00Z,2026-04-07T14:00:00+03:00,23,18,41,False
1,2026-04-07T12:00:00Z,2026-04-07T15:00:00+03:00,23,25,48,False
1,2026-04-07T13:00:00Z,2026-04-07T16:00:00+03:00,13,16,29,False
1,2026-04-07T14:00:00Z,2026-04-07T17:00:00+03:00,26,24,50,False
1,2026-04-07T15:00:00Z,2026-04-07T18:00:00+03:00,23,30,53,False
1,2026-04-07T16:00:00Z,2026-04-07T19:00:00+03:00,1,1,2,False
1,2026-04-07T17:00:00Z,2026-04-07T20:00:00+03:00,0,0,0,False
1,2026-04-07T18:00:00Z,2026-04-07T21:00:00+03:00,0,0,0,False
1,2026-04-07T19:00:00Z,2026-04-07T22:00:00+03:00,0,0,0,False
1,2026-04-07T20:00:00Z,2026-04-07T23:00:00+03:00,0,0,0,False
1,2026-04-07T21:00:00Z,2026-04-08T00:00:00+03:00,0,0,0,False
1,2026-04-07T22:00:00Z,2026-04-08T01:00:00+03:00,0,0,0,False
1,2026-04-07T23:00:00Z,2026-04-08T02:00:00+03:00,0,0,0,False
1,2026-04-08T00:00:00Z,2026-04-08T03:00:00+03:00,0,0,0,False
1,2026-04-08T01:00:00Z,2026-04-08T04:00:00+03:00,0,0,0,False
1,2026-04-08T02:00:00Z,2026-04-08T05:00:00+03:00,0,0,0,False
1,2026-04-08T03:00:00Z,2026-04-08T06:00:00+03:00,0,0,0,False
1,2026-04-08T04:00:00Z,2026-04-08T07:00:00+03:00,1,1,2,False
1,2026-04-08T05:00:00Z,2026-04-08T08:00:00+03:00,3,3,6,False
1,2026-04-08T06:00:00Z,2026-04-08T09:00:00+03:00,0,0,0,False
1,2026-04-08T07:00:00Z,2026-04-08T10:00:00+03:00,1,1,2,False
1,2026-04-08T08:00:00Z,2026-04-08T11:00:00+03:00,7,6,13,False
1,2026-04-08T09:00:00Z,2026-04-08T12:00:00+03:00,21,20,41,False
1,2026-04-08T10:00:00Z,2026-04-08T13:00:00+03:00,27,25,52,False
1,2026-04-08T11:00:00Z,2026-04-08T14:00:00+03:00,24,15,39,False
1,2026-04-08T12:00:00Z,2026-04-08T15:00:00+03:00,33,38,71,False
1,2026-04-08T13:00:00Z,2026-04-08T16:00:00+03:00,22,25,47,False
1,2026-04-08T14:00:00Z,2026-04-08T17:00:00+03:00,24,22,46,False
1,2026-04-08T15:00:00Z,2026-04-08T18:00:00+03:00,13,17,30,False
1,2026-04-08T16:00:00Z,2026-04-08T19:00:00+03:00,4,7,11,False
1,2026-04-08T17:00:00Z,2026-04-08T20:00:00+03:00,0,0,0,False
1,2026-04-08T18:00:00Z,2026-04-08T21:00:00+03:00,0,0,0,False
1,2026-04-08T19:00:00Z,2026-04-08T22:00:00+03:00,0,0,0,False
1,2026-04-08T20:00:00Z,2026-04-08T23:00:00+03:00,0,0,0,False
1,2026-04-08T21:00:00Z,2026-04-09T00:00:00+03:00,0,0,0,False
1,2026-04-08T22:00:00Z,2026-04-09T01:00:00+03:00,0,0,0,False
1,2026-04-08T23:00:00Z,2026-04-09T02:00:00+03:00,0,0,0,False
1,2026-04-09T00:00:00Z,2026-04-09T03:00:00+03:00,0,0,0,False
1,2026-04-09T01:00:00Z,2026-04-09T04:00:00+03:00,0,0,0,False
1,2026-04-09T02:00:00Z,2026-04-09T05:00:00+03:00,0,0,0,False
1,2026-04-09T03:00:00Z,2026-04-09T06:00:00+03:00,0,0,0,False
1,2026-04-09T04:00:00Z,2026-04-09T07:00:00+03:00,0,1,1,False
1,2026-04-09T05:00:00Z,2026-04-09T08:00:00+03:00,1,1,2,False
1,2026-04-09T06:00:00Z,2026-04-09T09:00:00+03:00,1,1,2,False
1,2026-04-09T07:00:00Z,2026-04-09T10:00:00+03:00,2,2,4,False
1,2026-04-09T08:00:00Z,2026-04-09T11:00:00+03:00,33,25,58,False
1,2026-04-09T09:00:00Z,2026-04-09T12:00:00+03:00,35,44,79,False
1,2026-04-09T10:00:00Z,2026-04-09T13:00:00+03:00,29,23,52,False
1,2026-04-09T11:00:00Z,2026-04-09T14:00:00+03:00,26,33,59,False
1,2026-04-09T12:00:00Z,2026-04-09T15:00:00+03:00,19,16,35,False
1,2026-04-09T13:00:00Z,2026-04-09T16:00:00+03:00,17,17,34,False
1,2026-04-09T14:00:00Z,2026-04-09T17:00:00+03:00,26,21,47,False
1,2026-04-09T15:00:00Z,2026-04-09T18:00:00+03:00,7,15,22,False
1,2026-04-09T16:00:00Z,2026-04-09T19:00:00+03:00,2,3,5,False
1,2026-04-09T17:00:00Z,2026-04-09T20:00:00+03:00,0,0,0,False
1,2026-04-09T18:00:00Z,2026-04-09T21:00:00+03:00,0,0,0,False
1,2026-04-09T19:00:00Z,2026-04-09T22:00:00+03:00,0,0,0,False
1,2026-04-09T20:00:00Z,2026-04-09T23:00:00+03:00,0,0,0,False
1,2026-04-09T21:00:00Z,2026-04-10T00:00:00+03:00,0,0,0,False
1,2026-04-09T22:00:00Z,2026-04-10T01:00:00+03:00,0,0,0,False
1,2026-04-09T23:00:00Z,2026-04-10T02:00:00+03:00,0,0,0,False
1,2026-04-10T00:00:00Z,2026-04-10T03:00:00+03:00,0,0,0,False
1,2026-04-10T01:00:00Z,2026-04-10T04:00:00+03:00,0,0,0,False
1,2026-04-10T02:00:00Z,2026-04-10T05:00:00+03:00,0,0,0,False
1,2026-04-10T03:00:00Z,2026-04-10T06:00:00+03:00,0,0,0,False
1,2026-04-10T04:00:00Z,2026-04-10T07:00:00+03:00,2,2,4,False
1,2026-04-10T05:00:00Z,2026-04-10T08:00:00+03:00,7,7,14,False
1,2026-04-10T06:00:00Z,2026-04-10T09:00:00+03:00,1,1,2,False
1,2026-04-10T07:00:00Z,2026-04-10T10:00:00+03:00,11,4,15,False
1,2026-04-10T08:00:00Z,2026-04-10T11:00:00+03:00,131,115,246,False
1,2026-04-10T09:00:00Z,2026-04-10T12:00:00+03:00,11,24,35,False
1,2026-04-10T10:00:00Z,2026-04-10T13:00:00+03:00,24,21,45,False
1,2026-04-10T11:00:00Z,2026-04-10T14:00:00+03:00,34,41,75,False
1,2026-04-10T12:00:00Z,2026-04-10T15:00:00+03:00,15,17,32,False
1,2026-04-10T13:00:00Z,2026-04-10T16:00:00+03:00,18,9,27,False
1,2026-04-10T14:00:00Z,2026-04-10T17:00:00+03:00,30,23,53,False
1,2026-04-10T15:00:00Z,2026-04-10T18:00:00+03:00,30,46,76,False
1,2026-04-10T16:00:00Z,2026-04-10T19:00:00+03:00,0,1,1,False
1,2026-04-10T17:00:00Z,2026-04-10T20:00:00+03:00,0,0,0,False
1,2026-04-10T18:00:00Z,2026-04-10T21:00:00+03:00,0,0,0,False
1,2026-04-10T19:00:00Z,2026-04-10T22:00:00+03:00,0,0,0,False
1,2026-04-10T20:00:00Z,2026-04-10T23:00:00+03:00,0,0,0,False
1,2026-04-10T21:00:00Z,2026-04-11T00:00:00+03:00,0,0,0,False
1,2026-04-10T22:00:00Z,2026-04-11T01:00:00+03:00,0,0,0,False
1,2026-04-10T23:00:00Z,2026-04-11T02:00:00+03:00,0,0,0,False
1,2026-04-11T00:00:00Z,2026-04-11T03:00:00+03:00,0,0,0,False
1,2026-04-11T01:00:00Z,2026-04-11T04:00:00+03:00,0,0,0,False
1,2026-04-11T02:00:00Z,2026-04-11T05:00:00+03:00,0,0,0,False
1,2026-04-11T03:00:00Z,2026-04-11T06:00:00+03:00,0,0,0,False
1,2026-04-11T04:00:00Z,2026-04-11T07:00:00+03:00,0,0,0,False
1,2026-04-11T05:00:00Z,2026-04-11T08:00:00+03:00,3,3,6,False
1,2026-04-11T06:00:00Z,2026-04-11T09:00:00+03:00,0,0,0,False
1,2026-04-11T07:00:00Z,2026-04-11T10:00:00+03:00,3,3,6,False
1,2026-04-11T08:00:00Z,2026-04-11T11:00:00+03:00,21,12,33,False
1,2026-04-11T09:00:00Z,2026-04-11T12:00:00+03:00,60,39,99,False
1,2026-04-11T10:00:00Z,2026-04-11T13:00:00+03:00,30,51,81,False
1,2026-04-11T11:00:00Z,2026-04-11T14:00:00+03:00,44,33,77,False
1,2026-04-11T12:00:00Z,2026-04-11T15:00:00+03:00,31,38,69,False
1,2026-04-11T13:00:00Z,2026-04-11T16:00:00+03:00,31,25,56,False
1,2026-04-11T14:00:00Z,2026-04-11T17:00:00+03:00,33,41,74,False
1,2026-04-11T15:00:00Z,2026-04-11T18:00:00+03:00,19,28,47,False
1,2026-04-11T16:00:00Z,2026-04-11T19:00:00+03:00,3,5,8,False
1,2026-04-11T17:00:00Z,2026-04-11T20:00:00+03:00,0,0,0,False
1,2026-04-11T18:00:00Z,2026-04-11T21:00:00+03:00,0,0,0,False
1,2026-04-11T19:00:00Z,2026-04-11T22:00:00+03:00,0,0,0,False
1,2026-04-11T20:00:00Z,2026-04-11T23:00:00+03:00,0,0,0,False
1,2026-04-11T21:00:00Z,2026-04-12T00:00:00+03:00,0,0,0,False
1,2026-04-11T22:00:00Z,2026-04-12T01:00:00+03:00,0,0,0,False
1,2026-04-11T23:00:00Z,2026-04-12T02:00:00+03:00,0,0,0,False
1,2026-04-12T00:00:00Z,2026-04-12T03:00:00+03:00,0,0,0,False
1,2026-04-12T01:00:00Z,2026-04-12T04:00:00+03:00,0,0,0,False
1,2026-04-12T02:00:00Z,2026-04-12T05:00:00+03:00,0,0,0,False
1,2026-04-12T03:00:00Z,2026-04-12T06:00:00+03:00,0,0,0,False
1,2026-04-12T04:00:00Z,2026-04-12T07:00:00+03:00,0,0,0,False
1,2026-04-12T05:00:00Z,2026-04-12T08:00:00+03:00,4,2,6,False
1,2026-04-12T06:00:00Z,2026-04-12T09:00:00+03:00,0,0,0,False
1,2026-04-12T07:00:00Z,2026-04-12T10:00:00+03:00,3,3,6,False
1,2026-04-12T08:00:00Z,2026-04-12T11:00:00+03:00,10,4,14,False
1,2026-04-12T09:00:00Z,2026-04-12T12:00:00+03:00,8,11,19,False
1,2026-04-12T10:00:00Z,2026-04-12T13:00:00+03:00,21,14,35,False
1,2026-04-12T11:00:00Z,2026-04-12T14:00:00+03:00,20,22,42,False
1,2026-04-12T12:00:00Z,2026-04-12T15:00:00+03:00,12,16,28,False
1,2026-04-12T13:00:00Z,2026-04-12T16:00:00+03:00,23,17,40,False
1,2026-04-12T14:00:00Z,2026-04-12T17:00:00+03:00,6,12,18,False
1,2026-04-12T15:00:00Z,2026-04-12T18:00:00+03:00,1,3,4,False
1,2026-04-12T16:00:00Z,2026-04-12T19:00:00+03:00,0,0,0,False
1,2026-04-12T17:00:00Z,2026-04-12T20:00:00+03:00,0,0,0,False
1,2026-04-12T18:00:00Z,2026-04-12T21:00:00+03:00,0,0,0,False
1,2026-04-12T19:00:00Z,2026-04-12T22:00:00+03:00,0,0,0,False
1,2026-04-12T20:00:00Z,2026-04-12T23:00:00+03:00,0,0,0,False
1,2026-04-12T21:00:00Z,2026-04-13T00:00:00+03:00,0,0,0,False
1,2026-04-12T22:00:00Z,2026-04-13T01:00:00+03:00,0,0,0,False
1,2026-04-12T23:00:00Z,2026-04-13T02:00:00+03:00,0,0,0,False
1,2026-04-13T00:00:00Z,2026-04-13T03:00:00+03:00,0,0,0,False
1,2026-04-13T01:00:00Z,2026-04-13T04:00:00+03:00,0,0,0,False
1,2026-04-13T02:00:00Z,2026-04-13T05:00:00+03:00,0,0,0,False
1,2026-04-13T03:00:00Z,2026-04-13T06:00:00+03:00,0,0,0,False
1,2026-04-13T04:00:00Z,2026-04-13T07:00:00+03:00,2,2,4,False
1,2026-04-13T05:00:00Z,2026-04-13T08:00:00+03:00,2,1,3,False
1,2026-04-13T06:00:00Z,2026-04-13T09:00:00+03:00,0,0,0,False
1,2026-04-13T07:00:00Z,2026-04-13T10:00:00+03:00,1,1,2,False
1,2026-04-13T08:00:00Z,2026-04-13T11:00:00+03:00,4,4,8,False
1,2026-04-13T09:00:00Z,2026-04-13T12:00:00+03:00,5,4,9,False
1,2026-04-13T10:00:00Z,2026-04-13T13:00:00+03:00,32,18,50,False
1,2026-04-13T11:00:00Z,2026-04-13T14:00:00+03:00,30,36,66,False
1,2026-04-13T12:00:00Z,2026-04-13T15:00:00+03:00,11,16,27,False
1,2026-04-13T13:00:00Z,2026-04-13T16:00:00+03:00,3,4,7,False
1,2026-04-13T14:00:00Z,2026-04-13T17:00:00+03:00,14,10,24,False
1,2026-04-13T15:00:00Z,2026-04-13T18:00:00+03:00,5,10,15,False
1,2026-04-13T16:00:00Z,2026-04-13T19:00:00+03:00,0,0,0,False
1,2026-04-13T17:00:00Z,2026-04-13T20:00:00+03:00,0,0,0,False
1,2026-04-13T18:00:00Z,2026-04-13T21:00:00+03:00,0,0,0,False
1,2026-04-13T19:00:00Z,2026-04-13T22:00:00+03:00,0,0,0,False
1,2026-04-13T20:00:00Z,2026-04-13T23:00:00+03:00,0,0,0,False
1,2026-04-13T21:00:00Z,2026-04-14T00:00:00+03:00,0,0,0,False
1,2026-04-13T22:00:00Z,2026-04-14T01:00:00+03:00,0,0,0,False
1,2026-04-13T23:00:00Z,2026-04-14T02:00:00+03:00,0,0,0,False
1,2026-04-14T00:00:00Z,2026-04-14T03:00:00+03:00,0,0,0,False
1,2026-04-14T01:00:00Z,2026-04-14T04:00:00+03:00,0,0,0,False
1,2026-04-14T02:00:00Z,2026-04-14T05:00:00+03:00,0,0,0,False
1,2026-04-14T03:00:00Z,2026-04-14T06:00:00+03:00,0,0,0,False
1,2026-04-14T04:00:00Z,2026-04-14T07:00:00+03:00,2,2,4,False
1,2026-04-14T05:00:00Z,2026-04-14T08:00:00+03:00,1,1,2,False
1,2026-04-14T06:00:00Z,2026-04-14T09:00:00+03:00,2,2,4,False
1,2026-04-14T07:00:00Z,2026-04-14T10:00:00+03:00,1,1,2,False
1,2026-04-14T08:00:00Z,2026-04-14T11:00:00+03:00,21,15,36,False
1,2026-04-14T09:00:00Z,2026-04-14T12:00:00+03:00,6,6,12,False
1,2026-04-14T10:00:00Z,2026-04-14T13:00:00+03:00,8,11,19,False
1,2026-04-14T11:00:00Z,2026-04-14T14:00:00+03:00,15,11,26,False
1,2026-04-14T12:00:00Z,2026-04-14T15:00:00+03:00,18,18,36,False
1,2026-04-14T13:00:00Z,2026-04-14T16:00:00+03:00,34,23,57,False
1,2026-04-14T14:00:00Z,2026-04-14T17:00:00+03:00,42,22,64,False
1,2026-04-14T15:00:00Z,2026-04-14T18:00:00+03:00,23,59,82,False
1,2026-04-14T16:00:00Z,2026-04-14T19:00:00+03:00,3,4,7,False
1,2026-04-14T17:00:00Z,2026-04-14T20:00:00+03:00,0,0,0,False
1,2026-04-14T18:00:00Z,2026-04-14T21:00:00+03:00,0,0,0,False
1,2026-04-14T19:00:00Z,2026-04-14T22:00:00+03:00,0,0,0,False
1,2026-04-14T20:00:00Z,2026-04-14T23:00:00+03:00,0,0,0,False
1,2026-04-14T21:00:00Z,2026-04-15T00:00:00+03:00,0,0,0,False
1,2026-04-14T22:00:00Z,2026-04-15T01:00:00+03:00,0,0,0,False
1,2026-04-14T23:00:00Z,2026-04-15T02:00:00+03:00,0,0,0,False
1,2026-04-15T00:00:00Z,2026-04-15T03:00:00+03:00,0,0,0,False
1,2026-04-15T01:00:00Z,2026-04-15T04:00:00+03:00,0,0,0,False
1,2026-04-15T02:00:00Z,2026-04-15T05:00:00+03:00,0,0,0,False
1,2026-04-15T03:00:00Z,2026-04-15T06:00:00+03:00,0,0,0,False
1,2026-04-15T04:00:00Z,2026-04-15T07:00:00+03:00,2,2,4,False
1,2026-04-15T05:00:00Z,2026-04-15T08:00:00+03:00,2,2,4,False
1,2026-04-15T06:00:00Z,2026-04-15T09:00:00+03:00,0,0,0,False
1,2026-04-15T07:00:00Z,2026-04-15T10:00:00+03:00,1,2,3,False
1,2026-04-15T08:00:00Z,2026-04-15T11:00:00+03:00,19,14,33,False
1,2026-04-15T09:00:00Z,2026-04-15T12:00:00+03:00,26,23,49,False
1,2026-04-15T10:00:00Z,2026-04-15T13:00:00+03:00,18,22,40,False
1,2026-04-15T11:00:00Z,2026-04-15T14:00:00+03:00,22,23,45,False
1,2026-04-15T12:00:00Z,2026-04-15T15:00:00+03:00,11,4,15,False
1,2026-04-15T13:00:00Z,2026-04-15T16:00:00+03:00,16,20,36,False
1,2026-04-15T14:00:00Z,2026-04-15T17:00:00+03:00,20,20,40,False
1,2026-04-15T15:00:00Z,2026-04-15T18:00:00+03:00,10,14,24,False
1,2026-04-15T16:00:00Z,2026-04-15T19:00:00+03:00,4,5,9,False
1,2026-04-15T17:00:00Z,2026-04-15T20:00:00+03:00,0,0,0,False
1,2026-04-15T18:00:00Z,2026-04-15T21:00:00+03:00,0,0,0,False
1,2026-04-15T19:00:00Z,2026-04-15T22:00:00+03:00,0,0,0,False
1,2026-04-15T20:00:00Z,2026-04-15T23:00:00+03:00,0,0,0,False
1,2026-04-15T21:00:00Z,2026-04-16T00:00:00+03:00,0,0,0,False
1,2026-04-15T22:00:00Z,2026-04-16T01:00:00+03:00,0,0,0,False
1,2026-04-15T23:00:00Z,2026-04-16T02:00:00+03:00,0,0,0,False
1,2026-04-16T00:00:00Z,2026-04-16T03:00:00+03:00,0,0,0,False
1,2026-04-16T01:00:00Z,2026-04-16T04:00:00+03:00,0,0,0,False
1,2026-04-16T02:00:00Z,2026-04-16T05:00:00+03:00,0,0,0,False
1,2026-04-16T03:00:00Z,2026-04-16T06:00:00+03:00,0,0,0,False
1,2026-04-16T04:00:00Z,2026-04-16T07:00:00+03:00,2,2,4,False
1,2026-04-16T05:00:00Z,2026-04-16T08:00:00+03:00,7,7,14,False
1,2026-04-16T06:00:00Z,2026-04-16T09:00:00+03:00,35,14,49,False
1,2026-04-16T07:00:00Z,2026-04-16T10:00:00+03:00,84,91,175,False
1,2026-04-16T08:00:00Z,2026-04-16T11:00:00+03:00,105,116,221,False
1,2026-04-16T09:00:00Z,2026-04-16T12:00:00+03:00,19,23,42,False
1,2026-04-16T10:00:00Z,2026-04-16T13:00:00+03:00,23,18,41,False
1,2026-04-16T11:00:00Z,2026-04-16T14:00:00+03:00,9,15,24,False
1,2026-04-16T12:00:00Z,2026-04-16T15:00:00+03:00,12,12,24,False
1,2026-04-16T13:00:00Z,2026-04-16T16:00:00+03:00,43,38,81,False
1,2026-04-16T14:00:00Z,2026-04-16T17:00:00+03:00,32,32,64,False
1,2026-04-16T15:00:00Z,2026-04-16T18:00:00+03:00,17,20,37,False
1,2026-04-16T16:00:00Z,2026-04-16T19:00:00+03:00,4,8,12,False
1,2026-04-16T17:00:00Z,2026-04-16T20:00:00+03:00,0,0,0,False
1,2026-04-16T18:00:00Z,2026-04-16T21:00:00+03:00,0,0,0,False
1,2026-04-16T19:00:00Z,2026-04-16T22:00:00+03:00,0,0,0,False
1,2026-04-16T20:00:00Z,2026-04-16T23:00:00+03:00,0,0,0,False
1,2026-04-16T21:00:00Z,2026-04-17T00:00:00+03:00,0,0,0,False
1,2026-04-16T22:00:00Z,2026-04-17T01:00:00+03:00,0,0,0,False
1,2026-04-16T23:00:00Z,2026-04-17T02:00:00+03:00,0,0,0,False
1,2026-04-17T00:00:00Z,2026-04-17T03:00:00+03:00,0,0,0,False
1,2026-04-17T01:00:00Z,2026-04-17T04:00:00+03:00,0,0,0,False
1,2026-04-17T02:00:00Z,2026-04-17T05:00:00+03:00,0,0,0,False
1,2026-04-17T03:00:00Z,2026-04-17T06:00:00+03:00,0,0,0,False
1,2026-04-17T04:00:00Z,2026-04-17T07:00:00+03:00,11,11,22,False
1,2026-04-17T05:00:00Z,2026-04-17T08:00:00+03:00,2,2,4,False
1,2026-04-17T06:00:00Z,2026-04-17T09:00:00+03:00,0,0,0,False
1,2026-04-17T07:00:00Z,2026-04-17T10:00:00+03:00,2,2,4,False
1,2026-04-17T08:00:00Z,2026-04-17T11:00:00+03:00,43,27,70,False
1,2026-04-17T09:00:00Z,2026-04-17T12:00:00+03:00,21,33,54,False
1,2026-04-17T10:00:00Z,2026-04-17T13:00:00+03:00,25,16,41,False
1,2026-04-17T11:00:00Z,2026-04-17T14:00:00+03:00,29,25,54,False
1,2026-04-17T12:00:00Z,2026-04-17T15:00:00+03:00,45,47,92,False
1,2026-04-17T13:00:00Z,2026-04-17T16:00:00+03:00,17,23,40,False
1,2026-04-17T14:00:00Z,2026-04-17T17:00:00+03:00,32,26,58,False
1,2026-04-17T15:00:00Z,2026-04-17T18:00:00+03:00,2,16,18,False
1,2026-04-17T16:00:00Z,2026-04-17T19:00:00+03:00,1,1,2,False
1,2026-04-17T17:00:00Z,2026-04-17T20:00:00+03:00,0,0,0,False
1,2026-04-17T18:00:00Z,2026-04-17T21:00:00+03:00,0,0,0,False
1,2026-04-17T19:00:00Z,2026-04-17T22:00:00+03:00,0,0,0,False
1,2026-04-17T20:00:00Z,2026-04-17T23:00:00+03:00,0,0,0,False
1,2026-04-17T21:00:00Z,2026-04-18T00:00:00+03:00,0,0,0,False
1,2026-04-17T22:00:00Z,2026-04-18T01:00:00+03:00,0,0,0,False
1,2026-04-17T23:00:00Z,2026-04-18T02:00:00+03:00,0,0,0,False
1,2026-04-18T00:00:00Z,2026-04-18T03:00:00+03:00,0,0,0,False
1,2026-04-18T01:00:00Z,2026-04-18T04:00:00+03:00,0,0,0,False
1,2026-04-18T02:00:00Z,2026-04-18T05:00:00+03:00,0,0,0,False
1,2026-04-18T03:00:00Z,2026-04-18T06:00:00+03:00,0,0,0,False
1,2026-04-18T04:00:00Z,2026-04-18T07:00:00+03:00,0,0,0,False
1,2026-04-18T05:00:00Z,2026-04-18T08:00:00+03:00,3,2,5,False
1,2026-04-18T06:00:00Z,2026-04-18T09:00:00+03:00,0,0,0,False
1,2026-04-18T07:00:00Z,2026-04-18T10:00:00+03:00,3,3,6,False
1,2026-04-18T08:00:00Z,2026-04-18T11:00:00+03:00,62,47,109,False
1,2026-04-18T09:00:00Z,2026-04-18T12:00:00+03:00,60,58,118,False
1,2026-04-18T10:00:00Z,2026-04-18T13:00:00+03:00,44,39,83,False
1,2026-04-18T11:00:00Z,2026-04-18T14:00:00+03:00,97,101,198,False
1,2026-04-18T12:00:00Z,2026-04-18T15:00:00+03:00,102,88,190,False
1,2026-04-18T13:00:00Z,2026-04-18T16:00:00+03:00,21,45,66,False
1,2026-04-18T14:00:00Z,2026-04-18T17:00:00+03:00,33,27,60,False
1,2026-04-18T15:00:00Z,2026-04-18T18:00:00+03:00,10,19,29,False
1,2026-04-18T16:00:00Z,2026-04-18T19:00:00+03:00,1,5,6,False
1,2026-04-18T17:00:00Z,2026-04-18T20:00:00+03:00,0,0,0,False
1,2026-04-18T18:00:00Z,2026-04-18T21:00:00+03:00,0,0,0,False
1,2026-04-18T19:00:00Z,2026-04-18T22:00:00+03:00,0,0,0,False
1,2026-04-18T20:00:00Z,2026-04-18T23:00:00+03:00,0,0,0,False
1,2026-04-18T21:00:00Z,2026-04-19T00:00:00+03:00,0,0,0,False
1,2026-04-18T22:00:00Z,2026-04-19T01:00:00+03:00,0,0,0,False
1,2026-04-18T23:00:00Z,2026-04-19T02:00:00+03:00,0,0,0,False
1,2026-04-19T00:00:00Z,2026-04-19T03:00:00+03:00,0,0,0,False
1,2026-04-19T01:00:00Z,2026-04-19T04:00:00+03:00,0,0,0,False
1,2026-04-19T02:00:00Z,2026-04-19T05:00:00+03:00,0,0,0,False
1,2026-04-19T03:00:00Z,2026-04-19T06:00:00+03:00,0,0,0,False
1,2026-04-19T04:00:00Z,2026-04-19T07:00:00+03:00,0,0,0,False
1,2026-04-19T05:00:00Z,2026-04-19T08:00:00+03:00,3,3,6,False
1,2026-04-19T06:00:00Z,2026-04-19T09:00:00+03:00,0,0,0,False
1,2026-04-19T07:00:00Z,2026-04-19T10:00:00+03:00,4,4,8,False
1,2026-04-19T08:00:00Z,2026-04-19T11:00:00+03:00,22,16,38,False
1,2026-04-19T09:00:00Z,2026-04-19T12:00:00+03:00,41,31,72,False
1,2026-04-19T10:00:00Z,2026-04-19T13:00:00+03:00,29,26,55,False
1,2026-04-19T11:00:00Z,2026-04-19T14:00:00+03:00,42,41,83,False
1,2026-04-19T12:00:00Z,2026-04-19T15:00:00+03:00,18,31,49,False
1,2026-04-19T13:00:00Z,2026-04-19T16:00:00+03:00,21,17,38,False
1,2026-04-19T14:00:00Z,2026-04-19T17:00:00+03:00,11,22,33,False
1,2026-04-19T15:00:00Z,2026-04-19T18:00:00+03:00,1,1,2,False
1,2026-04-19T16:00:00Z,2026-04-19T19:00:00+03:00,0,0,0,False
1,2026-04-19T17:00:00Z,2026-04-19T20:00:00+03:00,0,0,0,False
1,2026-04-19T18:00:00Z,2026-04-19T21:00:00+03:00,0,0,0,False
1,2026-04-19T19:00:00Z,2026-04-19T22:00:00+03:00,0,0,0,False
1,2026-04-19T20:00:00Z,2026-04-19T23:00:00+03:00,0,0,0,False
1,2026-04-19T21:00:00Z,2026-04-20T00:00:00+03:00,0,0,0,False
1,2026-04-19T22:00:00Z,2026-04-20T01:00:00+03:00,0,0,0,False
1,2026-04-19T23:00:00Z,2026-04-20T02:00:00+03:00,0,0,0,False
1,2026-04-20T00:00:00Z,2026-04-20T03:00:00+03:00,0,0,0,False
1,2026-04-20T01:00:00Z,2026-04-20T04:00:00+03:00,0,0,0,False
1,2026-04-20T02:00:00Z,2026-04-20T05:00:00+03:00,0,0,0,False
1,2026-04-20T03:00:00Z,2026-04-20T06:00:00+03:00,0,0,0,False
1,2026-04-20T04:00:00Z,2026-04-20T07:00:00+03:00,4,4,8,False
1,2026-04-20T05:00:00Z,2026-04-20T08:00:00+03:00,3,3,6,False
1,2026-04-20T06:00:00Z,2026-04-20T09:00:00+03:00,0,0,0,False
1,2026-04-20T07:00:00Z,2026-04-20T10:00:00+03:00,2,3,5,False
1,2026-04-20T08:00:00Z,2026-04-20T11:00:00+03:00,14,13,27,False
1,2026-04-20T09:00:00Z,2026-04-20T12:00:00+03:00,17,5,22,False
1,2026-04-20T10:00:00Z,2026-04-20T13:00:00+03:00,12,17,29,False
1,2026-04-20T11:00:00Z,2026-04-20T14:00:00+03:00,48,29,77,False
1,2026-04-20T12:00:00Z,2026-04-20T15:00:00+03:00,28,51,79,False
1,2026-04-20T13:00:00Z,2026-04-20T16:00:00+03:00,11,16,27,False
1,2026-04-20T14:00:00Z,2026-04-20T17:00:00+03:00,5,6,11,False
1,2026-04-20T15:00:00Z,2026-04-20T18:00:00+03:00,12,5,17,False
1,2026-04-20T16:00:00Z,2026-04-20T19:00:00+03:00,1,8,9,False
1,2026-04-20T17:00:00Z,2026-04-20T20:00:00+03:00,0,0,0,False
1,2026-04-20T18:00:00Z,2026-04-20T21:00:00+03:00,0,0,0,False
1,2026-04-20T19:00:00Z,2026-04-20T22:00:00+03:00,0,0,0,False
1,2026-04-20T20:00:00Z,2026-04-20T23:00:00+03:00,0,0,0,False
1,2026-04-20T21:00:00Z,2026-04-21T00:00:00+03:00,0,0,0,False
1,2026-04-20T22:00:00Z,2026-04-21T01:00:00+03:00,0,0,0,False
1,2026-04-20T23:00:00Z,2026-04-21T02:00:00+03:00,0,0,0,False
1,2026-04-21T00:00:00Z,2026-04-21T03:00:00+03:00,0,0,0,False
1,2026-04-21T01:00:00Z,2026-04-21T04:00:00+03:00,0,0,0,False
1,2026-04-21T02:00:00Z,2026-04-21T05:00:00+03:00,0,0,0,False
1,2026-04-21T03:00:00Z,2026-04-21T06:00:00+03:00,0,0,0,False
1,2026-04-21T04:00:00Z,2026-04-21T07:00:00+03:00,1,1,2,False
1,2026-04-21T05:00:00Z,2026-04-21T08:00:00+03:00,3,3,6,False
1,2026-04-21T06:00:00Z,2026-04-21T09:00:00+03:00,0,0,0,False
1,2026-04-21T07:00:00Z,2026-04-21T10:00:00+03:00,2,2,4,False
1,2026-04-21T08:00:00Z,2026-04-21T11:00:00+03:00,26,17,43,False
1,2026-04-21T09:00:00Z,2026-04-21T12:00:00+03:00,24,26,50,False
1,2026-04-21T10:00:00Z,2026-04-21T13:00:00+03:00,32,21,53,False
1,2026-04-21T11:00:00Z,2026-04-21T14:00:00+03:00,41,27,68,False
1,2026-04-21T12:00:00Z,2026-04-21T15:00:00+03:00,24,50,74,False
1,2026-04-21T13:00:00Z,2026-04-21T16:00:00+03:00,17,16,33,False
1,2026-04-21T14:00:00Z,2026-04-21T17:00:00+03:00,13,11,24,False
1,2026-04-21T15:00:00Z,2026-04-21T18:00:00+03:00,7,17,24,False
1,2026-04-21T16:00:00Z,2026-04-21T19:00:00+03:00,0,3,3,False
1,2026-04-21T17:00:00Z,2026-04-21T20:00:00+03:00,0,0,0,False
1,2026-04-21T18:00:00Z,2026-04-21T21:00:00+03:00,0,0,0,False
1,2026-04-21T19:00:00Z,2026-04-21T22:00:00+03:00,0,0,0,False
1,2026-04-21T20:00:00Z,2026-04-21T23:00:00+03:00,0,0,0,False
1,2026-04-21T21:00:00Z,2026-04-22T00:00:00+03:00,0,0,0,False
1,2026-04-21T22:00:00Z,2026-04-22T01:00:00+03:00,0,0,0,False
1,2026-04-21T23:00:00Z,2026-04-22T02:00:00+03:00,0,0,0,False
1,2026-04-22T00:00:00Z,2026-04-22T03:00:00+03:00,0,0,0,False
1,2026-04-22T01:00:00Z,2026-04-22T04:00:00+03:00,0,0,0,False
1,2026-04-22T02:00:00Z,2026-04-22T05:00:00+03:00,0,0,0,False
1,2026-04-22T03:00:00Z,2026-04-22T06:00:00+03:00,0,0,0,False
1,2026-04-22T04:00:00Z,2026-04-22T07:00:00+03:00,3,3,6,False
1,2026-04-22T05:00:00Z,2026-04-22T08:00:00+03:00,0,0,0,False
1,2026-04-22T06:00:00Z,2026-04-22T09:00:00+03:00,0,0,0,False
1,2026-04-22T07:00:00Z,2026-04-22T10:00:00+03:00,1,1,2,False
1,2026-04-22T08:00:00Z,2026-04-22T11:00:00+03:00,31,23,54,False
1,2026-04-22T09:00:00Z,2026-04-22T12:00:00+03:00,30,24,54,False
1,2026-04-22T10:00:00Z,2026-04-22T13:00:00+03:00,14,23,37,False
1,2026-04-22T11:00:00Z,2026-04-22T14:00:00+03:00,83,20,103,False
1,2026-04-22T12:00:00Z,2026-04-22T15:00:00+03:00,34,91,125,False
1,2026-04-22T13:00:00Z,2026-04-22T16:00:00+03:00,33,25,58,False
1,2026-04-22T14:00:00Z,2026-04-22T17:00:00+03:00,26,32,58,False
1,2026-04-22T15:00:00Z,2026-04-22T18:00:00+03:00,9,17,26,False
1,2026-04-22T16:00:00Z,2026-04-22T19:00:00+03:00,0,0,0,False
1,2026-04-22T17:00:00Z,2026-04-22T20:00:00+03:00,0,0,0,False
1,2026-04-22T18:00:00Z,2026-04-22T21:00:00+03:00,0,0,0,False
1,2026-04-22T19:00:00Z,2026-04-22T22:00:00+03:00,0,0,0,False
1,2026-04-22T20:00:00Z,2026-04-22T23:00:00+03:00,0,0,0,False
1,2026-04-22T21:00:00Z,2026-04-23T00:00:00+03:00,0,0,0,False
1,2026-04-22T22:00:00Z,2026-04-23T01:00:00+03:00,0,0,0,False
1,2026-04-22T23:00:00Z,2026-04-23T02:00:00+03:00,0,0,0,False
1,2026-04-23T00:00:00Z,2026-04-23T03:00:00+03:00,0,0,0,False
1,2026-04-23T01:00:00Z,2026-04-23T04:00:00+03:00,0,0,0,False
1,2026-04-23T02:00:00Z,2026-04-23T05:00:00+03:00,0,0,0,False
1,2026-04-23T03:00:00Z,2026-04-23T06:00:00+03:00,0,0,0,False
1,2026-04-23T04:00:00Z,2026-04-23T07:00:00+03:00,3,3,6,False
1,2026-04-23T05:00:00Z,2026-04-23T08:00:00+03:00,0,0,0,False
1,2026-04-23T06:00:00Z,2026-04-23T09:00:00+03:00,2,2,4,False
1,2026-04-23T07:00:00Z,2026-04-23T10:00:00+03:00,2,2,4,False
1,2026-04-23T08:00:00Z,2026-04-23T11:00:00+03:00,16,11,27,False
1,2026-04-23T09:00:00Z,2026-04-23T12:00:00+03:00,24,23,47,False
1,2026-04-23T10:00:00Z,2026-04-23T13:00:00+03:00,17,15,32,False
1,2026-04-23T11:00:00Z,2026-04-23T14:00:00+03:00,58,48,106,False
1,2026-04-23T12:00:00Z,2026-04-23T15:00:00+03:00,17,34,51,False
1,2026-04-23T13:00:00Z,2026-04-23T16:00:00+03:00,34,25,59,False
1,2026-04-23T14:00:00Z,2026-04-23T17:00:00+03:00,22,25,47,False
1,2026-04-23T15:00:00Z,2026-04-23T18:00:00+03:00,11,19,30,False
1,2026-04-23T16:00:00Z,2026-04-23T19:00:00+03:00,0,1,1,False
1,2026-04-23T17:00:00Z,2026-04-23T20:00:00+03:00,0,0,0,False
1,2026-04-23T18:00:00Z,2026-04-23T21:00:00+03:00,0,0,0,False
1,2026-04-23T19:00:00Z,2026-04-23T22:00:00+03:00,0,0,0,False
1,2026-04-23T20:00:00Z,2026-04-23T23:00:00+03:00,0,0,0,False
1,2026-04-23T21:00:00Z,2026-04-24T00:00:00+03:00,0,0,0,False
1,2026-04-23T22:00:00Z,2026-04-24T01:00:00+03:00,0,0,0,False
1,2026-04-23T23:00:00Z,2026-04-24T02:00:00+03:00,0,0,0,False
1,2026-04-24T00:00:00Z,2026-04-24T03:00:00+03:00,0,0,0,False
1,2026-04-24T01:00:00Z,2026-04-24T04:00:00+03:00,0,0,0,False
1,2026-04-24T02:00:00Z,2026-04-24T05:00:00+03:00,0,0,0,False
1,2026-04-24T03:00:00Z,2026-04-24T06:00:00+03:00,0,0,0,False
1,2026-04-24T04:00:00Z,2026-04-24T07:00:00+03:00,4,4,8,False
1,2026-04-24T05:00:00Z,2026-04-24T08:00:00+03:00,12,12,24,False
1,2026-04-24T06:00:00Z,2026-04-24T09:00:00+03:00,0,0,0,False
1,2026-04-24T07:00:00Z,2026-04-24T10:00:00+03:00,2,2,4,False
1,2026-04-24T08:00:00Z,2026-04-24T11:00:00+03:00,61,24,85,False
1,2026-04-24T09:00:00Z,2026-04-24T12:00:00+03:00,22,52,74,False
1,2026-04-24T10:00:00Z,2026-04-24T13:00:00+03:00,48,27,75,False
1,2026-04-24T11:00:00Z,2026-04-24T14:00:00+03:00,49,65,114,False
1,2026-04-24T12:00:00Z,2026-04-24T15:00:00+03:00,37,29,66,False
1,2026-04-24T13:00:00Z,2026-04-24T16:00:00+03:00,35,43,78,False
1,2026-04-24T14:00:00Z,2026-04-24T17:00:00+03:00,38,41,79,False
1,2026-04-24T15:00:00Z,2026-04-24T18:00:00+03:00,17,17,34,False
1,2026-04-24T16:00:00Z,2026-04-24T19:00:00+03:00,16,20,36,False
1,2026-04-24T17:00:00Z,2026-04-24T20:00:00+03:00,2,4,6,False
1,2026-04-24T18:00:00Z,2026-04-24T21:00:00+03:00,0,0,0,False
1,2026-04-24T19:00:00Z,2026-04-24T22:00:00+03:00,0,0,0,False
1,2026-04-24T20:00:00Z,2026-04-24T23:00:00+03:00,0,0,0,False
1,2026-04-24T21:00:00Z,2026-04-25T00:00:00+03:00,0,0,0,False
1,2026-04-24T22:00:00Z,2026-04-25T01:00:00+03:00,0,0,0,False
1,2026-04-24T23:00:00Z,2026-04-25T02:00:00+03:00,0,0,0,False
1,2026-04-25T00:00:00Z,2026-04-25T03:00:00+03:00,0,0,0,False
1,2026-04-25T01:00:00Z,2026-04-25T04:00:00+03:00,0,0,0,False
1,2026-04-25T02:00:00Z,2026-04-25T05:00:00+03:00,0,0,0,False
1,2026-04-25T03:00:00Z,2026-04-25T06:00:00+03:00,0,0,0,False
1,2026-04-25T04:00:00Z,2026-04-25T07:00:00+03:00,0,0,0,False
1,2026-04-25T05:00:00Z,2026-04-25T08:00:00+03:00,2,2,4,False
1,2026-04-25T06:00:00Z,2026-04-25T09:00:00+03:00,0,0,0,False
1,2026-04-25T07:00:00Z,2026-04-25T10:00:00+03:00,3,3,6,False
1,2026-04-25T08:00:00Z,2026-04-25T11:00:00+03:00,54,42,96,False
1,2026-04-25T09:00:00Z,2026-04-25T12:00:00+03:00,40,35,75,False
1,2026-04-25T10:00:00Z,2026-04-25T13:00:00+03:00,54,48,102,False
1,2026-04-25T11:00:00Z,2026-04-25T14:00:00+03:00,64,64,128,False
1,2026-04-25T12:00:00Z,2026-04-25T15:00:00+03:00,45,52,97,False
1,2026-04-25T13:00:00Z,2026-04-25T16:00:00+03:00,46,45,91,False
1,2026-04-25T14:00:00Z,2026-04-25T17:00:00+03:00,40,38,78,False
1,2026-04-25T15:00:00Z,2026-04-25T18:00:00+03:00,21,41,62,False
1,2026-04-25T16:00:00Z,2026-04-25T19:00:00+03:00,1,2,3,False
1,2026-04-25T17:00:00Z,2026-04-25T20:00:00+03:00,0,0,0,False
1,2026-04-25T18:00:00Z,2026-04-25T21:00:00+03:00,0,0,0,False
1,2026-04-25T19:00:00Z,2026-04-25T22:00:00+03:00,0,0,0,False
1,2026-04-25T20:00:00Z,2026-04-25T23:00:00+03:00,0,0,0,False
1,2026-04-25T21:00:00Z,2026-04-26T00:00:00+03:00,0,0,0,False
1,2026-04-25T22:00:00Z,2026-04-26T01:00:00+03:00,0,0,0,False
1,2026-04-25T23:00:00Z,2026-04-26T02:00:00+03:00,0,0,0,False
1,2026-04-26T00:00:00Z,2026-04-26T03:00:00+03:00,0,0,0,False
1,2026-04-26T01:00:00Z,2026-04-26T04:00:00+03:00,0,0,0,False
1,2026-04-26T02:00:00Z,2026-04-26T05:00:00+03:00,0,0,0,False
1,2026-04-26T03:00:00Z,2026-04-26T06:00:00+03:00,0,0,0,False
1,2026-04-26T04:00:00Z,2026-04-26T07:00:00+03:00,0,0,0,False
1,2026-04-26T05:00:00Z,2026-04-26T08:00:00+03:00,3,3,6,False
1,2026-04-26T06:00:00Z,2026-04-26T09:00:00+03:00,0,0,0,False
1,2026-04-26T07:00:00Z,2026-04-26T10:00:00+03:00,3,3,6,False
1,2026-04-26T08:00:00Z,2026-04-26T11:00:00+03:00,28,18,46,False
1,2026-04-26T09:00:00Z,2026-04-26T12:00:00+03:00,22,30,52,False
1,2026-04-26T10:00:00Z,2026-04-26T13:00:00+03:00,34,32,66,False
1,2026-04-26T11:00:00Z,2026-04-26T14:00:00+03:00,16,15,31,False
1,2026-04-26T12:00:00Z,2026-04-26T15:00:00+03:00,23,15,38,False
1,2026-04-26T13:00:00Z,2026-04-26T16:00:00+03:00,17,25,42,False
1,2026-04-26T14:00:00Z,2026-04-26T17:00:00+03:00,6,9,15,False
1,2026-04-26T15:00:00Z,2026-04-26T18:00:00+03:00,3,4,7,False
1,2026-04-26T16:00:00Z,2026-04-26T19:00:00+03:00,0,0,0,False
1,2026-04-26T17:00:00Z,2026-04-26T20:00:00+03:00,0,0,0,False
1,2026-04-26T18:00:00Z,2026-04-26T21:00:00+03:00,0,0,0,False
1,2026-04-26T19:00:00Z,2026-04-26T22:00:00+03:00,0,0,0,False
1,2026-04-26T20:00:00Z,2026-04-26T23:00:00+03:00,0,0,0,False
1,2026-04-26T21:00:00Z,2026-04-27T00:00:00+03:00,0,0,0,False
1,2026-04-26T22:00:00Z,2026-04-27T01:00:00+03:00,0,0,0,False
1,2026-04-26T23:00:00Z,2026-04-27T02:00:00+03:00,0,0,0,False
1,2026-04-27T00:00:00Z,2026-04-27T03:00:00+03:00,0,0,0,False
1,2026-04-27T01:00:00Z,2026-04-27T04:00:00+03:00,0,0,0,False
1,2026-04-27T02:00:00Z,2026-04-27T05:00:00+03:00,0,0,0,False
1,2026-04-27T03:00:00Z,2026-04-27T06:00:00+03:00,0,0,0,False
1,2026-04-27T04:00:00Z,2026-04-27T07:00:00+03:00,2,2,4,False
1,2026-04-27T05:00:00Z,2026-04-27T08:00:00+03:00,3,3,6,False
1,2026-04-27T06:00:00Z,2026-04-27T09:00:00+03:00,0,0,0,False
1,2026-04-27T07:00:00Z,2026-04-27T10:00:00+03:00,1,1,2,False
1,2026-04-27T08:00:00Z,2026-04-27T11:00:00+03:00,17,14,31,False
1,2026-04-27T09:00:00Z,2026-04-27T12:00:00+03:00,8,9,17,False
1,2026-04-27T10:00:00Z,2026-04-27T13:00:00+03:00,31,25,56,False
1,2026-04-27T11:00:00Z,2026-04-27T14:00:00+03:00,10,16,26,False
1,2026-04-27T12:00:00Z,2026-04-27T15:00:00+03:00,16,14,30,False
1,2026-04-27T13:00:00Z,2026-04-27T16:00:00+03:00,8,10,18,False
1,2026-04-27T14:00:00Z,2026-04-27T17:00:00+03:00,2,4,6,False
1,2026-04-27T15:00:00Z,2026-04-27T18:00:00+03:00,4,6,10,False
1,2026-04-27T16:00:00Z,2026-04-27T19:00:00+03:00,0,0,0,False
1,2026-04-27T17:00:00Z,2026-04-27T20:00:00+03:00,0,0,0,False
1,2026-04-27T18:00:00Z,2026-04-27T21:00:00+03:00,0,0,0,False
1,2026-04-27T19:00:00Z,2026-04-27T22:00:00+03:00,0,0,0,False
1,2026-04-27T20:00:00Z,2026-04-27T23:00:00+03:00,0,0,0,False
1,2026-04-27T21:00:00Z,2026-04-28T00:00:00+03:00,0,0,0,False
1,2026-04-27T22:00:00Z,2026-04-28T01:00:00+03:00,0,0,0,False
1,2026-04-27T23:00:00Z,2026-04-28T02:00:00+03:00,0,0,0,False
1,2026-04-28T00:00:00Z,2026-04-28T03:00:00+03:00,0,0,0,False
1,2026-04-28T01:00:00Z,2026-04-28T04:00:00+03:00,0,0,0,False
1,2026-04-28T02:00:00Z,2026-04-28T05:00:00+03:00,0,0,0,False
1,2026-04-28T03:00:00Z,2026-04-28T06:00:00+03:00,0,0,0,False
1,2026-04-28T04:00:00Z,2026-04-28T07:00:00+03:00,2,1,3,False
1,2026-04-28T05:00:00Z,2026-04-28T08:00:00+03:00,1,1,2,False
1,2026-04-28T06:00:00Z,2026-04-28T09:00:00+03:00,1,1,2,False
1,2026-04-28T07:00:00Z,2026-04-28T10:00:00+03:00,1,1,2,False
1,2026-04-28T08:00:00Z,2026-04-28T11:00:00+03:00,10,8,18,False
1,2026-04-28T09:00:00Z,2026-04-28T12:00:00+03:00,19,15,34,False
1,2026-04-28T10:00:00Z,2026-04-28T13:00:00+03:00,10,11,21,False
1,2026-04-28T11:00:00Z,2026-04-28T14:00:00+03:00,19,20,39,False
1,2026-04-28T12:00:00Z,2026-04-28T15:00:00+03:00,8,11,19,False
1,2026-04-28T13:00:00Z,2026-04-28T16:00:00+03:00,9,9,18,False
1,2026-04-28T14:00:00Z,2026-04-28T17:00:00+03:00,46,19,65,False
1,2026-04-28T15:00:00Z,2026-04-28T18:00:00+03:00,16,45,61,False
1,2026-04-28T16:00:00Z,2026-04-28T19:00:00+03:00,0,0,0,False
1,2026-04-28T17:00:00Z,2026-04-28T20:00:00+03:00,0,0,0,False
1,2026-04-28T18:00:00Z,2026-04-28T21:00:00+03:00,0,0,0,False
1,2026-04-28T19:00:00Z,2026-04-28T22:00:00+03:00,0,0,0,False
1,2026-04-28T20:00:00Z,2026-04-28T23:00:00+03:00,0,0,0,False
1,2026-04-28T21:00:00Z,2026-04-29T00:00:00+03:00,0,0,0,False
1,2026-04-28T22:00:00Z,2026-04-29T01:00:00+03:00,0,0,0,False
1,2026-04-28T23:00:00Z,2026-04-29T02:00:00+03:00,0,0,0,False
1,2026-04-29T00:00:00Z,2026-04-29T03:00:00+03:00,0,0,0,False
1,2026-04-29T01:00:00Z,2026-04-29T04:00:00+03:00,0,0,0,False
1,2026-04-29T02:00:00Z,2026-04-29T05:00:00+03:00,0,0,0,False
1,2026-04-29T03:00:00Z,2026-04-29T06:00:00+03:00,1,1,2,False
1,2026-04-29T04:00:00Z,2026-04-29T07:00:00+03:00,1,1,2,False
1,2026-04-29T05:00:00Z,2026-04-29T08:00:00+03:00,2,2,4,False
1,2026-04-29T06:00:00Z,2026-04-29T09:00:00+03:00,0,0,0,False
1,2026-04-29T07:00:00Z,2026-04-29T10:00:00+03:00,0,1,1,False
1,2026-04-29T08:00:00Z,2026-04-29T11:00:00+03:00,36,27,63,False
1,2026-04-29T09:00:00Z,2026-04-29T12:00:00+03:00,18,21,39,False
1,2026-04-29T10:00:00Z,2026-04-29T13:00:00+03:00,13,18,31,False
1,2026-04-29T11:00:00Z,2026-04-29T14:00:00+03:00,17,13,30,False
1,2026-04-29T12:00:00Z,2026-04-29T15:00:00+03:00,10,11,21,False
1,2026-04-29T13:00:00Z,2026-04-29T16:00:00+03:00,13,11,24,False
1,2026-04-29T14:00:00Z,2026-04-29T17:00:00+03:00,10,13,23,False
1,2026-04-29T15:00:00Z,2026-04-29T18:00:00+03:00,5,8,13,False
1,2026-04-29T16:00:00Z,2026-04-29T19:00:00+03:00,0,1,1,False
1,2026-04-29T17:00:00Z,2026-04-29T20:00:00+03:00,0,0,0,False
1,2026-04-29T18:00:00Z,2026-04-29T21:00:00+03:00,0,0,0,False
1,2026-04-29T19:00:00Z,2026-04-29T22:00:00+03:00,0,0,0,False
1,2026-04-29T20:00:00Z,2026-04-29T23:00:00+03:00,0,0,0,False
1,2026-04-29T21:00:00Z,2026-04-30T00:00:00+03:00,0,0,0,False
1,2026-04-29T22:00:00Z,2026-04-30T01:00:00+03:00,0,0,0,False
1,2026-04-29T23:00:00Z,2026-04-30T02:00:00+03:00,0,0,0,False
1,2026-04-30T00:00:00Z,2026-04-30T03:00:00+03:00,0,0,0,False
1,2026-04-30T01:00:00Z,2026-04-30T04:00:00+03:00,0,0,0,False
1,2026-04-30T02:00:00Z,2026-04-30T05:00:00+03:00,0,0,0,False
1,2026-04-30T03:00:00Z,2026-04-30T06:00:00+03:00,0,0,0,False
1,2026-04-30T04:00:00Z,2026-04-30T07:00:00+03:00,0,0,0,False
1,2026-04-30T05:00:00Z,2026-04-30T08:00:00+03:00,4,4,8,False
1,2026-04-30T06:00:00Z,2026-04-30T09:00:00+03:00,0,0,0,False
1,2026-04-30T07:00:00Z,2026-04-30T10:00:00+03:00,1,2,3,False
1,2026-04-30T08:00:00Z,2026-04-30T11:00:00+03:00,11,9,20,False
1,2026-04-30T09:00:00Z,2026-04-30T12:00:00+03:00,86,50,136,False
1,2026-04-30T10:00:00Z,2026-04-30T13:00:00+03:00,22,58,80,False
1,2026-04-30T11:00:00Z,2026-04-30T14:00:00+03:00,7,6,13,False
1,2026-04-30T12:00:00Z,2026-04-30T15:00:00+03:00,13,14,27,False
1,2026-04-30T13:00:00Z,2026-04-30T16:00:00+03:00,13,11,24,False
1,2026-04-30T14:00:00Z,2026-04-30T17:00:00+03:00,6,9,15,False
1,2026-04-30T15:00:00Z,2026-04-30T18:00:00+03:00,18,19,37,False
1,2026-04-30T16:00:00Z,2026-04-30T19:00:00+03:00,0,1,1,False
1,2026-04-30T17:00:00Z,2026-04-30T20:00:00+03:00,0,0,0,False
1,2026-04-30T18:00:00Z,2026-04-30T21:00:00+03:00,0,0,0,False
1,2026-04-30T19:00:00Z,2026-04-30T22:00:00+03:00,0,0,0,False
1,2026-04-30T20:00:00Z,2026-04-30T23:00:00+03:00,0,0,0,False
1,2026-04-30T21:00:00Z,2026-05-01T00:00:00+03:00,0,0,0,False
1,2026-04-30T22:00:00Z,2026-05-01T01:00:00+03:00,0,0,0,False
1,2026-04-30T23:00:00Z,2026-05-01T02:00:00+03:00,0,0,0,False
1,2026-05-01T00:00:00Z,2026-05-01T03:00:00+03:00,0,0,0,False
1,2026-05-01T01:00:00Z,2026-05-01T04:00:00+03:00,0,0,0,False
1,2026-05-01T02:00:00Z,2026-05-01T05:00:00+03:00,0,0,0,False
1,2026-05-01T03:00:00Z,2026-05-01T06:00:00+03:00,0,0,0,False
1,2026-05-01T04:00:00Z,2026-05-01T07:00:00+03:00,3,3,6,False
1,2026-05-01T05:00:00Z,2026-05-01T08:00:00+03:00,2,1,3,False
1,2026-05-01T06:00:00Z,2026-05-01T09:00:00+03:00,0,0,0,False
1,2026-05-01T07:00:00Z,2026-05-01T10:00:00+03:00,1,1,2,False
1,2026-05-01T08:00:00Z,2026-05-01T11:00:00+03:00,27,22,49,False
1,2026-05-01T09:00:00Z,2026-05-01T12:00:00+03:00,36,25,61,False
1,2026-05-01T10:00:00Z,2026-05-01T13:00:00+03:00,26,33,59,False
1,2026-05-01T11:00:00Z,2026-05-01T14:00:00+03:00,29,38,67,False
1,2026-05-01T12:00:00Z,2026-05-01T15:00:00+03:00,23,15,38,False
1,2026-05-01T13:00:00Z,2026-05-01T16:00:00+03:00,10,17,27,False
1,2026-05-01T14:00:00Z,2026-05-01T17:00:00+03:00,15,8,23,False
1,2026-05-01T15:00:00Z,2026-05-01T18:00:00+03:00,7,15,22,False
1,2026-05-01T16:00:00Z,2026-05-01T19:00:00+03:00,0,0,0,False
1,2026-05-01T17:00:00Z,2026-05-01T20:00:00+03:00,0,0,0,False
1,2026-05-01T18:00:00Z,2026-05-01T21:00:00+03:00,0,0,0,False
1,2026-05-01T19:00:00Z,2026-05-01T22:00:00+03:00,0,0,0,False
1,2026-05-01T20:00:00Z,2026-05-01T23:00:00+03:00,0,0,0,False
1,2026-05-01T21:00:00Z,2026-05-02T00:00:00+03:00,0,0,0,False
1,2026-05-01T22:00:00Z,2026-05-02T01:00:00+03:00,0,0,0,False
1,2026-05-01T23:00:00Z,2026-05-02T02:00:00+03:00,0,0,0,False
1,2026-05-02T00:00:00Z,2026-05-02T03:00:00+03:00,0,0,0,False
1,2026-05-02T01:00:00Z,2026-05-02T04:00:00+03:00,0,0,0,False
1,2026-05-02T02:00:00Z,2026-05-02T05:00:00+03:00,0,0,0,False
1,2026-05-02T03:00:00Z,2026-05-02T06:00:00+03:00,0,0,0,False
1,2026-05-02T04:00:00Z,2026-05-02T07:00:00+03:00,0,0,0,False
1,2026-05-02T05:00:00Z,2026-05-02T08:00:00+03:00,4,4,8,False
1,2026-05-02T06:00:00Z,2026-05-02T09:00:00+03:00,1,1,2,False
1,2026-05-02T07:00:00Z,2026-05-02T10:00:00+03:00,4,4,8,False
1,2026-05-02T08:00:00Z,2026-05-02T11:00:00+03:00,14,5,19,False
1,2026-05-02T09:00:00Z,2026-05-02T12:00:00+03:00,40,28,68,False
1,2026-05-02T10:00:00Z,2026-05-02T13:00:00+03:00,34,41,75,False
1,2026-05-02T11:00:00Z,2026-05-02T14:00:00+03:00,28,37,65,False
1,2026-05-02T12:00:00Z,2026-05-02T15:00:00+03:00,19,16,35,False
1,2026-05-02T13:00:00Z,2026-05-02T16:00:00+03:00,29,27,56,False
1,2026-05-02T14:00:00Z,2026-05-02T17:00:00+03:00,22,24,46,False
1,2026-05-02T15:00:00Z,2026-05-02T18:00:00+03:00,6,11,17,False
1,2026-05-02T16:00:00Z,2026-05-02T19:00:00+03:00,7,8,15,False
1,2026-05-02T17:00:00Z,2026-05-02T20:00:00+03:00,0,0,0,False
1,2026-05-02T18:00:00Z,2026-05-02T21:00:00+03:00,0,0,0,False
1,2026-05-02T19:00:00Z,2026-05-02T22:00:00+03:00,0,0,0,False
1,2026-05-02T20:00:00Z,2026-05-02T23:00:00+03:00,0,0,0,False
1,2026-05-02T21:00:00Z,2026-05-03T00:00:00+03:00,0,0,0,False
1,2026-05-02T22:00:00Z,2026-05-03T01:00:00+03:00,0,0,0,False
1,2026-05-02T23:00:00Z,2026-05-03T02:00:00+03:00,0,0,0,False
1,2026-05-03T00:00:00Z,2026-05-03T03:00:00+03:00,0,0,0,False
1,2026-05-03T01:00:00Z,2026-05-03T04:00:00+03:00,0,0,0,False
1,2026-05-03T02:00:00Z,2026-05-03T05:00:00+03:00,0,0,0,False
1,2026-05-03T03:00:00Z,2026-05-03T06:00:00+03:00,0,0,0,False
1,2026-05-03T04:00:00Z,2026-05-03T07:00:00+03:00,0,0,0,False
1,2026-05-03T05:00:00Z,2026-05-03T08:00:00+03:00,3,3,6,False
1,2026-05-03T06:00:00Z,2026-05-03T09:00:00+03:00,0,1,1,False
1,2026-05-03T07:00:00Z,2026-05-03T10:00:00+03:00,3,2,5,False
1,2026-05-03T08:00:00Z,2026-05-03T11:00:00+03:00,24,15,39,False
1,2026-05-03T09:00:00Z,2026-05-03T12:00:00+03:00,24,20,44,False
1,2026-05-03T10:00:00Z,2026-05-03T13:00:00+03:00,11,20,31,False
1,2026-05-03T11:00:00Z,2026-05-03T14:00:00+03:00,11,11,22,False
1,2026-05-03T12:00:00Z,2026-05-03T15:00:00+03:00,31,23,54,False
1,2026-05-03T13:00:00Z,2026-05-03T16:00:00+03:00,6,19,25,False
1,2026-05-03T14:00:00Z,2026-05-03T17:00:00+03:00,14,12,26,False
1,2026-05-03T15:00:00Z,2026-05-03T18:00:00+03:00,1,3,4,False
1,2026-05-03T16:00:00Z,2026-05-03T19:00:00+03:00,0,0,0,False
1,2026-05-03T17:00:00Z,2026-05-03T20:00:00+03:00,0,0,0,False
1,2026-05-03T18:00:00Z,2026-05-03T21:00:00+03:00,0,0,0,False
1,2026-05-03T19:00:00Z,2026-05-03T22:00:00+03:00,0,0,0,False
1,2026-05-03T20:00:00Z,2026-05-03T23:00:00+03:00,0,0,0,False
1,2026-05-03T21:00:00Z,2026-05-04T00:00:00+03:00,0,0,0,False
1,2026-05-03T22:00:00Z,2026-05-04T01:00:00+03:00,0,0,0,False
1,2026-05-03T23:00:00Z,2026-05-04T02:00:00+03:00,0,0,0,False
1,2026-05-04T00:00:00Z,2026-05-04T03:00:00+03:00,0,0,0,False
1,2026-05-04T01:00:00Z,2026-05-04T04:00:00+03:00,0,0,0,False
1,2026-05-04T02:00:00Z,2026-05-04T05:00:00+03:00,0,0,0,False
1,2026-05-04T03:00:00Z,2026-05-04T06:00:00+03:00,0,0,0,False
1,2026-05-04T04:00:00Z,2026-05-04T07:00:00+03:00,2,2,4,False
1,2026-05-04T05:00:00Z,2026-05-04T08:00:00+03:00,2,2,4,False
1,2026-05-04T06:00:00Z,2026-05-04T09:00:00+03:00,0,0,0,False
1,2026-05-04T07:00:00Z,2026-05-04T10:00:00+03:00,2,2,4,False
1,2026-05-04T08:00:00Z,2026-05-04T11:00:00+03:00,8,5,13,False
1,2026-05-04T09:00:00Z,2026-05-04T12:00:00+03:00,30,23,53,False
1,2026-05-04T10:00:00Z,2026-05-04T13:00:00+03:00,26,35,61,False
1,2026-05-04T11:00:00Z,2026-05-04T14:00:00+03:00,15,12,27,False
1,2026-05-04T12:00:00Z,2026-05-04T15:00:00+03:00,28,29,57,False
1,2026-05-04T13:00:00Z,2026-05-04T16:00:00+03:00,13,14,27,False
1,2026-05-04T14:00:00Z,2026-05-04T17:00:00+03:00,17,15,32,False
1,2026-05-04T15:00:00Z,2026-05-04T18:00:00+03:00,7,13,20,False
1,2026-05-04T16:00:00Z,2026-05-04T19:00:00+03:00,3,4,7,False
1,2026-05-04T17:00:00Z,2026-05-04T20:00:00+03:00,0,0,0,False
1,2026-05-04T18:00:00Z,2026-05-04T21:00:00+03:00,0,0,0,False
1,2026-05-04T19:00:00Z,2026-05-04T22:00:00+03:00,0,0,0,False
1,2026-05-04T20:00:00Z,2026-05-04T23:00:00+03:00,0,0,0,False
1,2026-05-04T21:00:00Z,2026-05-05T00:00:00+03:00,0,0,0,False
1,2026-05-04T22:00:00Z,2026-05-05T01:00:00+03:00,0,0,0,False
1,2026-05-04T23:00:00Z,2026-05-05T02:00:00+03:00,0,0,0,False
1,2026-05-05T00:00:00Z,2026-05-05T03:00:00+03:00,0,0,0,False
1,2026-05-05T01:00:00Z,2026-05-05T04:00:00+03:00,0,0,0,False
1,2026-05-05T02:00:00Z,2026-05-05T05:00:00+03:00,0,0,0,False
1,2026-05-05T03:00:00Z,2026-05-05T06:00:00+03:00,0,0,0,False
1,2026-05-05T04:00:00Z,2026-05-05T07:00:00+03:00,3,3,6,False
1,2026-05-05T05:00:00Z,2026-05-05T08:00:00+03:00,8,8,16,False
1,2026-05-05T06:00:00Z,2026-05-05T09:00:00+03:00,27,10,37,False
1,2026-05-05T07:00:00Z,2026-05-05T10:00:00+03:00,11,11,22,False
1,2026-05-05T08:00:00Z,2026-05-05T11:00:00+03:00,19,26,45,False
1,2026-05-05T09:00:00Z,2026-05-05T12:00:00+03:00,133,81,214,False
1,2026-05-05T10:00:00Z,2026-05-05T13:00:00+03:00,82,137,219,False
1,2026-05-05T11:00:00Z,2026-05-05T14:00:00+03:00,18,21,39,False
1,2026-05-05T12:00:00Z,2026-05-05T15:00:00+03:00,15,15,30,False
1,2026-05-05T13:00:00Z,2026-05-05T16:00:00+03:00,42,36,78,False
1,2026-05-05T14:00:00Z,2026-05-05T17:00:00+03:00,36,24,60,False
1,2026-05-05T15:00:00Z,2026-05-05T18:00:00+03:00,27,47,74,False
1,2026-05-05T16:00:00Z,2026-05-05T19:00:00+03:00,0,1,1,False
1,2026-05-05T17:00:00Z,2026-05-05T20:00:00+03:00,0,0,0,False
1,2026-05-05T18:00:00Z,2026-05-05T21:00:00+03:00,0,0,0,False
1,2026-05-05T19:00:00Z,2026-05-05T22:00:00+03:00,0,0,0,False
1,2026-05-05T20:00:00Z,2026-05-05T23:00:00+03:00,0,0,0,False
1,2026-05-05T21:00:00Z,2026-05-06T00:00:00+03:00,0,0,0,False
1,2026-05-05T22:00:00Z,2026-05-06T01:00:00+03:00,0,0,0,False
1,2026-05-05T23:00:00Z,2026-05-06T02:00:00+03:00,0,0,0,False
1,2026-05-06T00:00:00Z,2026-05-06T03:00:00+03:00,0,0,0,False
1,2026-05-06T01:00:00Z,2026-05-06T04:00:00+03:00,0,0,0,False
1,2026-05-06T02:00:00Z,2026-05-06T05:00:00+03:00,0,0,0,False
1,2026-05-06T03:00:00Z,2026-05-06T06:00:00+03:00,0,0,0,False
1,2026-05-06T04:00:00Z,2026-05-06T07:00:00+03:00,4,4,8,False
1,2026-05-06T05:00:00Z,2026-05-06T08:00:00+03:00,5,6,11,False
1,2026-05-06T06:00:00Z,2026-05-06T09:00:00+03:00,30,17,47,False
1,2026-05-06T07:00:00Z,2026-05-06T10:00:00+03:00,15,26,41,False
1,2026-05-06T08:00:00Z,2026-05-06T11:00:00+03:00,76,56,132,False
1,2026-05-06T09:00:00Z,2026-05-06T12:00:00+03:00,54,67,121,False
1,2026-05-06T10:00:00Z,2026-05-06T13:00:00+03:00,24,26,50,False
1,2026-05-06T11:00:00Z,2026-05-06T14:00:00+03:00,19,17,36,False
1,2026-05-06T12:00:00Z,2026-05-06T15:00:00+03:00,21,26,47,False
1,2026-05-06T13:00:00Z,2026-05-06T16:00:00+03:00,9,10,19,False
1,2026-05-06T14:00:00Z,2026-05-06T17:00:00+03:00,6,6,12,False
1,2026-05-06T15:00:00Z,2026-05-06T18:00:00+03:00,15,11,26,False
1,2026-05-06T16:00:00Z,2026-05-06T19:00:00+03:00,1,7,8,False
1,2026-05-06T17:00:00Z,2026-05-06T20:00:00+03:00,0,0,0,False
1,2026-05-06T18:00:00Z,2026-05-06T21:00:00+03:00,0,0,0,False
1,2026-05-06T19:00:00Z,2026-05-06T22:00:00+03:00,0,0,0,False
1,2026-05-06T20:00:00Z,2026-05-06T23:00:00+03:00,0,0,0,False
1,2026-05-06T21:00:00Z,2026-05-07T00:00:00+03:00,0,0,0,False
1,2026-05-06T22:00:00Z,2026-05-07T01:00:00+03:00,0,0,0,False
1,2026-05-06T23:00:00Z,2026-05-07T02:00:00+03:00,0,0,0,False
1,2026-05-07T00:00:00Z,2026-05-07T03:00:00+03:00,0,0,0,False
1,2026-05-07T01:00:00Z,2026-05-07T04:00:00+03:00,0,0,0,False
1,2026-05-07T02:00:00Z,2026-05-07T05:00:00+03:00,0,0,0,False
1,2026-05-07T03:00:00Z,2026-05-07T06:00:00+03:00,0,0,0,False
1,2026-05-07T04:00:00Z,2026-05-07T07:00:00+03:00,4,4,8,False
1,2026-05-07T05:00:00Z,2026-05-07T08:00:00+03:00,2,1,3,False
1,2026-05-07T06:00:00Z,2026-05-07T09:00:00+03:00,28,17,45,False
1,2026-05-07T07:00:00Z,2026-05-07T10:00:00+03:00,42,32,74,False
1,2026-05-07T08:00:00Z,2026-05-07T11:00:00+03:00,33,52,85,False
1,2026-05-07T09:00:00Z,2026-05-07T12:00:00+03:00,24,16,40,False
1,2026-05-07T10:00:00Z,2026-05-07T13:00:00+03:00,18,23,41,False
1,2026-05-07T11:00:00Z,2026-05-07T14:00:00+03:00,30,22,52,False
1,2026-05-07T12:00:00Z,2026-05-07T15:00:00+03:00,30,34,64,False
1,2026-05-07T13:00:00Z,2026-05-07T16:00:00+03:00,40,40,80,False
1,2026-05-07T14:00:00Z,2026-05-07T17:00:00+03:00,22,21,43,False
1,2026-05-07T15:00:00Z,2026-05-07T18:00:00+03:00,13,22,35,False
1,2026-05-07T16:00:00Z,2026-05-07T19:00:00+03:00,0,0,0,False
1,2026-05-07T17:00:00Z,2026-05-07T20:00:00+03:00,0,0,0,False
1,2026-05-07T18:00:00Z,2026-05-07T21:00:00+03:00,0,0,0,False
1,2026-05-07T19:00:00Z,2026-05-07T22:00:00+03:00,0,0,0,False
1,2026-05-07T20:00:00Z,2026-05-07T23:00:00+03:00,0,0,0,False
1,2026-05-07T21:00:00Z,2026-05-08T00:00:00+03:00,0,0,0,False
1,2026-05-07T22:00:00Z,2026-05-08T01:00:00+03:00,0,0,0,False
1,2026-05-07T23:00:00Z,2026-05-08T02:00:00+03:00,0,0,0,False
1,2026-05-08T00:00:00Z,2026-05-08T03:00:00+03:00,0,0,0,False
1,2026-05-08T01:00:00Z,2026-05-08T04:00:00+03:00,0,0,0,False
1,2026-05-08T02:00:00Z,2026-05-08T05:00:00+03:00,0,0,0,False
1,2026-05-08T03:00:00Z,2026-05-08T06:00:00+03:00,0,0,0,False
1,2026-05-08T04:00:00Z,2026-05-08T07:00:00+03:00,5,5,10,False
1,2026-05-08T05:00:00Z,2026-05-08T08:00:00+03:00,4,4,8,False
1,2026-05-08T06:00:00Z,2026-05-08T09:00:00+03:00,0,0,0,False
1,2026-05-08T07:00:00Z,2026-05-08T10:00:00+03:00,2,2,4,False
1,2026-05-08T08:00:00Z,2026-05-08T11:00:00+03:00,18,18,36,False
1,2026-05-08T09:00:00Z,2026-05-08T12:00:00+03:00,24,18,42,False
1,2026-05-08T10:00:00Z,2026-05-08T13:00:00+03:00,32,20,52,False
1,2026-05-08T11:00:00Z,2026-05-08T14:00:00+03:00,34,40,74,False
1,2026-05-08T12:00:00Z,2026-05-08T15:00:00+03:00,18,23,41,False
1,2026-05-08T13:00:00Z,2026-05-08T16:00:00+03:00,23,18,41,False
1,2026-05-08T14:00:00Z,2026-05-08T17:00:00+03:00,14,22,36,False
1,2026-05-08T15:00:00Z,2026-05-08T18:00:00+03:00,10,10,20,False
1,2026-05-08T16:00:00Z,2026-05-08T19:00:00+03:00,1,3,4,False
1,2026-05-08T17:00:00Z,2026-05-08T20:00:00+03:00,0,0,0,False
1,2026-05-08T18:00:00Z,2026-05-08T21:00:00+03:00,0,0,0,False
1,2026-05-08T19:00:00Z,2026-05-08T22:00:00+03:00,0,0,0,False
1,2026-05-08T20:00:00Z,2026-05-08T23:00:00+03:00,0,0,0,False
1,2026-05-08T21:00:00Z,2026-05-09T00:00:00+03:00,0,0,0,False
1,2026-05-08T22:00:00Z,2026-05-09T01:00:00+03:00,0,0,0,False
1,2026-05-08T23:00:00Z,2026-05-09T02:00:00+03:00,0,0,0,False
1,2026-05-09T00:00:00Z,2026-05-09T03:00:00+03:00,0,0,0,False
1,2026-05-09T01:00:00Z,2026-05-09T04:00:00+03:00,0,0,0,False
1,2026-05-09T02:00:00Z,2026-05-09T05:00:00+03:00,0,0,0,False
1,2026-05-09T03:00:00Z,2026-05-09T06:00:00+03:00,0,0,0,False
1,2026-05-09T04:00:00Z,2026-05-09T07:00:00+03:00,0,0,0,False
1,2026-05-09T05:00:00Z,2026-05-09T08:00:00+03:00,3,3,6,False
1,2026-05-09T06:00:00Z,2026-05-09T09:00:00+03:00,0,0,0,False
1,2026-05-09T07:00:00Z,2026-05-09T10:00:00+03:00,6,6,12,False
1,2026-05-09T08:00:00Z,2026-05-09T11:00:00+03:00,85,52,137,False
1,2026-05-09T09:00:00Z,2026-05-09T12:00:00+03:00,55,70,125,False
1,2026-05-09T10:00:00Z,2026-05-09T13:00:00+03:00,62,57,119,False
1,2026-05-09T11:00:00Z,2026-05-09T14:00:00+03:00,76,65,141,False
1,2026-05-09T12:00:00Z,2026-05-09T15:00:00+03:00,64,78,142,False
1,2026-05-09T13:00:00Z,2026-05-09T16:00:00+03:00,25,36,61,False
1,2026-05-09T14:00:00Z,2026-05-09T17:00:00+03:00,30,29,59,False
1,2026-05-09T15:00:00Z,2026-05-09T18:00:00+03:00,7,17,24,False
1,2026-05-09T16:00:00Z,2026-05-09T19:00:00+03:00,0,0,0,False
1,2026-05-09T17:00:00Z,2026-05-09T20:00:00+03:00,0,0,0,False
1,2026-05-09T18:00:00Z,2026-05-09T21:00:00+03:00,0,0,0,False
1,2026-05-09T19:00:00Z,2026-05-09T22:00:00+03:00,0,0,0,False
1,2026-05-09T20:00:00Z,2026-05-09T23:00:00+03:00,0,0,0,False
1,2026-05-09T21:00:00Z,2026-05-10T00:00:00+03:00,0,0,0,False
1,2026-05-09T22:00:00Z,2026-05-10T01:00:00+03:00,0,0,0,False
1,2026-05-09T23:00:00Z,2026-05-10T02:00:00+03:00,0,0,0,False
1,2026-05-10T00:00:00Z,2026-05-10T03:00:00+03:00,0,0,0,False
1,2026-05-10T01:00:00Z,2026-05-10T04:00:00+03:00,0,0,0,False
1,2026-05-10T02:00:00Z,2026-05-10T05:00:00+03:00,0,0,0,False
1,2026-05-10T03:00:00Z,2026-05-10T06:00:00+03:00,0,0,0,False
1,2026-05-10T04:00:00Z,2026-05-10T07:00:00+03:00,0,0,0,False
1,2026-05-10T05:00:00Z,2026-05-10T08:00:00+03:00,3,3,6,False
1,2026-05-10T06:00:00Z,2026-05-10T09:00:00+03:00,0,0,0,False
1,2026-05-10T07:00:00Z,2026-05-10T10:00:00+03:00,4,4,8,False
1,2026-05-10T08:00:00Z,2026-05-10T11:00:00+03:00,43,20,63,False
1,2026-05-10T09:00:00Z,2026-05-10T12:00:00+03:00,21,38,59,False
1,2026-05-10T10:00:00Z,2026-05-10T13:00:00+03:00,50,34,84,False
1,2026-05-10T11:00:00Z,2026-05-10T14:00:00+03:00,67,63,130,False
1,2026-05-10T12:00:00Z,2026-05-10T15:00:00+03:00,69,64,133,False
1,2026-05-10T13:00:00Z,2026-05-10T16:00:00+03:00,52,68,120,False
1,2026-05-10T14:00:00Z,2026-05-10T17:00:00+03:00,11,26,37,False
1,2026-05-10T15:00:00Z,2026-05-10T18:00:00+03:00,0,0,0,False
1,2026-05-10T16:00:00Z,2026-05-10T19:00:00+03:00,0,0,0,False
1,2026-05-10T17:00:00Z,2026-05-10T20:00:00+03:00,0,0,0,False
1,2026-05-10T18:00:00Z,2026-05-10T21:00:00+03:00,0,0,0,False
1,2026-05-10T19:00:00Z,2026-05-10T22:00:00+03:00,0,0,0,False
1,2026-05-10T20:00:00Z,2026-05-10T23:00:00+03:00,0,0,0,False
1,2026-05-10T21:00:00Z,2026-05-11T00:00:00+03:00,0,0,0,False
1,2026-05-10T22:00:00Z,2026-05-11T01:00:00+03:00,0,0,0,False
1,2026-05-10T23:00:00Z,2026-05-11T02:00:00+03:00,0,0,0,False
1,2026-05-11T00:00:00Z,2026-05-11T03:00:00+03:00,0,0,0,False
1,2026-05-11T01:00:00Z,2026-05-11T04:00:00+03:00,0,0,0,False
1,2026-05-11T02:00:00Z,2026-05-11T05:00:00+03:00,0,0,0,False
1,2026-05-11T03:00:00Z,2026-05-11T06:00:00+03:00,0,0,0,False
1,2026-05-11T04:00:00Z,2026-05-11T07:00:00+03:00,2,1,3,False
1,2026-05-11T05:00:00Z,2026-05-11T08:00:00+03:00,2,1,3,False
1,2026-05-11T06:00:00Z,2026-05-11T09:00:00+03:00,0,0,0,False
1,2026-05-11T07:00:00Z,2026-05-11T10:00:00+03:00,2,2,4,False
1,2026-05-11T08:00:00Z,2026-05-11T11:00:00+03:00,17,14,31,False
1,2026-05-11T09:00:00Z,2026-05-11T12:00:00+03:00,5,5,10,False
1,2026-05-11T10:00:00Z,2026-05-11T13:00:00+03:00,41,19,60,False
1,2026-05-11T11:00:00Z,2026-05-11T14:00:00+03:00,21,37,58,False
1,2026-05-11T12:00:00Z,2026-05-11T15:00:00+03:00,10,15,25,False
1,2026-05-11T13:00:00Z,2026-05-11T16:00:00+03:00,6,8,14,False
1,2026-05-11T14:00:00Z,2026-05-11T17:00:00+03:00,4,5,9,False
1,2026-05-11T15:00:00Z,2026-05-11T18:00:00+03:00,5,5,10,False
1,2026-05-11T16:00:00Z,2026-05-11T19:00:00+03:00,0,0,0,False
1,2026-05-11T17:00:00Z,2026-05-11T20:00:00+03:00,0,0,0,False
1,2026-05-11T18:00:00Z,2026-05-11T21:00:00+03:00,0,0,0,False
1,2026-05-11T19:00:00Z,2026-05-11T22:00:00+03:00,0,0,0,False
1,2026-05-11T20:00:00Z,2026-05-11T23:00:00+03:00,0,0,0,False
1,2026-05-11T21:00:00Z,2026-05-12T00:00:00+03:00,0,0,0,False
1,2026-05-11T22:00:00Z,2026-05-12T01:00:00+03:00,0,0,0,False
1,2026-05-11T23:00:00Z,2026-05-12T02:00:00+03:00,0,0,0,False
1,2026-05-12T00:00:00Z,2026-05-12T03:00:00+03:00,0,0,0,False
1,2026-05-12T01:00:00Z,2026-05-12T04:00:00+03:00,0,0,0,False
1,2026-05-12T02:00:00Z,2026-05-12T05:00:00+03:00,0,0,0,False
1,2026-05-12T03:00:00Z,2026-05-12T06:00:00+03:00,0,0,0,False
1,2026-05-12T04:00:00Z,2026-05-12T07:00:00+03:00,0,0,0,False
1,2026-05-12T05:00:00Z,2026-05-12T08:00:00+03:00,4,4,8,False
1,2026-05-12T06:00:00Z,2026-05-12T09:00:00+03:00,0,0,0,False
1,2026-05-12T07:00:00Z,2026-05-12T10:00:00+03:00,0,0,0,False
1,2026-05-12T08:00:00Z,2026-05-12T11:00:00+03:00,12,11,23,False
1,2026-05-12T09:00:00Z,2026-05-12T12:00:00+03:00,54,25,79,False
1,2026-05-12T10:00:00Z,2026-05-12T13:00:00+03:00,54,67,121,False
1,2026-05-12T11:00:00Z,2026-05-12T14:00:00+03:00,19,24,43,False
1,2026-05-12T12:00:00Z,2026-05-12T15:00:00+03:00,20,15,35,False
1,2026-05-12T13:00:00Z,2026-05-12T16:00:00+03:00,55,35,90,False
1,2026-05-12T14:00:00Z,2026-05-12T17:00:00+03:00,51,62,113,False
1,2026-05-12T15:00:00Z,2026-05-12T18:00:00+03:00,37,35,72,False
1,2026-05-12T16:00:00Z,2026-05-12T19:00:00+03:00,6,28,34,False
1,2026-05-12T17:00:00Z,2026-05-12T20:00:00+03:00,0,0,0,False
1,2026-05-12T18:00:00Z,2026-05-12T21:00:00+03:00,0,0,0,False
1,2026-05-12T19:00:00Z,2026-05-12T22:00:00+03:00,0,0,0,False
1,2026-05-12T20:00:00Z,2026-05-12T23:00:00+03:00,0,0,0,False
1,2026-05-12T21:00:00Z,2026-05-13T00:00:00+03:00,0,0,0,False
1,2026-05-12T22:00:00Z,2026-05-13T01:00:00+03:00,0,0,0,False
1,2026-05-12T23:00:00Z,2026-05-13T02:00:00+03:00,0,0,0,False
1,2026-05-13T00:00:00Z,2026-05-13T03:00:00+03:00,0,0,0,False
1,2026-05-13T01:00:00Z,2026-05-13T04:00:00+03:00,0,0,0,False
1,2026-05-13T02:00:00Z,2026-05-13T05:00:00+03:00,0,0,0,False
1,2026-05-13T03:00:00Z,2026-05-13T06:00:00+03:00,0,0,0,False
1,2026-05-13T04:00:00Z,2026-05-13T07:00:00+03:00,4,4,8,False
1,2026-05-13T05:00:00Z,2026-05-13T08:00:00+03:00,2,1,3,False
1,2026-05-13T06:00:00Z,2026-05-13T09:00:00+03:00,0,1,1,False
1,2026-05-13T07:00:00Z,2026-05-13T10:00:00+03:00,6,5,11,False
1,2026-05-13T08:00:00Z,2026-05-13T11:00:00+03:00,28,19,47,False
1,2026-05-13T09:00:00Z,2026-05-13T12:00:00+03:00,51,56,107,False
1,2026-05-13T10:00:00Z,2026-05-13T13:00:00+03:00,100,50,150,False
1,2026-05-13T11:00:00Z,2026-05-13T14:00:00+03:00,22,74,96,False
1,2026-05-13T12:00:00Z,2026-05-13T15:00:00+03:00,23,19,42,False
1,2026-05-13T13:00:00Z,2026-05-13T16:00:00+03:00,39,28,67,False
1,2026-05-13T14:00:00Z,2026-05-13T17:00:00+03:00,49,45,94,False
1,2026-05-13T15:00:00Z,2026-05-13T18:00:00+03:00,35,51,86,False
1,2026-05-13T16:00:00Z,2026-05-13T19:00:00+03:00,6,13,19,False
1,2026-05-13T17:00:00Z,2026-05-13T20:00:00+03:00,0,0,0,False
1,2026-05-13T18:00:00Z,2026-05-13T21:00:00+03:00,0,0,0,False
1,2026-05-13T19:00:00Z,2026-05-13T22:00:00+03:00,0,0,0,False
1,2026-05-13T20:00:00Z,2026-05-13T23:00:00+03:00,0,0,0,False
1,2026-05-13T21:00:00Z,2026-05-14T00:00:00+03:00,0,0,0,False
1,2026-05-13T22:00:00Z,2026-05-14T01:00:00+03:00,0,0,0,False
1,2026-05-13T23:00:00Z,2026-05-14T02:00:00+03:00,0,0,0,False
1,2026-05-14T00:00:00Z,2026-05-14T03:00:00+03:00,0,0,0,False
1,2026-05-14T01:00:00Z,2026-05-14T04:00:00+03:00,0,0,0,False
1,2026-05-14T02:00:00Z,2026-05-14T05:00:00+03:00,0,0,0,False
1,2026-05-14T03:00:00Z,2026-05-14T06:00:00+03:00,0,0,0,False
1,2026-05-14T04:00:00Z,2026-05-14T07:00:00+03:00,3,3,6,False
1,2026-05-14T05:00:00Z,2026-05-14T08:00:00+03:00,2,2,4,False
1,2026-05-14T06:00:00Z,2026-05-14T09:00:00+03:00,0,0,0,False
1,2026-05-14T07:00:00Z,2026-05-14T10:00:00+03:00,0,0,0,False
1,2026-05-14T08:00:00Z,2026-05-14T11:00:00+03:00,35,20,55,False
1,2026-05-14T09:00:00Z,2026-05-14T12:00:00+03:00,39,38,77,False
1,2026-05-14T10:00:00Z,2026-05-14T13:00:00+03:00,29,24,53,False
1,2026-05-14T11:00:00Z,2026-05-14T14:00:00+03:00,21,29,50,False
1,2026-05-14T12:00:00Z,2026-05-14T15:00:00+03:00,16,20,36,False
1,2026-05-14T13:00:00Z,2026-05-14T16:00:00+03:00,20,18,38,False
1,2026-05-14T14:00:00Z,2026-05-14T17:00:00+03:00,19,18,37,False
1,2026-05-14T15:00:00Z,2026-05-14T18:00:00+03:00,13,23,36,False
1,2026-05-14T16:00:00Z,2026-05-14T19:00:00+03:00,1,0,1,False
1,2026-05-14T17:00:00Z,2026-05-14T20:00:00+03:00,0,0,0,False
1,2026-05-14T18:00:00Z,2026-05-14T21:00:00+03:00,8,8,16,False
1,2026-05-14T19:00:00Z,2026-05-14T22:00:00+03:00,0,0,0,False
1,2026-05-14T20:00:00Z,2026-05-14T23:00:00+03:00,0,0,0,False
1,2026-05-14T21:00:00Z,2026-05-15T00:00:00+03:00,3,3,6,False
1,2026-05-14T22:00:00Z,2026-05-15T01:00:00+03:00,0,0,0,False
1,2026-05-14T23:00:00Z,2026-05-15T02:00:00+03:00,0,0,0,False
1,2026-05-15T00:00:00Z,2026-05-15T03:00:00+03:00,0,0,0,False
1,2026-05-15T01:00:00Z,2026-05-15T04:00:00+03:00,0,0,0,False
1,2026-05-15T02:00:00Z,2026-05-15T05:00:00+03:00,0,0,0,False
1,2026-05-15T03:00:00Z,2026-05-15T06:00:00+03:00,0,0,0,False
1,2026-05-15T04:00:00Z,2026-05-15T07:00:00+03:00,12,12,24,False
1,2026-05-15T05:00:00Z,2026-05-15T08:00:00+03:00,0,0,0,False
1,2026-05-15T06:00:00Z,2026-05-15T09:00:00+03:00,2,2,4,False
1,2026-05-15T07:00:00Z,2026-05-15T10:00:00+03:00,1,1,2,False
1,2026-05-15T08:00:00Z,2026-05-15T11:00:00+03:00,52,35,87,False
1,2026-05-15T09:00:00Z,2026-05-15T12:00:00+03:00,26,39,65,False
1,2026-05-15T10:00:00Z,2026-05-15T13:00:00+03:00,20,15,35,False
1,2026-05-15T11:00:00Z,2026-05-15T14:00:00+03:00,31,32,63,False
1,2026-05-15T12:00:00Z,2026-05-15T15:00:00+03:00,30,27,57,False
1,2026-05-15T13:00:00Z,2026-05-15T16:00:00+03:00,12,16,28,False
1,2026-05-15T14:00:00Z,2026-05-15T17:00:00+03:00,13,16,29,False
1,2026-05-15T15:00:00Z,2026-05-15T18:00:00+03:00,83,39,122,False
1,2026-05-15T16:00:00Z,2026-05-15T19:00:00+03:00,105,114,219,False
1,2026-05-15T17:00:00Z,2026-05-15T20:00:00+03:00,99,82,181,False
1,2026-05-15T18:00:00Z,2026-05-15T21:00:00+03:00,66,102,168,False
1,2026-05-15T19:00:00Z,2026-05-15T22:00:00+03:00,31,44,75,False
1,2026-05-15T20:00:00Z,2026-05-15T23:00:00+03:00,2,7,9,False
1,2026-05-15T21:00:00Z,2026-05-16T00:00:00+03:00,0,0,0,False
1,2026-05-15T22:00:00Z,2026-05-16T01:00:00+03:00,0,0,0,False
1,2026-05-15T23:00:00Z,2026-05-16T02:00:00+03:00,0,0,0,False
1,2026-05-16T00:00:00Z,2026-05-16T03:00:00+03:00,0,0,0,False
1,2026-05-16T01:00:00Z,2026-05-16T04:00:00+03:00,0,0,0,False
1,2026-05-16T02:00:00Z,2026-05-16T05:00:00+03:00,0,0,0,False
1,2026-05-16T03:00:00Z,2026-05-16T06:00:00+03:00,0,0,0,False
1,2026-05-16T04:00:00Z,2026-05-16T07:00:00+03:00,0,0,0,False
1,2026-05-16T05:00:00Z,2026-05-16T08:00:00+03:00,3,3,6,False
1,2026-05-16T06:00:00Z,2026-05-16T09:00:00+03:00,2,2,4,False
1,2026-05-16T07:00:00Z,2026-05-16T10:00:00+03:00,2,3,5,False
1,2026-05-16T08:00:00Z,2026-05-16T11:00:00+03:00,57,36,93,False
1,2026-05-16T09:00:00Z,2026-05-16T12:00:00+03:00,94,80,174,False
1,2026-05-16T10:00:00Z,2026-05-16T13:00:00+03:00,31,59,90,False
1,2026-05-16T11:00:00Z,2026-05-16T14:00:00+03:00,29,26,55,False
1,2026-05-16T12:00:00Z,2026-05-16T15:00:00+03:00,67,52,119,False
1,2026-05-16T13:00:00Z,2026-05-16T16:00:00+03:00,27,44,71,False
1,2026-05-16T14:00:00Z,2026-05-16T17:00:00+03:00,27,32,59,False
1,2026-05-16T15:00:00Z,2026-05-16T18:00:00+03:00,3,9,12,False
1,2026-05-16T16:00:00Z,2026-05-16T19:00:00+03:00,1,1,2,False
1,2026-05-16T17:00:00Z,2026-05-16T20:00:00+03:00,0,0,0,False
1,2026-05-16T18:00:00Z,2026-05-16T21:00:00+03:00,0,0,0,False
1,2026-05-16T19:00:00Z,2026-05-16T22:00:00+03:00,0,0,0,False
1,2026-05-16T20:00:00Z,2026-05-16T23:00:00+03:00,0,0,0,False
1,2026-05-16T21:00:00Z,2026-05-17T00:00:00+03:00,0,0,0,False
1,2026-05-16T22:00:00Z,2026-05-17T01:00:00+03:00,0,0,0,False
1,2026-05-16T23:00:00Z,2026-05-17T02:00:00+03:00,0,0,0,False
1,2026-05-17T00:00:00Z,2026-05-17T03:00:00+03:00,0,0,0,False
1,2026-05-17T01:00:00Z,2026-05-17T04:00:00+03:00,0,0,0,False
1,2026-05-17T02:00:00Z,2026-05-17T05:00:00+03:00,0,0,0,False
1,2026-05-17T03:00:00Z,2026-05-17T06:00:00+03:00,0,0,0,False
1,2026-05-17T04:00:00Z,2026-05-17T07:00:00+03:00,0,0,0,False
1,2026-05-17T05:00:00Z,2026-05-17T08:00:00+03:00,2,2,4,False
1,2026-05-17T06:00:00Z,2026-05-17T09:00:00+03:00,2,2,4,False
1,2026-05-17T07:00:00Z,2026-05-17T10:00:00+03:00,1,1,2,False
1,2026-05-17T08:00:00Z,2026-05-17T11:00:00+03:00,41,22,63,False
1,2026-05-17T09:00:00Z,2026-05-17T12:00:00+03:00,17,31,48,False
1,2026-05-17T10:00:00Z,2026-05-17T13:00:00+03:00,27,20,47,False
1,2026-05-17T11:00:00Z,2026-05-17T14:00:00+03:00,18,23,41,False
1,2026-05-17T12:00:00Z,2026-05-17T15:00:00+03:00,33,27,60,False
1,2026-05-17T13:00:00Z,2026-05-17T16:00:00+03:00,21,24,45,False
1,2026-05-17T14:00:00Z,2026-05-17T17:00:00+03:00,12,22,34,False
1,2026-05-17T15:00:00Z,2026-05-17T18:00:00+03:00,0,0,0,False
1,2026-05-17T16:00:00Z,2026-05-17T19:00:00+03:00,0,0,0,False
1,2026-05-17T17:00:00Z,2026-05-17T20:00:00+03:00,0,0,0,False
1,2026-05-17T18:00:00Z,2026-05-17T21:00:00+03:00,0,0,0,False
1,2026-05-17T19:00:00Z,2026-05-17T22:00:00+03:00,0,0,0,False
1,2026-05-17T20:00:00Z,2026-05-17T23:00:00+03:00,0,0,0,False
1,2026-05-17T21:00:00Z,2026-05-18T00:00:00+03:00,0,0,0,False
1,2026-05-17T22:00:00Z,2026-05-18T01:00:00+03:00,0,0,0,False
1,2026-05-17T23:00:00Z,2026-05-18T02:00:00+03:00,0,0,0,False
1,2026-05-18T00:00:00Z,2026-05-18T03:00:00+03:00,0,0,0,False
1,2026-05-18T01:00:00Z,2026-05-18T04:00:00+03:00,0,0,0,False
1,2026-05-18T02:00:00Z,2026-05-18T05:00:00+03:00,0,0,0,False
1,2026-05-18T03:00:00Z,2026-05-18T06:00:00+03:00,0,0,0,False
1,2026-05-18T04:00:00Z,2026-05-18T07:00:00+03:00,2,2,4,False
1,2026-05-18T05:00:00Z,2026-05-18T08:00:00+03:00,1,1,2,False
1,2026-05-18T06:00:00Z,2026-05-18T09:00:00+03:00,1,1,2,False
1,2026-05-18T07:00:00Z,2026-05-18T10:00:00+03:00,2,3,5,False
1,2026-05-18T08:00:00Z,2026-05-18T11:00:00+03:00,25,25,50,False
1,2026-05-18T09:00:00Z,2026-05-18T12:00:00+03:00,19,21,40,False
1,2026-05-18T10:00:00Z,2026-05-18T13:00:00+03:00,11,10,21,False
1,2026-05-18T11:00:00Z,2026-05-18T14:00:00+03:00,13,10,23,False
1,2026-05-18T12:00:00Z,2026-05-18T15:00:00+03:00,8,12,20,False
1,2026-05-18T13:00:00Z,2026-05-18T16:00:00+03:00,9,9,18,False
1,2026-05-18T14:00:00Z,2026-05-18T17:00:00+03:00,5,5,10,False
1,2026-05-18T15:00:00Z,2026-05-18T18:00:00+03:00,5,6,11,False
1,2026-05-18T16:00:00Z,2026-05-18T19:00:00+03:00,0,0,0,False
1,2026-05-18T17:00:00Z,2026-05-18T20:00:00+03:00,0,0,0,False
1,2026-05-18T18:00:00Z,2026-05-18T21:00:00+03:00,0,0,0,False
1,2026-05-18T19:00:00Z,2026-05-18T22:00:00+03:00,0,0,0,False
1,2026-05-18T20:00:00Z,2026-05-18T23:00:00+03:00,0,0,0,False
1,2026-05-18T21:00:00Z,2026-05-19T00:00:00+03:00,0,0,0,False
1,2026-05-18T22:00:00Z,2026-05-19T01:00:00+03:00,0,0,0,False
1,2026-05-18T23:00:00Z,2026-05-19T02:00:00+03:00,0,0,0,False
1,2026-05-19T00:00:00Z,2026-05-19T03:00:00+03:00,0,0,0,False
1,2026-05-19T01:00:00Z,2026-05-19T04:00:00+03:00,0,0,0,False
1,2026-05-19T02:00:00Z,2026-05-19T05:00:00+03:00,0,0,0,False
1,2026-05-19T03:00:00Z,2026-05-19T06:00:00+03:00,0,0,0,False
1,2026-05-19T04:00:00Z,2026-05-19T07:00:00+03:00,0,0,0,False
1,2026-05-19T05:00:00Z,2026-05-19T08:00:00+03:00,3,3,6,False
1,2026-05-19T06:00:00Z,2026-05-19T09:00:00+03:00,0,0,0,False
1,2026-05-19T07:00:00Z,2026-05-19T10:00:00+03:00,3,3,6,False
1,2026-05-19T08:00:00Z,2026-05-19T11:00:00+03:00,36,33,69,False
1,2026-05-19T09:00:00Z,2026-05-19T12:00:00+03:00,8,8,16,False
1,2026-05-19T10:00:00Z,2026-05-19T13:00:00+03:00,9,11,20,False
1,2026-05-19T11:00:00Z,2026-05-19T14:00:00+03:00,40,23,63,False
1,2026-05-19T12:00:00Z,2026-05-19T15:00:00+03:00,15,18,33,False
1,2026-05-19T13:00:00Z,2026-05-19T16:00:00+03:00,7,20,27,False
1,2026-05-19T14:00:00Z,2026-05-19T17:00:00+03:00,6,5,11,False
1,2026-05-19T15:00:00Z,2026-05-19T18:00:00+03:00,10,13,23,False
1,2026-05-19T16:00:00Z,2026-05-19T19:00:00+03:00,1,2,3,False
1,2026-05-19T17:00:00Z,2026-05-19T20:00:00+03:00,0,0,0,False
1,2026-05-19T18:00:00Z,2026-05-19T21:00:00+03:00,0,0,0,False
1,2026-05-19T19:00:00Z,2026-05-19T22:00:00+03:00,0,0,0,False
1,2026-05-19T20:00:00Z,2026-05-19T23:00:00+03:00,0,0,0,False
1,2026-05-19T21:00:00Z,2026-05-20T00:00:00+03:00,0,0,0,False
1,2026-05-19T22:00:00Z,2026-05-20T01:00:00+03:00,0,0,0,False
1,2026-05-19T23:00:00Z,2026-05-20T02:00:00+03:00,0,0,0,False
1,2026-05-20T00:00:00Z,2026-05-20T03:00:00+03:00,0,0,0,False
1,2026-05-20T01:00:00Z,2026-05-20T04:00:00+03:00,0,0,0,False
1,2026-05-20T02:00:00Z,2026-05-20T05:00:00+03:00,0,0,0,False
1,2026-05-20T03:00:00Z,2026-05-20T06:00:00+03:00,0,0,0,False
1,2026-05-20T04:00:00Z,2026-05-20T07:00:00+03:00,0,0,0,False
1,2026-05-20T05:00:00Z,2026-05-20T08:00:00+03:00,2,2,4,False
1,2026-05-20T06:00:00Z,2026-05-20T09:00:00+03:00,0,0,0,False
1,2026-05-20T07:00:00Z,2026-05-20T10:00:00+03:00,1,1,2,False
1,2026-05-20T08:00:00Z,2026-05-20T11:00:00+03:00,36,26,62,False
1,2026-05-20T09:00:00Z,2026-05-20T12:00:00+03:00,20,19,39,False
1,2026-05-20T10:00:00Z,2026-05-20T13:00:00+03:00,55,37,92,False
1,2026-05-20T11:00:00Z,2026-05-20T14:00:00+03:00,35,53,88,False
1,2026-05-20T12:00:00Z,2026-05-20T15:00:00+03:00,16,24,40,False
1,2026-05-20T13:00:00Z,2026-05-20T16:00:00+03:00,4,5,9,False
1,2026-05-20T14:00:00Z,2026-05-20T17:00:00+03:00,2,4,6,False
1,2026-05-20T15:00:00Z,2026-05-20T18:00:00+03:00,4,6,10,False
1,2026-05-20T16:00:00Z,2026-05-20T19:00:00+03:00,1,1,2,False
1,2026-05-20T17:00:00Z,2026-05-20T20:00:00+03:00,0,0,0,False
1,2026-05-20T18:00:00Z,2026-05-20T21:00:00+03:00,0,0,0,False
1,2026-05-20T19:00:00Z,2026-05-20T22:00:00+03:00,0,0,0,False
1,2026-05-20T20:00:00Z,2026-05-20T23:00:00+03:00,0,0,0,False
1,2026-05-20T21:00:00Z,2026-05-21T00:00:00+03:00,0,0,0,False
1,2026-05-20T22:00:00Z,2026-05-21T01:00:00+03:00,0,0,0,False
1,2026-05-20T23:00:00Z,2026-05-21T02:00:00+03:00,0,0,0,False
1,2026-05-21T00:00:00Z,2026-05-21T03:00:00+03:00,0,0,0,False
1,2026-05-21T01:00:00Z,2026-05-21T04:00:00+03:00,0,0,0,False
1,2026-05-21T02:00:00Z,2026-05-21T05:00:00+03:00,0,0,0,False
1,2026-05-21T03:00:00Z,2026-05-21T06:00:00+03:00,0,0,0,False
1,2026-05-21T04:00:00Z,2026-05-21T07:00:00+03:00,0,0,0,False
1,2026-05-21T05:00:00Z,2026-05-21T08:00:00+03:00,5,4,9,False
1,2026-05-21T06:00:00Z,2026-05-21T09:00:00+03:00,0,0,0,False
1,2026-05-21T07:00:00Z,2026-05-21T10:00:00+03:00,1,1,2,False
1,2026-05-21T08:00:00Z,2026-05-21T11:00:00+03:00,38,38,76,False
1,2026-05-21T09:00:00Z,2026-05-21T12:00:00+03:00,2,3,5,False
1,2026-05-21T10:00:00Z,2026-05-21T13:00:00+03:00,9,7,16,False
1,2026-05-21T11:00:00Z,2026-05-21T14:00:00+03:00,18,13,31,False
1,2026-05-21T12:00:00Z,2026-05-21T15:00:00+03:00,13,19,32,False
1,2026-05-21T13:00:00Z,2026-05-21T16:00:00+03:00,14,13,27,False
1,2026-05-21T14:00:00Z,2026-05-21T17:00:00+03:00,3,5,8,False
1,2026-05-21T15:00:00Z,2026-05-21T18:00:00+03:00,6,6,12,False
1,2026-05-21T16:00:00Z,2026-05-21T19:00:00+03:00,0,1,1,False
1,2026-05-21T17:00:00Z,2026-05-21T20:00:00+03:00,0,0,0,False
1,2026-05-21T18:00:00Z,2026-05-21T21:00:00+03:00,0,0,0,False
1,2026-05-21T19:00:00Z,2026-05-21T22:00:00+03:00,0,0,0,False
1,2026-05-21T20:00:00Z,2026-05-21T23:00:00+03:00,0,0,0,False
1,2026-05-21T21:00:00Z,2026-05-22T00:00:00+03:00,0,0,0,False
1,2026-05-21T22:00:00Z,2026-05-22T01:00:00+03:00,0,0,0,False
1,2026-05-21T23:00:00Z,2026-05-22T02:00:00+03:00,0,0,0,False
1,2026-05-22T00:00:00Z,2026-05-22T03:00:00+03:00,0,0,0,False
1,2026-05-22T01:00:00Z,2026-05-22T04:00:00+03:00,0,0,0,False
1,2026-05-22T02:00:00Z,2026-05-22T05:00:00+03:00,0,0,0,False
1,2026-05-22T03:00:00Z,2026-05-22T06:00:00+03:00,0,0,0,False
1,2026-05-22T04:00:00Z,2026-05-22T07:00:00+03:00,8,8,16,False
1,2026-05-22T05:00:00Z,2026-05-22T08:00:00+03:00,7,7,14,False
1,2026-05-22T06:00:00Z,2026-05-22T09:00:00+03:00,0,0,0,False
1,2026-05-22T07:00:00Z,2026-05-22T10:00:00+03:00,0,0,0,False
1,2026-05-22T08:00:00Z,2026-05-22T11:00:00+03:00,11,11,22,False
1,2026-05-22T09:00:00Z,2026-05-22T12:00:00+03:00,16,12,28,False
1,2026-05-22T10:00:00Z,2026-05-22T13:00:00+03:00,16,13,29,False
1,2026-05-22T11:00:00Z,2026-05-22T14:00:00+03:00,6,10,16,False
1,2026-05-22T12:00:00Z,2026-05-22T15:00:00+03:00,10,11,21,False
1,2026-05-22T13:00:00Z,2026-05-22T16:00:00+03:00,29,24,53,False
1,2026-05-22T14:00:00Z,2026-05-22T17:00:00+03:00,14,21,35,False
1,2026-05-22T15:00:00Z,2026-05-22T18:00:00+03:00,14,15,29,False
1,2026-05-22T16:00:00Z,2026-05-22T19:00:00+03:00,0,1,1,False
1,2026-05-22T17:00:00Z,2026-05-22T20:00:00+03:00,0,0,0,False
1,2026-05-22T18:00:00Z,2026-05-22T21:00:00+03:00,0,0,0,False
1,2026-05-22T19:00:00Z,2026-05-22T22:00:00+03:00,0,0,0,False
1,2026-05-22T20:00:00Z,2026-05-22T23:00:00+03:00,0,0,0,False
1,2026-05-22T21:00:00Z,2026-05-23T00:00:00+03:00,0,0,0,False
1,2026-05-22T22:00:00Z,2026-05-23T01:00:00+03:00,0,0,0,False
1,2026-05-22T23:00:00Z,2026-05-23T02:00:00+03:00,0,0,0,False
1,2026-05-23T00:00:00Z,2026-05-23T03:00:00+03:00,0,0,0,False
1,2026-05-23T01:00:00Z,2026-05-23T04:00:00+03:00,0,0,0,False
1,2026-05-23T02:00:00Z,2026-05-23T05:00:00+03:00,0,0,0,False
1,2026-05-23T03:00:00Z,2026-05-23T06:00:00+03:00,0,0,0,False
1,2026-05-23T04:00:00Z,2026-05-23T07:00:00+03:00,3,3,6,False
1,2026-05-23T05:00:00Z,2026-05-23T08:00:00+03:00,0,0,0,False
1,2026-05-23T06:00:00Z,2026-05-23T09:00:00+03:00,8,8,16,False
1,2026-05-23T07:00:00Z,2026-05-23T10:00:00+03:00,15,3,18,False
1,2026-05-23T08:00:00Z,2026-05-23T11:00:00+03:00,42,26,68,False
1,2026-05-23T09:00:00Z,2026-05-23T12:00:00+03:00,49,72,121,False
1,2026-05-23T10:00:00Z,2026-05-23T13:00:00+03:00,17,20,37,False
1,2026-05-23T11:00:00Z,2026-05-23T14:00:00+03:00,41,35,76,False
1,2026-05-23T12:00:00Z,2026-05-23T15:00:00+03:00,41,34,75,False
1,2026-05-23T13:00:00Z,2026-05-23T16:00:00+03:00,28,34,62,False
1,2026-05-23T14:00:00Z,2026-05-23T17:00:00+03:00,15,24,39,False
1,2026-05-23T15:00:00Z,2026-05-23T18:00:00+03:00,18,19,37,False
1,2026-05-23T16:00:00Z,2026-05-23T19:00:00+03:00,0,0,0,False
1,2026-05-23T17:00:00Z,2026-05-23T20:00:00+03:00,0,0,0,False
1,2026-05-23T18:00:00Z,2026-05-23T21:00:00+03:00,0,0,0,False
1,2026-05-23T19:00:00Z,2026-05-23T22:00:00+03:00,0,0,0,False
1,2026-05-23T20:00:00Z,2026-05-23T23:00:00+03:00,0,0,0,False
1,2026-05-23T21:00:00Z,2026-05-24T00:00:00+03:00,0,0,0,False
1,2026-05-23T22:00:00Z,2026-05-24T01:00:00+03:00,0,0,0,False
1,2026-05-23T23:00:00Z,2026-05-24T02:00:00+03:00,0,0,0,False
1,2026-05-24T00:00:00Z,2026-05-24T03:00:00+03:00,0,0,0,False
1,2026-05-24T01:00:00Z,2026-05-24T04:00:00+03:00,0,0,0,False
1,2026-05-24T02:00:00Z,2026-05-24T05:00:00+03:00,0,0,0,False
1,2026-05-24T03:00:00Z,2026-05-24T06:00:00+03:00,0,0,0,False
1,2026-05-24T04:00:00Z,2026-05-24T07:00:00+03:00,0,0,0,False
1,2026-05-24T05:00:00Z,2026-05-24T08:00:00+03:00,3,3,6,False
1,2026-05-24T06:00:00Z,2026-05-24T09:00:00+03:00,2,2,4,False
1,2026-05-24T07:00:00Z,2026-05-24T10:00:00+03:00,1,1,2,False
1,2026-05-24T08:00:00Z,2026-05-24T11:00:00+03:00,28,26,54,False
1,2026-05-24T09:00:00Z,2026-05-24T12:00:00+03:00,18,14,32,False
1,2026-05-24T10:00:00Z,2026-05-24T13:00:00+03:00,50,47,97,False
1,2026-05-24T11:00:00Z,2026-05-24T14:00:00+03:00,29,35,64,False
1,2026-05-24T12:00:00Z,2026-05-24T15:00:00+03:00,19,21,40,False
1,2026-05-24T13:00:00Z,2026-05-24T16:00:00+03:00,5,7,12,False
1,2026-05-24T14:00:00Z,2026-05-24T17:00:00+03:00,8,10,18,False
1,2026-05-24T15:00:00Z,2026-05-24T18:00:00+03:00,0,0,0,False
1,2026-05-24T16:00:00Z,2026-05-24T19:00:00+03:00,0,0,0,False
1,2026-05-24T17:00:00Z,2026-05-24T20:00:00+03:00,0,0,0,False
1,2026-05-24T18:00:00Z,2026-05-24T21:00:00+03:00,0,0,0,False
1,2026-05-24T19:00:00Z,2026-05-24T22:00:00+03:00,0,0,0,False
1,2026-05-24T20:00:00Z,2026-05-24T23:00:00+03:00,0,0,0,False
1,2026-05-24T21:00:00Z,2026-05-25T00:00:00+03:00,0,0,0,False
1,2026-05-24T22:00:00Z,2026-05-25T01:00:00+03:00,0,0,0,False
1,2026-05-24T23:00:00Z,2026-05-25T02:00:00+03:00,0,0,0,False
1,2026-05-25T00:00:00Z,2026-05-25T03:00:00+03:00,0,0,0,False
1,2026-05-25T01:00:00Z,2026-05-25T04:00:00+03:00,0,0,0,False
1,2026-05-25T02:00:00Z,2026-05-25T05:00:00+03:00,0,0,0,False
1,2026-05-25T03:00:00Z,2026-05-25T06:00:00+03:00,0,0,0,False
1,2026-05-25T04:00:00Z,2026-05-25T07:00:00+03:00,3,3,6,False
1,2026-05-25T05:00:00Z,2026-05-25T08:00:00+03:00,2,2,4,False
1,2026-05-25T06:00:00Z,2026-05-25T09:00:00+03:00,0,0,0,False
1,2026-05-25T07:00:00Z,2026-05-25T10:00:00+03:00,4,4,8,False
1,2026-05-25T08:00:00Z,2026-05-25T11:00:00+03:00,118,55,173,False
1,2026-05-25T09:00:00Z,2026-05-25T12:00:00+03:00,38,98,136,False
1,2026-05-25T10:00:00Z,2026-05-25T13:00:00+03:00,30,20,50,False
1,2026-05-25T11:00:00Z,2026-05-25T14:00:00+03:00,24,29,53,False
1,2026-05-25T12:00:00Z,2026-05-25T15:00:00+03:00,10,13,23,False
1,2026-05-25T13:00:00Z,2026-05-25T16:00:00+03:00,8,12,20,False
1,2026-05-25T14:00:00Z,2026-05-25T17:00:00+03:00,13,6,19,False
1,2026-05-25T15:00:00Z,2026-05-25T18:00:00+03:00,18,25,43,False
1,2026-05-25T16:00:00Z,2026-05-25T19:00:00+03:00,2,4,6,False
1,2026-05-25T17:00:00Z,2026-05-25T20:00:00+03:00,0,0,0,False
1,2026-05-25T18:00:00Z,2026-05-25T21:00:00+03:00,0,0,0,False
1,2026-05-25T19:00:00Z,2026-05-25T22:00:00+03:00,0,0,0,False
1,2026-05-25T20:00:00Z,2026-05-25T23:00:00+03:00,0,0,0,False
1,2026-05-25T21:00:00Z,2026-05-26T00:00:00+03:00,0,0,0,False
1,2026-05-25T22:00:00Z,2026-05-26T01:00:00+03:00,0,0,0,False
1,2026-05-25T23:00:00Z,2026-05-26T02:00:00+03:00,0,0,0,False
1,2026-05-26T00:00:00Z,2026-05-26T03:00:00+03:00,0,0,0,False
1,2026-05-26T01:00:00Z,2026-05-26T04:00:00+03:00,0,0,0,False
1,2026-05-26T02:00:00Z,2026-05-26T05:00:00+03:00,0,0,0,False
1,2026-05-26T03:00:00Z,2026-05-26T06:00:00+03:00,0,0,0,False
1,2026-05-26T04:00:00Z,2026-05-26T07:00:00+03:00,0,0,0,False
1,2026-05-26T05:00:00Z,2026-05-26T08:00:00+03:00,3,3,6,False
1,2026-05-26T06:00:00Z,2026-05-26T09:00:00+03:00,56,39,95,False
1,2026-05-26T07:00:00Z,2026-05-26T10:00:00+03:00,34,53,87,False
1,2026-05-26T08:00:00Z,2026-05-26T11:00:00+03:00,164,112,276,False
1,2026-05-26T09:00:00Z,2026-05-26T12:00:00+03:00,52,102,154,False
1,2026-05-26T10:00:00Z,2026-05-26T13:00:00+03:00,28,18,46,False
1,2026-05-26T11:00:00Z,2026-05-26T14:00:00+03:00,13,25,38,False
1,2026-05-26T12:00:00Z,2026-05-26T15:00:00+03:00,44,16,60,False
1,2026-05-26T13:00:00Z,2026-05-26T16:00:00+03:00,22,47,69,False
1,2026-05-26T14:00:00Z,2026-05-26T17:00:00+03:00,19,19,38,False
1,2026-05-26T15:00:00Z,2026-05-26T18:00:00+03:00,9,12,21,False
1,2026-05-26T16:00:00Z,2026-05-26T19:00:00+03:00,0,0,0,False
1,2026-05-26T17:00:00Z,2026-05-26T20:00:00+03:00,0,0,0,False
1,2026-05-26T18:00:00Z,2026-05-26T21:00:00+03:00,0,0,0,False
1,2026-05-26T19:00:00Z,2026-05-26T22:00:00+03:00,0,0,0,False
1,2026-05-26T20:00:00Z,2026-05-26T23:00:00+03:00,0,0,0,False
1,2026-05-26T21:00:00Z,2026-05-27T00:00:00+03:00,0,0,0,False
1,2026-05-26T22:00:00Z,2026-05-27T01:00:00+03:00,0,0,0,False
1,2026-05-26T23:00:00Z,2026-05-27T02:00:00+03:00,0,0,0,False
1,2026-05-27T00:00:00Z,2026-05-27T03:00:00+03:00,0,0,0,False
1,2026-05-27T01:00:00Z,2026-05-27T04:00:00+03:00,0,0,0,False
1,2026-05-27T02:00:00Z,2026-05-27T05:00:00+03:00,0,0,0,False
1,2026-05-27T03:00:00Z,2026-05-27T06:00:00+03:00,0,0,0,False
1,2026-05-27T04:00:00Z,2026-05-27T07:00:00+03:00,1,1,2,False
1,2026-05-27T05:00:00Z,2026-05-27T08:00:00+03:00,2,2,4,False
1,2026-05-27T06:00:00Z,2026-05-27T09:00:00+03:00,5,2,7,False
1,2026-05-27T07:00:00Z,2026-05-27T10:00:00+03:00,0,0,0,False
1,2026-05-27T08:00:00Z,2026-05-27T11:00:00+03:00,13,18,31,False
1,2026-05-27T09:00:00Z,2026-05-27T12:00:00+03:00,47,43,90,False
1,2026-05-27T10:00:00Z,2026-05-27T13:00:00+03:00,18,22,40,False
1,2026-05-27T11:00:00Z,2026-05-27T14:00:00+03:00,9,12,21,False
1,2026-05-27T12:00:00Z,2026-05-27T15:00:00+03:00,13,13,26,False
1,2026-05-27T13:00:00Z,2026-05-27T16:00:00+03:00,16,16,32,False
1,2026-05-27T14:00:00Z,2026-05-27T17:00:00+03:00,3,3,6,False
1,2026-05-27T15:00:00Z,2026-05-27T18:00:00+03:00,9,11,20,False
1,2026-05-27T16:00:00Z,2026-05-27T19:00:00+03:00,0,0,0,False
1,2026-05-27T17:00:00Z,2026-05-27T20:00:00+03:00,0,0,0,False
1,2026-05-27T18:00:00Z,2026-05-27T21:00:00+03:00,0,0,0,False
1,2026-05-27T19:00:00Z,2026-05-27T22:00:00+03:00,0,0,0,False
1,2026-05-27T20:00:00Z,2026-05-27T23:00:00+03:00,0,0,0,False
1,2026-05-27T21:00:00Z,2026-05-28T00:00:00+03:00,0,0,0,False
1,2026-05-27T22:00:00Z,2026-05-28T01:00:00+03:00,0,0,0,False
1,2026-05-27T23:00:00Z,2026-05-28T02:00:00+03:00,0,0,0,False
1,2026-05-28T00:00:00Z,2026-05-28T03:00:00+03:00,0,0,0,False
1,2026-05-28T01:00:00Z,2026-05-28T04:00:00+03:00,0,0,0,False
1,2026-05-28T02:00:00Z,2026-05-28T05:00:00+03:00,0,0,0,False
1,2026-05-28T03:00:00Z,2026-05-28T06:00:00+03:00,0,0,0,False
1,2026-05-28T04:00:00Z,2026-05-28T07:00:00+03:00,0,0,0,False
1,2026-05-28T05:00:00Z,2026-05-28T08:00:00+03:00,0,0,0,False
1,2026-05-28T06:00:00Z,2026-05-28T09:00:00+03:00,1,1,2,False
1,2026-05-28T07:00:00Z,2026-05-28T10:00:00+03:00,18,12,30,False
1,2026-05-28T08:00:00Z,2026-05-28T11:00:00+03:00,22,19,41,False
1,2026-05-28T09:00:00Z,2026-05-28T12:00:00+03:00,19,16,35,False
1,2026-05-28T10:00:00Z,2026-05-28T13:00:00+03:00,47,32,79,False
1,2026-05-28T11:00:00Z,2026-05-28T14:00:00+03:00,18,41,59,False
1,2026-05-28T12:00:00Z,2026-05-28T15:00:00+03:00,25,26,51,False
1,2026-05-28T13:00:00Z,2026-05-28T16:00:00+03:00,34,23,57,False
1,2026-05-28T14:00:00Z,2026-05-28T17:00:00+03:00,11,14,25,False
1,2026-05-28T15:00:00Z,2026-05-28T18:00:00+03:00,10,18,28,False
1,2026-05-28T16:00:00Z,2026-05-28T19:00:00+03:00,4,8,12,False
1,2026-05-28T17:00:00Z,2026-05-28T20:00:00+03:00,0,0,0,False
1,2026-05-28T18:00:00Z,2026-05-28T21:00:00+03:00,0,0,0,False
1,2026-05-28T19:00:00Z,2026-05-28T22:00:00+03:00,0,0,0,False
1,2026-05-28T20:00:00Z,2026-05-28T23:00:00+03:00,0,0,0,False
1,2026-05-28T21:00:00Z,2026-05-29T00:00:00+03:00,0,0,0,False
1,2026-05-28T22:00:00Z,2026-05-29T01:00:00+03:00,0,0,0,False
1,2026-05-28T23:00:00Z,2026-05-29T02:00:00+03:00,0,0,0,False
1,2026-05-29T00:00:00Z,2026-05-29T03:00:00+03:00,0,0,0,False
1,2026-05-29T01:00:00Z,2026-05-29T04:00:00+03:00,0,0,0,False
1,2026-05-29T02:00:00Z,2026-05-29T05:00:00+03:00,0,0,0,False
1,2026-05-29T03:00:00Z,2026-05-29T06:00:00+03:00,0,0,0,False
1,2026-05-29T04:00:00Z,2026-05-29T07:00:00+03:00,0,0,0,False
1,2026-05-29T05:00:00Z,2026-05-29T08:00:00+03:00,0,0,0,False
1,2026-05-29T06:00:00Z,2026-05-29T09:00:00+03:00,11,11,22,False
1,2026-05-29T07:00:00Z,2026-05-29T10:00:00+03:00,1,1,2,False
1,2026-05-29T08:00:00Z,2026-05-29T11:00:00+03:00,23,13,36,False
1,2026-05-29T09:00:00Z,2026-05-29T12:00:00+03:00,27,25,52,False
1,2026-05-29T10:00:00Z,2026-05-29T13:00:00+03:00,21,32,53,False
1,2026-05-29T11:00:00Z,2026-05-29T14:00:00+03:00,19,20,39,False
1,2026-05-29T12:00:00Z,2026-05-29T15:00:00+03:00,21,21,42,False
1,2026-05-29T13:00:00Z,2026-05-29T16:00:00+03:00,24,15,39,False
1,2026-05-29T14:00:00Z,2026-05-29T17:00:00+03:00,9,21,30,False
1,2026-05-29T15:00:00Z,2026-05-29T18:00:00+03:00,10,9,19,False
1,2026-05-29T16:00:00Z,2026-05-29T19:00:00+03:00,1,4,5,False
1,2026-05-29T17:00:00Z,2026-05-29T20:00:00+03:00,0,0,0,False
1,2026-05-29T18:00:00Z,2026-05-29T21:00:00+03:00,0,0,0,False
1,2026-05-29T19:00:00Z,2026-05-29T22:00:00+03:00,0,0,0,False
1,2026-05-29T20:00:00Z,2026-05-29T23:00:00+03:00,0,0,0,False
1,2026-05-29T21:00:00Z,2026-05-30T00:00:00+03:00,0,0,0,False
1,2026-05-29T22:00:00Z,2026-05-30T01:00:00+03:00,0,0,0,False
1,2026-05-29T23:00:00Z,2026-05-30T02:00:00+03:00,0,0,0,False
1,2026-05-30T00:00:00Z,2026-05-30T03:00:00+03:00,0,0,0,False
1,2026-05-30T01:00:00Z,2026-05-30T04:00:00+03:00,0,0,0,False
1,2026-05-30T02:00:00Z,2026-05-30T05:00:00+03:00,0,0,0,False
1,2026-05-30T03:00:00Z,2026-05-30T06:00:00+03:00,0,0,0,False
1,2026-05-30T04:00:00Z,2026-05-30T07:00:00+03:00,0,0,0,False
1,2026-05-30T05:00:00Z,2026-05-30T08:00:00+03:00,3,3,6,False
1,2026-05-30T06:00:00Z,2026-05-30T09:00:00+03:00,2,2,4,False
1,2026-05-30T07:00:00Z,2026-05-30T10:00:00+03:00,1,1,2,False
1,2026-05-30T08:00:00Z,2026-05-30T11:00:00+03:00,28,24,52,False
1,2026-05-30T09:00:00Z,2026-05-30T12:00:00+03:00,22,15,37,False
1,2026-05-30T10:00:00Z,2026-05-30T13:00:00+03:00,9,21,30,False
1,2026-05-30T11:00:00Z,2026-05-30T14:00:00+03:00,14,9,23,False
1,2026-05-30T12:00:00Z,2026-05-30T15:00:00+03:00,16,18,34,False
1,2026-05-30T13:00:00Z,2026-05-30T16:00:00+03:00,23,19,42,False
1,2026-05-30T14:00:00Z,2026-05-30T17:00:00+03:00,8,10,18,False
1,2026-05-30T15:00:00Z,2026-05-30T18:00:00+03:00,4,11,15,False
1,2026-05-30T16:00:00Z,2026-05-30T19:00:00+03:00,1,1,2,False
1,2026-05-30T17:00:00Z,2026-05-30T20:00:00+03:00,0,0,0,False
1,2026-05-30T18:00:00Z,2026-05-30T21:00:00+03:00,0,0,0,False
1,2026-05-30T19:00:00Z,2026-05-30T22:00:00+03:00,0,0,0,False
1,2026-05-30T20:00:00Z,2026-05-30T23:00:00+03:00,0,0,0,False
1,2026-05-30T21:00:00Z,2026-05-31T00:00:00+03:00,0,0,0,False
1,2026-05-30T22:00:00Z,2026-05-31T01:00:00+03:00,0,0,0,False
1,2026-05-30T23:00:00Z,2026-05-31T02:00:00+03:00,0,0,0,False
1,2026-05-31T00:00:00Z,2026-05-31T03:00:00+03:00,0,0,0,False
1,2026-05-31T01:00:00Z,2026-05-31T04:00:00+03:00,0,0,0,False
1,2026-05-31T02:00:00Z,2026-05-31T05:00:00+03:00,0,0,0,False
1,2026-05-31T03:00:00Z,2026-05-31T06:00:00+03:00,0,0,0,False
1,2026-05-31T04:00:00Z,2026-05-31T07:00:00+03:00,0,0,0,False
1,2026-05-31T05:00:00Z,2026-05-31T08:00:00+03:00,4,4,8,False
1,2026-05-31T06:00:00Z,2026-05-31T09:00:00+03:00,2,2,4,False
1,2026-05-31T07:00:00Z,2026-05-31T10:00:00+03:00,2,2,4,False
1,2026-05-31T08:00:00Z,2026-05-31T11:00:00+03:00,15,9,24,False
1,2026-05-31T09:00:00Z,2026-05-31T12:00:00+03:00,17,12,29,False
1,2026-05-31T10:00:00Z,2026-05-31T13:00:00+03:00,15,20,35,False
1,2026-05-31T11:00:00Z,2026-05-31T14:00:00+03:00,23,18,41,False
1,2026-05-31T12:00:00Z,2026-05-31T15:00:00+03:00,22,32,54,False
1,2026-05-31T13:00:00Z,2026-05-31T16:00:00+03:00,13,16,29,False
1,2026-05-31T14:00:00Z,2026-05-31T17:00:00+03:00,8,7,15,False
1,2026-05-31T15:00:00Z,2026-05-31T18:00:00+03:00,2,2,4,False
1,2026-05-31T16:00:00Z,2026-05-31T19:00:00+03:00,0,0,0,False
1,2026-05-31T17:00:00Z,2026-05-31T20:00:00+03:00,0,0,0,False
1,2026-05-31T18:00:00Z,2026-05-31T21:00:00+03:00,0,0,0,False
1,2026-05-31T19:00:00Z,2026-05-31T22:00:00+03:00,0,0,0,False
1,2026-05-31T20:00:00Z,2026-05-31T23:00:00+03:00,0,0,0,False
1,2026-05-31T21:00:00Z,2026-06-01T00:00:00+03:00,0,0,0,False
1,2026-05-31T22:00:00Z,2026-06-01T01:00:00+03:00,0,0,0,False
1,2026-05-31T23:00:00Z,2026-06-01T02:00:00+03:00,0,0,0,False
1,2026-06-01T00:00:00Z,2026-06-01T03:00:00+03:00,0,0,0,False
1,2026-06-01T01:00:00Z,2026-06-01T04:00:00+03:00,0,0,0,False
1,2026-06-01T02:00:00Z,2026-06-01T05:00:00+03:00,0,0,0,False
1,2026-06-01T03:00:00Z,2026-06-01T06:00:00+03:00,0,0,0,False
1,2026-06-01T04:00:00Z,2026-06-01T07:00:00+03:00,0,0,0,False
1,2026-06-01T05:00:00Z,2026-06-01T08:00:00+03:00,6,2,8,False
1,2026-06-01T06:00:00Z,2026-06-01T09:00:00+03:00,5,2,7,False
1,2026-06-01T07:00:00Z,2026-06-01T10:00:00+03:00,0,6,6,False
1,2026-06-01T08:00:00Z,2026-06-01T11:00:00+03:00,6,3,9,False
1,2026-06-01T09:00:00Z,2026-06-01T12:00:00+03:00,19,15,34,False
1,2026-06-01T10:00:00Z,2026-06-01T13:00:00+03:00,22,20,42,False
1,2026-06-01T11:00:00Z,2026-06-01T14:00:00+03:00,19,26,45,False
1,2026-06-01T12:00:00Z,2026-06-01T15:00:00+03:00,38,25,63,False
1,2026-06-01T13:00:00Z,2026-06-01T16:00:00+03:00,10,19,29,False
1,2026-06-01T14:00:00Z,2026-06-01T17:00:00+03:00,17,17,34,False
1,2026-06-01T15:00:00Z,2026-06-01T18:00:00+03:00,4,9,13,False
1,2026-06-01T16:00:00Z,2026-06-01T19:00:00+03:00,0,1,1,False
1,2026-06-01T17:00:00Z,2026-06-01T20:00:00+03:00,0,0,0,False
1,2026-06-01T18:00:00Z,2026-06-01T21:00:00+03:00,0,0,0,False
1,2026-06-01T19:00:00Z,2026-06-01T22:00:00+03:00,0,0,0,False
1,2026-06-01T20:00:00Z,2026-06-01T23:00:00+03:00,0,0,0,False
1,2026-06-01T21:00:00Z,2026-06-02T00:00:00+03:00,0,0,0,False
1,2026-06-01T22:00:00Z,2026-06-02T01:00:00+03:00,0,0,0,False
1,2026-06-01T23:00:00Z,2026-06-02T02:00:00+03:00,0,0,0,False
1,2026-06-02T00:00:00Z,2026-06-02T03:00:00+03:00,0,0,0,False
1,2026-06-02T01:00:00Z,2026-06-02T04:00:00+03:00,0,0,0,False
1,2026-06-02T02:00:00Z,2026-06-02T05:00:00+03:00,0,0,0,False
1,2026-06-02T03:00:00Z,2026-06-02T06:00:00+03:00,0,0,0,False
1,2026-06-02T04:00:00Z,2026-06-02T07:00:00+03:00,0,0,0,False
1,2026-06-02T05:00:00Z,2026-06-02T08:00:00+03:00,1,1,2,False
1,2026-06-02T06:00:00Z,2026-06-02T09:00:00+03:00,0,0,0,False
1,2026-06-02T07:00:00Z,2026-06-02T10:00:00+03:00,4,8,12,False
1,2026-06-02T08:00:00Z,2026-06-02T11:00:00+03:00,21,21,42,False
1,2026-06-02T09:00:00Z,2026-06-02T12:00:00+03:00,47,23,70,False
1,2026-06-02T10:00:00Z,2026-06-02T13:00:00+03:00,16,34,50,False
1,2026-06-02T11:00:00Z,2026-06-02T14:00:00+03:00,77,45,122,False
1,2026-06-02T12:00:00Z,2026-06-02T15:00:00+03:00,46,71,117,False
1,2026-06-02T13:00:00Z,2026-06-02T16:00:00+03:00,45,45,90,False
1,2026-06-02T14:00:00Z,2026-06-02T17:00:00+03:00,20,18,38,False
1,2026-06-02T15:00:00Z,2026-06-02T18:00:00+03:00,13,22,35,False
1,2026-06-02T16:00:00Z,2026-06-02T19:00:00+03:00,0,0,0,False
1,2026-06-02T17:00:00Z,2026-06-02T20:00:00+03:00,0,0,0,False
1,2026-06-02T18:00:00Z,2026-06-02T21:00:00+03:00,0,0,0,False
1,2026-06-02T19:00:00Z,2026-06-02T22:00:00+03:00,0,0,0,False
1,2026-06-02T20:00:00Z,2026-06-02T23:00:00+03:00,0,0,0,False
1,2026-06-02T21:00:00Z,2026-06-03T00:00:00+03:00,0,0,0,False
1,2026-06-02T22:00:00Z,2026-06-03T01:00:00+03:00,0,0,0,False
1,2026-06-02T23:00:00Z,2026-06-03T02:00:00+03:00,0,0,0,False
1,2026-06-03T00:00:00Z,2026-06-03T03:00:00+03:00,0,0,0,False
1,2026-06-03T01:00:00Z,2026-06-03T04:00:00+03:00,0,0,0,False
1,2026-06-03T02:00:00Z,2026-06-03T05:00:00+03:00,0,0,0,False
1,2026-06-03T03:00:00Z,2026-06-03T06:00:00+03:00,0,0,0,False
1,2026-06-03T04:00:00Z,2026-06-03T07:00:00+03:00,0,0,0,False
1,2026-06-03T05:00:00Z,2026-06-03T08:00:00+03:00,1,1,2,False
1,2026-06-03T06:00:00Z,2026-06-03T09:00:00+03:00,0,0,0,False
1,2026-06-03T07:00:00Z,2026-06-03T10:00:00+03:00,2,2,4,False
1,2026-06-03T08:00:00Z,2026-06-03T11:00:00+03:00,32,24,56,False
1,2026-06-03T09:00:00Z,2026-06-03T12:00:00+03:00,13,23,36,False
1,2026-06-03T10:00:00Z,2026-06-03T13:00:00+03:00,14,11,25,False
1,2026-06-03T11:00:00Z,2026-06-03T14:00:00+03:00,27,23,50,False
1,2026-06-03T12:00:00Z,2026-06-03T15:00:00+03:00,30,26,56,False
1,2026-06-03T13:00:00Z,2026-06-03T16:00:00+03:00,22,24,46,False
1,2026-06-03T14:00:00Z,2026-06-03T17:00:00+03:00,14,21,35,False
1,2026-06-03T15:00:00Z,2026-06-03T18:00:00+03:00,23,25,48,False
1,2026-06-03T16:00:00Z,2026-06-03T19:00:00+03:00,1,1,2,False
1,2026-06-03T17:00:00Z,2026-06-03T20:00:00+03:00,0,0,0,False
1,2026-06-03T18:00:00Z,2026-06-03T21:00:00+03:00,0,0,0,False
1,2026-06-03T19:00:00Z,2026-06-03T22:00:00+03:00,0,0,0,False
1,2026-06-03T20:00:00Z,2026-06-03T23:00:00+03:00,0,0,0,False
1,2026-06-03T21:00:00Z,2026-06-04T00:00:00+03:00,0,0,0,False
1,2026-06-03T22:00:00Z,2026-06-04T01:00:00+03:00,0,0,0,False
1,2026-06-03T23:00:00Z,2026-06-04T02:00:00+03:00,0,0,0,False
1,2026-06-04T00:00:00Z,2026-06-04T03:00:00+03:00,0,0,0,False
1,2026-06-04T01:00:00Z,2026-06-04T04:00:00+03:00,0,0,0,False
1,2026-06-04T02:00:00Z,2026-06-04T05:00:00+03:00,0,0,0,False
1,2026-06-04T03:00:00Z,2026-06-04T06:00:00+03:00,0,0,0,False
1,2026-06-04T04:00:00Z,2026-06-04T07:00:00+03:00,0,0,0,False
1,2026-06-04T05:00:00Z,2026-06-04T08:00:00+03:00,3,2,5,False
1,2026-06-04T06:00:00Z,2026-06-04T09:00:00+03:00,0,0,0,False
1,2026-06-04T07:00:00Z,2026-06-04T10:00:00+03:00,2,2,4,False
1,2026-06-04T08:00:00Z,2026-06-04T11:00:00+03:00,17,12,29,False
1,2026-06-04T09:00:00Z,2026-06-04T12:00:00+03:00,16,18,34,False
1,2026-06-04T10:00:00Z,2026-06-04T13:00:00+03:00,21,17,38,False
1,2026-06-04T11:00:00Z,2026-06-04T14:00:00+03:00,20,15,35,False
1,2026-06-04T12:00:00Z,2026-06-04T15:00:00+03:00,22,31,53,False
1,2026-06-04T13:00:00Z,2026-06-04T16:00:00+03:00,15,14,29,False
1,2026-06-04T14:00:00Z,2026-06-04T17:00:00+03:00,20,18,38,False
1,2026-06-04T15:00:00Z,2026-06-04T18:00:00+03:00,12,16,28,False
1,2026-06-04T16:00:00Z,2026-06-04T19:00:00+03:00,2,3,5,False
1,2026-06-04T17:00:00Z,2026-06-04T20:00:00+03:00,0,0,0,False
1,2026-06-04T18:00:00Z,2026-06-04T21:00:00+03:00,0,0,0,False
1,2026-06-04T19:00:00Z,2026-06-04T22:00:00+03:00,0,0,0,False
1,2026-06-04T20:00:00Z,2026-06-04T23:00:00+03:00,0,0,0,False
1,2026-06-04T21:00:00Z,2026-06-05T00:00:00+03:00,0,0,0,False
1,2026-06-04T22:00:00Z,2026-06-05T01:00:00+03:00,0,0,0,False
1,2026-06-04T23:00:00Z,2026-06-05T02:00:00+03:00,0,0,0,False
1,2026-06-05T00:00:00Z,2026-06-05T03:00:00+03:00,0,0,0,False
1,2026-06-05T01:00:00Z,2026-06-05T04:00:00+03:00,0,0,0,False
1,2026-06-05T02:00:00Z,2026-06-05T05:00:00+03:00,0,0,0,False
1,2026-06-05T03:00:00Z,2026-06-05T06:00:00+03:00,0,0,0,False
1,2026-06-05T04:00:00Z,2026-06-05T07:00:00+03:00,0,0,0,False
1,2026-06-05T05:00:00Z,2026-06-05T08:00:00+03:00,13,12,25,False
1,2026-06-05T06:00:00Z,2026-06-05T09:00:00+03:00,27,11,38,False
1,2026-06-05T07:00:00Z,2026-06-05T10:00:00+03:00,15,28,43,False
1,2026-06-05T08:00:00Z,2026-06-05T11:00:00+03:00,10,9,19,False
1,2026-06-05T09:00:00Z,2026-06-05T12:00:00+03:00,25,25,50,False
1,2026-06-05T10:00:00Z,2026-06-05T13:00:00+03:00,29,26,55,False
1,2026-06-05T11:00:00Z,2026-06-05T14:00:00+03:00,20,22,42,False
1,2026-06-05T12:00:00Z,2026-06-05T15:00:00+03:00,13,14,27,False
1,2026-06-05T13:00:00Z,2026-06-05T16:00:00+03:00,13,11,24,False
1,2026-06-05T14:00:00Z,2026-06-05T17:00:00+03:00,24,22,46,False
1,2026-06-05T15:00:00Z,2026-06-05T18:00:00+03:00,15,22,37,False
1,2026-06-05T16:00:00Z,2026-06-05T19:00:00+03:00,0,4,4,False
1,2026-06-05T17:00:00Z,2026-06-05T20:00:00+03:00,0,0,0,False
1,2026-06-05T18:00:00Z,2026-06-05T21:00:00+03:00,0,0,0,False
1,2026-06-05T19:00:00Z,2026-06-05T22:00:00+03:00,0,0,0,False
1,2026-06-05T20:00:00Z,2026-06-05T23:00:00+03:00,0,0,0,False
1,2026-06-05T21:00:00Z,2026-06-06T00:00:00+03:00,0,0,0,False
1,2026-06-05T22:00:00Z,2026-06-06T01:00:00+03:00,0,0,0,False
1,2026-06-05T23:00:00Z,2026-06-06T02:00:00+03:00,0,0,0,False
1,2026-06-06T00:00:00Z,2026-06-06T03:00:00+03:00,0,0,0,False
1,2026-06-06T01:00:00Z,2026-06-06T04:00:00+03:00,0,0,0,False
1,2026-06-06T02:00:00Z,2026-06-06T05:00:00+03:00,0,0,0,False
1,2026-06-06T03:00:00Z,2026-06-06T06:00:00+03:00,0,0,0,False
1,2026-06-06T04:00:00Z,2026-06-06T07:00:00+03:00,0,0,0,False
1,2026-06-06T05:00:00Z,2026-06-06T08:00:00+03:00,1,1,2,False
1,2026-06-06T06:00:00Z,2026-06-06T09:00:00+03:00,2,2,4,False
1,2026-06-06T07:00:00Z,2026-06-06T10:00:00+03:00,1,1,2,False
1,2026-06-06T08:00:00Z,2026-06-06T11:00:00+03:00,22,13,35,False
1,2026-06-06T09:00:00Z,2026-06-06T12:00:00+03:00,78,78,156,False
1,2026-06-06T10:00:00Z,2026-06-06T13:00:00+03:00,32,26,58,False
1,2026-06-06T11:00:00Z,2026-06-06T14:00:00+03:00,45,47,92,False
1,2026-06-06T12:00:00Z,2026-06-06T15:00:00+03:00,21,30,51,False
1,2026-06-06T13:00:00Z,2026-06-06T16:00:00+03:00,44,37,81,False
1,2026-06-06T14:00:00Z,2026-06-06T17:00:00+03:00,15,17,32,False
1,2026-06-06T15:00:00Z,2026-06-06T18:00:00+03:00,10,19,29,False
1,2026-06-06T16:00:00Z,2026-06-06T19:00:00+03:00,2,2,4,False
1,2026-06-06T17:00:00Z,2026-06-06T20:00:00+03:00,0,0,0,False
1,2026-06-06T18:00:00Z,2026-06-06T21:00:00+03:00,0,0,0,False
1,2026-06-06T19:00:00Z,2026-06-06T22:00:00+03:00,0,0,0,False
1,2026-06-06T20:00:00Z,2026-06-06T23:00:00+03:00,0,0,0,False
1,2026-06-06T21:00:00Z,2026-06-07T00:00:00+03:00,0,0,0,False
1,2026-06-06T22:00:00Z,2026-06-07T01:00:00+03:00,0,0,0,False
1,2026-06-06T23:00:00Z,2026-06-07T02:00:00+03:00,0,0,0,False
1,2026-06-07T00:00:00Z,2026-06-07T03:00:00+03:00,0,0,0,False
1,2026-06-07T01:00:00Z,2026-06-07T04:00:00+03:00,0,0,0,False
1,2026-06-07T02:00:00Z,2026-06-07T05:00:00+03:00,0,0,0,False
1,2026-06-07T03:00:00Z,2026-06-07T06:00:00+03:00,0,0,0,False
1,2026-06-07T04:00:00Z,2026-06-07T07:00:00+03:00,0,0,0,False
1,2026-06-07T05:00:00Z,2026-06-07T08:00:00+03:00,2,2,4,False
1,2026-06-07T06:00:00Z,2026-06-07T09:00:00+03:00,0,0,0,False
1,2026-06-07T07:00:00Z,2026-06-07T10:00:00+03:00,1,2,3,False
1,2026-06-07T08:00:00Z,2026-06-07T11:00:00+03:00,19,10,29,False
1,2026-06-07T09:00:00Z,2026-06-07T12:00:00+03:00,18,10,28,False
1,2026-06-07T10:00:00Z,2026-06-07T13:00:00+03:00,11,22,33,False
1,2026-06-07T11:00:00Z,2026-06-07T14:00:00+03:00,6,12,18,False
1,2026-06-07T12:00:00Z,2026-06-07T15:00:00+03:00,5,2,7,False
1,2026-06-07T13:00:00Z,2026-06-07T16:00:00+03:00,12,12,24,False
1,2026-06-07T14:00:00Z,2026-06-07T17:00:00+03:00,4,6,10,False
1,2026-06-07T15:00:00Z,2026-06-07T18:00:00+03:00,2,3,5,False
1,2026-06-07T16:00:00Z,2026-06-07T19:00:00+03:00,0,0,0,False
1,2026-06-07T17:00:00Z,2026-06-07T20:00:00+03:00,0,0,0,False
1,2026-06-07T18:00:00Z,2026-06-07T21:00:00+03:00,0,0,0,False
1,2026-06-07T19:00:00Z,2026-06-07T22:00:00+03:00,0,0,0,False
1,2026-06-07T20:00:00Z,2026-06-07T23:00:00+03:00,0,0,0,False
1,2026-06-07T21:00:00Z,2026-06-08T00:00:00+03:00,0,0,0,False
1,2026-06-07T22:00:00Z,2026-06-08T01:00:00+03:00,0,0,0,False
1,2026-06-07T23:00:00Z,2026-06-08T02:00:00+03:00,0,0,0,False
1,2026-06-08T00:00:00Z,2026-06-08T03:00:00+03:00,0,0,0,False
1,2026-06-08T01:00:00Z,2026-06-08T04:00:00+03:00,0,0,0,False
1,2026-06-08T02:00:00Z,2026-06-08T05:00:00+03:00,0,0,0,False
1,2026-06-08T03:00:00Z,2026-06-08T06:00:00+03:00,0,0,0,False
1,2026-06-08T04:00:00Z,2026-06-08T07:00:00+03:00,0,0,0,False
1,2026-06-08T05:00:00Z,2026-06-08T08:00:00+03:00,2,2,4,False
1,2026-06-08T06:00:00Z,2026-06-08T09:00:00+03:00,0,0,0,False
1,2026-06-08T07:00:00Z,2026-06-08T10:00:00+03:00,2,2,4,False
1,2026-06-08T08:00:00Z,2026-06-08T11:00:00+03:00,27,19,46,False
1,2026-06-08T09:00:00Z,2026-06-08T12:00:00+03:00,19,28,47,False
1,2026-06-08T10:00:00Z,2026-06-08T13:00:00+03:00,15,10,25,False
1,2026-06-08T11:00:00Z,2026-06-08T14:00:00+03:00,26,22,48,False
1,2026-06-08T12:00:00Z,2026-06-08T15:00:00+03:00,6,14,20,False
1,2026-06-08T13:00:00Z,2026-06-08T16:00:00+03:00,30,19,49,False
1,2026-06-08T14:00:00Z,2026-06-08T17:00:00+03:00,13,25,38,False
1,2026-06-08T15:00:00Z,2026-06-08T18:00:00+03:00,2,6,8,False
1,2026-06-08T16:00:00Z,2026-06-08T19:00:00+03:00,1,2,3,False
1,2026-06-08T17:00:00Z,2026-06-08T20:00:00+03:00,0,0,0,False
1,2026-06-08T18:00:00Z,2026-06-08T21:00:00+03:00,0,0,0,False
1,2026-06-08T19:00:00Z,2026-06-08T22:00:00+03:00,0,0,0,False
1,2026-06-08T20:00:00Z,2026-06-08T23:00:00+03:00,0,0,0,False
1,2026-06-08T21:00:00Z,2026-06-09T00:00:00+03:00,0,0,0,False
1,2026-06-08T22:00:00Z,2026-06-09T01:00:00+03:00,0,0,0,False
1,2026-06-08T23:00:00Z,2026-06-09T02:00:00+03:00,0,0,0,False
1,2026-06-09T00:00:00Z,2026-06-09T03:00:00+03:00,0,0,0,False
1,2026-06-09T01:00:00Z,2026-06-09T04:00:00+03:00,0,0,0,False
1,2026-06-09T02:00:00Z,2026-06-09T05:00:00+03:00,0,0,0,False
1,2026-06-09T03:00:00Z,2026-06-09T06:00:00+03:00,0,0,0,False
1,2026-06-09T04:00:00Z,2026-06-09T07:00:00+03:00,0,0,0,False
1,2026-06-09T05:00:00Z,2026-06-09T08:00:00+03:00,2,2,4,False
1,2026-06-09T06:00:00Z,2026-06-09T09:00:00+03:00,0,0,0,False
1,2026-06-09T07:00:00Z,2026-06-09T10:00:00+03:00,0,0,0,False
1,2026-06-09T08:00:00Z,2026-06-09T11:00:00+03:00,20,15,35,False
1,2026-06-09T09:00:00Z,2026-06-09T12:00:00+03:00,25,25,50,False
1,2026-06-09T10:00:00Z,2026-06-09T13:00:00+03:00,9,15,24,False
1,2026-06-09T11:00:00Z,2026-06-09T14:00:00+03:00,14,7,21,False
1,2026-06-09T12:00:00Z,2026-06-09T15:00:00+03:00,15,19,34,False
1,2026-06-09T13:00:00Z,2026-06-09T16:00:00+03:00,55,27,82,False
1,2026-06-09T14:00:00Z,2026-06-09T17:00:00+03:00,24,31,55,False
1,2026-06-09T15:00:00Z,2026-06-09T18:00:00+03:00,15,39,54,False
1,2026-06-09T16:00:00Z,2026-06-09T19:00:00+03:00,0,2,2,False
1,2026-06-09T17:00:00Z,2026-06-09T20:00:00+03:00,0,0,0,False
1,2026-06-09T18:00:00Z,2026-06-09T21:00:00+03:00,0,0,0,False
1,2026-06-09T19:00:00Z,2026-06-09T22:00:00+03:00,0,0,0,False
1,2026-06-09T20:00:00Z,2026-06-09T23:00:00+03:00,0,0,0,False
1,2026-06-09T21:00:00Z,2026-06-10T00:00:00+03:00,0,0,0,False
1,2026-06-09T22:00:00Z,2026-06-10T01:00:00+03:00,0,0,0,False
1,2026-06-09T23:00:00Z,2026-06-10T02:00:00+03:00,0,0,0,False
1,2026-06-10T00:00:00Z,2026-06-10T03:00:00+03:00,0,0,0,False
1,2026-06-10T01:00:00Z,2026-06-10T04:00:00+03:00,0,0,0,False
1,2026-06-10T02:00:00Z,2026-06-10T05:00:00+03:00,0,0,0,False
1,2026-06-10T03:00:00Z,2026-06-10T06:00:00+03:00,0,0,0,False
1,2026-06-10T04:00:00Z,2026-06-10T07:00:00+03:00,0,0,0,False
1,2026-06-10T05:00:00Z,2026-06-10T08:00:00+03:00,0,1,1,False
1,2026-06-10T06:00:00Z,2026-06-10T09:00:00+03:00,1,0,1,False
1,2026-06-10T07:00:00Z,2026-06-10T10:00:00+03:00,2,2,4,False
1,2026-06-10T08:00:00Z,2026-06-10T11:00:00+03:00,43,24,67,False
1,2026-06-10T09:00:00Z,2026-06-10T12:00:00+03:00,20,32,52,False
1,2026-06-10T10:00:00Z,2026-06-10T13:00:00+03:00,21,18,39,False
1,2026-06-10T11:00:00Z,2026-06-10T14:00:00+03:00,9,19,28,False
1,2026-06-10T12:00:00Z,2026-06-10T15:00:00+03:00,19,15,34,False
1,2026-06-10T13:00:00Z,2026-06-10T16:00:00+03:00,17,20,37,False
1,2026-06-10T14:00:00Z,2026-06-10T17:00:00+03:00,17,15,32,False
1,2026-06-10T15:00:00Z,2026-06-10T18:00:00+03:00,16,20,36,False
1,2026-06-10T16:00:00Z,2026-06-10T19:00:00+03:00,1,8,9,False
1,2026-06-10T17:00:00Z,2026-06-10T20:00:00+03:00,0,0,0,False
1,2026-06-10T18:00:00Z,2026-06-10T21:00:00+03:00,0,0,0,False
1,2026-06-10T19:00:00Z,2026-06-10T22:00:00+03:00,0,0,0,False
1,2026-06-10T20:00:00Z,2026-06-10T23:00:00+03:00,0,0,0,False
1,2026-06-10T21:00:00Z,2026-06-11T00:00:00+03:00,0,0,0,False
1,2026-06-10T22:00:00Z,2026-06-11T01:00:00+03:00,0,0,0,False
1,2026-06-10T23:00:00Z,2026-06-11T02:00:00+03:00,0,0,0,False
1,2026-06-11T00:00:00Z,2026-06-11T03:00:00+03:00,0,0,0,False
1,2026-06-11T01:00:00Z,2026-06-11T04:00:00+03:00,0,0,0,False
1,2026-06-11T02:00:00Z,2026-06-11T05:00:00+03:00,0,0,0,False
1,2026-06-11T03:00:00Z,2026-06-11T06:00:00+03:00,0,0,0,False
1,2026-06-11T04:00:00Z,2026-06-11T07:00:00+03:00,0,0,0,False
1,2026-06-11T05:00:00Z,2026-06-11T08:00:00+03:00,1,1,2,False
1,2026-06-11T06:00:00Z,2026-06-11T09:00:00+03:00,0,0,0,False
1,2026-06-11T07:00:00Z,2026-06-11T10:00:00+03:00,1,1,2,False
1,2026-06-11T08:00:00Z,2026-06-11T11:00:00+03:00,25,21,46,False
1,2026-06-11T09:00:00Z,2026-06-11T12:00:00+03:00,30,27,57,False
1,2026-06-11T10:00:00Z,2026-06-11T13:00:00+03:00,18,10,28,False
1,2026-06-11T11:00:00Z,2026-06-11T14:00:00+03:00,47,53,100,False
1,2026-06-11T12:00:00Z,2026-06-11T15:00:00+03:00,13,23,36,False
1,2026-06-11T13:00:00Z,2026-06-11T16:00:00+03:00,32,20,52,False
1,2026-06-11T14:00:00Z,2026-06-11T17:00:00+03:00,18,35,53,False
1,2026-06-11T15:00:00Z,2026-06-11T18:00:00+03:00,11,13,24,False
1,2026-06-11T16:00:00Z,2026-06-11T19:00:00+03:00,0,0,0,False
1,2026-06-11T17:00:00Z,2026-06-11T20:00:00+03:00,0,0,0,False
1,2026-06-11T18:00:00Z,2026-06-11T21:00:00+03:00,0,0,0,False
1,2026-06-11T19:00:00Z,2026-06-11T22:00:00+03:00,0,0,0,False
1,2026-06-11T20:00:00Z,2026-06-11T23:00:00+03:00,0,0,0,False
1,2026-06-11T21:00:00Z,2026-06-12T00:00:00+03:00,0,0,0,False
1,2026-06-11T22:00:00Z,2026-06-12T01:00:00+03:00,0,0,0,False
1,2026-06-11T23:00:00Z,2026-06-12T02:00:00+03:00,0,0,0,False
1,2026-06-12T00:00:00Z,2026-06-12T03:00:00+03:00,0,0,0,False
1,2026-06-12T01:00:00Z,2026-06-12T04:00:00+03:00,0,0,0,False
1,2026-06-12T02:00:00Z,2026-06-12T05:00:00+03:00,0,0,0,False
1,2026-06-12T03:00:00Z,2026-06-12T06:00:00+03:00,0,0,0,False
1,2026-06-12T04:00:00Z,2026-06-12T07:00:00+03:00,0,0,0,False
1,2026-06-12T05:00:00Z,2026-06-12T08:00:00+03:00,1,1,2,False
1,2026-06-12T06:00:00Z,2026-06-12T09:00:00+03:00,0,0,0,False
1,2026-06-12T07:00:00Z,2026-06-12T10:00:00+03:00,1,1,2,False
1,2026-06-12T08:00:00Z,2026-06-12T11:00:00+03:00,39,33,72,False
1,2026-06-12T09:00:00Z,2026-06-12T12:00:00+03:00,23,22,45,False
1,2026-06-12T10:00:00Z,2026-06-12T13:00:00+03:00,65,54,119,False
1,2026-06-12T11:00:00Z,2026-06-12T14:00:00+03:00,21,31,52,False
1,2026-06-12T12:00:00Z,2026-06-12T15:00:00+03:00,42,35,77,False
1,2026-06-12T13:00:00Z,2026-06-12T16:00:00+03:00,36,45,81,False
1,2026-06-12T14:00:00Z,2026-06-12T17:00:00+03:00,33,27,60,False
1,2026-06-12T15:00:00Z,2026-06-12T18:00:00+03:00,57,41,98,False
1,2026-06-12T16:00:00Z,2026-06-12T19:00:00+03:00,90,89,179,False
1,2026-06-12T17:00:00Z,2026-06-12T20:00:00+03:00,62,60,122,False
1,2026-06-12T18:00:00Z,2026-06-12T21:00:00+03:00,47,48,95,False
1,2026-06-12T19:00:00Z,2026-06-12T22:00:00+03:00,31,47,78,False
1,2026-06-12T20:00:00Z,2026-06-12T23:00:00+03:00,9,22,31,False
1,2026-06-12T21:00:00Z,2026-06-13T00:00:00+03:00,0,0,0,False
1,2026-06-12T22:00:00Z,2026-06-13T01:00:00+03:00,0,0,0,False
1,2026-06-12T23:00:00Z,2026-06-13T02:00:00+03:00,0,0,0,False
1,2026-06-13T00:00:00Z,2026-06-13T03:00:00+03:00,0,0,0,False
1,2026-06-13T01:00:00Z,2026-06-13T04:00:00+03:00,0,0,0,False
1,2026-06-13T02:00:00Z,2026-06-13T05:00:00+03:00,0,0,0,False
1,2026-06-13T03:00:00Z,2026-06-13T06:00:00+03:00,0,0,0,False
1,2026-06-13T04:00:00Z,2026-06-13T07:00:00+03:00,0,0,0,False
1,2026-06-13T05:00:00Z,2026-06-13T08:00:00+03:00,0,0,0,False
1,2026-06-13T06:00:00Z,2026-06-13T09:00:00+03:00,1,1,2,False
1,2026-06-13T07:00:00Z,2026-06-13T10:00:00+03:00,1,1,2,False
1,2026-06-13T08:00:00Z,2026-06-13T11:00:00+03:00,34,27,61,False
1,2026-06-13T09:00:00Z,2026-06-13T12:00:00+03:00,33,21,54,False
1,2026-06-13T10:00:00Z,2026-06-13T13:00:00+03:00,31,26,57,False
1,2026-06-13T11:00:00Z,2026-06-13T14:00:00+03:00,32,44,76,False
1,2026-06-13T12:00:00Z,2026-06-13T15:00:00+03:00,19,22,41,False
1,2026-06-13T13:00:00Z,2026-06-13T16:00:00+03:00,39,30,69,False
1,2026-06-13T14:00:00Z,2026-06-13T17:00:00+03:00,24,37,61,False
1,2026-06-13T15:00:00Z,2026-06-13T18:00:00+03:00,7,11,18,False
1,2026-06-13T16:00:00Z,2026-06-13T19:00:00+03:00,3,5,8,False
1,2026-06-13T17:00:00Z,2026-06-13T20:00:00+03:00,0,0,0,False
1,2026-06-13T18:00:00Z,2026-06-13T21:00:00+03:00,0,0,0,False
1,2026-06-13T19:00:00Z,2026-06-13T22:00:00+03:00,0,0,0,False
1,2026-06-13T20:00:00Z,2026-06-13T23:00:00+03:00,0,0,0,False
1,2026-06-13T21:00:00Z,2026-06-14T00:00:00+03:00,0,0,0,False
1,2026-06-13T22:00:00Z,2026-06-14T01:00:00+03:00,0,0,0,False
1,2026-06-13T23:00:00Z,2026-06-14T02:00:00+03:00,0,0,0,False
1,2026-06-14T00:00:00Z,2026-06-14T03:00:00+03:00,0,0,0,False
1,2026-06-14T01:00:00Z,2026-06-14T04:00:00+03:00,0,0,0,False
1,2026-06-14T02:00:00Z,2026-06-14T05:00:00+03:00,0,0,0,False
1,2026-06-14T03:00:00Z,2026-06-14T06:00:00+03:00,0,0,0,False
1,2026-06-14T04:00:00Z,2026-06-14T07:00:00+03:00,0,0,0,False
1,2026-06-14T05:00:00Z,2026-06-14T08:00:00+03:00,1,1,2,False
1,2026-06-14T06:00:00Z,2026-06-14T09:00:00+03:00,0,0,0,False
1,2026-06-14T07:00:00Z,2026-06-14T10:00:00+03:00,1,1,2,False
1,2026-06-14T08:00:00Z,2026-06-14T11:00:00+03:00,15,10,25,False
1,2026-06-14T09:00:00Z,2026-06-14T12:00:00+03:00,28,21,49,False
1,2026-06-14T10:00:00Z,2026-06-14T13:00:00+03:00,16,22,38,False
1,2026-06-14T11:00:00Z,2026-06-14T14:00:00+03:00,29,24,53,False
1,2026-06-14T12:00:00Z,2026-06-14T15:00:00+03:00,27,25,52,False
1,2026-06-14T13:00:00Z,2026-06-14T16:00:00+03:00,18,21,39,False
1,2026-06-14T14:00:00Z,2026-06-14T17:00:00+03:00,17,28,45,False
1,2026-06-14T15:00:00Z,2026-06-14T18:00:00+03:00,0,0,0,False
1,2026-06-14T16:00:00Z,2026-06-14T19:00:00+03:00,0,0,0,False
1,2026-06-14T17:00:00Z,2026-06-14T20:00:00+03:00,0,0,0,False
1,2026-06-14T18:00:00Z,2026-06-14T21:00:00+03:00,0,0,0,False
1,2026-06-14T19:00:00Z,2026-06-14T22:00:00+03:00,0,0,0,False
1,2026-06-14T20:00:00Z,2026-06-14T23:00:00+03:00,0,0,0,False
1,2026-06-14T21:00:00Z,2026-06-15T00:00:00+03:00,0,0,0,False
1,2026-06-14T22:00:00Z,2026-06-15T01:00:00+03:00,0,0,0,False
1,2026-06-14T23:00:00Z,2026-06-15T02:00:00+03:00,0,0,0,False
1,2026-06-15T00:00:00Z,2026-06-15T03:00:00+03:00,0,0,0,False
1,2026-06-15T01:00:00Z,2026-06-15T04:00:00+03:00,0,0,0,False
1,2026-06-15T02:00:00Z,2026-06-15T05:00:00+03:00,0,0,0,False
1,2026-06-15T03:00:00Z,2026-06-15T06:00:00+03:00,0,0,0,False
1,2026-06-15T04:00:00Z,2026-06-15T07:00:00+03:00,1,1,2,False
1,2026-06-15T05:00:00Z,2026-06-15T08:00:00+03:00,0,0,0,False
1,2026-06-15T06:00:00Z,2026-06-15T09:00:00+03:00,0,0,0,False
1,2026-06-15T07:00:00Z,2026-06-15T10:00:00+03:00,2,2,4,False
1,2026-06-15T08:00:00Z,2026-06-15T11:00:00+03:00,29,14,43,False
1,2026-06-15T09:00:00Z,2026-06-15T12:00:00+03:00,40,45,85,False
1,2026-06-15T10:00:00Z,2026-06-15T13:00:00+03:00,49,46,95,False
1,2026-06-15T11:00:00Z,2026-06-15T14:00:00+03:00,40,40,80,False
1,2026-06-15T12:00:00Z,2026-06-15T15:00:00+03:00,26,32,58,False
1,2026-06-15T13:00:00Z,2026-06-15T16:00:00+03:00,28,22,50,False
1,2026-06-15T14:00:00Z,2026-06-15T17:00:00+03:00,25,29,54,False
1,2026-06-15T15:00:00Z,2026-06-15T18:00:00+03:00,15,27,42,False
1,2026-06-15T16:00:00Z,2026-06-15T19:00:00+03:00,0,0,0,False
1,2026-06-15T17:00:00Z,2026-06-15T20:00:00+03:00,0,0,0,False
1,2026-06-15T18:00:00Z,2026-06-15T21:00:00+03:00,0,0,0,False
1,2026-06-15T19:00:00Z,2026-06-15T22:00:00+03:00,0,0,0,False
1,2026-06-15T20:00:00Z,2026-06-15T23:00:00+03:00,0,0,0,False
1,2026-06-15T21:00:00Z,2026-06-16T00:00:00+03:00,0,0,0,False
1,2026-06-15T22:00:00Z,2026-06-16T01:00:00+03:00,0,0,0,False
1,2026-06-15T23:00:00Z,2026-06-16T02:00:00+03:00,0,0,0,False
1,2026-06-16T00:00:00Z,2026-06-16T03:00:00+03:00,0,0,0,False
1,2026-06-16T01:00:00Z,2026-06-16T04:00:00+03:00,0,0,0,False
1,2026-06-16T02:00:00Z,2026-06-16T05:00:00+03:00,0,0,0,False
1,2026-06-16T03:00:00Z,2026-06-16T06:00:00+03:00,0,0,0,False
1,2026-06-16T04:00:00Z,2026-06-16T07:00:00+03:00,2,2,4,False
1,2026-06-16T05:00:00Z,2026-06-16T08:00:00+03:00,0,0,0,False
1,2026-06-16T06:00:00Z,2026-06-16T09:00:00+03:00,0,0,0,False
1,2026-06-16T07:00:00Z,2026-06-16T10:00:00+03:00,4,2,6,False
1,2026-06-16T08:00:00Z,2026-06-16T11:00:00+03:00,17,15,32,False
1,2026-06-16T09:00:00Z,2026-06-16T12:00:00+03:00,33,26,59,False
1,2026-06-16T10:00:00Z,2026-06-16T13:00:00+03:00,21,25,46,False
1,2026-06-16T11:00:00Z,2026-06-16T14:00:00+03:00,33,27,60,False
1,2026-06-16T12:00:00Z,2026-06-16T15:00:00+03:00,29,31,60,False
1,2026-06-16T13:00:00Z,2026-06-16T16:00:00+03:00,33,45,78,False
1,2026-06-16T14:00:00Z,2026-06-16T17:00:00+03:00,13,11,24,False
1,2026-06-16T15:00:00Z,2026-06-16T18:00:00+03:00,9,13,22,False
1,2026-06-16T16:00:00Z,2026-06-16T19:00:00+03:00,0,0,0,False
1,2026-06-16T17:00:00Z,2026-06-16T20:00:00+03:00,0,0,0,False
1,2026-06-16T18:00:00Z,2026-06-16T21:00:00+03:00,0,0,0,False
1,2026-06-16T19:00:00Z,2026-06-16T22:00:00+03:00,0,0,0,False
1,2026-06-16T20:00:00Z,2026-06-16T23:00:00+03:00,0,0,0,False
1,2026-06-16T21:00:00Z,2026-06-17T00:00:00+03:00,0,0,0,False
1,2026-06-16T22:00:00Z,2026-06-17T01:00:00+03:00,0,0,0,False
1,2026-06-16T23:00:00Z,2026-06-17T02:00:00+03:00,0,0,0,False
1,2026-06-17T00:00:00Z,2026-06-17T03:00:00+03:00,0,0,0,False
1,2026-06-17T01:00:00Z,2026-06-17T04:00:00+03:00,0,0,0,False
1,2026-06-17T02:00:00Z,2026-06-17T05:00:00+03:00,0,0,0,False
1,2026-06-17T03:00:00Z,2026-06-17T06:00:00+03:00,0,0,0,False
1,2026-06-17T04:00:00Z,2026-06-17T07:00:00+03:00,0,0,0,False
1,2026-06-17T05:00:00Z,2026-06-17T08:00:00+03:00,2,2,4,False
1,2026-06-17T06:00:00Z,2026-06-17T09:00:00+03:00,0,0,0,False
1,2026-06-17T07:00:00Z,2026-06-17T10:00:00+03:00,3,2,5,False
1,2026-06-17T08:00:00Z,2026-06-17T11:00:00+03:00,29,18,47,False
1,2026-06-17T09:00:00Z,2026-06-17T12:00:00+03:00,35,37,72,False
1,2026-06-17T10:00:00Z,2026-06-17T13:00:00+03:00,31,33,64,False
1,2026-06-17T11:00:00Z,2026-06-17T14:00:00+03:00,20,22,42,False
1,2026-06-17T12:00:00Z,2026-06-17T15:00:00+03:00,23,18,41,False
1,2026-06-17T13:00:00Z,2026-06-17T16:00:00+03:00,33,39,72,False
1,2026-06-17T14:00:00Z,2026-06-17T17:00:00+03:00,31,27,58,False
1,2026-06-17T15:00:00Z,2026-06-17T18:00:00+03:00,9,20,29,False
1,2026-06-17T16:00:00Z,2026-06-17T19:00:00+03:00,1,1,2,False
1,2026-06-17T17:00:00Z,2026-06-17T20:00:00+03:00,0,0,0,False
1,2026-06-17T18:00:00Z,2026-06-17T21:00:00+03:00,0,0,0,False
1,2026-06-17T19:00:00Z,2026-06-17T22:00:00+03:00,0,0,0,False
1,2026-06-17T20:00:00Z,2026-06-17T23:00:00+03:00,0,0,0,False
1,2026-06-17T21:00:00Z,2026-06-18T00:00:00+03:00,0,0,0,False
1,2026-06-17T22:00:00Z,2026-06-18T01:00:00+03:00,0,0,0,False
1,2026-06-17T23:00:00Z,2026-06-18T02:00:00+03:00,0,0,0,False
1,2026-06-18T00:00:00Z,2026-06-18T03:00:00+03:00,0,0,0,False
1,2026-06-18T01:00:00Z,2026-06-18T04:00:00+03:00,0,0,0,False
1,2026-06-18T02:00:00Z,2026-06-18T05:00:00+03:00,0,0,0,False
1,2026-06-18T03:00:00Z,2026-06-18T06:00:00+03:00,0,0,0,False
1,2026-06-18T04:00:00Z,2026-06-18T07:00:00+03:00,1,1,2,False
1,2026-06-18T05:00:00Z,2026-06-18T08:00:00+03:00,0,0,0,False
1,2026-06-18T06:00:00Z,2026-06-18T09:00:00+03:00,0,0,0,False
1,2026-06-18T07:00:00Z,2026-06-18T10:00:00+03:00,2,3,5,False
1,2026-06-18T08:00:00Z,2026-06-18T11:00:00+03:00,30,26,56,False
1,2026-06-18T09:00:00Z,2026-06-18T12:00:00+03:00,34,30,64,False
1,2026-06-18T10:00:00Z,2026-06-18T13:00:00+03:00,14,18,32,False
1,2026-06-18T11:00:00Z,2026-06-18T14:00:00+03:00,21,16,37,False
1,2026-06-18T12:00:00Z,2026-06-18T15:00:00+03:00,35,31,66,False
1,2026-06-18T13:00:00Z,2026-06-18T16:00:00+03:00,26,29,55,False
1,2026-06-18T14:00:00Z,2026-06-18T17:00:00+03:00,19,26,45,False
1,2026-06-18T15:00:00Z,2026-06-18T18:00:00+03:00,16,22,38,False
1,2026-06-18T16:00:00Z,2026-06-18T19:00:00+03:00,0,0,0,False
1,2026-06-18T17:00:00Z,2026-06-18T20:00:00+03:00,0,0,0,False
1,2026-06-18T18:00:00Z,2026-06-18T21:00:00+03:00,0,0,0,False
1,2026-06-18T19:00:00Z,2026-06-18T22:00:00+03:00,0,0,0,False
1,2026-06-18T20:00:00Z,2026-06-18T23:00:00+03:00,0,0,0,False
1,2026-06-18T21:00:00Z,2026-06-19T00:00:00+03:00,0,0,0,False
1,2026-06-18T22:00:00Z,2026-06-19T01:00:00+03:00,0,0,0,False
1,2026-06-18T23:00:00Z,2026-06-19T02:00:00+03:00,0,0,0,False
1,2026-06-19T00:00:00Z,2026-06-19T03:00:00+03:00,0,0,0,False
1,2026-06-19T01:00:00Z,2026-06-19T04:00:00+03:00,0,0,0,False
1,2026-06-19T02:00:00Z,2026-06-19T05:00:00+03:00,0,0,0,False
1,2026-06-19T03:00:00Z,2026-06-19T06:00:00+03:00,0,0,0,False
1,2026-06-19T04:00:00Z,2026-06-19T07:00:00+03:00,0,0,0,False
1,2026-06-19T05:00:00Z,2026-06-19T08:00:00+03:00,0,0,0,False
1,2026-06-19T06:00:00Z,2026-06-19T09:00:00+03:00,1,1,2,False
1,2026-06-19T07:00:00Z,2026-06-19T10:00:00+03:00,5,4,9,False
1,2026-06-19T08:00:00Z,2026-06-19T11:00:00+03:00,21,10,31,False
1,2026-06-19T09:00:00Z,2026-06-19T12:00:00+03:00,17,23,40,False
1,2026-06-19T10:00:00Z,2026-06-19T13:00:00+03:00,22,21,43,False
1,2026-06-19T11:00:00Z,2026-06-19T14:00:00+03:00,15,16,31,False
1,2026-06-19T12:00:00Z,2026-06-19T15:00:00+03:00,3,9,12,False
1,2026-06-19T13:00:00Z,2026-06-19T16:00:00+03:00,4,3,7,False
1,2026-06-19T14:00:00Z,2026-06-19T17:00:00+03:00,5,7,12,False
1,2026-06-19T15:00:00Z,2026-06-19T18:00:00+03:00,0,0,0,False
1,2026-06-19T16:00:00Z,2026-06-19T19:00:00+03:00,0,0,0,False
1,2026-06-19T17:00:00Z,2026-06-19T20:00:00+03:00,0,0,0,False
1,2026-06-19T18:00:00Z,2026-06-19T21:00:00+03:00,0,0,0,False
1,2026-06-19T19:00:00Z,2026-06-19T22:00:00+03:00,0,0,0,False
1,2026-06-19T20:00:00Z,2026-06-19T23:00:00+03:00,0,0,0,False
1,2026-06-19T21:00:00Z,2026-06-20T00:00:00+03:00,0,0,0,False
1,2026-06-19T22:00:00Z,2026-06-20T01:00:00+03:00,0,0,0,False
1,2026-06-19T23:00:00Z,2026-06-20T02:00:00+03:00,0,0,0,False
1,2026-06-20T00:00:00Z,2026-06-20T03:00:00+03:00,0,0,0,False
1,2026-06-20T01:00:00Z,2026-06-20T04:00:00+03:00,0,0,0,False
1,2026-06-20T02:00:00Z,2026-06-20T05:00:00+03:00,0,0,0,False
1,2026-06-20T03:00:00Z,2026-06-20T06:00:00+03:00,0,0,0,False
1,2026-06-20T04:00:00Z,2026-06-20T07:00:00+03:00,0,0,0,False
1,2026-06-20T05:00:00Z,2026-06-20T08:00:00+03:00,0,0,0,False
1,2026-06-20T06:00:00Z,2026-06-20T09:00:00+03:00,1,1,2,False
1,2026-06-20T07:00:00Z,2026-06-20T10:00:00+03:00,1,1,2,False
1,2026-06-20T08:00:00Z,2026-06-20T11:00:00+03:00,30,11,41,False
1,2026-06-20T09:00:00Z,2026-06-20T12:00:00+03:00,19,27,46,False
1,2026-06-20T10:00:00Z,2026-06-20T13:00:00+03:00,23,27,50,False
1,2026-06-20T11:00:00Z,2026-06-20T14:00:00+03:00,9,9,18,False
1,2026-06-20T12:00:00Z,2026-06-20T15:00:00+03:00,2,4,6,False
1,2026-06-20T13:00:00Z,2026-06-20T16:00:00+03:00,3,7,10,False
1,2026-06-20T14:00:00Z,2026-06-20T17:00:00+03:00,10,10,20,False
1,2026-06-20T15:00:00Z,2026-06-20T18:00:00+03:00,0,0,0,False
1,2026-06-20T16:00:00Z,2026-06-20T19:00:00+03:00,0,0,0,False
1,2026-06-20T17:00:00Z,2026-06-20T20:00:00+03:00,0,0,0,False
1,2026-06-20T18:00:00Z,2026-06-20T21:00:00+03:00,0,0,0,False
1,2026-06-20T19:00:00Z,2026-06-20T22:00:00+03:00,0,0,0,False
1,2026-06-20T20:00:00Z,2026-06-20T23:00:00+03:00,0,0,0,False
1,2026-06-20T21:00:00Z,2026-06-21T00:00:00+03:00,0,0,0,False
1,2026-06-20T22:00:00Z,2026-06-21T01:00:00+03:00,0,0,0,False
1,2026-06-20T23:00:00Z,2026-06-21T02:00:00+03:00,0,0,0,False
1,2026-06-21T00:00:00Z,2026-06-21T03:00:00+03:00,0,0,0,False
1,2026-06-21T01:00:00Z,2026-06-21T04:00:00+03:00,0,0,0,False
1,2026-06-21T02:00:00Z,2026-06-21T05:00:00+03:00,0,0,0,False
1,2026-06-21T03:00:00Z,2026-06-21T06:00:00+03:00,0,0,0,False
1,2026-06-21T04:00:00Z,2026-06-21T07:00:00+03:00,0,0,0,False
1,2026-06-21T05:00:00Z,2026-06-21T08:00:00+03:00,0,0,0,False
1,2026-06-21T06:00:00Z,2026-06-21T09:00:00+03:00,1,1,2,False
1,2026-06-21T07:00:00Z,2026-06-21T10:00:00+03:00,1,1,2,False
1,2026-06-21T08:00:00Z,2026-06-21T11:00:00+03:00,7,3,10,False
1,2026-06-21T09:00:00Z,2026-06-21T12:00:00+03:00,26,24,50,False
1,2026-06-21T10:00:00Z,2026-06-21T13:00:00+03:00,23,10,33,False
1,2026-06-21T11:00:00Z,2026-06-21T14:00:00+03:00,12,24,36,False
1,2026-06-21T12:00:00Z,2026-06-21T15:00:00+03:00,14,14,28,False
1,2026-06-21T13:00:00Z,2026-06-21T16:00:00+03:00,13,15,28,False
1,2026-06-21T14:00:00Z,2026-06-21T17:00:00+03:00,18,21,39,False
1,2026-06-21T15:00:00Z,2026-06-21T18:00:00+03:00,1,1,2,False
1,2026-06-21T16:00:00Z,2026-06-21T19:00:00+03:00,0,0,0,False
1,2026-06-21T17:00:00Z,2026-06-21T20:00:00+03:00,0,0,0,False
1,2026-06-21T18:00:00Z,2026-06-21T21:00:00+03:00,0,0,0,False
1,2026-06-21T19:00:00Z,2026-06-21T22:00:00+03:00,0,0,0,False
1,2026-06-21T20:00:00Z,2026-06-21T23:00:00+03:00,0,0,0,False
1,2026-06-21T21:00:00Z,2026-06-22T00:00:00+03:00,0,0,0,False
1,2026-06-21T22:00:00Z,2026-06-22T01:00:00+03:00,0,0,0,False
1,2026-06-21T23:00:00Z,2026-06-22T02:00:00+03:00,0,0,0,False
1,2026-06-22T00:00:00Z,2026-06-22T03:00:00+03:00,0,0,0,False
1,2026-06-22T01:00:00Z,2026-06-22T04:00:00+03:00,0,0,0,False
1,2026-06-22T02:00:00Z,2026-06-22T05:00:00+03:00,0,0,0,False
1,2026-06-22T03:00:00Z,2026-06-22T06:00:00+03:00,0,0,0,False
1,2026-06-22T04:00:00Z,2026-06-22T07:00:00+03:00,0,0,0,False
1,2026-06-22T05:00:00Z,2026-06-22T08:00:00+03:00,2,2,4,False
1,2026-06-22T06:00:00Z,2026-06-22T09:00:00+03:00,0,0,0,False
1,2026-06-22T07:00:00Z,2026-06-22T10:00:00+03:00,4,4,8,False
1,2026-06-22T08:00:00Z,2026-06-22T11:00:00+03:00,57,40,97,False
1,2026-06-22T09:00:00Z,2026-06-22T12:00:00+03:00,49,47,96,False
1,2026-06-22T10:00:00Z,2026-06-22T13:00:00+03:00,59,64,123,False
1,2026-06-22T11:00:00Z,2026-06-22T14:00:00+03:00,47,45,92,False
1,2026-06-22T12:00:00Z,2026-06-22T15:00:00+03:00,31,37,68,False
1,2026-06-22T13:00:00Z,2026-06-22T16:00:00+03:00,33,31,64,False
1,2026-06-22T14:00:00Z,2026-06-22T17:00:00+03:00,16,16,32,False
1,2026-06-22T15:00:00Z,2026-06-22T18:00:00+03:00,11,25,36,False
1,2026-06-22T16:00:00Z,2026-06-22T19:00:00+03:00,0,0,0,False
1,2026-06-22T17:00:00Z,2026-06-22T20:00:00+03:00,0,0,0,False
1,2026-06-22T18:00:00Z,2026-06-22T21:00:00+03:00,0,0,0,False
1,2026-06-22T19:00:00Z,2026-06-22T22:00:00+03:00,0,0,0,False
1,2026-06-22T20:00:00Z,2026-06-22T23:00:00+03:00,0,0,0,False
1,2026-06-22T21:00:00Z,2026-06-23T00:00:00+03:00,0,0,0,False
1,2026-06-22T22:00:00Z,2026-06-23T01:00:00+03:00,0,0,0,False
1,2026-06-22T23:00:00Z,2026-06-23T02:00:00+03:00,0,0,0,False
1,2026-06-23T00:00:00Z,2026-06-23T03:00:00+03:00,0,0,0,False
1,2026-06-23T01:00:00Z,2026-06-23T04:00:00+03:00,0,0,0,False
1,2026-06-23T02:00:00Z,2026-06-23T05:00:00+03:00,0,0,0,False
1,2026-06-23T03:00:00Z,2026-06-23T06:00:00+03:00,0,0,0,False
1,2026-06-23T04:00:00Z,2026-06-23T07:00:00+03:00,1,1,2,False
1,2026-06-23T05:00:00Z,2026-06-23T08:00:00+03:00,0,0,0,False
1,2026-06-23T06:00:00Z,2026-06-23T09:00:00+03:00,0,0,0,False
1,2026-06-23T07:00:00Z,2026-06-23T10:00:00+03:00,1,1,2,False
1,2026-06-23T08:00:00Z,2026-06-23T11:00:00+03:00,35,24,59,False
1,2026-06-23T09:00:00Z,2026-06-23T12:00:00+03:00,38,33,71,False
1,2026-06-23T10:00:00Z,2026-06-23T13:00:00+03:00,22,31,53,False
1,2026-06-23T11:00:00Z,2026-06-23T14:00:00+03:00,34,38,72,False
1,2026-06-23T12:00:00Z,2026-06-23T15:00:00+03:00,29,16,45,False
1,2026-06-23T13:00:00Z,2026-06-23T16:00:00+03:00,26,34,60,False
1,2026-06-23T14:00:00Z,2026-06-23T17:00:00+03:00,24,21,45,False
1,2026-06-23T15:00:00Z,2026-06-23T18:00:00+03:00,16,30,46,False
1,2026-06-23T16:00:00Z,2026-06-23T19:00:00+03:00,1,1,2,False
1,2026-06-23T17:00:00Z,2026-06-23T20:00:00+03:00,0,0,0,False
1,2026-06-23T18:00:00Z,2026-06-23T21:00:00+03:00,0,0,0,False
1,2026-06-23T19:00:00Z,2026-06-23T22:00:00+03:00,0,0,0,False
1,2026-06-23T20:00:00Z,2026-06-23T23:00:00+03:00,0,0,0,False
1,2026-06-23T21:00:00Z,2026-06-24T00:00:00+03:00,0,0,0,False
1,2026-06-23T22:00:00Z,2026-06-24T01:00:00+03:00,0,0,0,False
1,2026-06-23T23:00:00Z,2026-06-24T02:00:00+03:00,0,0,0,False
1,2026-06-24T00:00:00Z,2026-06-24T03:00:00+03:00,0,0,0,False
1,2026-06-24T01:00:00Z,2026-06-24T04:00:00+03:00,0,0,0,False
1,2026-06-24T02:00:00Z,2026-06-24T05:00:00+03:00,0,0,0,False
1,2026-06-24T03:00:00Z,2026-06-24T06:00:00+03:00,0,0,0,False
1,2026-06-24T04:00:00Z,2026-06-24T07:00:00+03:00,1,1,2,False
1,2026-06-24T05:00:00Z,2026-06-24T08:00:00+03:00,1,1,2,False
1,2026-06-24T06:00:00Z,2026-06-24T09:00:00+03:00,2,2,4,False
1,2026-06-24T07:00:00Z,2026-06-24T10:00:00+03:00,1,1,2,False
1,2026-06-24T08:00:00Z,2026-06-24T11:00:00+03:00,11,6,17,False
1,2026-06-24T09:00:00Z,2026-06-24T12:00:00+03:00,17,16,33,False
1,2026-06-24T10:00:00Z,2026-06-24T13:00:00+03:00,42,36,78,False
1,2026-06-24T11:00:00Z,2026-06-24T14:00:00+03:00,30,28,58,False
1,2026-06-24T12:00:00Z,2026-06-24T15:00:00+03:00,35,44,79,False
1,2026-06-24T13:00:00Z,2026-06-24T16:00:00+03:00,16,19,35,False
1,2026-06-24T14:00:00Z,2026-06-24T17:00:00+03:00,12,18,30,False
1,2026-06-24T15:00:00Z,2026-06-24T18:00:00+03:00,8,9,17,False
1,2026-06-24T16:00:00Z,2026-06-24T19:00:00+03:00,2,2,4,False
1,2026-06-24T17:00:00Z,2026-06-24T20:00:00+03:00,0,0,0,False
1,2026-06-24T18:00:00Z,2026-06-24T21:00:00+03:00,0,0,0,False
1,2026-06-24T19:00:00Z,2026-06-24T22:00:00+03:00,0,0,0,False
1,2026-06-24T20:00:00Z,2026-06-24T23:00:00+03:00,0,0,0,False
1,2026-06-24T21:00:00Z,2026-06-25T00:00:00+03:00,0,0,0,False
1,2026-06-24T22:00:00Z,2026-06-25T01:00:00+03:00,0,0,0,False
1,2026-06-24T23:00:00Z,2026-06-25T02:00:00+03:00,0,0,0,False
1,2026-06-25T00:00:00Z,2026-06-25T03:00:00+03:00,0,0,0,False
1,2026-06-25T01:00:00Z,2026-06-25T04:00:00+03:00,0,0,0,False
1,2026-06-25T02:00:00Z,2026-06-25T05:00:00+03:00,0,0,0,False
1,2026-06-25T03:00:00Z,2026-06-25T06:00:00+03:00,0,0,0,False
1,2026-06-25T04:00:00Z,2026-06-25T07:00:00+03:00,1,1,2,False
1,2026-06-25T05:00:00Z,2026-06-25T08:00:00+03:00,2,2,4,False
1,2026-06-25T06:00:00Z,2026-06-25T09:00:00+03:00,0,0,0,False
1,2026-06-25T07:00:00Z,2026-06-25T10:00:00+03:00,4,4,8,False
1,2026-06-25T08:00:00Z,2026-06-25T11:00:00+03:00,20,8,28,False
1,2026-06-25T09:00:00Z,2026-06-25T12:00:00+03:00,29,37,66,False
1,2026-06-25T10:00:00Z,2026-06-25T13:00:00+03:00,24,23,47,False
1,2026-06-25T11:00:00Z,2026-06-25T14:00:00+03:00,17,19,36,False
1,2026-06-25T12:00:00Z,2026-06-25T15:00:00+03:00,22,18,40,False
1,2026-06-25T13:00:00Z,2026-06-25T16:00:00+03:00,20,25,45,False
1,2026-06-25T14:00:00Z,2026-06-25T17:00:00+03:00,28,20,48,False
1,2026-06-25T15:00:00Z,2026-06-25T18:00:00+03:00,12,23,35,False
1,2026-06-25T16:00:00Z,2026-06-25T19:00:00+03:00,1,1,2,False
1,2026-06-25T17:00:00Z,2026-06-25T20:00:00+03:00,0,0,0,False
1,2026-06-25T18:00:00Z,2026-06-25T21:00:00+03:00,0,0,0,False
1,2026-06-25T19:00:00Z,2026-06-25T22:00:00+03:00,0,0,0,False
1,2026-06-25T20:00:00Z,2026-06-25T23:00:00+03:00,0,0,0,False
1,2026-06-25T21:00:00Z,2026-06-26T00:00:00+03:00,0,0,0,False
1,2026-06-25T22:00:00Z,2026-06-26T01:00:00+03:00,0,0,0,False
1,2026-06-25T23:00:00Z,2026-06-26T02:00:00+03:00,0,0,0,False
1,2026-06-26T00:00:00Z,2026-06-26T03:00:00+03:00,0,0,0,False
1,2026-06-26T01:00:00Z,2026-06-26T04:00:00+03:00,0,0,0,False
1,2026-06-26T02:00:00Z,2026-06-26T05:00:00+03:00,0,0,0,False
1,2026-06-26T03:00:00Z,2026-06-26T06:00:00+03:00,0,0,0,False
1,2026-06-26T04:00:00Z,2026-06-26T07:00:00+03:00,8,8,16,False
1,2026-06-26T05:00:00Z,2026-06-26T08:00:00+03:00,2,2,4,False
1,2026-06-26T06:00:00Z,2026-06-26T09:00:00+03:00,0,0,0,False
1,2026-06-26T07:00:00Z,2026-06-26T10:00:00+03:00,2,2,4,False
1,2026-06-26T08:00:00Z,2026-06-26T11:00:00+03:00,26,15,41,False
1,2026-06-26T09:00:00Z,2026-06-26T12:00:00+03:00,24,27,51,False
1,2026-06-26T10:00:00Z,2026-06-26T13:00:00+03:00,14,17,31,False
1,2026-06-26T11:00:00Z,2026-06-26T14:00:00+03:00,24,21,45,False
1,2026-06-26T12:00:00Z,2026-06-26T15:00:00+03:00,22,24,46,False
1,2026-06-26T13:00:00Z,2026-06-26T16:00:00+03:00,38,34,72,False
1,2026-06-26T14:00:00Z,2026-06-26T17:00:00+03:00,17,14,31,False
1,2026-06-26T15:00:00Z,2026-06-26T18:00:00+03:00,11,24,35,False
1,2026-06-26T16:00:00Z,2026-06-26T19:00:00+03:00,1,1,2,False
1,2026-06-26T17:00:00Z,2026-06-26T20:00:00+03:00,0,0,0,False
1,2026-06-26T18:00:00Z,2026-06-26T21:00:00+03:00,0,0,0,False
1,2026-06-26T19:00:00Z,2026-06-26T22:00:00+03:00,0,0,0,False
1,2026-06-26T20:00:00Z,2026-06-26T23:00:00+03:00,0,0,0,False
1,2026-06-26T21:00:00Z,2026-06-27T00:00:00+03:00,0,0,0,False
1,2026-06-26T22:00:00Z,2026-06-27T01:00:00+03:00,0,0,0,False
1,2026-06-26T23:00:00Z,2026-06-27T02:00:00+03:00,0,0,0,False
1,2026-06-27T00:00:00Z,2026-06-27T03:00:00+03:00,0,0,0,False
1,2026-06-27T01:00:00Z,2026-06-27T04:00:00+03:00,0,0,0,False
1,2026-06-27T02:00:00Z,2026-06-27T05:00:00+03:00,0,0,0,False
1,2026-06-27T03:00:00Z,2026-06-27T06:00:00+03:00,0,0,0,False
1,2026-06-27T04:00:00Z,2026-06-27T07:00:00+03:00,0,0,0,False
1,2026-06-27T05:00:00Z,2026-06-27T08:00:00+03:00,4,4,8,False
1,2026-06-27T06:00:00Z,2026-06-27T09:00:00+03:00,1,1,2,False
1,2026-06-27T07:00:00Z,2026-06-27T10:00:00+03:00,2,2,4,False
1,2026-06-27T08:00:00Z,2026-06-27T11:00:00+03:00,32,20,52,False
1,2026-06-27T09:00:00Z,2026-06-27T12:00:00+03:00,33,25,58,False
1,2026-06-27T10:00:00Z,2026-06-27T13:00:00+03:00,47,52,99,False
1,2026-06-27T11:00:00Z,2026-06-27T14:00:00+03:00,26,26,52,False
1,2026-06-27T12:00:00Z,2026-06-27T15:00:00+03:00,21,22,43,False
1,2026-06-27T13:00:00Z,2026-06-27T16:00:00+03:00,13,17,30,False
1,2026-06-27T14:00:00Z,2026-06-27T17:00:00+03:00,18,20,38,False
1,2026-06-27T15:00:00Z,2026-06-27T18:00:00+03:00,6,11,17,False
1,2026-06-27T16:00:00Z,2026-06-27T19:00:00+03:00,1,1,2,False
1,2026-06-27T17:00:00Z,2026-06-27T20:00:00+03:00,0,0,0,False
1,2026-06-27T18:00:00Z,2026-06-27T21:00:00+03:00,0,0,0,False
1,2026-06-27T19:00:00Z,2026-06-27T22:00:00+03:00,0,0,0,False
1,2026-06-27T20:00:00Z,2026-06-27T23:00:00+03:00,0,0,0,False
1,2026-06-27T21:00:00Z,2026-06-28T00:00:00+03:00,0,0,0,False
1,2026-06-27T22:00:00Z,2026-06-28T01:00:00+03:00,0,0,0,False
1,2026-06-27T23:00:00Z,2026-06-28T02:00:00+03:00,0,0,0,False
1,2026-06-28T00:00:00Z,2026-06-28T03:00:00+03:00,0,0,0,False
1,2026-06-28T01:00:00Z,2026-06-28T04:00:00+03:00,0,0,0,False
1,2026-06-28T02:00:00Z,2026-06-28T05:00:00+03:00,0,0,0,False
1,2026-06-28T03:00:00Z,2026-06-28T06:00:00+03:00,0,0,0,False
1,2026-06-28T04:00:00Z,2026-06-28T07:00:00+03:00,0,0,0,False
1,2026-06-28T05:00:00Z,2026-06-28T08:00:00+03:00,3,3,6,False
1,2026-06-28T06:00:00Z,2026-06-28T09:00:00+03:00,0,0,0,False
1,2026-06-28T07:00:00Z,2026-06-28T10:00:00+03:00,3,3,6,False
1,2026-06-28T08:00:00Z,2026-06-28T11:00:00+03:00,21,11,32,False
1,2026-06-28T09:00:00Z,2026-06-28T12:00:00+03:00,26,28,54,False
1,2026-06-28T10:00:00Z,2026-06-28T13:00:00+03:00,32,29,61,False
1,2026-06-28T11:00:00Z,2026-06-28T14:00:00+03:00,14,21,35,False
1,2026-06-28T12:00:00Z,2026-06-28T15:00:00+03:00,22,15,37,False
1,2026-06-28T13:00:00Z,2026-06-28T16:00:00+03:00,16,26,42,False
1,2026-06-28T14:00:00Z,2026-06-28T17:00:00+03:00,8,8,16,False
1,2026-06-28T15:00:00Z,2026-06-28T18:00:00+03:00,0,0,0,False
1,2026-06-28T16:00:00Z,2026-06-28T19:00:00+03:00,0,0,0,False
1,2026-06-28T17:00:00Z,2026-06-28T20:00:00+03:00,0,0,0,False
1,2026-06-28T18:00:00Z,2026-06-28T21:00:00+03:00,0,0,0,False
1,2026-06-28T19:00:00Z,2026-06-28T22:00:00+03:00,0,0,0,False
1,2026-06-28T20:00:00Z,2026-06-28T23:00:00+03:00,0,0,0,False
1,2026-06-28T21:00:00Z,2026-06-29T00:00:00+03:00,0,0,0,False
1,2026-06-28T22:00:00Z,2026-06-29T01:00:00+03:00,0,0,0,False
1,2026-06-28T23:00:00Z,2026-06-29T02:00:00+03:00,0,0,0,False
1,2026-06-29T00:00:00Z,2026-06-29T03:00:00+03:00,0,0,0,False
1,2026-06-29T01:00:00Z,2026-06-29T04:00:00+03:00,0,0,0,False
1,2026-06-29T02:00:00Z,2026-06-29T05:00:00+03:00,0,0,0,False
1,2026-06-29T03:00:00Z,2026-06-29T06:00:00+03:00,0,0,0,False
1,2026-06-29T04:00:00Z,2026-06-29T07:00:00+03:00,3,3,6,False
1,2026-06-29T05:00:00Z,2026-06-29T08:00:00+03:00,0,0,0,False
1,2026-06-29T06:00:00Z,2026-06-29T09:00:00+03:00,2,2,4,False
1,2026-06-29T07:00:00Z,2026-06-29T10:00:00+03:00,1,1,2,False
1,2026-06-29T08:00:00Z,2026-06-29T11:00:00+03:00,21,15,36,False
1,2026-06-29T09:00:00Z,2026-06-29T12:00:00+03:00,50,33,83,False
1,2026-06-29T10:00:00Z,2026-06-29T13:00:00+03:00,35,43,78,False
1,2026-06-29T11:00:00Z,2026-06-29T14:00:00+03:00,21,28,49,False
1,2026-06-29T12:00:00Z,2026-06-29T15:00:00+03:00,9,12,21,False
1,2026-06-29T13:00:00Z,2026-06-29T16:00:00+03:00,22,18,40,False
1,2026-06-29T14:00:00Z,2026-06-29T17:00:00+03:00,9,15,24,False
1,2026-06-29T15:00:00Z,2026-06-29T18:00:00+03:00,9,10,19,False
1,2026-06-29T16:00:00Z,2026-06-29T19:00:00+03:00,0,2,2,False
1,2026-06-29T17:00:00Z,2026-06-29T20:00:00+03:00,0,0,0,False
1,2026-06-29T18:00:00Z,2026-06-29T21:00:00+03:00,0,0,0,False
1,2026-06-29T19:00:00Z,2026-06-29T22:00:00+03:00,0,0,0,False
1,2026-06-29T20:00:00Z,2026-06-29T23:00:00+03:00,0,0,0,False
1,2026-06-29T21:00:00Z,2026-06-30T00:00:00+03:00,0,0,0,False
1,2026-06-29T22:00:00Z,2026-06-30T01:00:00+03:00,0,0,0,False
1,2026-06-29T23:00:00Z,2026-06-30T02:00:00+03:00,0,0,0,False
1,2026-06-30T00:00:00Z,2026-06-30T03:00:00+03:00,0,0,0,False
1,2026-06-30T01:00:00Z,2026-06-30T04:00:00+03:00,0,0,0,False
1,2026-06-30T02:00:00Z,2026-06-30T05:00:00+03:00,0,0,0,False
1,2026-06-30T03:00:00Z,2026-06-30T06:00:00+03:00,0,0,0,False
1,2026-06-30T04:00:00Z,2026-06-30T07:00:00+03:00,2,2,4,False
1,2026-06-30T05:00:00Z,2026-06-30T08:00:00+03:00,2,2,4,False
1,2026-06-30T06:00:00Z,2026-06-30T09:00:00+03:00,0,0,0,False
1,2026-06-30T07:00:00Z,2026-06-30T10:00:00+03:00,2,2,4,False
1,2026-06-30T08:00:00Z,2026-06-30T11:00:00+03:00,23,17,40,False
1,2026-06-30T09:00:00Z,2026-06-30T12:00:00+03:00,20,19,39,False
1,2026-06-30T10:00:00Z,2026-06-30T13:00:00+03:00,22,26,48,False
1,2026-06-30T11:00:00Z,2026-06-30T14:00:00+03:00,24,21,45,False
1,2026-06-30T12:00:00Z,2026-06-30T15:00:00+03:00,29,34,63,False
1,2026-06-30T13:00:00Z,2026-06-30T16:00:00+03:00,23,19,42,False
1,2026-06-30T14:00:00Z,2026-06-30T17:00:00+03:00,27,22,49,False
1,2026-06-30T15:00:00Z,2026-06-30T18:00:00+03:00,10,22,32,False
1,2026-06-30T16:00:00Z,2026-06-30T19:00:00+03:00,1,3,4,False
1,2026-06-30T17:00:00Z,2026-06-30T20:00:00+03:00,0,0,0,False
1,2026-06-30T18:00:00Z,2026-06-30T21:00:00+03:00,0,0,0,False
1,2026-06-30T19:00:00Z,2026-06-30T22:00:00+03:00,0,0,0,False
1,2026-06-30T20:00:00Z,2026-06-30T23:00:00+03:00,0,0,0,False
1,2026-06-30T21:00:00Z,2026-07-01T00:00:00+03:00,0,0,0,False
1,2026-06-30T22:00:00Z,2026-07-01T01:00:00+03:00,0,0,0,False
1,2026-06-30T23:00:00Z,2026-07-01T02:00:00+03:00,0,0,0,False
1,2026-07-01T00:00:00Z,2026-07-01T03:00:00+03:00,0,0,0,False
1,2026-07-01T01:00:00Z,2026-07-01T04:00:00+03:00,0,0,0,False
1,2026-07-01T02:00:00Z,2026-07-01T05:00:00+03:00,0,0,0,False
1,2026-07-01T03:00:00Z,2026-07-01T06:00:00+03:00,0,0,0,False
1,2026-07-01T04:00:00Z,2026-07-01T07:00:00+03:00,1,1,2,False
1,2026-07-01T05:00:00Z,2026-07-01T08:00:00+03:00,0,0,0,False
1,2026-07-01T06:00:00Z,2026-07-01T09:00:00+03:00,2,2,4,False
1,2026-07-01T07:00:00Z,2026-07-01T10:00:00+03:00,4,2,6,False
1,2026-07-01T08:00:00Z,2026-07-01T11:00:00+03:00,26,16,42,False
1,2026-07-01T09:00:00Z,2026-07-01T12:00:00+03:00,28,38,66,False
1,2026-07-01T10:00:00Z,2026-07-01T13:00:00+03:00,21,20,41,False
1,2026-07-01T11:00:00Z,2026-07-01T14:00:00+03:00,25,18,43,False
1,2026-07-01T12:00:00Z,2026-07-01T15:00:00+03:00,17,25,42,False
1,2026-07-01T13:00:00Z,2026-07-01T16:00:00+03:00,22,13,35,False
1,2026-07-01T14:00:00Z,2026-07-01T17:00:00+03:00,18,24,42,False
1,2026-07-01T15:00:00Z,2026-07-01T18:00:00+03:00,2,8,10,False
1,2026-07-01T16:00:00Z,2026-07-01T19:00:00+03:00,0,0,0,False
1,2026-07-01T17:00:00Z,2026-07-01T20:00:00+03:00,0,0,0,False
1,2026-07-01T18:00:00Z,2026-07-01T21:00:00+03:00,0,0,0,False
1,2026-07-01T19:00:00Z,2026-07-01T22:00:00+03:00,0,0,0,False
1,2026-07-01T20:00:00Z,2026-07-01T23:00:00+03:00,0,0,0,False
1,2026-07-01T21:00:00Z,2026-07-02T00:00:00+03:00,0,0,0,False
1,2026-07-01T22:00:00Z,2026-07-02T01:00:00+03:00,0,0,0,False
1,2026-07-01T23:00:00Z,2026-07-02T02:00:00+03:00,0,0,0,False
1,2026-07-02T00:00:00Z,2026-07-02T03:00:00+03:00,0,0,0,False
1,2026-07-02T01:00:00Z,2026-07-02T04:00:00+03:00,0,0,0,False
1,2026-07-02T02:00:00Z,2026-07-02T05:00:00+03:00,0,0,0,False
1,2026-07-02T03:00:00Z,2026-07-02T06:00:00+03:00,1,1,2,False
1,2026-07-02T04:00:00Z,2026-07-02T07:00:00+03:00,4,4,8,False
1,2026-07-02T05:00:00Z,2026-07-02T08:00:00+03:00,0,0,0,False
1,2026-07-02T06:00:00Z,2026-07-02T09:00:00+03:00,0,0,0,False
1,2026-07-02T07:00:00Z,2026-07-02T10:00:00+03:00,3,3,6,False
1,2026-07-02T08:00:00Z,2026-07-02T11:00:00+03:00,36,22,58,False
1,2026-07-02T09:00:00Z,2026-07-02T12:00:00+03:00,12,20,32,False
1,2026-07-02T10:00:00Z,2026-07-02T13:00:00+03:00,48,35,83,False
1,2026-07-02T11:00:00Z,2026-07-02T14:00:00+03:00,22,41,63,False
1,2026-07-02T12:00:00Z,2026-07-02T15:00:00+03:00,28,19,47,False
1,2026-07-02T13:00:00Z,2026-07-02T16:00:00+03:00,32,37,69,False
1,2026-07-02T14:00:00Z,2026-07-02T17:00:00+03:00,27,13,40,False
1,2026-07-02T15:00:00Z,2026-07-02T18:00:00+03:00,13,26,39,False
1,2026-07-02T16:00:00Z,2026-07-02T19:00:00+03:00,1,5,6,False
1,2026-07-02T17:00:00Z,2026-07-02T20:00:00+03:00,0,0,0,False
1,2026-07-02T18:00:00Z,2026-07-02T21:00:00+03:00,0,0,0,False
1,2026-07-02T19:00:00Z,2026-07-02T22:00:00+03:00,0,0,0,False
1,2026-07-02T20:00:00Z,2026-07-02T23:00:00+03:00,0,0,0,False
1,2026-07-02T21:00:00Z,2026-07-03T00:00:00+03:00,0,0,0,False
1,2026-07-02T22:00:00Z,2026-07-03T01:00:00+03:00,0,0,0,False
1,2026-07-02T23:00:00Z,2026-07-03T02:00:00+03:00,0,0,0,False
1,2026-07-03T00:00:00Z,2026-07-03T03:00:00+03:00,0,0,0,False
1,2026-07-03T01:00:00Z,2026-07-03T04:00:00+03:00,0,0,0,False
1,2026-07-03T02:00:00Z,2026-07-03T05:00:00+03:00,0,0,0,False
1,2026-07-03T03:00:00Z,2026-07-03T06:00:00+03:00,0,0,0,False
1,2026-07-03T04:00:00Z,2026-07-03T07:00:00+03:00,13,13,26,False
1,2026-07-03T05:00:00Z,2026-07-03T08:00:00+03:00,1,1,2,False
1,2026-07-03T06:00:00Z,2026-07-03T09:00:00+03:00,0,0,0,False
1,2026-07-03T07:00:00Z,2026-07-03T10:00:00+03:00,6,1,7,False
1,2026-07-03T08:00:00Z,2026-07-03T11:00:00+03:00,22,18,40,False
1,2026-07-03T09:00:00Z,2026-07-03T12:00:00+03:00,15,15,30,False
1,2026-07-03T10:00:00Z,2026-07-03T13:00:00+03:00,21,20,41,False
1,2026-07-03T11:00:00Z,2026-07-03T14:00:00+03:00,28,21,49,False
1,2026-07-03T12:00:00Z,2026-07-03T15:00:00+03:00,33,36,69,False
1,2026-07-03T13:00:00Z,2026-07-03T16:00:00+03:00,33,38,71,False
1,2026-07-03T14:00:00Z,2026-07-03T17:00:00+03:00,26,31,57,False
1,2026-07-03T15:00:00Z,2026-07-03T18:00:00+03:00,15,15,30,False
1,2026-07-03T16:00:00Z,2026-07-03T19:00:00+03:00,4,8,12,False
1,2026-07-03T17:00:00Z,2026-07-03T20:00:00+03:00,0,0,0,False
1,2026-07-03T18:00:00Z,2026-07-03T21:00:00+03:00,0,0,0,False
1,2026-07-03T19:00:00Z,2026-07-03T22:00:00+03:00,0,0,0,False
1,2026-07-03T20:00:00Z,2026-07-03T23:00:00+03:00,0,0,0,False
1,2026-07-03T21:00:00Z,2026-07-04T00:00:00+03:00,0,0,0,False
1,2026-07-03T22:00:00Z,2026-07-04T01:00:00+03:00,0,0,0,False
1,2026-07-03T23:00:00Z,2026-07-04T02:00:00+03:00,0,0,0,False
1,2026-07-04T00:00:00Z,2026-07-04T03:00:00+03:00,0,0,0,False
1,2026-07-04T01:00:00Z,2026-07-04T04:00:00+03:00,0,0,0,False
1,2026-07-04T02:00:00Z,2026-07-04T05:00:00+03:00,0,0,0,False
1,2026-07-04T03:00:00Z,2026-07-04T06:00:00+03:00,0,0,0,False
1,2026-07-04T04:00:00Z,2026-07-04T07:00:00+03:00,0,0,0,False
1,2026-07-04T05:00:00Z,2026-07-04T08:00:00+03:00,3,3,6,False
1,2026-07-04T06:00:00Z,2026-07-04T09:00:00+03:00,0,0,0,False
1,2026-07-04T07:00:00Z,2026-07-04T10:00:00+03:00,4,4,8,False
1,2026-07-04T08:00:00Z,2026-07-04T11:00:00+03:00,39,30,69,False
1,2026-07-04T09:00:00Z,2026-07-04T12:00:00+03:00,17,15,32,False
1,2026-07-04T10:00:00Z,2026-07-04T13:00:00+03:00,19,18,37,False
1,2026-07-04T11:00:00Z,2026-07-04T14:00:00+03:00,31,34,65,False
1,2026-07-04T12:00:00Z,2026-07-04T15:00:00+03:00,28,31,59,False
1,2026-07-04T13:00:00Z,2026-07-04T16:00:00+03:00,37,35,72,False
1,2026-07-04T14:00:00Z,2026-07-04T17:00:00+03:00,12,14,26,False
1,2026-07-04T15:00:00Z,2026-07-04T18:00:00+03:00,15,14,29,False
1,2026-07-04T16:00:00Z,2026-07-04T19:00:00+03:00,2,7,9,False
1,2026-07-04T17:00:00Z,2026-07-04T20:00:00+03:00,0,0,0,False
1,2026-07-04T18:00:00Z,2026-07-04T21:00:00+03:00,0,0,0,False
1,2026-07-04T19:00:00Z,2026-07-04T22:00:00+03:00,0,0,0,False
1,2026-07-04T20:00:00Z,2026-07-04T23:00:00+03:00,0,0,0,False
1,2026-07-04T21:00:00Z,2026-07-05T00:00:00+03:00,0,0,0,False
1,2026-07-04T22:00:00Z,2026-07-05T01:00:00+03:00,0,0,0,False
1,2026-07-04T23:00:00Z,2026-07-05T02:00:00+03:00,0,0,0,False
1,2026-07-05T00:00:00Z,2026-07-05T03:00:00+03:00,0,0,0,False
1,2026-07-05T01:00:00Z,2026-07-05T04:00:00+03:00,0,0,0,False
1,2026-07-05T02:00:00Z,2026-07-05T05:00:00+03:00,0,0,0,False
1,2026-07-05T03:00:00Z,2026-07-05T06:00:00+03:00,0,0,0,False
1,2026-07-05T04:00:00Z,2026-07-05T07:00:00+03:00,0,0,0,False
1,2026-07-05T05:00:00Z,2026-07-05T08:00:00+03:00,3,3,6,False
1,2026-07-05T06:00:00Z,2026-07-05T09:00:00+03:00,1,1,2,False
1,2026-07-05T07:00:00Z,2026-07-05T10:00:00+03:00,5,5,10,False
1,2026-07-05T08:00:00Z,2026-07-05T11:00:00+03:00,41,23,64,False
1,2026-07-05T09:00:00Z,2026-07-05T12:00:00+03:00,27,31,58,False
1,2026-07-05T10:00:00Z,2026-07-05T13:00:00+03:00,24,26,50,False
1,2026-07-05T11:00:00Z,2026-07-05T14:00:00+03:00,16,19,35,False
1,2026-07-05T12:00:00Z,2026-07-05T15:00:00+03:00,22,19,41,False
1,2026-07-05T13:00:00Z,2026-07-05T16:00:00+03:00,27,28,55,False
1,2026-07-05T14:00:00Z,2026-07-05T17:00:00+03:00,7,15,22,False
1,2026-07-05T15:00:00Z,2026-07-05T18:00:00+03:00,1,1,2,False
1,2026-07-05T16:00:00Z,2026-07-05T19:00:00+03:00,0,0,0,False
1,2026-07-05T17:00:00Z,2026-07-05T20:00:00+03:00,0,0,0,False
1,2026-07-05T18:00:00Z,2026-07-05T21:00:00+03:00,0,0,0,False
1,2026-07-05T19:00:00Z,2026-07-05T22:00:00+03:00,0,0,0,False
1,2026-07-05T20:00:00Z,2026-07-05T23:00:00+03:00,0,0,0,False
1,2026-07-05T21:00:00Z,2026-07-06T00:00:00+03:00,0,0,0,False
1,2026-07-05T22:00:00Z,2026-07-06T01:00:00+03:00,0,0,0,False
1,2026-07-05T23:00:00Z,2026-07-06T02:00:00+03:00,0,0,0,False
1,2026-07-06T00:00:00Z,2026-07-06T03:00:00+03:00,0,0,0,False
1,2026-07-06T01:00:00Z,2026-07-06T04:00:00+03:00,0,0,0,False
1,2026-07-06T02:00:00Z,2026-07-06T05:00:00+03:00,0,0,0,False
1,2026-07-06T03:00:00Z,2026-07-06T06:00:00+03:00,0,0,0,False
1,2026-07-06T04:00:00Z,2026-07-06T07:00:00+03:00,3,3,6,False
1,2026-07-06T05:00:00Z,2026-07-06T08:00:00+03:00,1,1,2,False
1,2026-07-06T06:00:00Z,2026-07-06T09:00:00+03:00,1,1,2,False
1,2026-07-06T07:00:00Z,2026-07-06T10:00:00+03:00,1,1,2,False
1,2026-07-06T08:00:00Z,2026-07-06T11:00:00+03:00,70,50,120,False
1,2026-07-06T09:00:00Z,2026-07-06T12:00:00+03:00,40,42,82,False
1,2026-07-06T10:00:00Z,2026-07-06T13:00:00+03:00,74,65,139,False
1,2026-07-06T11:00:00Z,2026-07-06T14:00:00+03:00,57,66,123,False
1,2026-07-06T12:00:00Z,2026-07-06T15:00:00+03:00,43,47,90,False
1,2026-07-06T13:00:00Z,2026-07-06T16:00:00+03:00,39,42,81,False
1,2026-07-06T14:00:00Z,2026-07-06T17:00:00+03:00,39,41,80,False
1,2026-07-06T15:00:00Z,2026-07-06T18:00:00+03:00,8,19,27,False
1,2026-07-06T16:00:00Z,2026-07-06T19:00:00+03:00,0,1,1,False
1,2026-07-06T17:00:00Z,2026-07-06T20:00:00+03:00,0,0,0,False
1,2026-07-06T18:00:00Z,2026-07-06T21:00:00+03:00,0,0,0,False
1,2026-07-06T19:00:00Z,2026-07-06T22:00:00+03:00,0,0,0,False
1,2026-07-06T20:00:00Z,2026-07-06T23:00:00+03:00,0,0,0,False
1,2026-07-06T21:00:00Z,2026-07-07T00:00:00+03:00,0,0,0,False
1,2026-07-06T22:00:00Z,2026-07-07T01:00:00+03:00,0,0,0,False
1,2026-07-06T23:00:00Z,2026-07-07T02:00:00+03:00,0,0,0,False
1,2026-07-07T00:00:00Z,2026-07-07T03:00:00+03:00,0,0,0,False
1,2026-07-07T01:00:00Z,2026-07-07T04:00:00+03:00,0,0,0,False
1,2026-07-07T02:00:00Z,2026-07-07T05:00:00+03:00,0,0,0,False
1,2026-07-07T03:00:00Z,2026-07-07T06:00:00+03:00,0,0,0,False
1,2026-07-07T04:00:00Z,2026-07-07T07:00:00+03:00,3,3,6,False
1,2026-07-07T05:00:00Z,2026-07-07T08:00:00+03:00,2,2,4,False
1,2026-07-07T06:00:00Z,2026-07-07T09:00:00+03:00,0,0,0,False
1,2026-07-07T07:00:00Z,2026-07-07T10:00:00+03:00,1,1,2,False
1,2026-07-07T08:00:00Z,2026-07-07T11:00:00+03:00,60,42,102,False
1,2026-07-07T09:00:00Z,2026-07-07T12:00:00+03:00,55,50,105,False
1,2026-07-07T10:00:00Z,2026-07-07T13:00:00+03:00,54,59,113,False
1,2026-07-07T11:00:00Z,2026-07-07T14:00:00+03:00,65,56,121,False
1,2026-07-07T12:00:00Z,2026-07-07T15:00:00+03:00,50,67,117,False
1,2026-07-07T13:00:00Z,2026-07-07T16:00:00+03:00,29,30,59,False
1,2026-07-07T14:00:00Z,2026-07-07T17:00:00+03:00,38,37,75,False
1,2026-07-07T15:00:00Z,2026-07-07T18:00:00+03:00,24,37,61,False
1,2026-07-07T16:00:00Z,2026-07-07T19:00:00+03:00,0,0,0,False
1,2026-07-07T17:00:00Z,2026-07-07T20:00:00+03:00,0,0,0,False
1,2026-07-07T18:00:00Z,2026-07-07T21:00:00+03:00,0,0,0,False
1,2026-07-07T19:00:00Z,2026-07-07T22:00:00+03:00,0,0,0,False
1,2026-07-07T20:00:00Z,2026-07-07T23:00:00+03:00,0,0,0,False
1,2026-07-07T21:00:00Z,2026-07-08T00:00:00+03:00,0,0,0,False
1,2026-07-07T22:00:00Z,2026-07-08T01:00:00+03:00,0,0,0,False
1,2026-07-07T23:00:00Z,2026-07-08T02:00:00+03:00,0,0,0,False
1,2026-07-08T00:00:00Z,2026-07-08T03:00:00+03:00,0,0,0,False
1,2026-07-08T01:00:00Z,2026-07-08T04:00:00+03:00,0,0,0,False
1,2026-07-08T02:00:00Z,2026-07-08T05:00:00+03:00,0,0,0,False
1,2026-07-08T03:00:00Z,2026-07-08T06:00:00+03:00,0,0,0,False
1,2026-07-08T04:00:00Z,2026-07-08T07:00:00+03:00,1,1,2,False
1,2026-07-08T05:00:00Z,2026-07-08T08:00:00+03:00,1,1,2,False
1,2026-07-08T06:00:00Z,2026-07-08T09:00:00+03:00,2,2,4,False
1,2026-07-08T07:00:00Z,2026-07-08T10:00:00+03:00,2,2,4,False
1,2026-07-08T08:00:00Z,2026-07-08T11:00:00+03:00,37,25,62,False
1,2026-07-08T09:00:00Z,2026-07-08T12:00:00+03:00,39,35,74,False
1,2026-07-08T10:00:00Z,2026-07-08T13:00:00+03:00,51,45,96,False
1,2026-07-08T11:00:00Z,2026-07-08T14:00:00+03:00,53,63,116,False
1,2026-07-08T12:00:00Z,2026-07-08T15:00:00+03:00,40,45,85,False
1,2026-07-08T13:00:00Z,2026-07-08T16:00:00+03:00,29,28,57,False
1,2026-07-08T14:00:00Z,2026-07-08T17:00:00+03:00,12,25,37,False
1,2026-07-08T15:00:00Z,2026-07-08T18:00:00+03:00,39,40,79,False
1,2026-07-08T16:00:00Z,2026-07-08T19:00:00+03:00,0,0,0,False
1,2026-07-08T17:00:00Z,2026-07-08T20:00:00+03:00,0,0,0,False
1,2026-07-08T18:00:00Z,2026-07-08T21:00:00+03:00,0,0,0,False
1,2026-07-08T19:00:00Z,2026-07-08T22:00:00+03:00,0,0,0,False
1,2026-07-08T20:00:00Z,2026-07-08T23:00:00+03:00,0,0,0,False
1,2026-07-08T21:00:00Z,2026-07-09T00:00:00+03:00,0,0,0,False
1,2026-07-08T22:00:00Z,2026-07-09T01:00:00+03:00,0,0,0,False
1,2026-07-08T23:00:00Z,2026-07-09T02:00:00+03:00,0,0,0,False
1,2026-07-09T00:00:00Z,2026-07-09T03:00:00+03:00,0,0,0,False
1,2026-07-09T01:00:00Z,2026-07-09T04:00:00+03:00,0,0,0,False
1,2026-07-09T02:00:00Z,2026-07-09T05:00:00+03:00,0,0,0,False
1,2026-07-09T03:00:00Z,2026-07-09T06:00:00+03:00,0,0,0,False
1,2026-07-09T04:00:00Z,2026-07-09T07:00:00+03:00,4,4,8,False
1,2026-07-09T05:00:00Z,2026-07-09T08:00:00+03:00,0,0,0,False
1,2026-07-09T06:00:00Z,2026-07-09T09:00:00+03:00,0,0,0,False
1,2026-07-09T07:00:00Z,2026-07-09T10:00:00+03:00,2,2,4,False
1,2026-07-09T08:00:00Z,2026-07-09T11:00:00+03:00,52,31,83,False
1,2026-07-09T09:00:00Z,2026-07-09T12:00:00+03:00,41,48,89,False
1,2026-07-09T10:00:00Z,2026-07-09T13:00:00+03:00,34,44,78,False
1,2026-07-09T11:00:00Z,2026-07-09T14:00:00+03:00,40,30,70,False
1,2026-07-09T12:00:00Z,2026-07-09T15:00:00+03:00,28,31,59,False
1,2026-07-09T13:00:00Z,2026-07-09T16:00:00+03:00,11,20,31,False
1,2026-07-09T14:00:00Z,2026-07-09T17:00:00+03:00,20,17,37,False
1,2026-07-09T15:00:00Z,2026-07-09T18:00:00+03:00,14,22,36,False
1,2026-07-09T16:00:00Z,2026-07-09T19:00:00+03:00,0,2,2,False
1,2026-07-09T17:00:00Z,2026-07-09T20:00:00+03:00,0,0,0,False
1,2026-07-09T18:00:00Z,2026-07-09T21:00:00+03:00,0,0,0,False
1,2026-07-09T19:00:00Z,2026-07-09T22:00:00+03:00,0,0,0,False
1,2026-07-09T20:00:00Z,2026-07-09T23:00:00+03:00,0,0,0,False
1,2026-07-09T21:00:00Z,2026-07-10T00:00:00+03:00,0,0,0,False
1,2026-07-09T22:00:00Z,2026-07-10T01:00:00+03:00,0,0,0,False
1,2026-07-09T23:00:00Z,2026-07-10T02:00:00+03:00,0,0,0,False
1,2026-07-10T00:00:00Z,2026-07-10T03:00:00+03:00,0,0,0,False
1,2026-07-10T01:00:00Z,2026-07-10T04:00:00+03:00,0,0,0,False
1,2026-07-10T02:00:00Z,2026-07-10T05:00:00+03:00,0,0,0,False
1,2026-07-10T03:00:00Z,2026-07-10T06:00:00+03:00,0,0,0,False
1,2026-07-10T04:00:00Z,2026-07-10T07:00:00+03:00,7,7,14,False
1,2026-07-10T05:00:00Z,2026-07-10T08:00:00+03:00,0,0,0,False
1,2026-07-10T06:00:00Z,2026-07-10T09:00:00+03:00,0,0,0,False
1,2026-07-10T07:00:00Z,2026-07-10T10:00:00+03:00,1,2,3,False
1,2026-07-10T08:00:00Z,2026-07-10T11:00:00+03:00,23,13,36,False
1,2026-07-10T09:00:00Z,2026-07-10T12:00:00+03:00,20,23,43,False
1,2026-07-10T10:00:00Z,2026-07-10T13:00:00+03:00,26,23,49,False
1,2026-07-10T11:00:00Z,2026-07-10T14:00:00+03:00,29,29,58,False
1,2026-07-10T12:00:00Z,2026-07-10T15:00:00+03:00,16,24,40,False
1,2026-07-10T13:00:00Z,2026-07-10T16:00:00+03:00,12,9,21,False
1,2026-07-10T14:00:00Z,2026-07-10T17:00:00+03:00,28,22,50,False
1,2026-07-10T15:00:00Z,2026-07-10T18:00:00+03:00,18,29,47,False
1,2026-07-10T16:00:00Z,2026-07-10T19:00:00+03:00,1,1,2,False
1,2026-07-10T17:00:00Z,2026-07-10T20:00:00+03:00,0,0,0,False
1,2026-07-10T18:00:00Z,2026-07-10T21:00:00+03:00,0,0,0,False
1,2026-07-10T19:00:00Z,2026-07-10T22:00:00+03:00,0,0,0,False
1,2026-07-10T20:00:00Z,2026-07-10T23:00:00+03:00,0,0,0,False
1,2026-07-10T21:00:00Z,2026-07-11T00:00:00+03:00,0,0,0,False
1,2026-07-10T22:00:00Z,2026-07-11T01:00:00+03:00,0,0,0,False
1,2026-07-10T23:00:00Z,2026-07-11T02:00:00+03:00,0,0,0,False
1,2026-07-11T00:00:00Z,2026-07-11T03:00:00+03:00,0,0,0,False
1,2026-07-11T01:00:00Z,2026-07-11T04:00:00+03:00,0,0,0,False
1,2026-07-11T02:00:00Z,2026-07-11T05:00:00+03:00,0,0,0,False
1,2026-07-11T03:00:00Z,2026-07-11T06:00:00+03:00,0,0,0,False
1,2026-07-11T04:00:00Z,2026-07-11T07:00:00+03:00,0,0,0,False
1,2026-07-11T05:00:00Z,2026-07-11T08:00:00+03:00,3,3,6,False
1,2026-07-11T06:00:00Z,2026-07-11T09:00:00+03:00,1,1,2,False
1,2026-07-11T07:00:00Z,2026-07-11T10:00:00+03:00,2,2,4,False
1,2026-07-11T08:00:00Z,2026-07-11T11:00:00+03:00,30,13,43,False
1,2026-07-11T09:00:00Z,2026-07-11T12:00:00+03:00,50,54,104,False
1,2026-07-11T10:00:00Z,2026-07-11T13:00:00+03:00,36,40,76,False
1,2026-07-11T11:00:00Z,2026-07-11T14:00:00+03:00,26,12,38,False
1,2026-07-11T12:00:00Z,2026-07-11T15:00:00+03:00,28,36,64,False
1,2026-07-11T13:00:00Z,2026-07-11T16:00:00+03:00,21,30,51,False
1,2026-07-11T14:00:00Z,2026-07-11T17:00:00+03:00,19,18,37,False
1,2026-07-11T15:00:00Z,2026-07-11T18:00:00+03:00,10,8,18,False
1,2026-07-11T16:00:00Z,2026-07-11T19:00:00+03:00,3,11,14,False
1,2026-07-11T17:00:00Z,2026-07-11T20:00:00+03:00,0,0,0,False
1,2026-07-11T18:00:00Z,2026-07-11T21:00:00+03:00,0,0,0,False
1,2026-07-11T19:00:00Z,2026-07-11T22:00:00+03:00,0,0,0,False
1,2026-07-11T20:00:00Z,2026-07-11T23:00:00+03:00,0,0,0,False
1,2026-07-11T21:00:00Z,2026-07-12T00:00:00+03:00,0,0,0,False
1,2026-07-11T22:00:00Z,2026-07-12T01:00:00+03:00,0,0,0,False
1,2026-07-11T23:00:00Z,2026-07-12T02:00:00+03:00,0,0,0,False
1,2026-07-12T00:00:00Z,2026-07-12T03:00:00+03:00,0,0,0,False
1,2026-07-12T01:00:00Z,2026-07-12T04:00:00+03:00,0,0,0,False
1,2026-07-12T02:00:00Z,2026-07-12T05:00:00+03:00,0,0,0,False
1,2026-07-12T03:00:00Z,2026-07-12T06:00:00+03:00,0,0,0,False
1,2026-07-12T04:00:00Z,2026-07-12T07:00:00+03:00,0,0,0,False
1,2026-07-12T05:00:00Z,2026-07-12T08:00:00+03:00,3,3,6,False
1,2026-07-12T06:00:00Z,2026-07-12T09:00:00+03:00,1,1,2,False
1,2026-07-12T07:00:00Z,2026-07-12T10:00:00+03:00,2,2,4,False
1,2026-07-12T08:00:00Z,2026-07-12T11:00:00+03:00,21,11,32,False
1,2026-07-12T09:00:00Z,2026-07-12T12:00:00+03:00,37,32,69,False
1,2026-07-12T10:00:00Z,2026-07-12T13:00:00+03:00,25,28,53,False
1,2026-07-12T11:00:00Z,2026-07-12T14:00:00+03:00,38,33,71,False
1,2026-07-12T12:00:00Z,2026-07-12T15:00:00+03:00,28,32,60,False
1,2026-07-12T13:00:00Z,2026-07-12T16:00:00+03:00,20,25,45,False
1,2026-07-12T14:00:00Z,2026-07-12T17:00:00+03:00,18,22,40,False
1,2026-07-12T15:00:00Z,2026-07-12T18:00:00+03:00,0,5,5,False
1,2026-07-12T16:00:00Z,2026-07-12T19:00:00+03:00,0,0,0,False
1,2026-07-12T17:00:00Z,2026-07-12T20:00:00+03:00,0,0,0,False
1,2026-07-12T18:00:00Z,2026-07-12T21:00:00+03:00,0,0,0,False
1,2026-07-12T19:00:00Z,2026-07-12T22:00:00+03:00,0,0,0,False
1,2026-07-12T20:00:00Z,2026-07-12T23:00:00+03:00,0,0,0,False
1,2026-07-12T21:00:00Z,2026-07-13T00:00:00+03:00,0,0,0,False
1,2026-07-12T22:00:00Z,2026-07-13T01:00:00+03:00,0,0,0,False
1,2026-07-12T23:00:00Z,2026-07-13T02:00:00+03:00,0,0,0,False
1,2026-07-13T00:00:00Z,2026-07-13T03:00:00+03:00,0,0,0,False
1,2026-07-13T01:00:00Z,2026-07-13T04:00:00+03:00,0,0,0,False
1,2026-07-13T02:00:00Z,2026-07-13T05:00:00+03:00,0,0,0,False
1,2026-07-13T03:00:00Z,2026-07-13T06:00:00+03:00,0,0,0,False
1,2026-07-13T04:00:00Z,2026-07-13T07:00:00+03:00,3,4,7,False
1,2026-07-13T05:00:00Z,2026-07-13T08:00:00+03:00,1,1,2,False
1,2026-07-13T06:00:00Z,2026-07-13T09:00:00+03:00,1,1,2,False
1,2026-07-13T07:00:00Z,2026-07-13T10:00:00+03:00,2,3,5,False
1,2026-07-13T08:00:00Z,2026-07-13T11:00:00+03:00,50,29,79,False
1,2026-07-13T09:00:00Z,2026-07-13T12:00:00+03:00,49,44,93,False
1,2026-07-13T10:00:00Z,2026-07-13T13:00:00+03:00,32,46,78,False
1,2026-07-13T11:00:00Z,2026-07-13T14:00:00+03:00,46,32,78,False
1,2026-07-13T12:00:00Z,2026-07-13T15:00:00+03:00,31,41,72,False
1,2026-07-13T13:00:00Z,2026-07-13T16:00:00+03:00,29,38,67,False
1,2026-07-13T14:00:00Z,2026-07-13T17:00:00+03:00,24,27,51,False
1,2026-07-13T15:00:00Z,2026-07-13T18:00:00+03:00,17,22,39,False
1,2026-07-13T16:00:00Z,2026-07-13T19:00:00+03:00,0,0,0,False
1,2026-07-13T17:00:00Z,2026-07-13T20:00:00+03:00,0,0,0,False
1,2026-07-13T18:00:00Z,2026-07-13T21:00:00+03:00,0,0,0,False
1,2026-07-13T19:00:00Z,2026-07-13T22:00:00+03:00,0,0,0,False
1,2026-07-13T20:00:00Z,2026-07-13T23:00:00+03:00,0,0,0,False
1,2026-07-13T21:00:00Z,2026-07-14T00:00:00+03:00,0,0,0,False
1,2026-07-13T22:00:00Z,2026-07-14T01:00:00+03:00,0,0,0,False
1,2026-07-13T23:00:00Z,2026-07-14T02:00:00+03:00,0,0,0,False
1,2026-07-14T00:00:00Z,2026-07-14T03:00:00+03:00,0,0,0,False
1,2026-07-14T01:00:00Z,2026-07-14T04:00:00+03:00,0,0,0,False
1,2026-07-14T02:00:00Z,2026-07-14T05:00:00+03:00,0,0,0,False
1,2026-07-14T03:00:00Z,2026-07-14T06:00:00+03:00,0,0,0,False
1,2026-07-14T04:00:00Z,2026-07-14T07:00:00+03:00,3,3,6,False
1,2026-07-14T05:00:00Z,2026-07-14T08:00:00+03:00,2,2,4,False
1,2026-07-14T06:00:00Z,2026-07-14T09:00:00+03:00,0,0,0,False
1,2026-07-14T07:00:00Z,2026-07-14T10:00:00+03:00,1,1,2,False
1,2026-07-14T08:00:00Z,2026-07-14T11:00:00+03:00,55,25,80,False
1,2026-07-14T09:00:00Z,2026-07-14T12:00:00+03:00,60,68,128,False
1,2026-07-14T10:00:00Z,2026-07-14T13:00:00+03:00,40,41,81,False
1,2026-07-14T11:00:00Z,2026-07-14T14:00:00+03:00,26,41,67,False
1,2026-07-14T12:00:00Z,2026-07-14T15:00:00+03:00,39,26,65,False
1,2026-07-14T13:00:00Z,2026-07-14T16:00:00+03:00,44,44,88,False
1,2026-07-14T14:00:00Z,2026-07-14T17:00:00+03:00,26,29,55,False
1,2026-07-14T15:00:00Z,2026-07-14T18:00:00+03:00,17,35,52,False
1,2026-07-14T16:00:00Z,2026-07-14T19:00:00+03:00,0,0,0,False
1,2026-07-14T17:00:00Z,2026-07-14T20:00:00+03:00,0,0,0,False
1,2026-07-14T18:00:00Z,2026-07-14T21:00:00+03:00,0,0,0,False
1,2026-07-14T19:00:00Z,2026-07-14T22:00:00+03:00,0,0,0,False
1,2026-07-14T20:00:00Z,2026-07-14T23:00:00+03:00,0,0,0,False
1,2026-07-14T21:00:00Z,2026-07-15T00:00:00+03:00,0,0,0,False
1,2026-07-14T22:00:00Z,2026-07-15T01:00:00+03:00,0,0,0,False
1,2026-07-14T23:00:00Z,2026-07-15T02:00:00+03:00,0,0,0,False
1,2026-07-15T00:00:00Z,2026-07-15T03:00:00+03:00,0,0,0,False
1,2026-07-15T01:00:00Z,2026-07-15T04:00:00+03:00,0,0,0,False
1,2026-07-15T02:00:00Z,2026-07-15T05:00:00+03:00,0,0,0,False
1,2026-07-15T03:00:00Z,2026-07-15T06:00:00+03:00,0,0,0,False
1,2026-07-15T04:00:00Z,2026-07-15T07:00:00+03:00,1,0,1,False
1,2026-07-15T05:00:00Z,2026-07-15T08:00:00+03:00,0,0,0,False
1,2026-07-15T06:00:00Z,2026-07-15T09:00:00+03:00,2,2,4,False
1,2026-07-15T07:00:00Z,2026-07-15T10:00:00+03:00,1,1,2,False
1,2026-07-15T08:00:00Z,2026-07-15T11:00:00+03:00,45,21,66,False
1,2026-07-15T09:00:00Z,2026-07-15T12:00:00+03:00,69,64,133,False
1,2026-07-15T10:00:00Z,2026-07-15T13:00:00+03:00,50,53,103,False
1,2026-07-15T11:00:00Z,2026-07-15T14:00:00+03:00,70,70,140,False
1,2026-07-15T12:00:00Z,2026-07-15T15:00:00+03:00,43,52,95,False
1,2026-07-15T13:00:00Z,2026-07-15T16:00:00+03:00,38,35,73,False
1,2026-07-15T14:00:00Z,2026-07-15T17:00:00+03:00,21,38,59,False
1,2026-07-15T15:00:00Z,2026-07-15T18:00:00+03:00,13,12,25,False
1,2026-07-15T16:00:00Z,2026-07-15T19:00:00+03:00,0,2,2,False
1,2026-07-15T17:00:00Z,2026-07-15T20:00:00+03:00,0,0,0,False
1,2026-07-15T18:00:00Z,2026-07-15T21:00:00+03:00,0,0,0,False
1,2026-07-15T19:00:00Z,2026-07-15T22:00:00+03:00,0,0,0,False
1,2026-07-15T20:00:00Z,2026-07-15T23:00:00+03:00,0,0,0,False
1,2026-07-15T21:00:00Z,2026-07-16T00:00:00+03:00,0,0,0,False
1,2026-07-15T22:00:00Z,2026-07-16T01:00:00+03:00,0,0,0,False
1,2026-07-15T23:00:00Z,2026-07-16T02:00:00+03:00,0,0,0,False
1,2026-07-16T00:00:00Z,2026-07-16T03:00:00+03:00,0,0,0,False
1,2026-07-16T01:00:00Z,2026-07-16T04:00:00+03:00,0,0,0,False
1,2026-07-16T02:00:00Z,2026-07-16T05:00:00+03:00,0,0,0,False
1,2026-07-16T03:00:00Z,2026-07-16T06:00:00+03:00,0,0,0,False
1,2026-07-16T04:00:00Z,2026-07-16T07:00:00+03:00,1,1,2,False
1,2026-07-16T05:00:00Z,2026-07-16T08:00:00+03:00,2,2,4,False
1,2026-07-16T06:00:00Z,2026-07-16T09:00:00+03:00,0,0,0,False
1,2026-07-16T07:00:00Z,2026-07-16T10:00:00+03:00,6,3,9,False
1,2026-07-16T08:00:00Z,2026-07-16T11:00:00+03:00,41,24,65,False
1,2026-07-16T09:00:00Z,2026-07-16T12:00:00+03:00,45,37,82,False
1,2026-07-16T10:00:00Z,2026-07-16T13:00:00+03:00,45,47,92,False
1,2026-07-16T11:00:00Z,2026-07-16T14:00:00+03:00,28,36,64,False
1,2026-07-16T12:00:00Z,2026-07-16T15:00:00+03:00,18,29,47,False
1,2026-07-16T13:00:00Z,2026-07-16T16:00:00+03:00,21,16,37,False
1,2026-07-16T14:00:00Z,2026-07-16T17:00:00+03:00,27,27,54,False
1,2026-07-16T15:00:00Z,2026-07-16T18:00:00+03:00,16,25,41,False
1,2026-07-16T16:00:00Z,2026-07-16T19:00:00+03:00,0,2,2,False
1,2026-07-16T17:00:00Z,2026-07-16T20:00:00+03:00,0,0,0,False
1,2026-07-16T18:00:00Z,2026-07-16T21:00:00+03:00,0,0,0,False
1,2026-07-16T19:00:00Z,2026-07-16T22:00:00+03:00,0,0,0,False
1,2026-07-16T20:00:00Z,2026-07-16T23:00:00+03:00,0,0,0,False
1,2026-07-16T21:00:00Z,2026-07-17T00:00:00+03:00,0,0,0,False
1,2026-07-16T22:00:00Z,2026-07-17T01:00:00+03:00,0,0,0,False
1,2026-07-16T23:00:00Z,2026-07-17T02:00:00+03:00,0,0,0,False
1,2026-07-17T00:00:00Z,2026-07-17T03:00:00+03:00,0,0,0,False
1,2026-07-17T01:00:00Z,2026-07-17T04:00:00+03:00,0,0,0,False
1,2026-07-17T02:00:00Z,2026-07-17T05:00:00+03:00,0,0,0,False
1,2026-07-17T03:00:00Z,2026-07-17T06:00:00+03:00,0,0,0,False
1,2026-07-17T04:00:00Z,2026-07-17T07:00:00+03:00,1,1,2,False
1,2026-07-17T05:00:00Z,2026-07-17T08:00:00+03:00,10,10,20,False
1,2026-07-17T06:00:00Z,2026-07-17T09:00:00+03:00,0,0,0,False
1,2026-07-17T07:00:00Z,2026-07-17T10:00:00+03:00,2,2,4,False
1,2026-07-17T08:00:00Z,2026-07-17T11:00:00+03:00,44,31,75,False
1,2026-07-17T09:00:00Z,2026-07-17T12:00:00+03:00,32,28,60,False
1,2026-07-17T10:00:00Z,2026-07-17T13:00:00+03:00,36,33,69,False
1,2026-07-17T11:00:00Z,2026-07-17T14:00:00+03:00,30,36,66,False
1,2026-07-17T12:00:00Z,2026-07-17T15:00:00+03:00,28,24,52,False
1,2026-07-17T13:00:00Z,2026-07-17T16:00:00+03:00,21,35,56,False
1,2026-07-17T14:00:00Z,2026-07-17T17:00:00+03:00,24,13,37,False
1,2026-07-17T15:00:00Z,2026-07-17T18:00:00+03:00,16,30,46,False
1,2026-07-17T16:00:00Z,2026-07-17T19:00:00+03:00,2,4,6,False
1,2026-07-17T17:00:00Z,2026-07-17T20:00:00+03:00,0,0,0,False
1,2026-07-17T18:00:00Z,2026-07-17T21:00:00+03:00,0,0,0,False
1,2026-07-17T19:00:00Z,2026-07-17T22:00:00+03:00,0,0,0,False
1,2026-07-17T20:00:00Z,2026-07-17T23:00:00+03:00,0,0,0,False
1,2026-07-17T21:00:00Z,2026-07-18T00:00:00+03:00,0,0,0,False
1,2026-07-17T22:00:00Z,2026-07-18T01:00:00+03:00,0,0,0,False
1,2026-07-17T23:00:00Z,2026-07-18T02:00:00+03:00,0,0,0,False
1,2026-07-18T00:00:00Z,2026-07-18T03:00:00+03:00,0,0,0,False
1,2026-07-18T01:00:00Z,2026-07-18T04:00:00+03:00,0,0,0,False
1,2026-07-18T02:00:00Z,2026-07-18T05:00:00+03:00,0,0,0,False
1,2026-07-18T03:00:00Z,2026-07-18T06:00:00+03:00,0,0,0,False
1,2026-07-18T04:00:00Z,2026-07-18T07:00:00+03:00,0,0,0,False
1,2026-07-18T05:00:00Z,2026-07-18T08:00:00+03:00,3,3,6,False
1,2026-07-18T06:00:00Z,2026-07-18T09:00:00+03:00,1,1,2,False
1,2026-07-18T07:00:00Z,2026-07-18T10:00:00+03:00,3,3,6,False
1,2026-07-18T08:00:00Z,2026-07-18T11:00:00+03:00,57,39,96,False
1,2026-07-18T09:00:00Z,2026-07-18T12:00:00+03:00,84,61,145,False
1,2026-07-18T10:00:00Z,2026-07-18T13:00:00+03:00,68,90,158,False
1,2026-07-18T11:00:00Z,2026-07-18T14:00:00+03:00,52,45,97,False
1,2026-07-18T12:00:00Z,2026-07-18T15:00:00+03:00,24,38,62,False
1,2026-07-18T13:00:00Z,2026-07-18T16:00:00+03:00,50,40,90,False
1,2026-07-18T14:00:00Z,2026-07-18T17:00:00+03:00,51,50,101,False
1,2026-07-18T15:00:00Z,2026-07-18T18:00:00+03:00,17,40,57,False
1,2026-07-18T16:00:00Z,2026-07-18T19:00:00+03:00,2,4,6,False
1,2026-07-18T17:00:00Z,2026-07-18T20:00:00+03:00,0,0,0,False
1,2026-07-18T18:00:00Z,2026-07-18T21:00:00+03:00,0,0,0,False
1,2026-07-18T19:00:00Z,2026-07-18T22:00:00+03:00,0,0,0,False
1,2026-07-18T20:00:00Z,2026-07-18T23:00:00+03:00,0,0,0,False
1,2026-07-18T21:00:00Z,2026-07-19T00:00:00+03:00,0,0,0,False
1,2026-07-18T22:00:00Z,2026-07-19T01:00:00+03:00,0,0,0,False
1,2026-07-18T23:00:00Z,2026-07-19T02:00:00+03:00,0,0,0,False
1,2026-07-19T00:00:00Z,2026-07-19T03:00:00+03:00,0,0,0,False
1,2026-07-19T01:00:00Z,2026-07-19T04:00:00+03:00,0,0,0,False
1,2026-07-19T02:00:00Z,2026-07-19T05:00:00+03:00,0,0,0,False
1,2026-07-19T03:00:00Z,2026-07-19T06:00:00+03:00,0,0,0,False
1,2026-07-19T04:00:00Z,2026-07-19T07:00:00+03:00,0,0,0,False
1,2026-07-19T05:00:00Z,2026-07-19T08:00:00+03:00,3,3,6,False
1,2026-07-19T06:00:00Z,2026-07-19T09:00:00+03:00,2,2,4,False
1,2026-07-19T07:00:00Z,2026-07-19T10:00:00+03:00,2,2,4,False
1,2026-07-19T08:00:00Z,2026-07-19T11:00:00+03:00,31,16,47,False
1,2026-07-19T09:00:00Z,2026-07-19T12:00:00+03:00,40,47,87,False
1,2026-07-19T10:00:00Z,2026-07-19T13:00:00+03:00,25,18,43,False
1,2026-07-19T11:00:00Z,2026-07-19T14:00:00+03:00,45,43,88,False
1,2026-07-19T12:00:00Z,2026-07-19T15:00:00+03:00,18,28,46,False
1,2026-07-19T13:00:00Z,2026-07-19T16:00:00+03:00,41,38,79,False
1,2026-07-19T14:00:00Z,2026-07-19T17:00:00+03:00,12,25,37,False
1,2026-07-19T15:00:00Z,2026-07-19T18:00:00+03:00,0,0,0,False
1,2026-07-19T16:00:00Z,2026-07-19T19:00:00+03:00,0,0,0,False
1,2026-07-19T17:00:00Z,2026-07-19T20:00:00+03:00,0,0,0,False
1,2026-07-19T18:00:00Z,2026-07-19T21:00:00+03:00,0,0,0,False
1,2026-07-19T19:00:00Z,2026-07-19T22:00:00+03:00,0,0,0,False
1,2026-07-19T20:00:00Z,2026-07-19T23:00:00+03:00,0,0,0,False
1,2026-07-19T21:00:00Z,2026-07-20T00:00:00+03:00,0,0,0,False
1,2026-07-19T22:00:00Z,2026-07-20T01:00:00+03:00,0,0,0,False
1,2026-07-19T23:00:00Z,2026-07-20T02:00:00+03:00,0,0,0,False
1,2026-07-20T00:00:00Z,2026-07-20T03:00:00+03:00,0,0,0,False
1,2026-07-20T01:00:00Z,2026-07-20T04:00:00+03:00,0,0,0,False
1,2026-07-20T02:00:00Z,2026-07-20T05:00:00+03:00,0,0,0,False
1,2026-07-20T03:00:00Z,2026-07-20T06:00:00+03:00,0,0,0,False
1,2026-07-20T04:00:00Z,2026-07-20T07:00:00+03:00,4,4,8,False
1,2026-07-20T05:00:00Z,2026-07-20T08:00:00+03:00,1,1,2,False
1,2026-07-20T06:00:00Z,2026-07-20T09:00:00+03:00,2,2,4,False
1,2026-07-20T07:00:00Z,2026-07-20T10:00:00+03:00,1,1,2,False
1,2026-07-20T08:00:00Z,2026-07-20T11:00:00+03:00,47,26,73,False
1,2026-07-20T09:00:00Z,2026-07-20T12:00:00+03:00,38,40,78,False
1,2026-07-20T10:00:00Z,2026-07-20T13:00:00+03:00,41,36,77,False
1,2026-07-20T11:00:00Z,2026-07-20T14:00:00+03:00,41,42,83,False
1,2026-07-20T12:00:00Z,2026-07-20T15:00:00+03:00,32,34,66,False
1,2026-07-20T13:00:00Z,2026-07-20T16:00:00+03:00,31,31,62,False
1,2026-07-20T14:00:00Z,2026-07-20T17:00:00+03:00,43,37,80,False
1,2026-07-20T15:00:00Z,2026-07-20T18:00:00+03:00,20,41,61,False
1,2026-07-20T16:00:00Z,2026-07-20T19:00:00+03:00,5,9,14,False
1,2026-07-20T17:00:00Z,2026-07-20T20:00:00+03:00,0,0,0,False
1,2026-07-20T18:00:00Z,2026-07-20T21:00:00+03:00,0,0,0,False
1,2026-07-20T19:00:00Z,2026-07-20T22:00:00+03:00,0,0,0,False
1,2026-07-20T20:00:00Z,2026-07-20T23:00:00+03:00,0,0,0,False
1,2026-07-20T21:00:00Z,2026-07-21T00:00:00+03:00,0,0,0,False
1,2026-07-20T22:00:00Z,2026-07-21T01:00:00+03:00,0,0,0,False
1,2026-07-20T23:00:00Z,2026-07-21T02:00:00+03:00,0,0,0,False
1,2026-07-21T00:00:00Z,2026-07-21T03:00:00+03:00,0,0,0,False
1,2026-07-21T01:00:00Z,2026-07-21T04:00:00+03:00,0,0,0,False
1,2026-07-21T02:00:00Z,2026-07-21T05:00:00+03:00,0,0,0,False
1,2026-07-21T03:00:00Z,2026-07-21T06:00:00+03:00,0,0,0,False
1,2026-07-21T04:00:00Z,2026-07-21T07:00:00+03:00,2,2,4,False
1,2026-07-21T05:00:00Z,2026-07-21T08:00:00+03:00,4,4,8,False
1,2026-07-21T06:00:00Z,2026-07-21T09:00:00+03:00,0,0,0,False
1,2026-07-21T07:00:00Z,2026-07-21T10:00:00+03:00,3,3,6,False
1,2026-07-21T08:00:00Z,2026-07-21T11:00:00+03:00,45,26,71,False
1,2026-07-21T09:00:00Z,2026-07-21T12:00:00+03:00,39,36,75,False
1,2026-07-21T10:00:00Z,2026-07-21T13:00:00+03:00,53,53,106,False
1,2026-07-21T11:00:00Z,2026-07-21T14:00:00+03:00,27,40,67,False
1,2026-07-21T12:00:00Z,2026-07-21T15:00:00+03:00,36,33,69,False
1,2026-07-21T13:00:00Z,2026-07-21T16:00:00+03:00,21,25,46,False
1,2026-07-21T14:00:00Z,2026-07-21T17:00:00+03:00,12,16,28,False
1,2026-07-21T15:00:00Z,2026-07-21T18:00:00+03:00,8,10,18,False
1,2026-07-21T16:00:00Z,2026-07-21T19:00:00+03:00,2,3,5,False
1,2026-07-21T17:00:00Z,2026-07-21T20:00:00+03:00,0,0,0,False
1,2026-07-21T18:00:00Z,2026-07-21T21:00:00+03:00,0,0,0,False
1,2026-07-21T19:00:00Z,2026-07-21T22:00:00+03:00,0,0,0,False
1,2026-07-21T20:00:00Z,2026-07-21T23:00:00+03:00,0,0,0,False
1,2026-07-21T21:00:00Z,2026-07-22T00:00:00+03:00,0,0,0,False
1,2026-07-21T22:00:00Z,2026-07-22T01:00:00+03:00,0,0,0,False
1,2026-07-21T23:00:00Z,2026-07-22T02:00:00+03:00,0,0,0,False
1,2026-07-22T00:00:00Z,2026-07-22T03:00:00+03:00,0,0,0,False
1,2026-07-22T01:00:00Z,2026-07-22T04:00:00+03:00,0,0,0,False
1,2026-07-22T02:00:00Z,2026-07-22T05:00:00+03:00,0,0,0,False
1,2026-07-22T03:00:00Z,2026-07-22T06:00:00+03:00,0,0,0,False
1,2026-07-22T04:00:00Z,2026-07-22T07:00:00+03:00,1,1,2,False
1,2026-07-22T05:00:00Z,2026-07-22T08:00:00+03:00,2,2,4,False
1,2026-07-22T06:00:00Z,2026-07-22T09:00:00+03:00,1,1,2,False
1,2026-07-22T07:00:00Z,2026-07-22T10:00:00+03:00,1,1,2,False
1,2026-07-22T08:00:00Z,2026-07-22T11:00:00+03:00,57,28,85,False
1,2026-07-22T09:00:00Z,2026-07-22T12:00:00+03:00,51,61,112,False
1,2026-07-22T10:00:00Z,2026-07-22T13:00:00+03:00,38,48,86,False
1,2026-07-22T11:00:00Z,2026-07-22T14:00:00+03:00,35,35,70,False
1,2026-07-22T12:00:00Z,2026-07-22T15:00:00+03:00,28,28,56,False
1,2026-07-22T13:00:00Z,2026-07-22T16:00:00+03:00,27,28,55,False
1,2026-07-22T14:00:00Z,2026-07-22T17:00:00+03:00,20,29,49,False
1,2026-07-22T15:00:00Z,2026-07-22T18:00:00+03:00,13,19,32,False
1,2026-07-22T16:00:00Z,2026-07-22T19:00:00+03:00,1,1,2,False
1,2026-07-22T17:00:00Z,2026-07-22T20:00:00+03:00,0,0,0,False
1,2026-07-22T18:00:00Z,2026-07-22T21:00:00+03:00,0,0,0,False
1,2026-07-22T19:00:00Z,2026-07-22T22:00:00+03:00,0,0,0,False
1,2026-07-22T20:00:00Z,2026-07-22T23:00:00+03:00,0,0,0,False
1,2026-07-22T21:00:00Z,2026-07-23T00:00:00+03:00,0,0,0,False
1,2026-07-22T22:00:00Z,2026-07-23T01:00:00+03:00,0,0,0,False
1,2026-07-22T23:00:00Z,2026-07-23T02:00:00+03:00,0,0,0,False
1,2026-07-23T00:00:00Z,2026-07-23T03:00:00+03:00,0,0,0,False
1,2026-07-23T01:00:00Z,2026-07-23T04:00:00+03:00,0,0,0,False
1,2026-07-23T02:00:00Z,2026-07-23T05:00:00+03:00,0,0,0,False
1,2026-07-23T03:00:00Z,2026-07-23T06:00:00+03:00,0,0,0,False
1,2026-07-23T04:00:00Z,2026-07-23T07:00:00+03:00,2,2,4,False
1,2026-07-23T05:00:00Z,2026-07-23T08:00:00+03:00,2,2,4,False
1,2026-07-23T06:00:00Z,2026-07-23T09:00:00+03:00,0,0,0,False
1,2026-07-23T07:00:00Z,2026-07-23T10:00:00+03:00,6,2,8,False
1,2026-07-23T08:00:00Z,2026-07-23T11:00:00+03:00,32,26,58,False
1,2026-07-23T09:00:00Z,2026-07-23T12:00:00+03:00,35,25,60,False
1,2026-07-23T10:00:00Z,2026-07-23T13:00:00+03:00,38,40,78,False
1,2026-07-23T11:00:00Z,2026-07-23T14:00:00+03:00,39,39,78,False
1,2026-07-23T12:00:00Z,2026-07-23T15:00:00+03:00,44,42,86,False
1,2026-07-23T13:00:00Z,2026-07-23T16:00:00+03:00,28,38,66,False
1,2026-07-23T14:00:00Z,2026-07-23T17:00:00+03:00,50,34,84,False
1,2026-07-23T15:00:00Z,2026-07-23T18:00:00+03:00,13,38,51,False
1,2026-07-23T16:00:00Z,2026-07-23T19:00:00+03:00,3,3,6,False
1,2026-07-23T17:00:00Z,2026-07-23T20:00:00+03:00,0,0,0,False
1,2026-07-23T18:00:00Z,2026-07-23T21:00:00+03:00,0,0,0,False
1,2026-07-23T19:00:00Z,2026-07-23T22:00:00+03:00,0,0,0,False
1,2026-07-23T20:00:00Z,2026-07-23T23:00:00+03:00,0,0,0,False
1,2026-07-23T21:00:00Z,2026-07-24T00:00:00+03:00,0,0,0,False
1,2026-07-23T22:00:00Z,2026-07-24T01:00:00+03:00,0,0,0,False
1,2026-07-23T23:00:00Z,2026-07-24T02:00:00+03:00,0,0,0,False
1,2026-07-24T00:00:00Z,2026-07-24T03:00:00+03:00,0,0,0,False
1,2026-07-24T01:00:00Z,2026-07-24T04:00:00+03:00,0,0,0,False
1,2026-07-24T02:00:00Z,2026-07-24T05:00:00+03:00,0,0,0,False
1,2026-07-24T03:00:00Z,2026-07-24T06:00:00+03:00,0,0,0,False
1,2026-07-24T04:00:00Z,2026-07-24T07:00:00+03:00,10,10,20,False
1,2026-07-24T05:00:00Z,2026-07-24T08:00:00+03:00,2,2,4,False
1,2026-07-24T06:00:00Z,2026-07-24T09:00:00+03:00,0,0,0,False
1,2026-07-24T07:00:00Z,2026-07-24T10:00:00+03:00,5,5,10,False
1,2026-07-24T08:00:00Z,2026-07-24T11:00:00+03:00,31,17,48,False
1,2026-07-24T09:00:00Z,2026-07-24T12:00:00+03:00,46,35,81,False
1,2026-07-24T10:00:00Z,2026-07-24T13:00:00+03:00,48,54,102,False
1,2026-07-24T11:00:00Z,2026-07-24T14:00:00+03:00,68,62,130,False
1,2026-07-24T12:00:00Z,2026-07-24T15:00:00+03:00,32,43,75,False
1,2026-07-24T13:00:00Z,2026-07-24T16:00:00+03:00,23,36,59,False
1,2026-07-24T14:00:00Z,2026-07-24T17:00:00+03:00,14,4,18,False
1,2026-07-24T15:00:00Z,2026-07-24T18:00:00+03:00,12,23,35,False
1,2026-07-24T16:00:00Z,2026-07-24T19:00:00+03:00,2,2,4,False
1,2026-07-24T17:00:00Z,2026-07-24T20:00:00+03:00,0,0,0,False
1,2026-07-24T18:00:00Z,2026-07-24T21:00:00+03:00,0,0,0,False
1,2026-07-24T19:00:00Z,2026-07-24T22:00:00+03:00,0,0,0,False
1,2026-07-24T20:00:00Z,2026-07-24T23:00:00+03:00,0,0,0,False
1,2026-07-24T21:00:00Z,2026-07-25T00:00:00+03:00,0,0,0,False
1,2026-07-24T22:00:00Z,2026-07-25T01:00:00+03:00,0,0,0,False
1,2026-07-24T23:00:00Z,2026-07-25T02:00:00+03:00,0,0,0,False
1,2026-07-25T00:00:00Z,2026-07-25T03:00:00+03:00,0,0,0,False
1,2026-07-25T01:00:00Z,2026-07-25T04:00:00+03:00,0,0,0,False
1,2026-07-25T02:00:00Z,2026-07-25T05:00:00+03:00,0,0,0,False
1,2026-07-25T03:00:00Z,2026-07-25T06:00:00+03:00,0,0,0,False
1,2026-07-25T04:00:00Z,2026-07-25T07:00:00+03:00,0,0,0,False
1,2026-07-25T05:00:00Z,2026-07-25T08:00:00+03:00,3,3,6,False
1,2026-07-25T06:00:00Z,2026-07-25T09:00:00+03:00,1,1,2,False
1,2026-07-25T07:00:00Z,2026-07-25T10:00:00+03:00,2,2,4,False
1,2026-07-25T08:00:00Z,2026-07-25T11:00:00+03:00,64,41,105,False
1,2026-07-25T09:00:00Z,2026-07-25T12:00:00+03:00,78,61,139,False
1,2026-07-25T10:00:00Z,2026-07-25T13:00:00+03:00,48,59,107,False
1,2026-07-25T11:00:00Z,2026-07-25T14:00:00+03:00,59,65,124,False
1,2026-07-25T12:00:00Z,2026-07-25T15:00:00+03:00,33,43,76,False
1,2026-07-25T13:00:00Z,2026-07-25T16:00:00+03:00,44,33,77,False
1,2026-07-25T14:00:00Z,2026-07-25T17:00:00+03:00,32,38,70,False
1,2026-07-25T15:00:00Z,2026-07-25T18:00:00+03:00,30,28,58,False
1,2026-07-25T16:00:00Z,2026-07-25T19:00:00+03:00,2,18,20,False
1,2026-07-25T17:00:00Z,2026-07-25T20:00:00+03:00,0,0,0,False
1,2026-07-25T18:00:00Z,2026-07-25T21:00:00+03:00,0,0,0,False
1,2026-07-25T19:00:00Z,2026-07-25T22:00:00+03:00,0,0,0,False
1,2026-07-25T20:00:00Z,2026-07-25T23:00:00+03:00,0,0,0,False
1,2026-07-25T21:00:00Z,2026-07-26T00:00:00+03:00,0,0,0,False
1,2026-07-25T22:00:00Z,2026-07-26T01:00:00+03:00,0,0,0,False
1,2026-07-25T23:00:00Z,2026-07-26T02:00:00+03:00,0,0,0,False
1,2026-07-26T00:00:00Z,2026-07-26T03:00:00+03:00,0,0,0,False
1,2026-07-26T01:00:00Z,2026-07-26T04:00:00+03:00,0,0,0,False
1,2026-07-26T02:00:00Z,2026-07-26T05:00:00+03:00,0,0,0,False
1,2026-07-26T03:00:00Z,2026-07-26T06:00:00+03:00,0,0,0,False
1,2026-07-26T04:00:00Z,2026-07-26T07:00:00+03:00,0,0,0,False
1,2026-07-26T05:00:00Z,2026-07-26T08:00:00+03:00,3,3,6,False
1,2026-07-26T06:00:00Z,2026-07-26T09:00:00+03:00,1,1,2,False
1,2026-07-26T07:00:00Z,2026-07-26T10:00:00+03:00,3,3,6,False
1,2026-07-26T08:00:00Z,2026-07-26T11:00:00+03:00,55,27,82,False
1,2026-07-26T09:00:00Z,2026-07-26T12:00:00+03:00,37,54,91,False
1,2026-07-26T10:00:00Z,2026-07-26T13:00:00+03:00,39,28,67,False
1,2026-07-26T11:00:00Z,2026-07-26T14:00:00+03:00,19,25,44,False
1,2026-07-26T12:00:00Z,2026-07-26T15:00:00+03:00,37,28,65,False
1,2026-07-26T13:00:00Z,2026-07-26T16:00:00+03:00,25,33,58,False
1,2026-07-26T14:00:00Z,2026-07-26T17:00:00+03:00,13,25,38,False
1,2026-07-26T15:00:00Z,2026-07-26T18:00:00+03:00,2,2,4,False
1,2026-07-26T16:00:00Z,2026-07-26T19:00:00+03:00,0,0,0,False
1,2026-07-26T17:00:00Z,2026-07-26T20:00:00+03:00,0,0,0,False
1,2026-07-26T18:00:00Z,2026-07-26T21:00:00+03:00,0,0,0,False
1,2026-07-26T19:00:00Z,2026-07-26T22:00:00+03:00,0,0,0,False
1,2026-07-26T20:00:00Z,2026-07-26T23:00:00+03:00,0,0,0,False
1,2026-07-26T21:00:00Z,2026-07-27T00:00:00+03:00,0,0,0,False
1,2026-07-26T22:00:00Z,2026-07-27T01:00:00+03:00,0,0,0,False
1,2026-07-26T23:00:00Z,2026-07-27T02:00:00+03:00,0,0,0,False
1,2026-07-27T00:00:00Z,2026-07-27T03:00:00+03:00,0,0,0,False
1,2026-07-27T01:00:00Z,2026-07-27T04:00:00+03:00,0,0,0,False
1,2026-07-27T02:00:00Z,2026-07-27T05:00:00+03:00,0,0,0,False
1,2026-07-27T03:00:00Z,2026-07-27T06:00:00+03:00,0,0,0,False
1,2026-07-27T04:00:00Z,2026-07-27T07:00:00+03:00,9,9,18,False
1,2026-07-27T05:00:00Z,2026-07-27T08:00:00+03:00,0,0,0,False
1,2026-07-27T06:00:00Z,2026-07-27T09:00:00+03:00,2,1,3,False
1,2026-07-27T07:00:00Z,2026-07-27T10:00:00+03:00,2,2,4,False
1,2026-07-27T08:00:00Z,2026-07-27T11:00:00+03:00,69,51,120,False
1,2026-07-27T09:00:00Z,2026-07-27T12:00:00+03:00,61,51,112,False
1,2026-07-27T10:00:00Z,2026-07-27T13:00:00+03:00,50,60,110,False
1,2026-07-27T11:00:00Z,2026-07-27T14:00:00+03:00,42,40,82,False
1,2026-07-27T12:00:00Z,2026-07-27T15:00:00+03:00,53,60,113,False
1,2026-07-27T13:00:00Z,2026-07-27T16:00:00+03:00,39,42,81,False
1,2026-07-27T14:00:00Z,2026-07-27T17:00:00+03:00,40,41,81,False
1,2026-07-27T15:00:00Z,2026-07-27T18:00:00+03:00,33,43,76,False
1,2026-07-27T16:00:00Z,2026-07-27T19:00:00+03:00,1,3,4,False
1,2026-07-27T17:00:00Z,2026-07-27T20:00:00+03:00,0,0,0,False
1,2026-07-27T18:00:00Z,2026-07-27T21:00:00+03:00,0,0,0,False
1,2026-07-27T19:00:00Z,2026-07-27T22:00:00+03:00,0,0,0,False
1,2026-07-27T20:00:00Z,2026-07-27T23:00:00+03:00,0,0,0,False
1,2026-07-27T21:00:00Z,2026-07-28T00:00:00+03:00,0,0,0,False
1,2026-07-27T22:00:00Z,2026-07-28T01:00:00+03:00,0,0,0,False
1,2026-07-27T23:00:00Z,2026-07-28T02:00:00+03:00,0,0,0,False
1,2026-07-28T00:00:00Z,2026-07-28T03:00:00+03:00,0,0,0,False
1,2026-07-28T01:00:00Z,2026-07-28T04:00:00+03:00,0,0,0,False
1,2026-07-28T02:00:00Z,2026-07-28T05:00:00+03:00,0,0,0,False
1,2026-07-28T03:00:00Z,2026-07-28T06:00:00+03:00,0,0,0,False
1,2026-07-28T04:00:00Z,2026-07-28T07:00:00+03:00,3,3,6,False
1,2026-07-28T05:00:00Z,2026-07-28T08:00:00+03:00,2,2,4,False
1,2026-07-28T06:00:00Z,2026-07-28T09:00:00+03:00,0,0,0,False
1,2026-07-28T07:00:00Z,2026-07-28T10:00:00+03:00,1,1,2,False
1,2026-07-28T08:00:00Z,2026-07-28T11:00:00+03:00,33,18,51,False
1,2026-07-28T09:00:00Z,2026-07-28T12:00:00+03:00,47,34,81,False
1,2026-07-28T10:00:00Z,2026-07-28T13:00:00+03:00,56,59,115,False
1,2026-07-28T11:00:00Z,2026-07-28T14:00:00+03:00,55,53,108,False
1,2026-07-28T12:00:00Z,2026-07-28T15:00:00+03:00,47,46,93,False
1,2026-07-28T13:00:00Z,2026-07-28T16:00:00+03:00,33,43,76,False
1,2026-07-28T14:00:00Z,2026-07-28T17:00:00+03:00,49,54,103,False
1,2026-07-28T15:00:00Z,2026-07-28T18:00:00+03:00,24,33,57,False
1,2026-07-28T16:00:00Z,2026-07-28T19:00:00+03:00,1,5,6,False
1,2026-07-28T17:00:00Z,2026-07-28T20:00:00+03:00,0,0,0,False
1,2026-07-28T18:00:00Z,2026-07-28T21:00:00+03:00,0,0,0,False
1,2026-07-28T19:00:00Z,2026-07-28T22:00:00+03:00,0,0,0,False
1,2026-07-28T20:00:00Z,2026-07-28T23:00:00+03:00,0,0,0,False
1,2026-07-28T21:00:00Z,2026-07-29T00:00:00+03:00,0,0,0,False
1,2026-07-28T22:00:00Z,2026-07-29T01:00:00+03:00,0,0,0,False
1,2026-07-28T23:00:00Z,2026-07-29T02:00:00+03:00,0,0,0,False
1,2026-07-29T00:00:00Z,2026-07-29T03:00:00+03:00,0,0,0,False
1,2026-07-29T01:00:00Z,2026-07-29T04:00:00+03:00,0,0,0,False
1,2026-07-29T02:00:00Z,2026-07-29T05:00:00+03:00,0,0,0,False
1,2026-07-29T03:00:00Z,2026-07-29T06:00:00+03:00,0,0,0,False
1,2026-07-29T04:00:00Z,2026-07-29T07:00:00+03:00,1,1,2,False
1,2026-07-29T05:00:00Z,2026-07-29T08:00:00+03:00,1,1,2,False
1,2026-07-29T06:00:00Z,2026-07-29T09:00:00+03:00,1,1,2,False
1,2026-07-29T07:00:00Z,2026-07-29T10:00:00+03:00,2,2,4,False
1,2026-07-29T08:00:00Z,2026-07-29T11:00:00+03:00,28,17,45,False
1,2026-07-29T09:00:00Z,2026-07-29T12:00:00+03:00,30,34,64,False
1,2026-07-29T10:00:00Z,2026-07-29T13:00:00+03:00,31,31,62,False
1,2026-07-29T11:00:00Z,2026-07-29T14:00:00+03:00,34,30,64,False
1,2026-07-29T12:00:00Z,2026-07-29T15:00:00+03:00,37,36,73,False
1,2026-07-29T13:00:00Z,2026-07-29T16:00:00+03:00,21,22,43,False
1,2026-07-29T14:00:00Z,2026-07-29T17:00:00+03:00,27,26,53,False
1,2026-07-29T15:00:00Z,2026-07-29T18:00:00+03:00,24,30,54,False
1,2026-07-29T16:00:00Z,2026-07-29T19:00:00+03:00,1,6,7,False
1,2026-07-29T17:00:00Z,2026-07-29T20:00:00+03:00,0,0,0,False
1,2026-07-29T18:00:00Z,2026-07-29T21:00:00+03:00,0,0,0,False
1,2026-07-29T19:00:00Z,2026-07-29T22:00:00+03:00,0,0,0,False
1,2026-07-29T20:00:00Z,2026-07-29T23:00:00+03:00,0,0,0,False
1,2026-07-29T21:00:00Z,2026-07-30T00:00:00+03:00,0,0,0,False
1,2026-07-29T22:00:00Z,2026-07-30T01:00:00+03:00,0,0,0,False
1,2026-07-29T23:00:00Z,2026-07-30T02:00:00+03:00,0,0,0,False
1,2026-07-30T00:00:00Z,2026-07-30T03:00:00+03:00,0,0,0,False
1,2026-07-30T01:00:00Z,2026-07-30T04:00:00+03:00,0,0,0,False
1,2026-07-30T02:00:00Z,2026-07-30T05:00:00+03:00,0,0,0,False
1,2026-07-30T03:00:00Z,2026-07-30T06:00:00+03:00,0,0,0,False
1,2026-07-30T04:00:00Z,2026-07-30T07:00:00+03:00,1,1,2,False
1,2026-07-30T05:00:00Z,2026-07-30T08:00:00+03:00,2,2,4,False
1,2026-07-30T06:00:00Z,2026-07-30T09:00:00+03:00,0,0,0,False
1,2026-07-30T07:00:00Z,2026-07-30T10:00:00+03:00,1,1,2,False
1,2026-07-30T08:00:00Z,2026-07-30T11:00:00+03:00,49,29,78,False
1,2026-07-30T09:00:00Z,2026-07-30T12:00:00+03:00,34,39,73,False
1,2026-07-30T10:00:00Z,2026-07-30T13:00:00+03:00,23,27,50,False
1,2026-07-30T11:00:00Z,2026-07-30T14:00:00+03:00,20,24,44,False
1,2026-07-30T12:00:00Z,2026-07-30T15:00:00+03:00,12,11,23,False
1,2026-07-30T13:00:00Z,2026-07-30T16:00:00+03:00,22,19,41,False
1,2026-07-30T14:00:00Z,2026-07-30T17:00:00+03:00,23,28,51,False
1,2026-07-30T15:00:00Z,2026-07-30T18:00:00+03:00,17,18,35,False
1,2026-07-30T16:00:00Z,2026-07-30T19:00:00+03:00,0,2,2,False
1,2026-07-30T17:00:00Z,2026-07-30T20:00:00+03:00,0,0,0,False
1,2026-07-30T18:00:00Z,2026-07-30T21:00:00+03:00,0,0,0,False
1,2026-07-30T19:00:00Z,2026-07-30T22:00:00+03:00,0,0,0,False
1,2026-07-30T20:00:00Z,2026-07-30T23:00:00+03:00,0,0,0,False
1,2026-07-30T21:00:00Z,2026-07-31T00:00:00+03:00,0,0,0,False
1,2026-07-30T22:00:00Z,2026-07-31T01:00:00+03:00,0,0,0,False
1,2026-07-30T23:00:00Z,2026-07-31T02:00:00+03:00,0,0,0,False
1,2026-07-31T00:00:00Z,2026-07-31T03:00:00+03:00,0,0,0,False
1,2026-07-31T01:00:00Z,2026-07-31T04:00:00+03:00,0,0,0,False
1,2026-07-31T02:00:00Z,2026-07-31T05:00:00+03:00,0,0,0,False
1,2026-07-31T03:00:00Z,2026-07-31T06:00:00+03:00,0,0,0,False
1,2026-07-31T04:00:00Z,2026-07-31T07:00:00+03:00,1,1,2,False
1,2026-07-31T05:00:00Z,2026-07-31T08:00:00+03:00,9,9,18,False
1,2026-07-31T06:00:00Z,2026-07-31T09:00:00+03:00,0,0,0,False
1,2026-07-31T07:00:00Z,2026-07-31T10:00:00+03:00,1,1,2,False
1,2026-07-31T08:00:00Z,2026-07-31T11:00:00+03:00,50,25,75,False
1,2026-07-31T09:00:00Z,2026-07-31T12:00:00+03:00,33,49,82,False
1,2026-07-31T10:00:00Z,2026-07-31T13:00:00+03:00,50,42,92,False
1,2026-07-31T11:00:00Z,2026-07-31T14:00:00+03:00,27,33,60,False
1,2026-07-31T12:00:00Z,2026-07-31T15:00:00+03:00,32,29,61,False
1,2026-07-31T13:00:00Z,2026-07-31T16:00:00+03:00,24,28,52,False
1,2026-07-31T14:00:00Z,2026-07-31T17:00:00+03:00,31,25,56,False
1,2026-07-31T15:00:00Z,2026-07-31T18:00:00+03:00,11,19,30,False
1,2026-07-31T16:00:00Z,2026-07-31T19:00:00+03:00,0,6,6,False
1,2026-07-31T17:00:00Z,2026-07-31T20:00:00+03:00,0,0,0,False
1,2026-07-31T18:00:00Z,2026-07-31T21:00:00+03:00,0,0,0,False
1,2026-07-31T19:00:00Z,2026-07-31T22:00:00+03:00,0,0,0,False
1,2026-07-31T20:00:00Z,2026-07-31T23:00:00+03:00,0,0,0,False
1,2026-07-31T21:00:00Z,2026-08-01T00:00:00+03:00,0,0,0,False
1,2026-07-31T22:00:00Z,2026-08-01T01:00:00+03:00,0,0,0,False
1,2026-07-31T23:00:00Z,2026-08-01T02:00:00+03:00,0,0,0,False
1,2026-08-01T00:00:00Z,2026-08-01T03:00:00+03:00,0,0,0,False
1,2026-08-01T01:00:00Z,2026-08-01T04:00:00+03:00,0,0,0,False
1,2026-08-01T02:00:00Z,2026-08-01T05:00:00+03:00,0,0,0,False
1,2026-08-01T03:00:00Z,2026-08-01T06:00:00+03:00,0,0,0,False
1,2026-08-01T04:00:00Z,2026-08-01T07:00:00+03:00,0,0,0,False
1,2026-08-01T05:00:00Z,2026-08-01T08:00:00+03:00,3,3,6,False
1,2026-08-01T06:00:00Z,2026-08-01T09:00:00+03:00,1,1,2,False
1,2026-08-01T07:00:00Z,2026-08-01T10:00:00+03:00,3,3,6,False
1,2026-08-01T08:00:00Z,2026-08-01T11:00:00+03:00,18,15,33,False
1,2026-08-01T09:00:00Z,2026-08-01T12:00:00+03:00,32,15,47,False
1,2026-08-01T10:00:00Z,2026-08-01T13:00:00+03:00,46,42,88,False
1,2026-08-01T11:00:00Z,2026-08-01T14:00:00+03:00,48,47,95,False
1,2026-08-01T12:00:00Z,2026-08-01T15:00:00+03:00,25,40,65,False
1,2026-08-01T13:00:00Z,2026-08-01T16:00:00+03:00,32,26,58,False
1,2026-08-01T14:00:00Z,2026-08-01T17:00:00+03:00,21,20,41,False
1,2026-08-01T15:00:00Z,2026-08-01T18:00:00+03:00,12,21,33,False
1,2026-08-01T16:00:00Z,2026-08-01T19:00:00+03:00,0,2,2,False
1,2026-08-01T17:00:00Z,2026-08-01T20:00:00+03:00,0,0,0,False
1,2026-08-01T18:00:00Z,2026-08-01T21:00:00+03:00,0,0,0,False
1,2026-08-01T19:00:00Z,2026-08-01T22:00:00+03:00,0,0,0,False
1,2026-08-01T20:00:00Z,2026-08-01T23:00:00+03:00,0,0,0,False
1,2026-08-01T21:00:00Z,2026-08-02T00:00:00+03:00,0,0,0,False
1,2026-08-01T22:00:00Z,2026-08-02T01:00:00+03:00,0,0,0,False
1,2026-08-01T23:00:00Z,2026-08-02T02:00:00+03:00,0,0,0,False
1,2026-08-02T00:00:00Z,2026-08-02T03:00:00+03:00,0,0,0,False
1,2026-08-02T01:00:00Z,2026-08-02T04:00:00+03:00,0,0,0,False
1,2026-08-02T02:00:00Z,2026-08-02T05:00:00+03:00,0,0,0,False
1,2026-08-02T03:00:00Z,2026-08-02T06:00:00+03:00,0,0,0,False
1,2026-08-02T04:00:00Z,2026-08-02T07:00:00+03:00,0,0,0,False
1,2026-08-02T05:00:00Z,2026-08-02T08:00:00+03:00,3,3,6,False
1,2026-08-02T06:00:00Z,2026-08-02T09:00:00+03:00,1,1,2,False
1,2026-08-02T07:00:00Z,2026-08-02T10:00:00+03:00,9,6,15,False
1,2026-08-02T08:00:00Z,2026-08-02T11:00:00+03:00,25,21,46,False
1,2026-08-02T09:00:00Z,2026-08-02T12:00:00+03:00,21,25,46,False
1,2026-08-02T10:00:00Z,2026-08-02T13:00:00+03:00,10,11,21,False
1,2026-08-02T11:00:00Z,2026-08-02T14:00:00+03:00,14,17,31,False
1,2026-08-02T12:00:00Z,2026-08-02T15:00:00+03:00,23,17,40,False
1,2026-08-02T13:00:00Z,2026-08-02T16:00:00+03:00,27,23,50,False
1,2026-08-02T14:00:00Z,2026-08-02T17:00:00+03:00,19,22,41,False
1,2026-08-02T15:00:00Z,2026-08-02T18:00:00+03:00,1,9,10,False
1,2026-08-02T16:00:00Z,2026-08-02T19:00:00+03:00,0,0,0,False
1,2026-08-02T17:00:00Z,2026-08-02T20:00:00+03:00,0,0,0,False
1,2026-08-02T18:00:00Z,2026-08-02T21:00:00+03:00,0,0,0,False
1,2026-08-02T19:00:00Z,2026-08-02T22:00:00+03:00,0,0,0,False
1,2026-08-02T20:00:00Z,2026-08-02T23:00:00+03:00,0,0,0,False
1,2026-08-02T21:00:00Z,2026-08-03T00:00:00+03:00,0,0,0,False
1,2026-08-02T22:00:00Z,2026-08-03T01:00:00+03:00,0,0,0,False
1,2026-08-02T23:00:00Z,2026-08-03T02:00:00+03:00,0,0,0,False
1,2026-08-03T00:00:00Z,2026-08-03T03:00:00+03:00,0,0,0,False
1,2026-08-03T01:00:00Z,2026-08-03T04:00:00+03:00,0,0,0,False
1,2026-08-03T02:00:00Z,2026-08-03T05:00:00+03:00,0,0,0,False
1,2026-08-03T03:00:00Z,2026-08-03T06:00:00+03:00,0,0,0,False
1,2026-08-03T04:00:00Z,2026-08-03T07:00:00+03:00,5,5,10,False
1,2026-08-03T05:00:00Z,2026-08-03T08:00:00+03:00,2,2,4,False
1,2026-08-03T06:00:00Z,2026-08-03T09:00:00+03:00,0,0,0,False
1,2026-08-03T07:00:00Z,2026-08-03T10:00:00+03:00,1,1,2,False
1,2026-08-03T08:00:00Z,2026-08-03T11:00:00+03:00,35,14,49,False
1,2026-08-03T09:00:00Z,2026-08-03T12:00:00+03:00,37,38,75,False
1,2026-08-03T10:00:00Z,2026-08-03T13:00:00+03:00,47,47,94,False
1,2026-08-03T11:00:00Z,2026-08-03T14:00:00+03:00,29,40,69,False
1,2026-08-03T12:00:00Z,2026-08-03T15:00:00+03:00,25,17,42,False
1,2026-08-03T13:00:00Z,2026-08-03T16:00:00+03:00,20,26,46,False
1,2026-08-03T14:00:00Z,2026-08-03T17:00:00+03:00,16,19,35,False
1,2026-08-03T15:00:00Z,2026-08-03T18:00:00+03:00,14,20,34,False
1,2026-08-03T16:00:00Z,2026-08-03T19:00:00+03:00,0,0,0,False
1,2026-08-03T17:00:00Z,2026-08-03T20:00:00+03:00,0,0,0,False
1,2026-08-03T18:00:00Z,2026-08-03T21:00:00+03:00,0,0,0,False
1,2026-08-03T19:00:00Z,2026-08-03T22:00:00+03:00,0,0,0,False
1,2026-08-03T20:00:00Z,2026-08-03T23:00:00+03:00,0,0,0,False
1,2026-08-03T21:00:00Z,2026-08-04T00:00:00+03:00,0,0,0,False
1,2026-08-03T22:00:00Z,2026-08-04T01:00:00+03:00,0,0,0,False
1,2026-08-03T23:00:00Z,2026-08-04T02:00:00+03:00,0,0,0,False
1,2026-08-04T00:00:00Z,2026-08-04T03:00:00+03:00,0,0,0,False
1,2026-08-04T01:00:00Z,2026-08-04T04:00:00+03:00,0,0,0,False
1,2026-08-04T02:00:00Z,2026-08-04T05:00:00+03:00,0,0,0,False
1,2026-08-04T03:00:00Z,2026-08-04T06:00:00+03:00,0,0,0,False
1,2026-08-04T04:00:00Z,2026-08-04T07:00:00+03:00,3,3,6,False
1,2026-08-04T05:00:00Z,2026-08-04T08:00:00+03:00,1,1,2,False
1,2026-08-04T06:00:00Z,2026-08-04T09:00:00+03:00,1,1,2,False
1,2026-08-04T07:00:00Z,2026-08-04T10:00:00+03:00,3,3,6,False
1,2026-08-04T08:00:00Z,2026-08-04T11:00:00+03:00,37,28,65,False
1,2026-08-04T09:00:00Z,2026-08-04T12:00:00+03:00,13,16,29,False
1,2026-08-04T10:00:00Z,2026-08-04T13:00:00+03:00,25,23,48,False
1,2026-08-04T11:00:00Z,2026-08-04T14:00:00+03:00,23,29,52,False
1,2026-08-04T12:00:00Z,2026-08-04T15:00:00+03:00,21,12,33,False
1,2026-08-04T13:00:00Z,2026-08-04T16:00:00+03:00,28,27,55,False
1,2026-08-04T14:00:00Z,2026-08-04T17:00:00+03:00,32,37,69,False
1,2026-08-04T15:00:00Z,2026-08-04T18:00:00+03:00,10,18,28,False
1,2026-08-04T16:00:00Z,2026-08-04T19:00:00+03:00,1,1,2,False
1,2026-08-04T17:00:00Z,2026-08-04T20:00:00+03:00,0,0,0,False
1,2026-08-04T18:00:00Z,2026-08-04T21:00:00+03:00,0,0,0,False
1,2026-08-04T19:00:00Z,2026-08-04T22:00:00+03:00,0,0,0,False
1,2026-08-04T20:00:00Z,2026-08-04T23:00:00+03:00,0,0,0,False
1,2026-08-04T21:00:00Z,2026-08-05T00:00:00+03:00,0,0,0,False
1,2026-08-04T22:00:00Z,2026-08-05T01:00:00+03:00,0,0,0,False
1,2026-08-04T23:00:00Z,2026-08-05T02:00:00+03:00,0,0,0,False
1,2026-08-05T00:00:00Z,2026-08-05T03:00:00+03:00,0,0,0,False
1,2026-08-05T01:00:00Z,2026-08-05T04:00:00+03:00,0,0,0,False
1,2026-08-05T02:00:00Z,2026-08-05T05:00:00+03:00,0,0,0,False
1,2026-08-05T03:00:00Z,2026-08-05T06:00:00+03:00,0,0,0,False
1,2026-08-05T04:00:00Z,2026-08-05T07:00:00+03:00,1,1,2,False
1,2026-08-05T05:00:00Z,2026-08-05T08:00:00+03:00,0,1,1,False
1,2026-08-05T06:00:00Z,2026-08-05T09:00:00+03:00,2,1,3,False
1,2026-08-05T07:00:00Z,2026-08-05T10:00:00+03:00,2,1,3,False
1,2026-08-05T08:00:00Z,2026-08-05T11:00:00+03:00,41,33,74,False
1,2026-08-05T09:00:00Z,2026-08-05T12:00:00+03:00,35,34,69,False
1,2026-08-05T10:00:00Z,2026-08-05T13:00:00+03:00,24,26,50,False
1,2026-08-05T11:00:00Z,2026-08-05T14:00:00+03:00,25,25,50,False
1,2026-08-05T12:00:00Z,2026-08-05T15:00:00+03:00,35,29,64,False
1,2026-08-05T13:00:00Z,2026-08-05T16:00:00+03:00,27,37,64,False
1,2026-08-05T14:00:00Z,2026-08-05T17:00:00+03:00,17,15,32,False
1,2026-08-05T15:00:00Z,2026-08-05T18:00:00+03:00,14,16,30,False
1,2026-08-05T16:00:00Z,2026-08-05T19:00:00+03:00,4,13,17,False
1,2026-08-05T17:00:00Z,2026-08-05T20:00:00+03:00,0,0,0,False
1,2026-08-05T18:00:00Z,2026-08-05T21:00:00+03:00,0,0,0,False
1,2026-08-05T19:00:00Z,2026-08-05T22:00:00+03:00,0,0,0,False
1,2026-08-05T20:00:00Z,2026-08-05T23:00:00+03:00,0,0,0,False
1,2026-08-05T21:00:00Z,2026-08-06T00:00:00+03:00,0,0,0,False
1,2026-08-05T22:00:00Z,2026-08-06T01:00:00+03:00,0,0,0,False
1,2026-08-05T23:00:00Z,2026-08-06T02:00:00+03:00,0,0,0,False
1,2026-08-06T00:00:00Z,2026-08-06T03:00:00+03:00,0,0,0,False
1,2026-08-06T01:00:00Z,2026-08-06T04:00:00+03:00,0,0,0,False
1,2026-08-06T02:00:00Z,2026-08-06T05:00:00+03:00,0,0,0,False
1,2026-08-06T03:00:00Z,2026-08-06T06:00:00+03:00,0,0,0,False
1,2026-08-06T04:00:00Z,2026-08-06T07:00:00+03:00,1,1,2,False
1,2026-08-06T05:00:00Z,2026-08-06T08:00:00+03:00,2,2,4,False
1,2026-08-06T06:00:00Z,2026-08-06T09:00:00+03:00,0,0,0,False
1,2026-08-06T07:00:00Z,2026-08-06T10:00:00+03:00,3,3,6,False
1,2026-08-06T08:00:00Z,2026-08-06T11:00:00+03:00,40,29,69,False
1,2026-08-06T09:00:00Z,2026-08-06T12:00:00+03:00,24,29,53,False
1,2026-08-06T10:00:00Z,2026-08-06T13:00:00+03:00,34,33,67,False
1,2026-08-06T11:00:00Z,2026-08-06T14:00:00+03:00,53,46,99,False
1,2026-08-06T12:00:00Z,2026-08-06T15:00:00+03:00,31,39,70,False
1,2026-08-06T13:00:00Z,2026-08-06T16:00:00+03:00,20,18,38,False
1,2026-08-06T14:00:00Z,2026-08-06T17:00:00+03:00,32,30,62,False
1,2026-08-06T15:00:00Z,2026-08-06T18:00:00+03:00,19,26,45,False
1,2026-08-06T16:00:00Z,2026-08-06T19:00:00+03:00,1,3,4,False
1,2026-08-06T17:00:00Z,2026-08-06T20:00:00+03:00,0,0,0,False
1,2026-08-06T18:00:00Z,2026-08-06T21:00:00+03:00,0,0,0,False
1,2026-08-06T19:00:00Z,2026-08-06T22:00:00+03:00,0,0,0,False
1,2026-08-06T20:00:00Z,2026-08-06T23:00:00+03:00,0,0,0,False
1,2026-08-06T21:00:00Z,2026-08-07T00:00:00+03:00,0,0,0,False
1,2026-08-06T22:00:00Z,2026-08-07T01:00:00+03:00,0,0,0,False
1,2026-08-06T23:00:00Z,2026-08-07T02:00:00+03:00,0,0,0,False
1,2026-08-07T00:00:00Z,2026-08-07T03:00:00+03:00,0,0,0,False
1,2026-08-07T01:00:00Z,2026-08-07T04:00:00+03:00,0,0,0,False
1,2026-08-07T02:00:00Z,2026-08-07T05:00:00+03:00,0,0,0,False
1,2026-08-07T03:00:00Z,2026-08-07T06:00:00+03:00,0,0,0,False
1,2026-08-07T04:00:00Z,2026-08-07T07:00:00+03:00,7,7,14,False
1,2026-08-07T05:00:00Z,2026-08-07T08:00:00+03:00,1,1,2,False
1,2026-08-07T06:00:00Z,2026-08-07T09:00:00+03:00,0,0,0,False
1,2026-08-07T07:00:00Z,2026-08-07T10:00:00+03:00,3,3,6,False
1,2026-08-07T08:00:00Z,2026-08-07T11:00:00+03:00,24,15,39,False
1,2026-08-07T09:00:00Z,2026-08-07T12:00:00+03:00,26,23,49,False
1,2026-08-07T10:00:00Z,2026-08-07T13:00:00+03:00,31,32,63,False
1,2026-08-07T11:00:00Z,2026-08-07T14:00:00+03:00,19,20,39,False
1,2026-08-07T12:00:00Z,2026-08-07T15:00:00+03:00,23,25,48,False
1,2026-08-07T13:00:00Z,2026-08-07T16:00:00+03:00,15,12,27,False
1,2026-08-07T14:00:00Z,2026-08-07T17:00:00+03:00,37,44,81,False
1,2026-08-07T15:00:00Z,2026-08-07T18:00:00+03:00,14,17,31,False
1,2026-08-07T16:00:00Z,2026-08-07T19:00:00+03:00,2,6,8,False
1,2026-08-07T17:00:00Z,2026-08-07T20:00:00+03:00,0,0,0,False
1,2026-08-07T18:00:00Z,2026-08-07T21:00:00+03:00,0,0,0,False
1,2026-08-07T19:00:00Z,2026-08-07T22:00:00+03:00,0,0,0,False
1,2026-08-07T20:00:00Z,2026-08-07T23:00:00+03:00,0,0,0,False
1,2026-08-07T21:00:00Z,2026-08-08T00:00:00+03:00,0,0,0,False
1,2026-08-07T22:00:00Z,2026-08-08T01:00:00+03:00,0,0,0,False
1,2026-08-07T23:00:00Z,2026-08-08T02:00:00+03:00,0,0,0,False
1,2026-08-08T00:00:00Z,2026-08-08T03:00:00+03:00,0,0,0,False
1,2026-08-08T01:00:00Z,2026-08-08T04:00:00+03:00,0,0,0,False
1,2026-08-08T02:00:00Z,2026-08-08T05:00:00+03:00,0,0,0,False
1,2026-08-08T03:00:00Z,2026-08-08T06:00:00+03:00,0,0,0,False
1,2026-08-08T04:00:00Z,2026-08-08T07:00:00+03:00,0,0,0,False
1,2026-08-08T05:00:00Z,2026-08-08T08:00:00+03:00,3,2,5,False
1,2026-08-08T06:00:00Z,2026-08-08T09:00:00+03:00,1,1,2,False
1,2026-08-08T07:00:00Z,2026-08-08T10:00:00+03:00,3,2,5,False
1,2026-08-08T08:00:00Z,2026-08-08T11:00:00+03:00,45,32,77,False
1,2026-08-08T09:00:00Z,2026-08-08T12:00:00+03:00,44,46,90,False
1,2026-08-08T10:00:00Z,2026-08-08T13:00:00+03:00,26,27,53,False
1,2026-08-08T11:00:00Z,2026-08-08T14:00:00+03:00,43,46,89,False
1,2026-08-08T12:00:00Z,2026-08-08T15:00:00+03:00,19,14,33,False
1,2026-08-08T13:00:00Z,2026-08-08T16:00:00+03:00,61,58,119,False
1,2026-08-08T14:00:00Z,2026-08-08T17:00:00+03:00,60,61,121,False
1,2026-08-08T15:00:00Z,2026-08-08T18:00:00+03:00,9,27,36,False
1,2026-08-08T16:00:00Z,2026-08-08T19:00:00+03:00,3,5,8,False
1,2026-08-08T17:00:00Z,2026-08-08T20:00:00+03:00,0,0,0,False
1,2026-08-08T18:00:00Z,2026-08-08T21:00:00+03:00,0,0,0,False
1,2026-08-08T19:00:00Z,2026-08-08T22:00:00+03:00,0,0,0,False
1,2026-08-08T20:00:00Z,2026-08-08T23:00:00+03:00,0,0,0,False
1,2026-08-08T21:00:00Z,2026-08-09T00:00:00+03:00,0,0,0,False
1,2026-08-08T22:00:00Z,2026-08-09T01:00:00+03:00,0,0,0,False
1,2026-08-08T23:00:00Z,2026-08-09T02:00:00+03:00,0,0,0,False
1,2026-08-09T00:00:00Z,2026-08-09T03:00:00+03:00,0,0,0,False
1,2026-08-09T01:00:00Z,2026-08-09T04:00:00+03:00,0,0,0,False
1,2026-08-09T02:00:00Z,2026-08-09T05:00:00+03:00,0,0,0,False
1,2026-08-09T03:00:00Z,2026-08-09T06:00:00+03:00,0,0,0,False
1,2026-08-09T04:00:00Z,2026-08-09T07:00:00+03:00,0,0,0,False
1,2026-08-09T05:00:00Z,2026-08-09T08:00:00+03:00,3,3,6,False
1,2026-08-09T06:00:00Z,2026-08-09T09:00:00+03:00,1,1,2,False
1,2026-08-09T07:00:00Z,2026-08-09T10:00:00+03:00,3,3,6,False
1,2026-08-09T08:00:00Z,2026-08-09T11:00:00+03:00,33,28,61,False
1,2026-08-09T09:00:00Z,2026-08-09T12:00:00+03:00,20,19,39,False
1,2026-08-09T10:00:00Z,2026-08-09T13:00:00+03:00,17,19,36,False
1,2026-08-09T11:00:00Z,2026-08-09T14:00:00+03:00,13,15,28,False
1,2026-08-09T12:00:00Z,2026-08-09T15:00:00+03:00,21,19,40,False
1,2026-08-09T13:00:00Z,2026-08-09T16:00:00+03:00,16,15,31,False
1,2026-08-09T14:00:00Z,2026-08-09T17:00:00+03:00,3,10,13,False
1,2026-08-09T15:00:00Z,2026-08-09T18:00:00+03:00,0,0,0,False
1,2026-08-09T16:00:00Z,2026-08-09T19:00:00+03:00,0,0,0,False
1,2026-08-09T17:00:00Z,2026-08-09T20:00:00+03:00,0,0,0,False
1,2026-08-09T18:00:00Z,2026-08-09T21:00:00+03:00,0,0,0,False
1,2026-08-09T19:00:00Z,2026-08-09T22:00:00+03:00,0,0,0,False
1,2026-08-09T20:00:00Z,2026-08-09T23:00:00+03:00,0,0,0,False
1,2026-08-09T21:00:00Z,2026-08-10T00:00:00+03:00,0,0,0,False
1,2026-08-09T22:00:00Z,2026-08-10T01:00:00+03:00,0,0,0,False
1,2026-08-09T23:00:00Z,2026-08-10T02:00:00+03:00,0,0,0,False
1,2026-08-10T00:00:00Z,2026-08-10T03:00:00+03:00,0,0,0,False
1,2026-08-10T01:00:00Z,2026-08-10T04:00:00+03:00,0,0,0,False
1,2026-08-10T02:00:00Z,2026-08-10T05:00:00+03:00,0,0,0,False
1,2026-08-10T03:00:00Z,2026-08-10T06:00:00+03:00,0,0,0,False
1,2026-08-10T04:00:00Z,2026-08-10T07:00:00+03:00,3,3,6,False
1,2026-08-10T05:00:00Z,2026-08-10T08:00:00+03:00,1,1,2,False
1,2026-08-10T06:00:00Z,2026-08-10T09:00:00+03:00,49,19,68,False
1,2026-08-10T07:00:00Z,2026-08-10T10:00:00+03:00,44,65,109,False
1,2026-08-10T08:00:00Z,2026-08-10T11:00:00+03:00,34,31,65,False
1,2026-08-10T09:00:00Z,2026-08-10T12:00:00+03:00,57,44,101,False
1,2026-08-10T10:00:00Z,2026-08-10T13:00:00+03:00,27,46,73,False
1,2026-08-10T11:00:00Z,2026-08-10T14:00:00+03:00,50,36,86,False
1,2026-08-10T12:00:00Z,2026-08-10T15:00:00+03:00,47,46,93,False
1,2026-08-10T13:00:00Z,2026-08-10T16:00:00+03:00,27,34,61,False
1,2026-08-10T14:00:00Z,2026-08-10T17:00:00+03:00,50,35,85,False
1,2026-08-10T15:00:00Z,2026-08-10T18:00:00+03:00,13,36,49,False
1,2026-08-10T16:00:00Z,2026-08-10T19:00:00+03:00,1,5,6,False
1,2026-08-10T17:00:00Z,2026-08-10T20:00:00+03:00,0,0,0,False
1,2026-08-10T18:00:00Z,2026-08-10T21:00:00+03:00,0,0,0,False
1,2026-08-10T19:00:00Z,2026-08-10T22:00:00+03:00,0,0,0,False
1,2026-08-10T20:00:00Z,2026-08-10T23:00:00+03:00,0,0,0,False
1,2026-08-10T21:00:00Z,2026-08-11T00:00:00+03:00,0,0,0,False
1,2026-08-10T22:00:00Z,2026-08-11T01:00:00+03:00,0,0,0,False
1,2026-08-10T23:00:00Z,2026-08-11T02:00:00+03:00,0,0,0,False
1,2026-08-11T00:00:00Z,2026-08-11T03:00:00+03:00,0,0,0,False
1,2026-08-11T01:00:00Z,2026-08-11T04:00:00+03:00,0,0,0,False
1,2026-08-11T02:00:00Z,2026-08-11T05:00:00+03:00,0,0,0,False
1,2026-08-11T03:00:00Z,2026-08-11T06:00:00+03:00,0,0,0,False
1,2026-08-11T04:00:00Z,2026-08-11T07:00:00+03:00,3,3,6,False
1,2026-08-11T05:00:00Z,2026-08-11T08:00:00+03:00,2,2,4,False
1,2026-08-11T06:00:00Z,2026-08-11T09:00:00+03:00,0,0,0,False
1,2026-08-11T07:00:00Z,2026-08-11T10:00:00+03:00,3,2,5,False
1,2026-08-11T08:00:00Z,2026-08-11T11:00:00+03:00,22,15,37,False
1,2026-08-11T09:00:00Z,2026-08-11T12:00:00+03:00,17,14,31,False
1,2026-08-11T10:00:00Z,2026-08-11T13:00:00+03:00,34,31,65,False
1,2026-08-11T11:00:00Z,2026-08-11T14:00:00+03:00,37,33,70,False
1,2026-08-11T12:00:00Z,2026-08-11T15:00:00+03:00,42,50,92,False
1,2026-08-11T13:00:00Z,2026-08-11T16:00:00+03:00,50,49,99,False
1,2026-08-11T14:00:00Z,2026-08-11T17:00:00+03:00,14,20,34,False
1,2026-08-11T15:00:00Z,2026-08-11T18:00:00+03:00,20,23,43,False
1,2026-08-11T16:00:00Z,2026-08-11T19:00:00+03:00,2,6,8,False
1,2026-08-11T17:00:00Z,2026-08-11T20:00:00+03:00,0,0,0,False
1,2026-08-11T18:00:00Z,2026-08-11T21:00:00+03:00,0,0,0,False
1,2026-08-11T19:00:00Z,2026-08-11T22:00:00+03:00,0,0,0,False
1,2026-08-11T20:00:00Z,2026-08-11T23:00:00+03:00,0,0,0,False
1,2026-08-11T21:00:00Z,2026-08-12T00:00:00+03:00,0,0,0,False
1,2026-08-11T22:00:00Z,2026-08-12T01:00:00+03:00,0,0,0,False
1,2026-08-11T23:00:00Z,2026-08-12T02:00:00+03:00,0,0,0,False
1,2026-08-12T00:00:00Z,2026-08-12T03:00:00+03:00,0,0,0,False
1,2026-08-12T01:00:00Z,2026-08-12T04:00:00+03:00,0,0,0,False
1,2026-08-12T02:00:00Z,2026-08-12T05:00:00+03:00,0,0,0,False
1,2026-08-12T03:00:00Z,2026-08-12T06:00:00+03:00,0,0,0,False
1,2026-08-12T04:00:00Z,2026-08-12T07:00:00+03:00,3,3,6,False
1,2026-08-12T05:00:00Z,2026-08-12T08:00:00+03:00,0,0,0,False
1,2026-08-12T06:00:00Z,2026-08-12T09:00:00+03:00,0,0,0,False
1,2026-08-12T07:00:00Z,2026-08-12T10:00:00+03:00,5,3,8,False
1,2026-08-12T08:00:00Z,2026-08-12T11:00:00+03:00,32,21,53,False
1,2026-08-12T09:00:00Z,2026-08-12T12:00:00+03:00,19,30,49,False
1,2026-08-12T10:00:00Z,2026-08-12T13:00:00+03:00,35,32,67,False
1,2026-08-12T11:00:00Z,2026-08-12T14:00:00+03:00,37,33,70,False
1,2026-08-12T12:00:00Z,2026-08-12T15:00:00+03:00,27,24,51,False
1,2026-08-12T13:00:00Z,2026-08-12T16:00:00+03:00,22,27,49,False
1,2026-08-12T14:00:00Z,2026-08-12T17:00:00+03:00,31,29,60,False
1,2026-08-12T15:00:00Z,2026-08-12T18:00:00+03:00,9,15,24,False
1,2026-08-12T16:00:00Z,2026-08-12T19:00:00+03:00,1,5,6,False
1,2026-08-12T17:00:00Z,2026-08-12T20:00:00+03:00,0,0,0,False
1,2026-08-12T18:00:00Z,2026-08-12T21:00:00+03:00,0,0,0,False
1,2026-08-12T19:00:00Z,2026-08-12T22:00:00+03:00,0,0,0,False
1,2026-08-12T20:00:00Z,2026-08-12T23:00:00+03:00,0,0,0,False
1,2026-08-12T21:00:00Z,2026-08-13T00:00:00+03:00,0,0,0,False
1,2026-08-12T22:00:00Z,2026-08-13T01:00:00+03:00,0,0,0,False
1,2026-08-12T23:00:00Z,2026-08-13T02:00:00+03:00,0,0,0,False
1,2026-08-13T00:00:00Z,2026-08-13T03:00:00+03:00,0,0,0,False
1,2026-08-13T01:00:00Z,2026-08-13T04:00:00+03:00,0,0,0,False
1,2026-08-13T02:00:00Z,2026-08-13T05:00:00+03:00,0,0,0,False
1,2026-08-13T03:00:00Z,2026-08-13T06:00:00+03:00,0,0,0,False
1,2026-08-13T04:00:00Z,2026-08-13T07:00:00+03:00,1,1,2,False
1,2026-08-13T05:00:00Z,2026-08-13T08:00:00+03:00,0,0,0,False
1,2026-08-13T06:00:00Z,2026-08-13T09:00:00+03:00,0,0,0,False
1,2026-08-13T07:00:00Z,2026-08-13T10:00:00+03:00,0,0,0,False
1,2026-08-13T08:00:00Z,2026-08-13T11:00:00+03:00,19,14,33,False
1,2026-08-13T09:00:00Z,2026-08-13T12:00:00+03:00,22,17,39,False
1,2026-08-13T10:00:00Z,2026-08-13T13:00:00+03:00,4,15,19,False
1,2026-08-13T11:00:00Z,2026-08-13T14:00:00+03:00,14,9,23,False
1,2026-08-13T12:00:00Z,2026-08-13T15:00:00+03:00,19,19,38,False
1,2026-08-13T13:00:00Z,2026-08-13T16:00:00+03:00,54,42,96,False
1,2026-08-13T14:00:00Z,2026-08-13T17:00:00+03:00,20,35,55,False
1,2026-08-13T15:00:00Z,2026-08-13T18:00:00+03:00,22,21,43,False
1,2026-08-13T16:00:00Z,2026-08-13T19:00:00+03:00,1,3,4,False
1,2026-08-13T17:00:00Z,2026-08-13T20:00:00+03:00,0,0,0,False
1,2026-08-13T18:00:00Z,2026-08-13T21:00:00+03:00,0,0,0,False
1,2026-08-13T19:00:00Z,2026-08-13T22:00:00+03:00,0,0,0,False
1,2026-08-13T20:00:00Z,2026-08-13T23:00:00+03:00,0,0,0,False
1,2026-08-13T21:00:00Z,2026-08-14T00:00:00+03:00,0,0,0,False
1,2026-08-13T22:00:00Z,2026-08-14T01:00:00+03:00,0,0,0,False
1,2026-08-13T23:00:00Z,2026-08-14T02:00:00+03:00,0,0,0,False
1,2026-08-14T00:00:00Z,2026-08-14T03:00:00+03:00,0,0,0,False
1,2026-08-14T01:00:00Z,2026-08-14T04:00:00+03:00,0,0,0,False
1,2026-08-14T02:00:00Z,2026-08-14T05:00:00+03:00,0,0,0,False
1,2026-08-14T03:00:00Z,2026-08-14T06:00:00+03:00,0,0,0,False
1,2026-08-14T04:00:00Z,2026-08-14T07:00:00+03:00,5,5,10,False
1,2026-08-14T05:00:00Z,2026-08-14T08:00:00+03:00,2,2,4,False
1,2026-08-14T06:00:00Z,2026-08-14T09:00:00+03:00,2,2,4,False
1,2026-08-14T07:00:00Z,2026-08-14T10:00:00+03:00,2,2,4,False
1,2026-08-14T08:00:00Z,2026-08-14T11:00:00+03:00,48,40,88,False
1,2026-08-14T09:00:00Z,2026-08-14T12:00:00+03:00,19,22,41,False
1,2026-08-14T10:00:00Z,2026-08-14T13:00:00+03:00,37,31,68,False
1,2026-08-14T11:00:00Z,2026-08-14T14:00:00+03:00,22,24,46,False
1,2026-08-14T12:00:00Z,2026-08-14T15:00:00+03:00,23,26,49,False
1,2026-08-14T13:00:00Z,2026-08-14T16:00:00+03:00,28,24,52,False
1,2026-08-14T14:00:00Z,2026-08-14T17:00:00+03:00,44,41,85,False
1,2026-08-14T15:00:00Z,2026-08-14T18:00:00+03:00,70,52,122,False
1,2026-08-14T16:00:00Z,2026-08-14T19:00:00+03:00,97,81,178,False
1,2026-08-14T17:00:00Z,2026-08-14T20:00:00+03:00,69,89,158,False
1,2026-08-14T18:00:00Z,2026-08-14T21:00:00+03:00,41,44,85,False
1,2026-08-14T19:00:00Z,2026-08-14T22:00:00+03:00,19,34,53,False
1,2026-08-14T20:00:00Z,2026-08-14T23:00:00+03:00,14,23,37,False
1,2026-08-14T21:00:00Z,2026-08-15T00:00:00+03:00,0,0,0,False
1,2026-08-14T22:00:00Z,2026-08-15T01:00:00+03:00,0,0,0,False
1,2026-08-14T23:00:00Z,2026-08-15T02:00:00+03:00,0,0,0,False
1,2026-08-15T00:00:00Z,2026-08-15T03:00:00+03:00,0,0,0,False
1,2026-08-15T01:00:00Z,2026-08-15T04:00:00+03:00,0,0,0,False
1,2026-08-15T02:00:00Z,2026-08-15T05:00:00+03:00,0,0,0,False
1,2026-08-15T03:00:00Z,2026-08-15T06:00:00+03:00,0,0,0,False
1,2026-08-15T04:00:00Z,2026-08-15T07:00:00+03:00,0,0,0,False
1,2026-08-15T05:00:00Z,2026-08-15T08:00:00+03:00,3,3,6,False
1,2026-08-15T06:00:00Z,2026-08-15T09:00:00+03:00,1,1,2,False
1,2026-08-15T07:00:00Z,2026-08-15T10:00:00+03:00,1,1,2,False
1,2026-08-15T08:00:00Z,2026-08-15T11:00:00+03:00,40,27,67,False
1,2026-08-15T09:00:00Z,2026-08-15T12:00:00+03:00,76,57,133,False
1,2026-08-15T10:00:00Z,2026-08-15T13:00:00+03:00,74,81,155,False
1,2026-08-15T11:00:00Z,2026-08-15T14:00:00+03:00,72,88,160,False
1,2026-08-15T12:00:00Z,2026-08-15T15:00:00+03:00,44,38,82,False
1,2026-08-15T13:00:00Z,2026-08-15T16:00:00+03:00,31,39,70,False
1,2026-08-15T14:00:00Z,2026-08-15T17:00:00+03:00,42,40,82,False
1,2026-08-15T15:00:00Z,2026-08-15T18:00:00+03:00,17,18,35,False
1,2026-08-15T16:00:00Z,2026-08-15T19:00:00+03:00,20,20,40,False
1,2026-08-15T17:00:00Z,2026-08-15T20:00:00+03:00,11,18,29,False
1,2026-08-15T18:00:00Z,2026-08-15T21:00:00+03:00,1,1,2,False
1,2026-08-15T19:00:00Z,2026-08-15T22:00:00+03:00,0,0,0,False
1,2026-08-15T20:00:00Z,2026-08-15T23:00:00+03:00,0,0,0,False
1,2026-08-15T21:00:00Z,2026-08-16T00:00:00+03:00,0,0,0,False
1,2026-08-15T22:00:00Z,2026-08-16T01:00:00+03:00,0,0,0,False
1,2026-08-15T23:00:00Z,2026-08-16T02:00:00+03:00,0,0,0,False
1,2026-08-16T00:00:00Z,2026-08-16T03:00:00+03:00,0,0,0,False
1,2026-08-16T01:00:00Z,2026-08-16T04:00:00+03:00,0,0,0,False
1,2026-08-16T02:00:00Z,2026-08-16T05:00:00+03:00,0,0,0,False
1,2026-08-16T03:00:00Z,2026-08-16T06:00:00+03:00,0,0,0,False
1,2026-08-16T04:00:00Z,2026-08-16T07:00:00+03:00,0,0,0,False
1,2026-08-16T05:00:00Z,2026-08-16T08:00:00+03:00,3,3,6,False
1,2026-08-16T06:00:00Z,2026-08-16T09:00:00+03:00,1,1,2,False
1,2026-08-16T07:00:00Z,2026-08-16T10:00:00+03:00,2,2,4,False
1,2026-08-16T08:00:00Z,2026-08-16T11:00:00+03:00,34,23,57,False
1,2026-08-16T09:00:00Z,2026-08-16T12:00:00+03:00,55,43,98,False
1,2026-08-16T10:00:00Z,2026-08-16T13:00:00+03:00,22,38,60,False
1,2026-08-16T11:00:00Z,2026-08-16T14:00:00+03:00,31,32,63,False
1,2026-08-16T12:00:00Z,2026-08-16T15:00:00+03:00,31,31,62,False
1,2026-08-16T13:00:00Z,2026-08-16T16:00:00+03:00,20,25,45,False
1,2026-08-16T14:00:00Z,2026-08-16T17:00:00+03:00,16,18,34,False
1,2026-08-16T15:00:00Z,2026-08-16T18:00:00+03:00,0,0,0,False
1,2026-08-16T16:00:00Z,2026-08-16T19:00:00+03:00,0,0,0,False
1,2026-08-16T17:00:00Z,2026-08-16T20:00:00+03:00,0,0,0,False
1,2026-08-16T18:00:00Z,2026-08-16T21:00:00+03:00,0,0,0,False
1,2026-08-16T19:00:00Z,2026-08-16T22:00:00+03:00,0,0,0,False
1,2026-08-16T20:00:00Z,2026-08-16T23:00:00+03:00,0,0,0,False
1,2026-08-16T21:00:00Z,2026-08-17T00:00:00+03:00,0,0,0,False
1,2026-08-16T22:00:00Z,2026-08-17T01:00:00+03:00,0,0,0,False
1,2026-08-16T23:00:00Z,2026-08-17T02:00:00+03:00,0,0,0,False
1,2026-08-17T00:00:00Z,2026-08-17T03:00:00+03:00,0,0,0,False
1,2026-08-17T01:00:00Z,2026-08-17T04:00:00+03:00,0,0,0,False
1,2026-08-17T02:00:00Z,2026-08-17T05:00:00+03:00,0,0,0,False
1,2026-08-17T03:00:00Z,2026-08-17T06:00:00+03:00,0,0,0,False
1,2026-08-17T04:00:00Z,2026-08-17T07:00:00+03:00,3,3,6,False
1,2026-08-17T05:00:00Z,2026-08-17T08:00:00+03:00,1,1,2,False
1,2026-08-17T06:00:00Z,2026-08-17T09:00:00+03:00,3,3,6,False
1,2026-08-17T07:00:00Z,2026-08-17T10:00:00+03:00,7,7,14,False
1,2026-08-17T08:00:00Z,2026-08-17T11:00:00+03:00,17,14,31,False
1,2026-08-17T09:00:00Z,2026-08-17T12:00:00+03:00,28,26,54,False
1,2026-08-17T10:00:00Z,2026-08-17T13:00:00+03:00,10,12,22,False
1,2026-08-17T11:00:00Z,2026-08-17T14:00:00+03:00,41,31,72,False
1,2026-08-17T12:00:00Z,2026-08-17T15:00:00+03:00,16,27,43,False
1,2026-08-17T13:00:00Z,2026-08-17T16:00:00+03:00,16,13,29,False
1,2026-08-17T14:00:00Z,2026-08-17T17:00:00+03:00,33,28,61,False
1,2026-08-17T15:00:00Z,2026-08-17T18:00:00+03:00,7,13,20,False
1,2026-08-17T16:00:00Z,2026-08-17T19:00:00+03:00,4,11,15,False
1,2026-08-17T17:00:00Z,2026-08-17T20:00:00+03:00,0,0,0,False
1,2026-08-17T18:00:00Z,2026-08-17T21:00:00+03:00,0,0,0,False
1,2026-08-17T19:00:00Z,2026-08-17T22:00:00+03:00,0,0,0,False
1,2026-08-17T20:00:00Z,2026-08-17T23:00:00+03:00,0,0,0,False
1,2026-08-17T21:00:00Z,2026-08-18T00:00:00+03:00,0,0,0,False
1,2026-08-17T22:00:00Z,2026-08-18T01:00:00+03:00,0,0,0,False
1,2026-08-17T23:00:00Z,2026-08-18T02:00:00+03:00,0,0,0,False
1,2026-08-18T00:00:00Z,2026-08-18T03:00:00+03:00,0,0,0,False
1,2026-08-18T01:00:00Z,2026-08-18T04:00:00+03:00,0,0,0,False
1,2026-08-18T02:00:00Z,2026-08-18T05:00:00+03:00,0,0,0,False
1,2026-08-18T03:00:00Z,2026-08-18T06:00:00+03:00,0,0,0,False
1,2026-08-18T04:00:00Z,2026-08-18T07:00:00+03:00,4,4,8,False
1,2026-08-18T05:00:00Z,2026-08-18T08:00:00+03:00,2,2,4,False
1,2026-08-18T06:00:00Z,2026-08-18T09:00:00+03:00,0,0,0,False
1,2026-08-18T07:00:00Z,2026-08-18T10:00:00+03:00,2,2,4,False
1,2026-08-18T08:00:00Z,2026-08-18T11:00:00+03:00,53,37,90,False
1,2026-08-18T09:00:00Z,2026-08-18T12:00:00+03:00,19,25,44,False
1,2026-08-18T10:00:00Z,2026-08-18T13:00:00+03:00,25,27,52,False
1,2026-08-18T11:00:00Z,2026-08-18T14:00:00+03:00,17,19,36,False
1,2026-08-18T12:00:00Z,2026-08-18T15:00:00+03:00,23,18,41,False
1,2026-08-18T13:00:00Z,2026-08-18T16:00:00+03:00,21,21,42,False
1,2026-08-18T14:00:00Z,2026-08-18T17:00:00+03:00,6,12,18,False
1,2026-08-18T15:00:00Z,2026-08-18T18:00:00+03:00,8,11,19,False
1,2026-08-18T16:00:00Z,2026-08-18T19:00:00+03:00,1,1,2,False
1,2026-08-18T17:00:00Z,2026-08-18T20:00:00+03:00,0,0,0,False
1,2026-08-18T18:00:00Z,2026-08-18T21:00:00+03:00,0,0,0,False
1,2026-08-18T19:00:00Z,2026-08-18T22:00:00+03:00,0,0,0,False
1,2026-08-18T20:00:00Z,2026-08-18T23:00:00+03:00,0,0,0,False
1,2026-08-18T21:00:00Z,2026-08-19T00:00:00+03:00,0,0,0,False
1,2026-08-18T22:00:00Z,2026-08-19T01:00:00+03:00,0,0,0,False
1,2026-08-18T23:00:00Z,2026-08-19T02:00:00+03:00,0,0,0,False
1,2026-08-19T00:00:00Z,2026-08-19T03:00:00+03:00,0,0,0,False
1,2026-08-19T01:00:00Z,2026-08-19T04:00:00+03:00,0,0,0,False
1,2026-08-19T02:00:00Z,2026-08-19T05:00:00+03:00,0,0,0,False
1,2026-08-19T03:00:00Z,2026-08-19T06:00:00+03:00,0,0,0,False
1,2026-08-19T04:00:00Z,2026-08-19T07:00:00+03:00,0,0,0,False
1,2026-08-19T05:00:00Z,2026-08-19T08:00:00+03:00,2,2,4,False
1,2026-08-19T06:00:00Z,2026-08-19T09:00:00+03:00,0,0,0,False
1,2026-08-19T07:00:00Z,2026-08-19T10:00:00+03:00,2,2,4,False
1,2026-08-19T08:00:00Z,2026-08-19T11:00:00+03:00,9,7,16,False
1,2026-08-19T09:00:00Z,2026-08-19T12:00:00+03:00,21,17,38,False
1,2026-08-19T10:00:00Z,2026-08-19T13:00:00+03:00,11,12,23,False
1,2026-08-19T11:00:00Z,2026-08-19T14:00:00+03:00,13,15,28,False
1,2026-08-19T12:00:00Z,2026-08-19T15:00:00+03:00,58,29,87,False
1,2026-08-19T13:00:00Z,2026-08-19T16:00:00+03:00,54,69,123,False
1,2026-08-19T14:00:00Z,2026-08-19T17:00:00+03:00,60,55,115,False
1,2026-08-19T15:00:00Z,2026-08-19T18:00:00+03:00,22,36,58,False
1,2026-08-19T16:00:00Z,2026-08-19T19:00:00+03:00,2,10,12,False
1,2026-08-19T17:00:00Z,2026-08-19T20:00:00+03:00,0,0,0,False
1,2026-08-19T18:00:00Z,2026-08-19T21:00:00+03:00,0,0,0,False
1,2026-08-19T19:00:00Z,2026-08-19T22:00:00+03:00,0,0,0,False
1,2026-08-19T20:00:00Z,2026-08-19T23:00:00+03:00,0,0,0,False
1,2026-08-19T21:00:00Z,2026-08-20T00:00:00+03:00,0,0,0,False
1,2026-08-19T22:00:00Z,2026-08-20T01:00:00+03:00,0,0,0,False
1,2026-08-19T23:00:00Z,2026-08-20T02:00:00+03:00,0,0,0,False
1,2026-08-20T00:00:00Z,2026-08-20T03:00:00+03:00,0,0,0,False
1,2026-08-20T01:00:00Z,2026-08-20T04:00:00+03:00,0,0,0,False
1,2026-08-20T02:00:00Z,2026-08-20T05:00:00+03:00,0,0,0,False
1,2026-08-20T03:00:00Z,2026-08-20T06:00:00+03:00,0,0,0,False
1,2026-08-20T04:00:00Z,2026-08-20T07:00:00+03:00,1,2,3,False
1,2026-08-20T05:00:00Z,2026-08-20T08:00:00+03:00,0,0,0,False
1,2026-08-20T06:00:00Z,2026-08-20T09:00:00+03:00,0,0,0,False
1,2026-08-20T07:00:00Z,2026-08-20T10:00:00+03:00,2,2,4,False
1,2026-08-20T08:00:00Z,2026-08-20T11:00:00+03:00,35,24,59,False
1,2026-08-20T09:00:00Z,2026-08-20T12:00:00+03:00,15,23,38,False
1,2026-08-20T10:00:00Z,2026-08-20T13:00:00+03:00,11,12,23,False
1,2026-08-20T11:00:00Z,2026-08-20T14:00:00+03:00,7,10,17,False
1,2026-08-20T12:00:00Z,2026-08-20T15:00:00+03:00,37,26,63,False
1,2026-08-20T13:00:00Z,2026-08-20T16:00:00+03:00,21,27,48,False
1,2026-08-20T14:00:00Z,2026-08-20T17:00:00+03:00,34,28,62,False
1,2026-08-20T15:00:00Z,2026-08-20T18:00:00+03:00,6,19,25,False
1,2026-08-20T16:00:00Z,2026-08-20T19:00:00+03:00,1,1,2,False
1,2026-08-20T17:00:00Z,2026-08-20T20:00:00+03:00,0,0,0,False
1,2026-08-20T18:00:00Z,2026-08-20T21:00:00+03:00,0,0,0,False
1,2026-08-20T19:00:00Z,2026-08-20T22:00:00+03:00,0,0,0,False
1,2026-08-20T20:00:00Z,2026-08-20T23:00:00+03:00,0,0,0,False
1,2026-08-20T21:00:00Z,2026-08-21T00:00:00+03:00,0,0,0,False
1,2026-08-20T22:00:00Z,2026-08-21T01:00:00+03:00,0,0,0,False
1,2026-08-20T23:00:00Z,2026-08-21T02:00:00+03:00,0,0,0,False
1,2026-08-21T00:00:00Z,2026-08-21T03:00:00+03:00,0,0,0,False
1,2026-08-21T01:00:00Z,2026-08-21T04:00:00+03:00,0,0,0,False
1,2026-08-21T02:00:00Z,2026-08-21T05:00:00+03:00,0,0,0,False
1,2026-08-21T03:00:00Z,2026-08-21T06:00:00+03:00,0,0,0,False
1,2026-08-21T04:00:00Z,2026-08-21T07:00:00+03:00,10,9,19,False
1,2026-08-21T05:00:00Z,2026-08-21T08:00:00+03:00,2,2,4,False
1,2026-08-21T06:00:00Z,2026-08-21T09:00:00+03:00,0,0,0,False
1,2026-08-21T07:00:00Z,2026-08-21T10:00:00+03:00,1,1,2,False
1,2026-08-21T08:00:00Z,2026-08-21T11:00:00+03:00,16,10,26,False
1,2026-08-21T09:00:00Z,2026-08-21T12:00:00+03:00,17,18,35,False
1,2026-08-21T10:00:00Z,2026-08-21T13:00:00+03:00,19,20,39,False
1,2026-08-21T11:00:00Z,2026-08-21T14:00:00+03:00,16,15,31,False
1,2026-08-21T12:00:00Z,2026-08-21T15:00:00+03:00,26,25,51,False
1,2026-08-21T13:00:00Z,2026-08-21T16:00:00+03:00,8,10,18,False
1,2026-08-21T14:00:00Z,2026-08-21T17:00:00+03:00,9,9,18,False
1,2026-08-21T15:00:00Z,2026-08-21T18:00:00+03:00,9,14,23,False
1,2026-08-21T16:00:00Z,2026-08-21T19:00:00+03:00,1,1,2,False
1,2026-08-21T17:00:00Z,2026-08-21T20:00:00+03:00,0,0,0,False
1,2026-08-21T18:00:00Z,2026-08-21T21:00:00+03:00,0,0,0,False
1,2026-08-21T19:00:00Z,2026-08-21T22:00:00+03:00,0,0,0,False
1,2026-08-21T20:00:00Z,2026-08-21T23:00:00+03:00,0,0,0,False
1,2026-08-21T21:00:00Z,2026-08-22T00:00:00+03:00,0,0,0,False
1,2026-08-21T22:00:00Z,2026-08-22T01:00:00+03:00,0,0,0,False
1,2026-08-21T23:00:00Z,2026-08-22T02:00:00+03:00,0,0,0,False
1,2026-08-22T00:00:00Z,2026-08-22T03:00:00+03:00,0,0,0,False
1,2026-08-22T01:00:00Z,2026-08-22T04:00:00+03:00,0,0,0,False
1,2026-08-22T02:00:00Z,2026-08-22T05:00:00+03:00,0,0,0,False
1,2026-08-22T03:00:00Z,2026-08-22T06:00:00+03:00,0,0,0,False
1,2026-08-22T04:00:00Z,2026-08-22T07:00:00+03:00,0,0,0,False
1,2026-08-22T05:00:00Z,2026-08-22T08:00:00+03:00,3,3,6,False
1,2026-08-22T06:00:00Z,2026-08-22T09:00:00+03:00,1,1,2,False
1,2026-08-22T07:00:00Z,2026-08-22T10:00:00+03:00,1,1,2,False
1,2026-08-22T08:00:00Z,2026-08-22T11:00:00+03:00,7,7,14,False
1,2026-08-22T09:00:00Z,2026-08-22T12:00:00+03:00,15,10,25,False
1,2026-08-22T10:00:00Z,2026-08-22T13:00:00+03:00,16,19,35,False
1,2026-08-22T11:00:00Z,2026-08-22T14:00:00+03:00,31,22,53,False
1,2026-08-22T12:00:00Z,2026-08-22T15:00:00+03:00,28,29,57,False
1,2026-08-22T13:00:00Z,2026-08-22T16:00:00+03:00,23,28,51,False
1,2026-08-22T14:00:00Z,2026-08-22T17:00:00+03:00,16,16,32,False
1,2026-08-22T15:00:00Z,2026-08-22T18:00:00+03:00,2,8,10,False
1,2026-08-22T16:00:00Z,2026-08-22T19:00:00+03:00,0,0,0,False
1,2026-08-22T17:00:00Z,2026-08-22T20:00:00+03:00,0,0,0,False
1,2026-08-22T18:00:00Z,2026-08-22T21:00:00+03:00,0,0,0,False
1,2026-08-22T19:00:00Z,2026-08-22T22:00:00+03:00,0,0,0,False
1,2026-08-22T20:00:00Z,2026-08-22T23:00:00+03:00,0,0,0,False
1,2026-08-22T21:00:00Z,2026-08-23T00:00:00+03:00,0,0,0,False
1,2026-08-22T22:00:00Z,2026-08-23T01:00:00+03:00,0,0,0,False
1,2026-08-22T23:00:00Z,2026-08-23T02:00:00+03:00,0,0,0,False
1,2026-08-23T00:00:00Z,2026-08-23T03:00:00+03:00,0,0,0,False
1,2026-08-23T01:00:00Z,2026-08-23T04:00:00+03:00,0,0,0,False
1,2026-08-23T02:00:00Z,2026-08-23T05:00:00+03:00,0,0,0,False
1,2026-08-23T03:00:00Z,2026-08-23T06:00:00+03:00,0,0,0,False
1,2026-08-23T04:00:00Z,2026-08-23T07:00:00+03:00,0,0,0,False
1,2026-08-23T05:00:00Z,2026-08-23T08:00:00+03:00,3,3,6,False
1,2026-08-23T06:00:00Z,2026-08-23T09:00:00+03:00,1,1,2,False
1,2026-08-23T07:00:00Z,2026-08-23T10:00:00+03:00,3,3,6,False
1,2026-08-23T08:00:00Z,2026-08-23T11:00:00+03:00,20,14,34,False
1,2026-08-23T09:00:00Z,2026-08-23T12:00:00+03:00,6,14,20,False
1,2026-08-23T10:00:00Z,2026-08-23T13:00:00+03:00,25,19,44,False
1,2026-08-23T11:00:00Z,2026-08-23T14:00:00+03:00,14,19,33,False
1,2026-08-23T12:00:00Z,2026-08-23T15:00:00+03:00,12,9,21,False
1,2026-08-23T13:00:00Z,2026-08-23T16:00:00+03:00,8,11,19,False
1,2026-08-23T14:00:00Z,2026-08-23T17:00:00+03:00,4,4,8,False
1,2026-08-23T15:00:00Z,2026-08-23T18:00:00+03:00,0,0,0,False
1,2026-08-23T16:00:00Z,2026-08-23T19:00:00+03:00,0,0,0,False
1,2026-08-23T17:00:00Z,2026-08-23T20:00:00+03:00,0,0,0,False
1,2026-08-23T18:00:00Z,2026-08-23T21:00:00+03:00,0,0,0,False
1,2026-08-23T19:00:00Z,2026-08-23T22:00:00+03:00,0,0,0,False
1,2026-08-23T20:00:00Z,2026-08-23T23:00:00+03:00,0,0,0,False
1,2026-08-23T21:00:00Z,2026-08-24T00:00:00+03:00,0,0,0,False
1,2026-08-23T22:00:00Z,2026-08-24T01:00:00+03:00,0,0,0,False
1,2026-08-23T23:00:00Z,2026-08-24T02:00:00+03:00,0,0,0,False
1,2026-08-24T00:00:00Z,2026-08-24T03:00:00+03:00,0,0,0,False
1,2026-08-24T01:00:00Z,2026-08-24T04:00:00+03:00,0,0,0,False
1,2026-08-24T02:00:00Z,2026-08-24T05:00:00+03:00,0,0,0,False
1,2026-08-24T03:00:00Z,2026-08-24T06:00:00+03:00,0,0,0,False
1,2026-08-24T04:00:00Z,2026-08-24T07:00:00+03:00,6,4,10,False
1,2026-08-24T05:00:00Z,2026-08-24T08:00:00+03:00,1,1,2,False
1,2026-08-24T06:00:00Z,2026-08-24T09:00:00+03:00,1,1,2,False
1,2026-08-24T07:00:00Z,2026-08-24T10:00:00+03:00,3,3,6,False
1,2026-08-24T08:00:00Z,2026-08-24T11:00:00+03:00,12,11,23,False
1,2026-08-24T09:00:00Z,2026-08-24T12:00:00+03:00,28,25,53,False
1,2026-08-24T10:00:00Z,2026-08-24T13:00:00+03:00,38,24,62,False
1,2026-08-24T11:00:00Z,2026-08-24T14:00:00+03:00,13,31,44,False
1,2026-08-24T12:00:00Z,2026-08-24T15:00:00+03:00,16,7,23,False
1,2026-08-24T13:00:00Z,2026-08-24T16:00:00+03:00,19,23,42,False
1,2026-08-24T14:00:00Z,2026-08-24T17:00:00+03:00,18,18,36,False
1,2026-08-24T15:00:00Z,2026-08-24T18:00:00+03:00,2,7,9,False
1,2026-08-24T16:00:00Z,2026-08-24T19:00:00+03:00,0,1,1,False
1,2026-08-24T17:00:00Z,2026-08-24T20:00:00+03:00,0,0,0,False
1,2026-08-24T18:00:00Z,2026-08-24T21:00:00+03:00,0,0,0,False
1,2026-08-24T19:00:00Z,2026-08-24T22:00:00+03:00,0,0,0,False
1,2026-08-24T20:00:00Z,2026-08-24T23:00:00+03:00,0,0,0,False
1,2026-08-24T21:00:00Z,2026-08-25T00:00:00+03:00,0,0,0,False
1,2026-08-24T22:00:00Z,2026-08-25T01:00:00+03:00,0,0,0,False
1,2026-08-24T23:00:00Z,2026-08-25T02:00:00+03:00,0,0,0,False
1,2026-08-25T00:00:00Z,2026-08-25T03:00:00+03:00,0,0,0,False
1,2026-08-25T01:00:00Z,2026-08-25T04:00:00+03:00,0,0,0,False
1,2026-08-25T02:00:00Z,2026-08-25T05:00:00+03:00,0,0,0,False
1,2026-08-25T03:00:00Z,2026-08-25T06:00:00+03:00,0,0,0,False
1,2026-08-25T04:00:00Z,2026-08-25T07:00:00+03:00,3,3,6,False
1,2026-08-25T05:00:00Z,2026-08-25T08:00:00+03:00,3,3,6,False
1,2026-08-25T06:00:00Z,2026-08-25T09:00:00+03:00,0,0,0,False
1,2026-08-25T07:00:00Z,2026-08-25T10:00:00+03:00,2,2,4,False
1,2026-08-25T08:00:00Z,2026-08-25T11:00:00+03:00,23,16,39,False
1,2026-08-25T09:00:00Z,2026-08-25T12:00:00+03:00,23,27,50,False
1,2026-08-25T10:00:00Z,2026-08-25T13:00:00+03:00,81,23,104,False
1,2026-08-25T11:00:00Z,2026-08-25T14:00:00+03:00,32,90,122,False
1,2026-08-25T12:00:00Z,2026-08-25T15:00:00+03:00,23,18,41,False
1,2026-08-25T13:00:00Z,2026-08-25T16:00:00+03:00,12,18,30,False
1,2026-08-25T14:00:00Z,2026-08-25T17:00:00+03:00,14,14,28,False
1,2026-08-25T15:00:00Z,2026-08-25T18:00:00+03:00,0,0,0,False
1,2026-08-25T16:00:00Z,2026-08-25T19:00:00+03:00,0,0,0,False
1,2026-08-25T17:00:00Z,2026-08-25T20:00:00+03:00,0,0,0,False
1,2026-08-25T18:00:00Z,2026-08-25T21:00:00+03:00,0,0,0,False
1,2026-08-25T19:00:00Z,2026-08-25T22:00:00+03:00,0,0,0,False
1,2026-08-25T20:00:00Z,2026-08-25T23:00:00+03:00,0,0,0,False
2,2025-12-31T22:00:00Z,2026-01-01T00:00:00+02:00,0,0,0,False
2,2025-12-31T23:00:00Z,2026-01-01T01:00:00+02:00,0,0,0,False
2,2026-01-01T00:00:00Z,2026-01-01T02:00:00+02:00,0,0,0,False
2,2026-01-01T01:00:00Z,2026-01-01T03:00:00+02:00,0,0,0,False
2,2026-01-01T02:00:00Z,2026-01-01T04:00:00+02:00,0,0,0,False
2,2026-01-01T03:00:00Z,2026-01-01T05:00:00+02:00,0,0,0,False
2,2026-01-01T04:00:00Z,2026-01-01T06:00:00+02:00,0,0,0,False
2,2026-01-01T05:00:00Z,2026-01-01T07:00:00+02:00,0,0,0,False
2,2026-01-01T06:00:00Z,2026-01-01T08:00:00+02:00,0,0,0,False
2,2026-01-01T07:00:00Z,2026-01-01T09:00:00+02:00,0,0,0,False
2,2026-01-01T08:00:00Z,2026-01-01T10:00:00+02:00,0,0,0,False
2,2026-01-01T09:00:00Z,2026-01-01T11:00:00+02:00,0,0,0,False
2,2026-01-01T10:00:00Z,2026-01-01T12:00:00+02:00,0,0,0,False
2,2026-01-01T11:00:00Z,2026-01-01T13:00:00+02:00,0,0,0,False
2,2026-01-01T12:00:00Z,2026-01-01T14:00:00+02:00,0,0,0,False
2,2026-01-01T13:00:00Z,2026-01-01T15:00:00+02:00,0,0,0,False
2,2026-01-01T14:00:00Z,2026-01-01T16:00:00+02:00,0,0,0,False
2,2026-01-01T15:00:00Z,2026-01-01T17:00:00+02:00,0,0,0,False
2,2026-01-01T16:00:00Z,2026-01-01T18:00:00+02:00,0,0,0,False
2,2026-01-01T17:00:00Z,2026-01-01T19:00:00+02:00,0,0,0,False
2,2026-01-01T18:00:00Z,2026-01-01T20:00:00+02:00,0,0,0,False
2,2026-01-01T19:00:00Z,2026-01-01T21:00:00+02:00,0,0,0,False
2,2026-01-01T20:00:00Z,2026-01-01T22:00:00+02:00,0,0,0,False
2,2026-01-01T21:00:00Z,2026-01-01T23:00:00+02:00,0,0,0,False
2,2026-01-01T22:00:00Z,2026-01-02T00:00:00+02:00,0,0,0,False
2,2026-01-01T23:00:00Z,2026-01-02T01:00:00+02:00,0,0,0,False
2,2026-01-02T00:00:00Z,2026-01-02T02:00:00+02:00,0,0,0,False
2,2026-01-02T01:00:00Z,2026-01-02T03:00:00+02:00,0,0,0,False
2,2026-01-02T02:00:00Z,2026-01-02T04:00:00+02:00,0,0,0,False
2,2026-01-02T03:00:00Z,2026-01-02T05:00:00+02:00,0,0,0,False
2,2026-01-02T04:00:00Z,2026-01-02T06:00:00+02:00,0,0,0,False
2,2026-01-02T05:00:00Z,2026-01-02T07:00:00+02:00,0,0,0,False
2,2026-01-02T06:00:00Z,2026-01-02T08:00:00+02:00,0,0,0,False
2,2026-01-02T07:00:00Z,2026-01-02T09:00:00+02:00,0,0,0,False
2,2026-01-02T08:00:00Z,2026-01-02T10:00:00+02:00,0,0,0,False
2,2026-01-02T09:00:00Z,2026-01-02T11:00:00+02:00,0,0,0,False
2,2026-01-02T10:00:00Z,2026-01-02T12:00:00+02:00,0,0,0,False
2,2026-01-02T11:00:00Z,2026-01-02T13:00:00+02:00,0,0,0,False
2,2026-01-02T12:00:00Z,2026-01-02T14:00:00+02:00,0,0,0,False
2,2026-01-02T13:00:00Z,2026-01-02T15:00:00+02:00,0,0,0,False
2,2026-01-02T14:00:00Z,2026-01-02T16:00:00+02:00,0,0,0,False
2,2026-01-02T15:00:00Z,2026-01-02T17:00:00+02:00,0,0,0,False
2,2026-01-02T16:00:00Z,2026-01-02T18:00:00+02:00,0,0,0,False
2,2026-01-02T17:00:00Z,2026-01-02T19:00:00+02:00,0,0,0,False
2,2026-01-02T18:00:00Z,2026-01-02T20:00:00+02:00,0,0,0,False
2,2026-01-02T19:00:00Z,2026-01-02T21:00:00+02:00,0,0,0,False
2,2026-01-02T20:00:00Z,2026-01-02T22:00:00+02:00,0,0,0,False
2,2026-01-02T21:00:00Z,2026-01-02T23:00:00+02:00,0,0,0,False
2,2026-01-02T22:00:00Z,2026-01-03T00:00:00+02:00,0,0,0,False
2,2026-01-02T23:00:00Z,2026-01-03T01:00:00+02:00,0,0,0,False
2,2026-01-03T00:00:00Z,2026-01-03T02:00:00+02:00,0,0,0,False
2,2026-01-03T01:00:00Z,2026-01-03T03:00:00+02:00,0,0,0,False
2,2026-01-03T02:00:00Z,2026-01-03T04:00:00+02:00,0,0,0,False
2,2026-01-03T03:00:00Z,2026-01-03T05:00:00+02:00,0,0,0,False
2,2026-01-03T04:00:00Z,2026-01-03T06:00:00+02:00,0,0,0,False
2,2026-01-03T05:00:00Z,2026-01-03T07:00:00+02:00,0,0,0,False
2,2026-01-03T06:00:00Z,2026-01-03T08:00:00+02:00,0,0,0,False
2,2026-01-03T07:00:00Z,2026-01-03T09:00:00+02:00,0,0,0,False
2,2026-01-03T08:00:00Z,2026-01-03T10:00:00+02:00,0,0,0,False
2,2026-01-03T09:00:00Z,2026-01-03T11:00:00+02:00,0,0,0,False
2,2026-01-03T10:00:00Z,2026-01-03T12:00:00+02:00,0,0,0,False
2,2026-01-03T11:00:00Z,2026-01-03T13:00:00+02:00,0,0,0,False
2,2026-01-03T12:00:00Z,2026-01-03T14:00:00+02:00,0,0,0,False
2,2026-01-03T13:00:00Z,2026-01-03T15:00:00+02:00,0,0,0,False
2,2026-01-03T14:00:00Z,2026-01-03T16:00:00+02:00,0,0,0,False
2,2026-01-03T15:00:00Z,2026-01-03T17:00:00+02:00,0,0,0,False
2,2026-01-03T16:00:00Z,2026-01-03T18:00:00+02:00,0,0,0,False
2,2026-01-03T17:00:00Z,2026-01-03T19:00:00+02:00,0,0,0,False
2,2026-01-03T18:00:00Z,2026-01-03T20:00:00+02:00,0,0,0,False
2,2026-01-03T19:00:00Z,2026-01-03T21:00:00+02:00,0,0,0,False
2,2026-01-03T20:00:00Z,2026-01-03T22:00:00+02:00,0,0,0,False
2,2026-01-03T21:00:00Z,2026-01-03T23:00:00+02:00,0,0,0,False
2,2026-01-03T22:00:00Z,2026-01-04T00:00:00+02:00,0,0,0,False
2,2026-01-03T23:00:00Z,2026-01-04T01:00:00+02:00,0,0,0,False
2,2026-01-04T00:00:00Z,2026-01-04T02:00:00+02:00,0,0,0,False
2,2026-01-04T01:00:00Z,2026-01-04T03:00:00+02:00,0,0,0,False
2,2026-01-04T02:00:00Z,2026-01-04T04:00:00+02:00,0,0,0,False
2,2026-01-04T03:00:00Z,2026-01-04T05:00:00+02:00,0,0,0,False
2,2026-01-04T04:00:00Z,2026-01-04T06:00:00+02:00,0,0,0,False
2,2026-01-04T05:00:00Z,2026-01-04T07:00:00+02:00,0,0,0,False
2,2026-01-04T06:00:00Z,2026-01-04T08:00:00+02:00,0,0,0,False
2,2026-01-04T07:00:00Z,2026-01-04T09:00:00+02:00,0,0,0,False
2,2026-01-04T08:00:00Z,2026-01-04T10:00:00+02:00,0,0,0,False
2,2026-01-04T09:00:00Z,2026-01-04T11:00:00+02:00,0,0,0,False
2,2026-01-04T10:00:00Z,2026-01-04T12:00:00+02:00,0,0,0,False
2,2026-01-04T11:00:00Z,2026-01-04T13:00:00+02:00,0,0,0,False
2,2026-01-04T12:00:00Z,2026-01-04T14:00:00+02:00,0,0,0,False
2,2026-01-04T13:00:00Z,2026-01-04T15:00:00+02:00,0,0,0,False
2,2026-01-04T14:00:00Z,2026-01-04T16:00:00+02:00,0,0,0,False
2,2026-01-04T15:00:00Z,2026-01-04T17:00:00+02:00,0,0,0,False
2,2026-01-04T16:00:00Z,2026-01-04T18:00:00+02:00,0,0,0,False
2,2026-01-04T17:00:00Z,2026-01-04T19:00:00+02:00,0,0,0,False
2,2026-01-04T18:00:00Z,2026-01-04T20:00:00+02:00,0,0,0,False
2,2026-01-04T19:00:00Z,2026-01-04T21:00:00+02:00,0,0,0,False
2,2026-01-04T20:00:00Z,2026-01-04T22:00:00+02:00,0,0,0,False
2,2026-01-04T21:00:00Z,2026-01-04T23:00:00+02:00,0,0,0,False
2,2026-01-04T22:00:00Z,2026-01-05T00:00:00+02:00,0,0,0,False
2,2026-01-04T23:00:00Z,2026-01-05T01:00:00+02:00,0,0,0,False
2,2026-01-05T00:00:00Z,2026-01-05T02:00:00+02:00,0,0,0,False
2,2026-01-05T01:00:00Z,2026-01-05T03:00:00+02:00,0,0,0,False
2,2026-01-05T02:00:00Z,2026-01-05T04:00:00+02:00,0,0,0,False
2,2026-01-05T03:00:00Z,2026-01-05T05:00:00+02:00,0,0,0,False
2,2026-01-05T04:00:00Z,2026-01-05T06:00:00+02:00,0,0,0,False
2,2026-01-05T05:00:00Z,2026-01-05T07:00:00+02:00,0,0,0,False
2,2026-01-05T06:00:00Z,2026-01-05T08:00:00+02:00,0,0,0,False
2,2026-01-05T07:00:00Z,2026-01-05T09:00:00+02:00,0,0,0,False
2,2026-01-05T08:00:00Z,2026-01-05T10:00:00+02:00,0,0,0,False
2,2026-01-05T09:00:00Z,2026-01-05T11:00:00+02:00,0,0,0,False
2,2026-01-05T10:00:00Z,2026-01-05T12:00:00+02:00,0,0,0,False
2,2026-01-05T11:00:00Z,2026-01-05T13:00:00+02:00,0,0,0,False
2,2026-01-05T12:00:00Z,2026-01-05T14:00:00+02:00,0,0,0,False
2,2026-01-05T13:00:00Z,2026-01-05T15:00:00+02:00,0,0,0,False
2,2026-01-05T14:00:00Z,2026-01-05T16:00:00+02:00,0,0,0,False
2,2026-01-05T15:00:00Z,2026-01-05T17:00:00+02:00,0,0,0,False
2,2026-01-05T16:00:00Z,2026-01-05T18:00:00+02:00,0,0,0,False
2,2026-01-05T17:00:00Z,2026-01-05T19:00:00+02:00,0,0,0,False
2,2026-01-05T18:00:00Z,2026-01-05T20:00:00+02:00,0,0,0,False
2,2026-01-05T19:00:00Z,2026-01-05T21:00:00+02:00,0,0,0,False
2,2026-01-05T20:00:00Z,2026-01-05T22:00:00+02:00,0,0,0,False
2,2026-01-05T21:00:00Z,2026-01-05T23:00:00+02:00,0,0,0,False
2,2026-01-05T22:00:00Z,2026-01-06T00:00:00+02:00,0,0,0,False
2,2026-01-05T23:00:00Z,2026-01-06T01:00:00+02:00,0,0,0,False
2,2026-01-06T00:00:00Z,2026-01-06T02:00:00+02:00,0,0,0,False
2,2026-01-06T01:00:00Z,2026-01-06T03:00:00+02:00,0,0,0,False
2,2026-01-06T02:00:00Z,2026-01-06T04:00:00+02:00,0,0,0,False
2,2026-01-06T03:00:00Z,2026-01-06T05:00:00+02:00,0,0,0,False
2,2026-01-06T04:00:00Z,2026-01-06T06:00:00+02:00,0,0,0,False
2,2026-01-06T05:00:00Z,2026-01-06T07:00:00+02:00,0,0,0,False
2,2026-01-06T06:00:00Z,2026-01-06T08:00:00+02:00,0,0,0,False
2,2026-01-06T07:00:00Z,2026-01-06T09:00:00+02:00,0,0,0,False
2,2026-01-06T08:00:00Z,2026-01-06T10:00:00+02:00,0,0,0,False
2,2026-01-06T09:00:00Z,2026-01-06T11:00:00+02:00,0,0,0,False
2,2026-01-06T10:00:00Z,2026-01-06T12:00:00+02:00,0,0,0,False
2,2026-01-06T11:00:00Z,2026-01-06T13:00:00+02:00,0,0,0,False
2,2026-01-06T12:00:00Z,2026-01-06T14:00:00+02:00,0,0,0,False
2,2026-01-06T13:00:00Z,2026-01-06T15:00:00+02:00,0,0,0,False
2,2026-01-06T14:00:00Z,2026-01-06T16:00:00+02:00,0,0,0,False
2,2026-01-06T15:00:00Z,2026-01-06T17:00:00+02:00,0,0,0,False
2,2026-01-06T16:00:00Z,2026-01-06T18:00:00+02:00,0,0,0,False
2,2026-01-06T17:00:00Z,2026-01-06T19:00:00+02:00,0,0,0,False
2,2026-01-06T18:00:00Z,2026-01-06T20:00:00+02:00,0,0,0,False
2,2026-01-06T19:00:00Z,2026-01-06T21:00:00+02:00,0,0,0,False
2,2026-01-06T20:00:00Z,2026-01-06T22:00:00+02:00,0,0,0,False
2,2026-01-06T21:00:00Z,2026-01-06T23:00:00+02:00,0,0,0,False
2,2026-01-06T22:00:00Z,2026-01-07T00:00:00+02:00,0,0,0,False
2,2026-01-06T23:00:00Z,2026-01-07T01:00:00+02:00,0,0,0,False
2,2026-01-07T00:00:00Z,2026-01-07T02:00:00+02:00,0,0,0,False
2,2026-01-07T01:00:00Z,2026-01-07T03:00:00+02:00,0,0,0,False
2,2026-01-07T02:00:00Z,2026-01-07T04:00:00+02:00,0,0,0,False
2,2026-01-07T03:00:00Z,2026-01-07T05:00:00+02:00,0,0,0,False
2,2026-01-07T04:00:00Z,2026-01-07T06:00:00+02:00,0,0,0,False
2,2026-01-07T05:00:00Z,2026-01-07T07:00:00+02:00,0,0,0,False
2,2026-01-07T06:00:00Z,2026-01-07T08:00:00+02:00,0,0,0,False
2,2026-01-07T07:00:00Z,2026-01-07T09:00:00+02:00,0,0,0,False
2,2026-01-07T08:00:00Z,2026-01-07T10:00:00+02:00,0,0,0,False
2,2026-01-07T09:00:00Z,2026-01-07T11:00:00+02:00,0,0,0,False
2,2026-01-07T10:00:00Z,2026-01-07T12:00:00+02:00,0,0,0,False
2,2026-01-07T11:00:00Z,2026-01-07T13:00:00+02:00,0,0,0,False
2,2026-01-07T12:00:00Z,2026-01-07T14:00:00+02:00,0,0,0,False
2,2026-01-07T13:00:00Z,2026-01-07T15:00:00+02:00,0,0,0,False
2,2026-01-07T14:00:00Z,2026-01-07T16:00:00+02:00,0,0,0,False
2,2026-01-07T15:00:00Z,2026-01-07T17:00:00+02:00,0,0,0,False
2,2026-01-07T16:00:00Z,2026-01-07T18:00:00+02:00,0,0,0,False
2,2026-01-07T17:00:00Z,2026-01-07T19:00:00+02:00,0,0,0,False
2,2026-01-07T18:00:00Z,2026-01-07T20:00:00+02:00,0,0,0,False
2,2026-01-07T19:00:00Z,2026-01-07T21:00:00+02:00,0,0,0,False
2,2026-01-07T20:00:00Z,2026-01-07T22:00:00+02:00,0,0,0,False
2,2026-01-07T21:00:00Z,2026-01-07T23:00:00+02:00,0,0,0,False
2,2026-01-07T22:00:00Z,2026-01-08T00:00:00+02:00,0,0,0,False
2,2026-01-07T23:00:00Z,2026-01-08T01:00:00+02:00,0,0,0,False
2,2026-01-08T00:00:00Z,2026-01-08T02:00:00+02:00,0,0,0,False
2,2026-01-08T01:00:00Z,2026-01-08T03:00:00+02:00,0,0,0,False
2,2026-01-08T02:00:00Z,2026-01-08T04:00:00+02:00,0,0,0,False
2,2026-01-08T03:00:00Z,2026-01-08T05:00:00+02:00,0,0,0,False
2,2026-01-08T04:00:00Z,2026-01-08T06:00:00+02:00,0,0,0,False
2,2026-01-08T05:00:00Z,2026-01-08T07:00:00+02:00,0,0,0,False
2,2026-01-08T06:00:00Z,2026-01-08T08:00:00+02:00,0,0,0,False
2,2026-01-08T07:00:00Z,2026-01-08T09:00:00+02:00,0,0,0,False
2,2026-01-08T08:00:00Z,2026-01-08T10:00:00+02:00,0,0,0,False
2,2026-01-08T09:00:00Z,2026-01-08T11:00:00+02:00,0,0,0,False
2,2026-01-08T10:00:00Z,2026-01-08T12:00:00+02:00,0,0,0,False
2,2026-01-08T11:00:00Z,2026-01-08T13:00:00+02:00,0,0,0,False
2,2026-01-08T12:00:00Z,2026-01-08T14:00:00+02:00,8,11,19,False
2,2026-01-08T13:00:00Z,2026-01-08T15:00:00+02:00,3,2,5,False
2,2026-01-08T14:00:00Z,2026-01-08T16:00:00+02:00,0,2,2,False
2,2026-01-08T15:00:00Z,2026-01-08T17:00:00+02:00,0,1,1,False
2,2026-01-08T16:00:00Z,2026-01-08T18:00:00+02:00,0,0,0,False
2,2026-01-08T17:00:00Z,2026-01-08T19:00:00+02:00,1,1,2,False
2,2026-01-08T18:00:00Z,2026-01-08T20:00:00+02:00,0,0,0,False
2,2026-01-08T19:00:00Z,2026-01-08T21:00:00+02:00,0,0,0,False
2,2026-01-08T20:00:00Z,2026-01-08T22:00:00+02:00,0,0,0,False
2,2026-01-08T21:00:00Z,2026-01-08T23:00:00+02:00,0,0,0,False
2,2026-01-08T22:00:00Z,2026-01-09T00:00:00+02:00,0,0,0,False
2,2026-01-08T23:00:00Z,2026-01-09T01:00:00+02:00,0,0,0,False
2,2026-01-09T00:00:00Z,2026-01-09T02:00:00+02:00,0,0,0,False
2,2026-01-09T01:00:00Z,2026-01-09T03:00:00+02:00,0,0,0,False
2,2026-01-09T02:00:00Z,2026-01-09T04:00:00+02:00,0,0,0,False
2,2026-01-09T03:00:00Z,2026-01-09T05:00:00+02:00,0,0,0,False
2,2026-01-09T04:00:00Z,2026-01-09T06:00:00+02:00,0,0,0,False
2,2026-01-09T05:00:00Z,2026-01-09T07:00:00+02:00,0,0,0,False
2,2026-01-09T06:00:00Z,2026-01-09T08:00:00+02:00,0,0,0,False
2,2026-01-09T07:00:00Z,2026-01-09T09:00:00+02:00,1,1,2,False
2,2026-01-09T08:00:00Z,2026-01-09T10:00:00+02:00,2,0,2,False
2,2026-01-09T09:00:00Z,2026-01-09T11:00:00+02:00,0,3,3,False
2,2026-01-09T10:00:00Z,2026-01-09T12:00:00+02:00,1,0,1,False
2,2026-01-09T11:00:00Z,2026-01-09T13:00:00+02:00,0,0,0,False
2,2026-01-09T12:00:00Z,2026-01-09T14:00:00+02:00,0,1,1,False
2,2026-01-09T13:00:00Z,2026-01-09T15:00:00+02:00,0,0,0,False
2,2026-01-09T14:00:00Z,2026-01-09T16:00:00+02:00,1,0,1,False
2,2026-01-09T15:00:00Z,2026-01-09T17:00:00+02:00,7,3,10,False
2,2026-01-09T16:00:00Z,2026-01-09T18:00:00+02:00,0,0,0,False
2,2026-01-09T17:00:00Z,2026-01-09T19:00:00+02:00,1,3,4,False
2,2026-01-09T18:00:00Z,2026-01-09T20:00:00+02:00,2,3,5,False
2,2026-01-09T19:00:00Z,2026-01-09T21:00:00+02:00,1,1,2,False
2,2026-01-09T20:00:00Z,2026-01-09T22:00:00+02:00,0,0,0,False
2,2026-01-09T21:00:00Z,2026-01-09T23:00:00+02:00,0,0,0,False
2,2026-01-09T22:00:00Z,2026-01-10T00:00:00+02:00,0,0,0,False
2,2026-01-09T23:00:00Z,2026-01-10T01:00:00+02:00,0,0,0,False
2,2026-01-10T00:00:00Z,2026-01-10T02:00:00+02:00,0,0,0,False
2,2026-01-10T01:00:00Z,2026-01-10T03:00:00+02:00,0,0,0,False
2,2026-01-10T02:00:00Z,2026-01-10T04:00:00+02:00,0,0,0,False
2,2026-01-10T03:00:00Z,2026-01-10T05:00:00+02:00,0,0,0,False
2,2026-01-10T04:00:00Z,2026-01-10T06:00:00+02:00,0,0,0,False
2,2026-01-10T05:00:00Z,2026-01-10T07:00:00+02:00,0,0,0,False
2,2026-01-10T06:00:00Z,2026-01-10T08:00:00+02:00,0,0,0,False
2,2026-01-10T07:00:00Z,2026-01-10T09:00:00+02:00,0,0,0,False
2,2026-01-10T08:00:00Z,2026-01-10T10:00:00+02:00,0,0,0,False
2,2026-01-10T09:00:00Z,2026-01-10T11:00:00+02:00,0,0,0,False
2,2026-01-10T10:00:00Z,2026-01-10T12:00:00+02:00,0,0,0,False
2,2026-01-10T11:00:00Z,2026-01-10T13:00:00+02:00,0,0,0,False
2,2026-01-10T12:00:00Z,2026-01-10T14:00:00+02:00,0,0,0,False
2,2026-01-10T13:00:00Z,2026-01-10T15:00:00+02:00,0,0,0,False
2,2026-01-10T14:00:00Z,2026-01-10T16:00:00+02:00,0,0,0,False
2,2026-01-10T15:00:00Z,2026-01-10T17:00:00+02:00,0,0,0,False
2,2026-01-10T16:00:00Z,2026-01-10T18:00:00+02:00,0,0,0,False
2,2026-01-10T17:00:00Z,2026-01-10T19:00:00+02:00,0,0,0,False
2,2026-01-10T18:00:00Z,2026-01-10T20:00:00+02:00,0,0,0,False
2,2026-01-10T19:00:00Z,2026-01-10T21:00:00+02:00,0,0,0,False
2,2026-01-10T20:00:00Z,2026-01-10T22:00:00+02:00,0,0,0,False
2,2026-01-10T21:00:00Z,2026-01-10T23:00:00+02:00,0,0,0,False
2,2026-01-10T22:00:00Z,2026-01-11T00:00:00+02:00,0,0,0,False
2,2026-01-10T23:00:00Z,2026-01-11T01:00:00+02:00,0,0,0,False
2,2026-01-11T00:00:00Z,2026-01-11T02:00:00+02:00,0,0,0,False
2,2026-01-11T01:00:00Z,2026-01-11T03:00:00+02:00,0,0,0,False
2,2026-01-11T02:00:00Z,2026-01-11T04:00:00+02:00,0,0,0,False
2,2026-01-11T03:00:00Z,2026-01-11T05:00:00+02:00,0,0,0,False
2,2026-01-11T04:00:00Z,2026-01-11T06:00:00+02:00,0,0,0,False
2,2026-01-11T05:00:00Z,2026-01-11T07:00:00+02:00,0,0,0,False
2,2026-01-11T06:00:00Z,2026-01-11T08:00:00+02:00,0,0,0,False
2,2026-01-11T07:00:00Z,2026-01-11T09:00:00+02:00,0,0,0,False
2,2026-01-11T08:00:00Z,2026-01-11T10:00:00+02:00,0,0,0,False
2,2026-01-11T09:00:00Z,2026-01-11T11:00:00+02:00,3,2,5,False
2,2026-01-11T10:00:00Z,2026-01-11T12:00:00+02:00,0,0,0,False
2,2026-01-11T11:00:00Z,2026-01-11T13:00:00+02:00,0,0,0,False
2,2026-01-11T12:00:00Z,2026-01-11T14:00:00+02:00,0,0,0,False
2,2026-01-11T13:00:00Z,2026-01-11T15:00:00+02:00,0,0,0,False
2,2026-01-11T14:00:00Z,2026-01-11T16:00:00+02:00,2,2,4,False
2,2026-01-11T15:00:00Z,2026-01-11T17:00:00+02:00,0,0,0,False
2,2026-01-11T16:00:00Z,2026-01-11T18:00:00+02:00,0,0,0,False
2,2026-01-11T17:00:00Z,2026-01-11T19:00:00+02:00,0,0,0,False
2,2026-01-11T18:00:00Z,2026-01-11T20:00:00+02:00,0,0,0,False
2,2026-01-11T19:00:00Z,2026-01-11T21:00:00+02:00,0,0,0,False
2,2026-01-11T20:00:00Z,2026-01-11T22:00:00+02:00,0,0,0,False
2,2026-01-11T21:00:00Z,2026-01-11T23:00:00+02:00,0,0,0,False
2,2026-01-11T22:00:00Z,2026-01-12T00:00:00+02:00,0,0,0,False
2,2026-01-11T23:00:00Z,2026-01-12T01:00:00+02:00,0,0,0,False
2,2026-01-12T00:00:00Z,2026-01-12T02:00:00+02:00,0,0,0,False
2,2026-01-12T01:00:00Z,2026-01-12T03:00:00+02:00,0,0,0,False
2,2026-01-12T02:00:00Z,2026-01-12T04:00:00+02:00,0,0,0,False
2,2026-01-12T03:00:00Z,2026-01-12T05:00:00+02:00,0,0,0,False
2,2026-01-12T04:00:00Z,2026-01-12T06:00:00+02:00,0,0,0,False
2,2026-01-12T05:00:00Z,2026-01-12T07:00:00+02:00,0,0,0,False
2,2026-01-12T06:00:00Z,2026-01-12T08:00:00+02:00,2,2,4,False
2,2026-01-12T07:00:00Z,2026-01-12T09:00:00+02:00,0,0,0,False
2,2026-01-12T08:00:00Z,2026-01-12T10:00:00+02:00,2,1,3,False
2,2026-01-12T09:00:00Z,2026-01-12T11:00:00+02:00,0,1,1,False
2,2026-01-12T10:00:00Z,2026-01-12T12:00:00+02:00,5,4,9,False
2,2026-01-12T11:00:00Z,2026-01-12T13:00:00+02:00,5,3,8,False
2,2026-01-12T12:00:00Z,2026-01-12T14:00:00+02:00,1,3,4,False
2,2026-01-12T13:00:00Z,2026-01-12T15:00:00+02:00,0,1,1,False
2,2026-01-12T14:00:00Z,2026-01-12T16:00:00+02:00,3,3,6,False
2,2026-01-12T15:00:00Z,2026-01-12T17:00:00+02:00,0,0,0,False
2,2026-01-12T16:00:00Z,2026-01-12T18:00:00+02:00,1,2,3,False
2,2026-01-12T17:00:00Z,2026-01-12T19:00:00+02:00,0,0,0,False
2,2026-01-12T18:00:00Z,2026-01-12T20:00:00+02:00,0,0,0,False
2,2026-01-12T19:00:00Z,2026-01-12T21:00:00+02:00,0,0,0,False
2,2026-01-12T20:00:00Z,2026-01-12T22:00:00+02:00,0,0,0,False
2,2026-01-12T21:00:00Z,2026-01-12T23:00:00+02:00,0,0,0,False
2,2026-01-12T22:00:00Z,2026-01-13T00:00:00+02:00,0,0,0,False
2,2026-01-12T23:00:00Z,2026-01-13T01:00:00+02:00,0,0,0,False
2,2026-01-13T00:00:00Z,2026-01-13T02:00:00+02:00,0,0,0,False
2,2026-01-13T01:00:00Z,2026-01-13T03:00:00+02:00,0,0,0,False
2,2026-01-13T02:00:00Z,2026-01-13T04:00:00+02:00,0,0,0,False
2,2026-01-13T03:00:00Z,2026-01-13T05:00:00+02:00,0,0,0,False
2,2026-01-13T04:00:00Z,2026-01-13T06:00:00+02:00,0,0,0,False
2,2026-01-13T05:00:00Z,2026-01-13T07:00:00+02:00,0,0,0,False
2,2026-01-13T06:00:00Z,2026-01-13T08:00:00+02:00,4,3,7,False
2,2026-01-13T07:00:00Z,2026-01-13T09:00:00+02:00,9,8,17,False
2,2026-01-13T08:00:00Z,2026-01-13T10:00:00+02:00,5,3,8,False
2,2026-01-13T09:00:00Z,2026-01-13T11:00:00+02:00,2,1,3,False
2,2026-01-13T10:00:00Z,2026-01-13T12:00:00+02:00,4,5,9,False
2,2026-01-13T11:00:00Z,2026-01-13T13:00:00+02:00,11,11,22,False
2,2026-01-13T12:00:00Z,2026-01-13T14:00:00+02:00,7,6,13,False
2,2026-01-13T13:00:00Z,2026-01-13T15:00:00+02:00,7,10,17,False
2,2026-01-13T14:00:00Z,2026-01-13T16:00:00+02:00,3,5,8,False
2,2026-01-13T15:00:00Z,2026-01-13T17:00:00+02:00,0,1,1,False
2,2026-01-13T16:00:00Z,2026-01-13T18:00:00+02:00,0,0,0,False
2,2026-01-13T17:00:00Z,2026-01-13T19:00:00+02:00,0,6,6,False
2,2026-01-13T18:00:00Z,2026-01-13T20:00:00+02:00,1,1,2,False
2,2026-01-13T19:00:00Z,2026-01-13T21:00:00+02:00,0,0,0,False
2,2026-01-13T20:00:00Z,2026-01-13T22:00:00+02:00,0,0,0,False
2,2026-01-13T21:00:00Z,2026-01-13T23:00:00+02:00,0,0,0,False
2,2026-01-13T22:00:00Z,2026-01-14T00:00:00+02:00,0,0,0,False
2,2026-01-13T23:00:00Z,2026-01-14T01:00:00+02:00,0,0,0,False
2,2026-01-14T00:00:00Z,2026-01-14T02:00:00+02:00,0,0,0,False
2,2026-01-14T01:00:00Z,2026-01-14T03:00:00+02:00,0,0,0,False
2,2026-01-14T02:00:00Z,2026-01-14T04:00:00+02:00,0,0,0,False
2,2026-01-14T03:00:00Z,2026-01-14T05:00:00+02:00,0,0,0,False
2,2026-01-14T04:00:00Z,2026-01-14T06:00:00+02:00,0,0,0,False
2,2026-01-14T05:00:00Z,2026-01-14T07:00:00+02:00,0,0,0,False
2,2026-01-14T06:00:00Z,2026-01-14T08:00:00+02:00,3,3,6,False
2,2026-01-14T07:00:00Z,2026-01-14T09:00:00+02:00,4,3,7,False
2,2026-01-14T08:00:00Z,2026-01-14T10:00:00+02:00,1,2,3,False
2,2026-01-14T09:00:00Z,2026-01-14T11:00:00+02:00,3,0,3,False
2,2026-01-14T10:00:00Z,2026-01-14T12:00:00+02:00,5,6,11,False
2,2026-01-14T11:00:00Z,2026-01-14T13:00:00+02:00,18,12,30,False
2,2026-01-14T12:00:00Z,2026-01-14T14:00:00+02:00,0,3,3,False
2,2026-01-14T13:00:00Z,2026-01-14T15:00:00+02:00,0,8,8,False
2,2026-01-14T14:00:00Z,2026-01-14T16:00:00+02:00,3,5,8,False
2,2026-01-14T15:00:00Z,2026-01-14T17:00:00+02:00,0,0,0,False
2,2026-01-14T16:00:00Z,2026-01-14T18:00:00+02:00,0,0,0,False
2,2026-01-14T17:00:00Z,2026-01-14T19:00:00+02:00,2,3,5,False
2,2026-01-14T18:00:00Z,2026-01-14T20:00:00+02:00,0,0,0,False
2,2026-01-14T19:00:00Z,2026-01-14T21:00:00+02:00,0,0,0,False
2,2026-01-14T20:00:00Z,2026-01-14T22:00:00+02:00,0,0,0,False
2,2026-01-14T21:00:00Z,2026-01-14T23:00:00+02:00,0,0,0,False
2,2026-01-14T22:00:00Z,2026-01-15T00:00:00+02:00,0,0,0,False
2,2026-01-14T23:00:00Z,2026-01-15T01:00:00+02:00,0,0,0,False
2,2026-01-15T00:00:00Z,2026-01-15T02:00:00+02:00,0,0,0,False
2,2026-01-15T01:00:00Z,2026-01-15T03:00:00+02:00,0,0,0,False
2,2026-01-15T02:00:00Z,2026-01-15T04:00:00+02:00,0,0,0,False
2,2026-01-15T03:00:00Z,2026-01-15T05:00:00+02:00,0,0,0,False
2,2026-01-15T04:00:00Z,2026-01-15T06:00:00+02:00,0,0,0,False
2,2026-01-15T05:00:00Z,2026-01-15T07:00:00+02:00,1,0,1,False
2,2026-01-15T06:00:00Z,2026-01-15T08:00:00+02:00,2,2,4,False
2,2026-01-15T07:00:00Z,2026-01-15T09:00:00+02:00,4,5,9,False
2,2026-01-15T08:00:00Z,2026-01-15T10:00:00+02:00,2,2,4,False
2,2026-01-15T09:00:00Z,2026-01-15T11:00:00+02:00,7,6,13,False
2,2026-01-15T10:00:00Z,2026-01-15T12:00:00+02:00,20,16,36,False
2,2026-01-15T11:00:00Z,2026-01-15T13:00:00+02:00,29,18,47,False
2,2026-01-15T12:00:00Z,2026-01-15T14:00:00+02:00,26,31,57,False
2,2026-01-15T13:00:00Z,2026-01-15T15:00:00+02:00,28,35,63,False
2,2026-01-15T14:00:00Z,2026-01-15T16:00:00+02:00,9,22,31,False
2,2026-01-15T15:00:00Z,2026-01-15T17:00:00+02:00,1,2,3,False
2,2026-01-15T16:00:00Z,2026-01-15T18:00:00+02:00,3,4,7,False
2,2026-01-15T17:00:00Z,2026-01-15T19:00:00+02:00,3,5,8,False
2,2026-01-15T18:00:00Z,2026-01-15T20:00:00+02:00,0,0,0,False
2,2026-01-15T19:00:00Z,2026-01-15T21:00:00+02:00,0,0,0,False
2,2026-01-15T20:00:00Z,2026-01-15T22:00:00+02:00,0,0,0,False
2,2026-01-15T21:00:00Z,2026-01-15T23:00:00+02:00,0,0,0,False
2,2026-01-15T22:00:00Z,2026-01-16T00:00:00+02:00,0,0,0,False
2,2026-01-15T23:00:00Z,2026-01-16T01:00:00+02:00,0,0,0,False
2,2026-01-16T00:00:00Z,2026-01-16T02:00:00+02:00,0,0,0,False
2,2026-01-16T01:00:00Z,2026-01-16T03:00:00+02:00,0,0,0,False
2,2026-01-16T02:00:00Z,2026-01-16T04:00:00+02:00,0,0,0,False
2,2026-01-16T03:00:00Z,2026-01-16T05:00:00+02:00,0,0,0,False
2,2026-01-16T04:00:00Z,2026-01-16T06:00:00+02:00,0,0,0,False
2,2026-01-16T05:00:00Z,2026-01-16T07:00:00+02:00,0,0,0,False
2,2026-01-16T06:00:00Z,2026-01-16T08:00:00+02:00,3,3,6,False
2,2026-01-16T07:00:00Z,2026-01-16T09:00:00+02:00,4,2,6,False
2,2026-01-16T08:00:00Z,2026-01-16T10:00:00+02:00,11,13,24,False
2,2026-01-16T09:00:00Z,2026-01-16T11:00:00+02:00,47,18,65,False
2,2026-01-16T10:00:00Z,2026-01-16T12:00:00+02:00,55,55,110,False
2,2026-01-16T11:00:00Z,2026-01-16T13:00:00+02:00,26,59,85,False
2,2026-01-16T12:00:00Z,2026-01-16T14:00:00+02:00,61,41,102,False
2,2026-01-16T13:00:00Z,2026-01-16T15:00:00+02:00,23,44,67,False
2,2026-01-16T14:00:00Z,2026-01-16T16:00:00+02:00,35,26,61,False
2,2026-01-16T15:00:00Z,2026-01-16T17:00:00+02:00,44,32,76,False
2,2026-01-16T16:00:00Z,2026-01-16T18:00:00+02:00,26,51,77,False
2,2026-01-16T17:00:00Z,2026-01-16T19:00:00+02:00,6,14,20,False
2,2026-01-16T18:00:00Z,2026-01-16T20:00:00+02:00,0,0,0,False
2,2026-01-16T19:00:00Z,2026-01-16T21:00:00+02:00,0,0,0,False
2,2026-01-16T20:00:00Z,2026-01-16T22:00:00+02:00,0,0,0,False
2,2026-01-16T21:00:00Z,2026-01-16T23:00:00+02:00,0,0,0,False
2,2026-01-16T22:00:00Z,2026-01-17T00:00:00+02:00,0,0,0,False
2,2026-01-16T23:00:00Z,2026-01-17T01:00:00+02:00,0,0,0,False
2,2026-01-17T00:00:00Z,2026-01-17T02:00:00+02:00,0,0,0,False
2,2026-01-17T01:00:00Z,2026-01-17T03:00:00+02:00,0,0,0,False
2,2026-01-17T02:00:00Z,2026-01-17T04:00:00+02:00,0,0,0,False
2,2026-01-17T03:00:00Z,2026-01-17T05:00:00+02:00,0,0,0,False
2,2026-01-17T04:00:00Z,2026-01-17T06:00:00+02:00,0,0,0,False
2,2026-01-17T05:00:00Z,2026-01-17T07:00:00+02:00,0,0,0,False
2,2026-01-17T06:00:00Z,2026-01-17T08:00:00+02:00,5,2,7,False
2,2026-01-17T07:00:00Z,2026-01-17T09:00:00+02:00,31,14,45,False
2,2026-01-17T08:00:00Z,2026-01-17T10:00:00+02:00,41,47,88,False
2,2026-01-17T09:00:00Z,2026-01-17T11:00:00+02:00,12,14,26,False
2,2026-01-17T10:00:00Z,2026-01-17T12:00:00+02:00,19,22,41,False
2,2026-01-17T11:00:00Z,2026-01-17T13:00:00+02:00,56,38,94,False
2,2026-01-17T12:00:00Z,2026-01-17T14:00:00+02:00,65,56,121,False
2,2026-01-17T13:00:00Z,2026-01-17T15:00:00+02:00,90,62,152,False
2,2026-01-17T14:00:00Z,2026-01-17T16:00:00+02:00,66,78,144,False
2,2026-01-17T15:00:00Z,2026-01-17T17:00:00+02:00,77,72,149,False
2,2026-01-17T16:00:00Z,2026-01-17T18:00:00+02:00,23,56,79,False
2,2026-01-17T17:00:00Z,2026-01-17T19:00:00+02:00,1,2,3,False
2,2026-01-17T18:00:00Z,2026-01-17T20:00:00+02:00,0,0,0,False
2,2026-01-17T19:00:00Z,2026-01-17T21:00:00+02:00,0,0,0,False
2,2026-01-17T20:00:00Z,2026-01-17T22:00:00+02:00,0,0,0,False
2,2026-01-17T21:00:00Z,2026-01-17T23:00:00+02:00,0,0,0,False
2,2026-01-17T22:00:00Z,2026-01-18T00:00:00+02:00,0,0,0,False
2,2026-01-17T23:00:00Z,2026-01-18T01:00:00+02:00,0,0,0,False
2,2026-01-18T00:00:00Z,2026-01-18T02:00:00+02:00,0,0,0,False
2,2026-01-18T01:00:00Z,2026-01-18T03:00:00+02:00,0,0,0,False
2,2026-01-18T02:00:00Z,2026-01-18T04:00:00+02:00,0,0,0,False
2,2026-01-18T03:00:00Z,2026-01-18T05:00:00+02:00,0,0,0,False
2,2026-01-18T04:00:00Z,2026-01-18T06:00:00+02:00,0,0,0,False
2,2026-01-18T05:00:00Z,2026-01-18T07:00:00+02:00,1,1,2,False
2,2026-01-18T06:00:00Z,2026-01-18T08:00:00+02:00,1,1,2,False
2,2026-01-18T07:00:00Z,2026-01-18T09:00:00+02:00,0,0,0,False
2,2026-01-18T08:00:00Z,2026-01-18T10:00:00+02:00,18,8,26,False
2,2026-01-18T09:00:00Z,2026-01-18T11:00:00+02:00,63,33,96,False
2,2026-01-18T10:00:00Z,2026-01-18T12:00:00+02:00,62,66,128,False
2,2026-01-18T11:00:00Z,2026-01-18T13:00:00+02:00,77,75,152,False
2,2026-01-18T12:00:00Z,2026-01-18T14:00:00+02:00,71,56,127,False
2,2026-01-18T13:00:00Z,2026-01-18T15:00:00+02:00,77,70,147,False
2,2026-01-18T14:00:00Z,2026-01-18T16:00:00+02:00,26,56,82,False
2,2026-01-18T15:00:00Z,2026-01-18T17:00:00+02:00,5,10,15,False
2,2026-01-18T16:00:00Z,2026-01-18T18:00:00+02:00,0,0,0,False
2,2026-01-18T17:00:00Z,2026-01-18T19:00:00+02:00,0,0,0,False
2,2026-01-18T18:00:00Z,2026-01-18T20:00:00+02:00,0,0,0,False
2,2026-01-18T19:00:00Z,2026-01-18T21:00:00+02:00,0,0,0,False
2,2026-01-18T20:00:00Z,2026-01-18T22:00:00+02:00,0,0,0,False
2,2026-01-18T21:00:00Z,2026-01-18T23:00:00+02:00,0,0,0,False
2,2026-01-18T22:00:00Z,2026-01-19T00:00:00+02:00,0,0,0,False
2,2026-01-18T23:00:00Z,2026-01-19T01:00:00+02:00,0,0,0,False
2,2026-01-19T00:00:00Z,2026-01-19T02:00:00+02:00,0,0,0,False
2,2026-01-19T01:00:00Z,2026-01-19T03:00:00+02:00,0,0,0,False
2,2026-01-19T02:00:00Z,2026-01-19T04:00:00+02:00,0,0,0,False
2,2026-01-19T03:00:00Z,2026-01-19T05:00:00+02:00,0,0,0,False
2,2026-01-19T04:00:00Z,2026-01-19T06:00:00+02:00,0,0,0,False
2,2026-01-19T05:00:00Z,2026-01-19T07:00:00+02:00,0,0,0,False
2,2026-01-19T06:00:00Z,2026-01-19T08:00:00+02:00,1,0,1,False
2,2026-01-19T07:00:00Z,2026-01-19T09:00:00+02:00,1,1,2,False
2,2026-01-19T08:00:00Z,2026-01-19T10:00:00+02:00,0,0,0,False
2,2026-01-19T09:00:00Z,2026-01-19T11:00:00+02:00,0,0,0,False
2,2026-01-19T10:00:00Z,2026-01-19T12:00:00+02:00,0,0,0,False
2,2026-01-19T11:00:00Z,2026-01-19T13:00:00+02:00,2,2,4,False
2,2026-01-19T12:00:00Z,2026-01-19T14:00:00+02:00,1,0,1,False
2,2026-01-19T13:00:00Z,2026-01-19T15:00:00+02:00,0,0,0,False
2,2026-01-19T14:00:00Z,2026-01-19T16:00:00+02:00,0,0,0,False
2,2026-01-19T15:00:00Z,2026-01-19T17:00:00+02:00,0,0,0,False
2,2026-01-19T16:00:00Z,2026-01-19T18:00:00+02:00,0,0,0,False
2,2026-01-19T17:00:00Z,2026-01-19T19:00:00+02:00,0,0,0,False
2,2026-01-19T18:00:00Z,2026-01-19T20:00:00+02:00,0,0,0,False
2,2026-01-19T19:00:00Z,2026-01-19T21:00:00+02:00,0,0,0,False
2,2026-01-19T20:00:00Z,2026-01-19T22:00:00+02:00,0,0,0,False
2,2026-01-19T21:00:00Z,2026-01-19T23:00:00+02:00,0,0,0,False
2,2026-01-19T22:00:00Z,2026-01-20T00:00:00+02:00,0,0,0,False
2,2026-01-19T23:00:00Z,2026-01-20T01:00:00+02:00,0,0,0,False
2,2026-01-20T00:00:00Z,2026-01-20T02:00:00+02:00,0,0,0,False
2,2026-01-20T01:00:00Z,2026-01-20T03:00:00+02:00,0,0,0,False
2,2026-01-20T02:00:00Z,2026-01-20T04:00:00+02:00,0,0,0,False
2,2026-01-20T03:00:00Z,2026-01-20T05:00:00+02:00,0,0,0,False
2,2026-01-20T04:00:00Z,2026-01-20T06:00:00+02:00,0,0,0,False
2,2026-01-20T05:00:00Z,2026-01-20T07:00:00+02:00,0,0,0,False
2,2026-01-20T06:00:00Z,2026-01-20T08:00:00+02:00,1,0,1,False
2,2026-01-20T07:00:00Z,2026-01-20T09:00:00+02:00,1,2,3,False
2,2026-01-20T08:00:00Z,2026-01-20T10:00:00+02:00,1,1,2,False
2,2026-01-20T09:00:00Z,2026-01-20T11:00:00+02:00,0,0,0,False
2,2026-01-20T10:00:00Z,2026-01-20T12:00:00+02:00,8,5,13,False
2,2026-01-20T11:00:00Z,2026-01-20T13:00:00+02:00,17,10,27,False
2,2026-01-20T12:00:00Z,2026-01-20T14:00:00+02:00,10,9,19,False
2,2026-01-20T13:00:00Z,2026-01-20T15:00:00+02:00,2,7,9,False
2,2026-01-20T14:00:00Z,2026-01-20T16:00:00+02:00,14,4,18,False
2,2026-01-20T15:00:00Z,2026-01-20T17:00:00+02:00,7,17,24,False
2,2026-01-20T16:00:00Z,2026-01-20T18:00:00+02:00,2,13,15,False
2,2026-01-20T17:00:00Z,2026-01-20T19:00:00+02:00,0,0,0,False
2,2026-01-20T18:00:00Z,2026-01-20T20:00:00+02:00,0,0,0,False
2,2026-01-20T19:00:00Z,2026-01-20T21:00:00+02:00,0,0,0,False
2,2026-01-20T20:00:00Z,2026-01-20T22:00:00+02:00,0,0,0,False
2,2026-01-20T21:00:00Z,2026-01-20T23:00:00+02:00,0,0,0,False
2,2026-01-20T22:00:00Z,2026-01-21T00:00:00+02:00,0,0,0,False
2,2026-01-20T23:00:00Z,2026-01-21T01:00:00+02:00,0,0,0,False
2,2026-01-21T00:00:00Z,2026-01-21T02:00:00+02:00,0,0,0,False
2,2026-01-21T01:00:00Z,2026-01-21T03:00:00+02:00,0,0,0,False
2,2026-01-21T02:00:00Z,2026-01-21T04:00:00+02:00,0,0,0,False
2,2026-01-21T03:00:00Z,2026-01-21T05:00:00+02:00,0,0,0,False
2,2026-01-21T04:00:00Z,2026-01-21T06:00:00+02:00,0,0,0,False
2,2026-01-21T05:00:00Z,2026-01-21T07:00:00+02:00,1,0,1,False
2,2026-01-21T06:00:00Z,2026-01-21T08:00:00+02:00,1,2,3,False
2,2026-01-21T07:00:00Z,2026-01-21T09:00:00+02:00,2,2,4,False
2,2026-01-21T08:00:00Z,2026-01-21T10:00:00+02:00,3,1,4,False
2,2026-01-21T09:00:00Z,2026-01-21T11:00:00+02:00,2,1,3,False
2,2026-01-21T10:00:00Z,2026-01-21T12:00:00+02:00,3,1,4,False
2,2026-01-21T11:00:00Z,2026-01-21T13:00:00+02:00,9,6,15,False
2,2026-01-21T12:00:00Z,2026-01-21T14:00:00+02:00,32,9,41,False
2,2026-01-21T13:00:00Z,2026-01-21T15:00:00+02:00,10,39,49,False
2,2026-01-21T14:00:00Z,2026-01-21T16:00:00+02:00,14,13,27,False
2,2026-01-21T15:00:00Z,2026-01-21T17:00:00+02:00,18,11,29,False
2,2026-01-21T16:00:00Z,2026-01-21T18:00:00+02:00,1,14,15,False
2,2026-01-21T17:00:00Z,2026-01-21T19:00:00+02:00,1,1,2,False
2,2026-01-21T18:00:00Z,2026-01-21T20:00:00+02:00,0,0,0,False
2,2026-01-21T19:00:00Z,2026-01-21T21:00:00+02:00,0,0,0,False
2,2026-01-21T20:00:00Z,2026-01-21T22:00:00+02:00,0,0,0,False
2,2026-01-21T21:00:00Z,2026-01-21T23:00:00+02:00,0,0,0,False
2,2026-01-21T22:00:00Z,2026-01-22T00:00:00+02:00,0,0,0,False
2,2026-01-21T23:00:00Z,2026-01-22T01:00:00+02:00,0,0,0,False
2,2026-01-22T00:00:00Z,2026-01-22T02:00:00+02:00,0,0,0,False
2,2026-01-22T01:00:00Z,2026-01-22T03:00:00+02:00,0,0,0,False
2,2026-01-22T02:00:00Z,2026-01-22T04:00:00+02:00,0,0,0,False
2,2026-01-22T03:00:00Z,2026-01-22T05:00:00+02:00,0,0,0,False
2,2026-01-22T04:00:00Z,2026-01-22T06:00:00+02:00,0,0,0,False
2,2026-01-22T05:00:00Z,2026-01-22T07:00:00+02:00,1,1,2,False
2,2026-01-22T06:00:00Z,2026-01-22T08:00:00+02:00,1,1,2,False
2,2026-01-22T07:00:00Z,2026-01-22T09:00:00+02:00,0,0,0,False
2,2026-01-22T08:00:00Z,2026-01-22T10:00:00+02:00,1,0,1,False
2,2026-01-22T09:00:00Z,2026-01-22T11:00:00+02:00,0,1,1,False
2,2026-01-22T10:00:00Z,2026-01-22T12:00:00+02:00,5,8,13,False
2,2026-01-22T11:00:00Z,2026-01-22T13:00:00+02:00,48,43,91,False
2,2026-01-22T12:00:00Z,2026-01-22T14:00:00+02:00,9,12,21,False
2,2026-01-22T13:00:00Z,2026-01-22T15:00:00+02:00,12,11,23,False
2,2026-01-22T14:00:00Z,2026-01-22T16:00:00+02:00,14,4,18,False
2,2026-01-22T15:00:00Z,2026-01-22T17:00:00+02:00,13,15,28,False
2,2026-01-22T16:00:00Z,2026-01-22T18:00:00+02:00,3,16,19,False
2,2026-01-22T17:00:00Z,2026-01-22T19:00:00+02:00,1,3,4,False
2,2026-01-22T18:00:00Z,2026-01-22T20:00:00+02:00,0,0,0,False
2,2026-01-22T19:00:00Z,2026-01-22T21:00:00+02:00,0,0,0,False
2,2026-01-22T20:00:00Z,2026-01-22T22:00:00+02:00,0,0,0,False
2,2026-01-22T21:00:00Z,2026-01-22T23:00:00+02:00,0,0,0,False
2,2026-01-22T22:00:00Z,2026-01-23T00:00:00+02:00,0,0,0,False
2,2026-01-22T23:00:00Z,2026-01-23T01:00:00+02:00,0,0,0,False
2,2026-01-23T00:00:00Z,2026-01-23T02:00:00+02:00,0,0,0,False
2,2026-01-23T01:00:00Z,2026-01-23T03:00:00+02:00,0,0,0,False
2,2026-01-23T02:00:00Z,2026-01-23T04:00:00+02:00,0,0,0,False
2,2026-01-23T03:00:00Z,2026-01-23T05:00:00+02:00,0,0,0,False
2,2026-01-23T04:00:00Z,2026-01-23T06:00:00+02:00,0,0,0,False
2,2026-01-23T05:00:00Z,2026-01-23T07:00:00+02:00,0,0,0,False
2,2026-01-23T06:00:00Z,2026-01-23T08:00:00+02:00,1,1,2,False
2,2026-01-23T07:00:00Z,2026-01-23T09:00:00+02:00,1,1,2,False
2,2026-01-23T08:00:00Z,2026-01-23T10:00:00+02:00,1,0,1,False
2,2026-01-23T09:00:00Z,2026-01-23T11:00:00+02:00,0,1,1,False
2,2026-01-23T10:00:00Z,2026-01-23T12:00:00+02:00,0,0,0,False
2,2026-01-23T11:00:00Z,2026-01-23T13:00:00+02:00,25,16,41,False
2,2026-01-23T12:00:00Z,2026-01-23T14:00:00+02:00,9,13,22,False
2,2026-01-23T13:00:00Z,2026-01-23T15:00:00+02:00,4,1,5,False
2,2026-01-23T14:00:00Z,2026-01-23T16:00:00+02:00,13,12,25,False
2,2026-01-23T15:00:00Z,2026-01-23T17:00:00+02:00,15,7,22,False
2,2026-01-23T16:00:00Z,2026-01-23T18:00:00+02:00,10,19,29,False
2,2026-01-23T17:00:00Z,2026-01-23T19:00:00+02:00,1,6,7,False
2,2026-01-23T18:00:00Z,2026-01-23T20:00:00+02:00,0,0,0,False
2,2026-01-23T19:00:00Z,2026-01-23T21:00:00+02:00,0,0,0,False
2,2026-01-23T20:00:00Z,2026-01-23T22:00:00+02:00,0,0,0,False
2,2026-01-23T21:00:00Z,2026-01-23T23:00:00+02:00,0,0,0,False
2,2026-01-23T22:00:00Z,2026-01-24T00:00:00+02:00,0,0,0,False
2,2026-01-23T23:00:00Z,2026-01-24T01:00:00+02:00,0,0,0,False
2,2026-01-24T00:00:00Z,2026-01-24T02:00:00+02:00,0,0,0,False
2,2026-01-24T01:00:00Z,2026-01-24T03:00:00+02:00,0,0,0,False
2,2026-01-24T02:00:00Z,2026-01-24T04:00:00+02:00,0,0,0,False
2,2026-01-24T03:00:00Z,2026-01-24T05:00:00+02:00,0,0,0,False
2,2026-01-24T04:00:00Z,2026-01-24T06:00:00+02:00,0,0,0,False
2,2026-01-24T05:00:00Z,2026-01-24T07:00:00+02:00,1,1,2,False
2,2026-01-24T06:00:00Z,2026-01-24T08:00:00+02:00,1,1,2,False
2,2026-01-24T07:00:00Z,2026-01-24T09:00:00+02:00,1,1,2,False
2,2026-01-24T08:00:00Z,2026-01-24T10:00:00+02:00,8,4,12,False
2,2026-01-24T09:00:00Z,2026-01-24T11:00:00+02:00,23,17,40,False
2,2026-01-24T10:00:00Z,2026-01-24T12:00:00+02:00,26,10,36,False
2,2026-01-24T11:00:00Z,2026-01-24T13:00:00+02:00,34,37,71,False
2,2026-01-24T12:00:00Z,2026-01-24T14:00:00+02:00,41,38,79,False
2,2026-01-24T13:00:00Z,2026-01-24T15:00:00+02:00,28,40,68,False
2,2026-01-24T14:00:00Z,2026-01-24T16:00:00+02:00,13,35,48,False
2,2026-01-24T15:00:00Z,2026-01-24T17:00:00+02:00,1,1,2,False
2,2026-01-24T16:00:00Z,2026-01-24T18:00:00+02:00,0,0,0,False
2,2026-01-24T17:00:00Z,2026-01-24T19:00:00+02:00,0,0,0,False
2,2026-01-24T18:00:00Z,2026-01-24T20:00:00+02:00,0,0,0,False
2,2026-01-24T19:00:00Z,2026-01-24T21:00:00+02:00,0,0,0,False
2,2026-01-24T20:00:00Z,2026-01-24T22:00:00+02:00,0,0,0,False
2,2026-01-24T21:00:00Z,2026-01-24T23:00:00+02:00,0,0,0,False
2,2026-01-24T22:00:00Z,2026-01-25T00:00:00+02:00,0,0,0,False
2,2026-01-24T23:00:00Z,2026-01-25T01:00:00+02:00,0,0,0,False
2,2026-01-25T00:00:00Z,2026-01-25T02:00:00+02:00,0,0,0,False
2,2026-01-25T01:00:00Z,2026-01-25T03:00:00+02:00,0,0,0,False
2,2026-01-25T02:00:00Z,2026-01-25T04:00:00+02:00,0,0,0,False
2,2026-01-25T03:00:00Z,2026-01-25T05:00:00+02:00,0,0,0,False
2,2026-01-25T04:00:00Z,2026-01-25T06:00:00+02:00,0,0,0,False
2,2026-01-25T05:00:00Z,2026-01-25T07:00:00+02:00,1,1,2,False
2,2026-01-25T06:00:00Z,2026-01-25T08:00:00+02:00,1,1,2,False
2,2026-01-25T07:00:00Z,2026-01-25T09:00:00+02:00,1,1,2,False
2,2026-01-25T08:00:00Z,2026-01-25T10:00:00+02:00,1,1,2,False
2,2026-01-25T09:00:00Z,2026-01-25T11:00:00+02:00,31,8,39,False
2,2026-01-25T10:00:00Z,2026-01-25T12:00:00+02:00,16,26,42,False
2,2026-01-25T11:00:00Z,2026-01-25T13:00:00+02:00,16,15,31,False
2,2026-01-25T12:00:00Z,2026-01-25T14:00:00+02:00,17,10,27,False
2,2026-01-25T13:00:00Z,2026-01-25T15:00:00+02:00,18,24,42,False
2,2026-01-25T14:00:00Z,2026-01-25T16:00:00+02:00,6,21,27,False
2,2026-01-25T15:00:00Z,2026-01-25T17:00:00+02:00,2,2,4,False
2,2026-01-25T16:00:00Z,2026-01-25T18:00:00+02:00,0,0,0,False
2,2026-01-25T17:00:00Z,2026-01-25T19:00:00+02:00,0,0,0,False
2,2026-01-25T18:00:00Z,2026-01-25T20:00:00+02:00,0,0,0,False
2,2026-01-25T19:00:00Z,2026-01-25T21:00:00+02:00,0,0,0,False
2,2026-01-25T20:00:00Z,2026-01-25T22:00:00+02:00,0,0,0,False
2,2026-01-25T21:00:00Z,2026-01-25T23:00:00+02:00,0,0,0,False
2,2026-01-25T22:00:00Z,2026-01-26T00:00:00+02:00,0,0,0,False
2,2026-01-25T23:00:00Z,2026-01-26T01:00:00+02:00,0,0,0,False
2,2026-01-26T00:00:00Z,2026-01-26T02:00:00+02:00,0,0,0,False
2,2026-01-26T01:00:00Z,2026-01-26T03:00:00+02:00,0,0,0,False
2,2026-01-26T02:00:00Z,2026-01-26T04:00:00+02:00,0,0,0,False
2,2026-01-26T03:00:00Z,2026-01-26T05:00:00+02:00,0,0,0,False
2,2026-01-26T04:00:00Z,2026-01-26T06:00:00+02:00,0,0,0,False
2,2026-01-26T05:00:00Z,2026-01-26T07:00:00+02:00,1,0,1,False
2,2026-01-26T06:00:00Z,2026-01-26T08:00:00+02:00,2,1,3,False
2,2026-01-26T07:00:00Z,2026-01-26T09:00:00+02:00,4,3,7,False
2,2026-01-26T08:00:00Z,2026-01-26T10:00:00+02:00,2,0,2,False
2,2026-01-26T09:00:00Z,2026-01-26T11:00:00+02:00,2,0,2,False
2,2026-01-26T10:00:00Z,2026-01-26T12:00:00+02:00,1,2,3,False
2,2026-01-26T11:00:00Z,2026-01-26T13:00:00+02:00,1,0,1,False
2,2026-01-26T12:00:00Z,2026-01-26T14:00:00+02:00,1,2,3,False
2,2026-01-26T13:00:00Z,2026-01-26T15:00:00+02:00,0,0,0,False
2,2026-01-26T14:00:00Z,2026-01-26T16:00:00+02:00,1,3,4,False
2,2026-01-26T15:00:00Z,2026-01-26T17:00:00+02:00,0,0,0,False
2,2026-01-26T16:00:00Z,2026-01-26T18:00:00+02:00,0,0,0,False
2,2026-01-26T17:00:00Z,2026-01-26T19:00:00+02:00,0,1,1,False
2,2026-01-26T18:00:00Z,2026-01-26T20:00:00+02:00,2,2,4,False
2,2026-01-26T19:00:00Z,2026-01-26T21:00:00+02:00,0,0,0,False
2,2026-01-26T20:00:00Z,2026-01-26T22:00:00+02:00,0,0,0,False
2,2026-01-26T21:00:00Z,2026-01-26T23:00:00+02:00,0,0,0,False
2,2026-01-26T22:00:00Z,2026-01-27T00:00:00+02:00,0,0,0,False
2,2026-01-26T23:00:00Z,2026-01-27T01:00:00+02:00,0,0,0,False
2,2026-01-27T00:00:00Z,2026-01-27T02:00:00+02:00,0,0,0,False
2,2026-01-27T01:00:00Z,2026-01-27T03:00:00+02:00,0,0,0,False
2,2026-01-27T02:00:00Z,2026-01-27T04:00:00+02:00,0,0,0,False
2,2026-01-27T03:00:00Z,2026-01-27T05:00:00+02:00,0,0,0,False
2,2026-01-27T04:00:00Z,2026-01-27T06:00:00+02:00,0,0,0,False
2,2026-01-27T05:00:00Z,2026-01-27T07:00:00+02:00,0,0,0,False
2,2026-01-27T06:00:00Z,2026-01-27T08:00:00+02:00,0,0,0,False
2,2026-01-27T07:00:00Z,2026-01-27T09:00:00+02:00,1,1,2,False
2,2026-01-27T08:00:00Z,2026-01-27T10:00:00+02:00,2,1,3,False
2,2026-01-27T09:00:00Z,2026-01-27T11:00:00+02:00,0,0,0,False
2,2026-01-27T10:00:00Z,2026-01-27T12:00:00+02:00,21,4,25,False
2,2026-01-27T11:00:00Z,2026-01-27T13:00:00+02:00,46,23,69,False
2,2026-01-27T12:00:00Z,2026-01-27T14:00:00+02:00,7,45,52,False
2,2026-01-27T13:00:00Z,2026-01-27T15:00:00+02:00,5,14,19,False
2,2026-01-27T14:00:00Z,2026-01-27T16:00:00+02:00,2,3,5,False
2,2026-01-27T15:00:00Z,2026-01-27T17:00:00+02:00,13,12,25,False
2,2026-01-27T16:00:00Z,2026-01-27T18:00:00+02:00,5,11,16,False
2,2026-01-27T17:00:00Z,2026-01-27T19:00:00+02:00,1,3,4,False
2,2026-01-27T18:00:00Z,2026-01-27T20:00:00+02:00,0,0,0,False
2,2026-01-27T19:00:00Z,2026-01-27T21:00:00+02:00,0,0,0,False
2,2026-01-27T20:00:00Z,2026-01-27T22:00:00+02:00,0,0,0,False
2,2026-01-27T21:00:00Z,2026-01-27T23:00:00+02:00,0,0,0,False
2,2026-01-27T22:00:00Z,2026-01-28T00:00:00+02:00,0,0,0,False
2,2026-01-27T23:00:00Z,2026-01-28T01:00:00+02:00,0,0,0,False
2,2026-01-28T00:00:00Z,2026-01-28T02:00:00+02:00,0,0,0,False
2,2026-01-28T01:00:00Z,2026-01-28T03:00:00+02:00,0,0,0,False
2,2026-01-28T02:00:00Z,2026-01-28T04:00:00+02:00,0,0,0,False
2,2026-01-28T03:00:00Z,2026-01-28T05:00:00+02:00,0,0,0,False
2,2026-01-28T04:00:00Z,2026-01-28T06:00:00+02:00,0,0,0,False
2,2026-01-28T05:00:00Z,2026-01-28T07:00:00+02:00,0,0,0,False
2,2026-01-28T06:00:00Z,2026-01-28T08:00:00+02:00,4,2,6,False
2,2026-01-28T07:00:00Z,2026-01-28T09:00:00+02:00,1,0,1,False
2,2026-01-28T08:00:00Z,2026-01-28T10:00:00+02:00,3,1,4,False
2,2026-01-28T09:00:00Z,2026-01-28T11:00:00+02:00,34,28,62,False
2,2026-01-28T10:00:00Z,2026-01-28T12:00:00+02:00,9,14,23,False
2,2026-01-28T11:00:00Z,2026-01-28T13:00:00+02:00,1,4,5,False
2,2026-01-28T12:00:00Z,2026-01-28T14:00:00+02:00,20,15,35,False
2,2026-01-28T13:00:00Z,2026-01-28T15:00:00+02:00,19,28,47,False
2,2026-01-28T14:00:00Z,2026-01-28T16:00:00+02:00,4,2,6,False
2,2026-01-28T15:00:00Z,2026-01-28T17:00:00+02:00,9,9,18,False
2,2026-01-28T16:00:00Z,2026-01-28T18:00:00+02:00,0,0,0,False
2,2026-01-28T17:00:00Z,2026-01-28T19:00:00+02:00,2,5,7,False
2,2026-01-28T18:00:00Z,2026-01-28T20:00:00+02:00,1,1,2,False
2,2026-01-28T19:00:00Z,2026-01-28T21:00:00+02:00,0,0,0,False
2,2026-01-28T20:00:00Z,2026-01-28T22:00:00+02:00,0,0,0,False
2,2026-01-28T21:00:00Z,2026-01-28T23:00:00+02:00,0,0,0,False
2,2026-01-28T22:00:00Z,2026-01-29T00:00:00+02:00,0,0,0,False
2,2026-01-28T23:00:00Z,2026-01-29T01:00:00+02:00,0,0,0,False
2,2026-01-29T00:00:00Z,2026-01-29T02:00:00+02:00,0,0,0,False
2,2026-01-29T01:00:00Z,2026-01-29T03:00:00+02:00,0,0,0,False
2,2026-01-29T02:00:00Z,2026-01-29T04:00:00+02:00,0,0,0,False
2,2026-01-29T03:00:00Z,2026-01-29T05:00:00+02:00,0,0,0,False
2,2026-01-29T04:00:00Z,2026-01-29T06:00:00+02:00,0,0,0,False
2,2026-01-29T05:00:00Z,2026-01-29T07:00:00+02:00,0,0,0,False
2,2026-01-29T06:00:00Z,2026-01-29T08:00:00+02:00,3,1,4,False
2,2026-01-29T07:00:00Z,2026-01-29T09:00:00+02:00,11,5,16,False
2,2026-01-29T08:00:00Z,2026-01-29T10:00:00+02:00,4,1,5,False
2,2026-01-29T09:00:00Z,2026-01-29T11:00:00+02:00,4,7,11,False
2,2026-01-29T10:00:00Z,2026-01-29T12:00:00+02:00,2,4,6,False
2,2026-01-29T11:00:00Z,2026-01-29T13:00:00+02:00,13,2,15,False
2,2026-01-29T12:00:00Z,2026-01-29T14:00:00+02:00,13,10,23,False
2,2026-01-29T13:00:00Z,2026-01-29T15:00:00+02:00,3,11,14,False
2,2026-01-29T14:00:00Z,2026-01-29T16:00:00+02:00,2,7,9,False
2,2026-01-29T15:00:00Z,2026-01-29T17:00:00+02:00,21,3,24,False
2,2026-01-29T16:00:00Z,2026-01-29T18:00:00+02:00,1,23,24,False
2,2026-01-29T17:00:00Z,2026-01-29T19:00:00+02:00,2,2,4,False
2,2026-01-29T18:00:00Z,2026-01-29T20:00:00+02:00,0,0,0,False
2,2026-01-29T19:00:00Z,2026-01-29T21:00:00+02:00,1,1,2,False
2,2026-01-29T20:00:00Z,2026-01-29T22:00:00+02:00,0,0,0,False
2,2026-01-29T21:00:00Z,2026-01-29T23:00:00+02:00,0,0,0,False
2,2026-01-29T22:00:00Z,2026-01-30T00:00:00+02:00,0,0,0,False
2,2026-01-29T23:00:00Z,2026-01-30T01:00:00+02:00,0,0,0,False
2,2026-01-30T00:00:00Z,2026-01-30T02:00:00+02:00,0,0,0,False
2,2026-01-30T01:00:00Z,2026-01-30T03:00:00+02:00,0,0,0,False
2,2026-01-30T02:00:00Z,2026-01-30T04:00:00+02:00,0,0,0,False
2,2026-01-30T03:00:00Z,2026-01-30T05:00:00+02:00,0,0,0,False
2,2026-01-30T04:00:00Z,2026-01-30T06:00:00+02:00,0,0,0,False
2,2026-01-30T05:00:00Z,2026-01-30T07:00:00+02:00,3,1,4,False
2,2026-01-30T06:00:00Z,2026-01-30T08:00:00+02:00,3,5,8,False
2,2026-01-30T07:00:00Z,2026-01-30T09:00:00+02:00,2,1,3,False
2,2026-01-30T08:00:00Z,2026-01-30T10:00:00+02:00,1,0,1,False
2,2026-01-30T09:00:00Z,2026-01-30T11:00:00+02:00,0,0,0,False
2,2026-01-30T10:00:00Z,2026-01-30T12:00:00+02:00,2,2,4,False
2,2026-01-30T11:00:00Z,2026-01-30T13:00:00+02:00,57,3,60,False
2,2026-01-30T12:00:00Z,2026-01-30T14:00:00+02:00,16,50,66,False
2,2026-01-30T13:00:00Z,2026-01-30T15:00:00+02:00,19,20,39,False
2,2026-01-30T14:00:00Z,2026-01-30T16:00:00+02:00,7,15,22,False
2,2026-01-30T15:00:00Z,2026-01-30T17:00:00+02:00,2,9,11,False
2,2026-01-30T16:00:00Z,2026-01-30T18:00:00+02:00,7,9,16,False
2,2026-01-30T17:00:00Z,2026-01-30T19:00:00+02:00,0,0,0,False
2,2026-01-30T18:00:00Z,2026-01-30T20:00:00+02:00,0,0,0,False
2,2026-01-30T19:00:00Z,2026-01-30T21:00:00+02:00,0,0,0,False
2,2026-01-30T20:00:00Z,2026-01-30T22:00:00+02:00,0,0,0,False
2,2026-01-30T21:00:00Z,2026-01-30T23:00:00+02:00,0,0,0,False
2,2026-01-30T22:00:00Z,2026-01-31T00:00:00+02:00,0,0,0,False
2,2026-01-30T23:00:00Z,2026-01-31T01:00:00+02:00,0,0,0,False
2,2026-01-31T00:00:00Z,2026-01-31T02:00:00+02:00,0,0,0,False
2,2026-01-31T01:00:00Z,2026-01-31T03:00:00+02:00,0,0,0,False
2,2026-01-31T02:00:00Z,2026-01-31T04:00:00+02:00,0,0,0,False
2,2026-01-31T03:00:00Z,2026-01-31T05:00:00+02:00,0,0,0,False
2,2026-01-31T04:00:00Z,2026-01-31T06:00:00+02:00,0,0,0,False
2,2026-01-31T05:00:00Z,2026-01-31T07:00:00+02:00,0,0,0,False
2,2026-01-31T06:00:00Z,2026-01-31T08:00:00+02:00,1,1,2,False
2,2026-01-31T07:00:00Z,2026-01-31T09:00:00+02:00,1,1,2,False
2,2026-01-31T08:00:00Z,2026-01-31T10:00:00+02:00,4,2,6,False
2,2026-01-31T09:00:00Z,2026-01-31T11:00:00+02:00,12,3,15,False
2,2026-01-31T10:00:00Z,2026-01-31T12:00:00+02:00,18,15,33,False
2,2026-01-31T11:00:00Z,2026-01-31T13:00:00+02:00,40,24,64,False
2,2026-01-31T12:00:00Z,2026-01-31T14:00:00+02:00,15,27,42,False
2,2026-01-31T13:00:00Z,2026-01-31T15:00:00+02:00,31,23,54,False
2,2026-01-31T14:00:00Z,2026-01-31T16:00:00+02:00,8,31,39,False
2,2026-01-31T15:00:00Z,2026-01-31T17:00:00+02:00,2,7,9,False
2,2026-01-31T16:00:00Z,2026-01-31T18:00:00+02:00,0,0,0,False
2,2026-01-31T17:00:00Z,2026-01-31T19:00:00+02:00,0,0,0,False
2,2026-01-31T18:00:00Z,2026-01-31T20:00:00+02:00,0,0,0,False
2,2026-01-31T19:00:00Z,2026-01-31T21:00:00+02:00,0,0,0,False
2,2026-01-31T20:00:00Z,2026-01-31T22:00:00+02:00,0,0,0,False
2,2026-01-31T21:00:00Z,2026-01-31T23:00:00+02:00,0,0,0,False
2,2026-01-31T22:00:00Z,2026-02-01T00:00:00+02:00,0,0,0,False
2,2026-01-31T23:00:00Z,2026-02-01T01:00:00+02:00,0,0,0,False
2,2026-02-01T00:00:00Z,2026-02-01T02:00:00+02:00,0,0,0,False
2,2026-02-01T01:00:00Z,2026-02-01T03:00:00+02:00,0,0,0,False
2,2026-02-01T02:00:00Z,2026-02-01T04:00:00+02:00,0,0,0,False
2,2026-02-01T03:00:00Z,2026-02-01T05:00:00+02:00,0,0,0,False
2,2026-02-01T04:00:00Z,2026-02-01T06:00:00+02:00,0,0,0,False
2,2026-02-01T05:00:00Z,2026-02-01T07:00:00+02:00,0,0,0,False
2,2026-02-01T06:00:00Z,2026-02-01T08:00:00+02:00,1,1,2,False
2,2026-02-01T07:00:00Z,2026-02-01T09:00:00+02:00,1,1,2,False
2,2026-02-01T08:00:00Z,2026-02-01T10:00:00+02:00,0,0,0,False
2,2026-02-01T09:00:00Z,2026-02-01T11:00:00+02:00,3,3,6,False
2,2026-02-01T10:00:00Z,2026-02-01T12:00:00+02:00,0,1,1,False
2,2026-02-01T11:00:00Z,2026-02-01T13:00:00+02:00,2,1,3,False
2,2026-02-01T12:00:00Z,2026-02-01T14:00:00+02:00,6,5,11,False
2,2026-02-01T13:00:00Z,2026-02-01T15:00:00+02:00,34,17,51,False
2,2026-02-01T14:00:00Z,2026-02-01T16:00:00+02:00,5,24,29,False
2,2026-02-01T15:00:00Z,2026-02-01T17:00:00+02:00,2,1,3,False
2,2026-02-01T16:00:00Z,2026-02-01T18:00:00+02:00,0,0,0,False
2,2026-02-01T17:00:00Z,2026-02-01T19:00:00+02:00,0,0,0,False
2,2026-02-01T18:00:00Z,2026-02-01T20:00:00+02:00,0,0,0,False
2,2026-02-01T19:00:00Z,2026-02-01T21:00:00+02:00,0,0,0,False
2,2026-02-01T20:00:00Z,2026-02-01T22:00:00+02:00,0,0,0,False
2,2026-02-01T21:00:00Z,2026-02-01T23:00:00+02:00,0,0,0,False
2,2026-02-01T22:00:00Z,2026-02-02T00:00:00+02:00,0,0,0,False
2,2026-02-01T23:00:00Z,2026-02-02T01:00:00+02:00,0,0,0,False
2,2026-02-02T00:00:00Z,2026-02-02T02:00:00+02:00,0,0,0,False
2,2026-02-02T01:00:00Z,2026-02-02T03:00:00+02:00,0,0,0,False
2,2026-02-02T02:00:00Z,2026-02-02T04:00:00+02:00,0,0,0,False
2,2026-02-02T03:00:00Z,2026-02-02T05:00:00+02:00,0,0,0,False
2,2026-02-02T04:00:00Z,2026-02-02T06:00:00+02:00,0,0,0,False
2,2026-02-02T05:00:00Z,2026-02-02T07:00:00+02:00,0,0,0,False
2,2026-02-02T06:00:00Z,2026-02-02T08:00:00+02:00,0,0,0,False
2,2026-02-02T07:00:00Z,2026-02-02T09:00:00+02:00,0,0,0,False
2,2026-02-02T08:00:00Z,2026-02-02T10:00:00+02:00,3,1,4,False
2,2026-02-02T09:00:00Z,2026-02-02T11:00:00+02:00,0,2,2,False
2,2026-02-02T10:00:00Z,2026-02-02T12:00:00+02:00,1,1,2,False
2,2026-02-02T11:00:00Z,2026-02-02T13:00:00+02:00,0,0,0,False
2,2026-02-02T12:00:00Z,2026-02-02T14:00:00+02:00,1,1,2,False
2,2026-02-02T13:00:00Z,2026-02-02T15:00:00+02:00,0,0,0,False
2,2026-02-02T14:00:00Z,2026-02-02T16:00:00+02:00,0,2,2,False
2,2026-02-02T15:00:00Z,2026-02-02T17:00:00+02:00,0,0,0,False
2,2026-02-02T16:00:00Z,2026-02-02T18:00:00+02:00,0,0,0,False
2,2026-02-02T17:00:00Z,2026-02-02T19:00:00+02:00,0,0,0,False
2,2026-02-02T18:00:00Z,2026-02-02T20:00:00+02:00,0,0,0,False
2,2026-02-02T19:00:00Z,2026-02-02T21:00:00+02:00,0,0,0,False
2,2026-02-02T20:00:00Z,2026-02-02T22:00:00+02:00,0,0,0,False
2,2026-02-02T21:00:00Z,2026-02-02T23:00:00+02:00,0,0,0,False
2,2026-02-02T22:00:00Z,2026-02-03T00:00:00+02:00,0,0,0,False
2,2026-02-02T23:00:00Z,2026-02-03T01:00:00+02:00,0,0,0,False
2,2026-02-03T00:00:00Z,2026-02-03T02:00:00+02:00,0,0,0,False
2,2026-02-03T01:00:00Z,2026-02-03T03:00:00+02:00,0,0,0,False
2,2026-02-03T02:00:00Z,2026-02-03T04:00:00+02:00,0,0,0,False
2,2026-02-03T03:00:00Z,2026-02-03T05:00:00+02:00,0,0,0,False
2,2026-02-03T04:00:00Z,2026-02-03T06:00:00+02:00,0,0,0,False
2,2026-02-03T05:00:00Z,2026-02-03T07:00:00+02:00,0,0,0,False
2,2026-02-03T06:00:00Z,2026-02-03T08:00:00+02:00,2,0,2,False
2,2026-02-03T07:00:00Z,2026-02-03T09:00:00+02:00,2,2,4,False
2,2026-02-03T08:00:00Z,2026-02-03T10:00:00+02:00,0,0,0,False
2,2026-02-03T09:00:00Z,2026-02-03T11:00:00+02:00,1,2,3,False
2,2026-02-03T10:00:00Z,2026-02-03T12:00:00+02:00,3,1,4,False
2,2026-02-03T11:00:00Z,2026-02-03T13:00:00+02:00,12,13,25,False
2,2026-02-03T12:00:00Z,2026-02-03T14:00:00+02:00,1,4,5,False
2,2026-02-03T13:00:00Z,2026-02-03T15:00:00+02:00,5,6,11,False
2,2026-02-03T14:00:00Z,2026-02-03T16:00:00+02:00,26,5,31,False
2,2026-02-03T15:00:00Z,2026-02-03T17:00:00+02:00,18,35,53,False
2,2026-02-03T16:00:00Z,2026-02-03T18:00:00+02:00,3,18,21,False
2,2026-02-03T17:00:00Z,2026-02-03T19:00:00+02:00,2,3,5,False
2,2026-02-03T18:00:00Z,2026-02-03T20:00:00+02:00,4,13,17,False
2,2026-02-03T19:00:00Z,2026-02-03T21:00:00+02:00,0,1,1,False
2,2026-02-03T20:00:00Z,2026-02-03T22:00:00+02:00,0,0,0,False
2,2026-02-03T21:00:00Z,2026-02-03T23:00:00+02:00,0,0,0,False
2,2026-02-03T22:00:00Z,2026-02-04T00:00:00+02:00,0,0,0,False
2,2026-02-03T23:00:00Z,2026-02-04T01:00:00+02:00,0,0,0,False
2,2026-02-04T00:00:00Z,2026-02-04T02:00:00+02:00,0,0,0,False
2,2026-02-04T01:00:00Z,2026-02-04T03:00:00+02:00,0,0,0,False
2,2026-02-04T02:00:00Z,2026-02-04T04:00:00+02:00,0,0,0,False
2,2026-02-04T03:00:00Z,2026-02-04T05:00:00+02:00,0,0,0,False
2,2026-02-04T04:00:00Z,2026-02-04T06:00:00+02:00,0,0,0,False
2,2026-02-04T05:00:00Z,2026-02-04T07:00:00+02:00,0,0,0,False
2,2026-02-04T06:00:00Z,2026-02-04T08:00:00+02:00,3,0,3,False
2,2026-02-04T07:00:00Z,2026-02-04T09:00:00+02:00,2,1,3,False
2,2026-02-04T08:00:00Z,2026-02-04T10:00:00+02:00,3,3,6,False
2,2026-02-04T09:00:00Z,2026-02-04T11:00:00+02:00,0,0,0,False
2,2026-02-04T10:00:00Z,2026-02-04T12:00:00+02:00,3,1,4,False
2,2026-02-04T11:00:00Z,2026-02-04T13:00:00+02:00,8,2,10,False
2,2026-02-04T12:00:00Z,2026-02-04T14:00:00+02:00,6,6,12,False
2,2026-02-04T13:00:00Z,2026-02-04T15:00:00+02:00,19,22,41,False
2,2026-02-04T14:00:00Z,2026-02-04T16:00:00+02:00,4,8,12,False
2,2026-02-04T15:00:00Z,2026-02-04T17:00:00+02:00,2,4,6,False
2,2026-02-04T16:00:00Z,2026-02-04T18:00:00+02:00,1,2,3,False
2,2026-02-04T17:00:00Z,2026-02-04T19:00:00+02:00,1,1,2,False
2,2026-02-04T18:00:00Z,2026-02-04T20:00:00+02:00,0,0,0,False
2,2026-02-04T19:00:00Z,2026-02-04T21:00:00+02:00,0,0,0,False
2,2026-02-04T20:00:00Z,2026-02-04T22:00:00+02:00,0,0,0,False
2,2026-02-04T21:00:00Z,2026-02-04T23:00:00+02:00,0,0,0,False
2,2026-02-04T22:00:00Z,2026-02-05T00:00:00+02:00,0,0,0,False
2,2026-02-04T23:00:00Z,2026-02-05T01:00:00+02:00,0,0,0,False
2,2026-02-05T00:00:00Z,2026-02-05T02:00:00+02:00,0,0,0,False
2,2026-02-05T01:00:00Z,2026-02-05T03:00:00+02:00,0,0,0,False
2,2026-02-05T02:00:00Z,2026-02-05T04:00:00+02:00,0,0,0,False
2,2026-02-05T03:00:00Z,2026-02-05T05:00:00+02:00,0,0,0,False
2,2026-02-05T04:00:00Z,2026-02-05T06:00:00+02:00,0,0,0,False
2,2026-02-05T05:00:00Z,2026-02-05T07:00:00+02:00,1,1,2,False
2,2026-02-05T06:00:00Z,2026-02-05T08:00:00+02:00,2,0,2,False
2,2026-02-05T07:00:00Z,2026-02-05T09:00:00+02:00,2,2,4,False
2,2026-02-05T08:00:00Z,2026-02-05T10:00:00+02:00,3,3,6,False
2,2026-02-05T09:00:00Z,2026-02-05T11:00:00+02:00,2,0,2,False
2,2026-02-05T10:00:00Z,2026-02-05T12:00:00+02:00,19,2,21,False
2,2026-02-05T11:00:00Z,2026-02-05T13:00:00+02:00,3,16,19,False
2,2026-02-05T12:00:00Z,2026-02-05T14:00:00+02:00,5,2,7,False
2,2026-02-05T13:00:00Z,2026-02-05T15:00:00+02:00,5,9,14,False
2,2026-02-05T14:00:00Z,2026-02-05T16:00:00+02:00,6,2,8,False
2,2026-02-05T15:00:00Z,2026-02-05T17:00:00+02:00,25,21,46,False
2,2026-02-05T16:00:00Z,2026-02-05T18:00:00+02:00,5,12,17,False
2,2026-02-05T17:00:00Z,2026-02-05T19:00:00+02:00,1,0,1,False
2,2026-02-05T18:00:00Z,2026-02-05T20:00:00+02:00,0,0,0,False
2,2026-02-05T19:00:00Z,2026-02-05T21:00:00+02:00,0,0,0,False
2,2026-02-05T20:00:00Z,2026-02-05T22:00:00+02:00,0,0,0,False
2,2026-02-05T21:00:00Z,2026-02-05T23:00:00+02:00,0,0,0,False
2,2026-02-05T22:00:00Z,2026-02-06T00:00:00+02:00,0,0,0,False
2,2026-02-05T23:00:00Z,2026-02-06T01:00:00+02:00,0,0,0,False
2,2026-02-06T00:00:00Z,2026-02-06T02:00:00+02:00,0,0,0,False
2,2026-02-06T01:00:00Z,2026-02-06T03:00:00+02:00,0,0,0,False
2,2026-02-06T02:00:00Z,2026-02-06T04:00:00+02:00,0,0,0,False
2,2026-02-06T03:00:00Z,2026-02-06T05:00:00+02:00,0,0,0,False
2,2026-02-06T04:00:00Z,2026-02-06T06:00:00+02:00,0,0,0,False
2,2026-02-06T05:00:00Z,2026-02-06T07:00:00+02:00,0,0,0,False
2,2026-02-06T06:00:00Z,2026-02-06T08:00:00+02:00,0,0,0,False
2,2026-02-06T07:00:00Z,2026-02-06T09:00:00+02:00,0,1,1,False
2,2026-02-06T08:00:00Z,2026-02-06T10:00:00+02:00,2,0,2,False
2,2026-02-06T09:00:00Z,2026-02-06T11:00:00+02:00,0,0,0,False
2,2026-02-06T10:00:00Z,2026-02-06T12:00:00+02:00,3,1,4,False
2,2026-02-06T11:00:00Z,2026-02-06T13:00:00+02:00,36,22,58,False
2,2026-02-06T12:00:00Z,2026-02-06T14:00:00+02:00,4,12,16,False
2,2026-02-06T13:00:00Z,2026-02-06T15:00:00+02:00,4,7,11,False
2,2026-02-06T14:00:00Z,2026-02-06T16:00:00+02:00,11,4,15,False
2,2026-02-06T15:00:00Z,2026-02-06T17:00:00+02:00,14,9,23,False
2,2026-02-06T16:00:00Z,2026-02-06T18:00:00+02:00,5,21,26,False
2,2026-02-06T17:00:00Z,2026-02-06T19:00:00+02:00,0,0,0,False
2,2026-02-06T18:00:00Z,2026-02-06T20:00:00+02:00,0,0,0,False
2,2026-02-06T19:00:00Z,2026-02-06T21:00:00+02:00,0,0,0,False
2,2026-02-06T20:00:00Z,2026-02-06T22:00:00+02:00,0,0,0,False
2,2026-02-06T21:00:00Z,2026-02-06T23:00:00+02:00,0,0,0,False
2,2026-02-06T22:00:00Z,2026-02-07T00:00:00+02:00,0,0,0,False
2,2026-02-06T23:00:00Z,2026-02-07T01:00:00+02:00,0,0,0,False
2,2026-02-07T00:00:00Z,2026-02-07T02:00:00+02:00,0,0,0,False
2,2026-02-07T01:00:00Z,2026-02-07T03:00:00+02:00,0,0,0,False
2,2026-02-07T02:00:00Z,2026-02-07T04:00:00+02:00,0,0,0,False
2,2026-02-07T03:00:00Z,2026-02-07T05:00:00+02:00,0,0,0,False
2,2026-02-07T04:00:00Z,2026-02-07T06:00:00+02:00,0,0,0,False
2,2026-02-07T05:00:00Z,2026-02-07T07:00:00+02:00,0,0,0,False
2,2026-02-07T06:00:00Z,2026-02-07T08:00:00+02:00,1,1,2,False
2,2026-02-07T07:00:00Z,2026-02-07T09:00:00+02:00,1,1,2,False
2,2026-02-07T08:00:00Z,2026-02-07T10:00:00+02:00,15,4,19,False
2,2026-02-07T09:00:00Z,2026-02-07T11:00:00+02:00,13,14,27,False
2,2026-02-07T10:00:00Z,2026-02-07T12:00:00+02:00,14,16,30,False
2,2026-02-07T11:00:00Z,2026-02-07T13:00:00+02:00,33,26,59,False
2,2026-02-07T12:00:00Z,2026-02-07T14:00:00+02:00,11,18,29,False
2,2026-02-07T13:00:00Z,2026-02-07T15:00:00+02:00,19,8,27,False
2,2026-02-07T14:00:00Z,2026-02-07T16:00:00+02:00,6,23,29,False
2,2026-02-07T15:00:00Z,2026-02-07T17:00:00+02:00,0,2,2,False
2,2026-02-07T16:00:00Z,2026-02-07T18:00:00+02:00,0,0,0,False
2,2026-02-07T17:00:00Z,2026-02-07T19:00:00+02:00,0,0,0,False
2,2026-02-07T18:00:00Z,2026-02-07T20:00:00+02:00,0,0,0,False
2,2026-02-07T19:00:00Z,2026-02-07T21:00:00+02:00,0,0,0,False
2,2026-02-07T20:00:00Z,2026-02-07T22:00:00+02:00,0,0,0,False
2,2026-02-07T21:00:00Z,2026-02-07T23:00:00+02:00,0,0,0,False
2,2026-02-07T22:00:00Z,2026-02-08T00:00:00+02:00,0,0,0,False
2,2026-02-07T23:00:00Z,2026-02-08T01:00:00+02:00,0,0,0,False
2,2026-02-08T00:00:00Z,2026-02-08T02:00:00+02:00,0,0,0,False
2,2026-02-08T01:00:00Z,2026-02-08T03:00:00+02:00,0,0,0,False
2,2026-02-08T02:00:00Z,2026-02-08T04:00:00+02:00,0,0,0,False
2,2026-02-08T03:00:00Z,2026-02-08T05:00:00+02:00,0,0,0,False
2,2026-02-08T04:00:00Z,2026-02-08T06:00:00+02:00,0,0,0,False
2,2026-02-08T05:00:00Z,2026-02-08T07:00:00+02:00,0,0,0,False
2,2026-02-08T06:00:00Z,2026-02-08T08:00:00+02:00,1,2,3,False
2,2026-02-08T07:00:00Z,2026-02-08T09:00:00+02:00,1,1,2,False
2,2026-02-08T08:00:00Z,2026-02-08T10:00:00+02:00,8,0,8,False
2,2026-02-08T09:00:00Z,2026-02-08T11:00:00+02:00,8,11,19,False
2,2026-02-08T10:00:00Z,2026-02-08T12:00:00+02:00,8,3,11,False
2,2026-02-08T11:00:00Z,2026-02-08T13:00:00+02:00,3,13,16,False
2,2026-02-08T12:00:00Z,2026-02-08T14:00:00+02:00,3,0,3,False
2,2026-02-08T13:00:00Z,2026-02-08T15:00:00+02:00,4,6,10,False
2,2026-02-08T14:00:00Z,2026-02-08T16:00:00+02:00,5,6,11,False
2,2026-02-08T15:00:00Z,2026-02-08T17:00:00+02:00,0,0,0,False
2,2026-02-08T16:00:00Z,2026-02-08T18:00:00+02:00,1,1,2,False
2,2026-02-08T17:00:00Z,2026-02-08T19:00:00+02:00,0,0,0,False
2,2026-02-08T18:00:00Z,2026-02-08T20:00:00+02:00,0,0,0,False
2,2026-02-08T19:00:00Z,2026-02-08T21:00:00+02:00,0,0,0,False
2,2026-02-08T20:00:00Z,2026-02-08T22:00:00+02:00,0,0,0,False
2,2026-02-08T21:00:00Z,2026-02-08T23:00:00+02:00,0,0,0,False
2,2026-02-08T22:00:00Z,2026-02-09T00:00:00+02:00,0,0,0,False
2,2026-02-08T23:00:00Z,2026-02-09T01:00:00+02:00,0,0,0,False
2,2026-02-09T00:00:00Z,2026-02-09T02:00:00+02:00,0,0,0,False
2,2026-02-09T01:00:00Z,2026-02-09T03:00:00+02:00,0,0,0,False
2,2026-02-09T02:00:00Z,2026-02-09T04:00:00+02:00,0,0,0,False
2,2026-02-09T03:00:00Z,2026-02-09T05:00:00+02:00,0,0,0,False
2,2026-02-09T04:00:00Z,2026-02-09T06:00:00+02:00,0,0,0,False
2,2026-02-09T05:00:00Z,2026-02-09T07:00:00+02:00,0,0,0,False
2,2026-02-09T06:00:00Z,2026-02-09T08:00:00+02:00,1,1,2,False
2,2026-02-09T07:00:00Z,2026-02-09T09:00:00+02:00,0,0,0,False
2,2026-02-09T08:00:00Z,2026-02-09T10:00:00+02:00,1,0,1,False
2,2026-02-09T09:00:00Z,2026-02-09T11:00:00+02:00,0,0,0,False
2,2026-02-09T10:00:00Z,2026-02-09T12:00:00+02:00,0,1,1,False
2,2026-02-09T11:00:00Z,2026-02-09T13:00:00+02:00,2,2,4,False
2,2026-02-09T12:00:00Z,2026-02-09T14:00:00+02:00,0,0,0,False
2,2026-02-09T13:00:00Z,2026-02-09T15:00:00+02:00,0,0,0,False
2,2026-02-09T14:00:00Z,2026-02-09T16:00:00+02:00,0,0,0,False
2,2026-02-09T15:00:00Z,2026-02-09T17:00:00+02:00,0,0,0,False
2,2026-02-09T16:00:00Z,2026-02-09T18:00:00+02:00,1,1,2,False
2,2026-02-09T17:00:00Z,2026-02-09T19:00:00+02:00,0,0,0,False
2,2026-02-09T18:00:00Z,2026-02-09T20:00:00+02:00,0,0,0,False
2,2026-02-09T19:00:00Z,2026-02-09T21:00:00+02:00,0,0,0,False
2,2026-02-09T20:00:00Z,2026-02-09T22:00:00+02:00,0,0,0,False
2,2026-02-09T21:00:00Z,2026-02-09T23:00:00+02:00,0,0,0,False
2,2026-02-09T22:00:00Z,2026-02-10T00:00:00+02:00,0,0,0,False
2,2026-02-09T23:00:00Z,2026-02-10T01:00:00+02:00,0,0,0,False
2,2026-02-10T00:00:00Z,2026-02-10T02:00:00+02:00,0,0,0,False
2,2026-02-10T01:00:00Z,2026-02-10T03:00:00+02:00,0,0,0,False
2,2026-02-10T02:00:00Z,2026-02-10T04:00:00+02:00,0,0,0,False
2,2026-02-10T03:00:00Z,2026-02-10T05:00:00+02:00,0,0,0,False
2,2026-02-10T04:00:00Z,2026-02-10T06:00:00+02:00,0,0,0,False
2,2026-02-10T05:00:00Z,2026-02-10T07:00:00+02:00,1,0,1,False
2,2026-02-10T06:00:00Z,2026-02-10T08:00:00+02:00,13,7,20,False
2,2026-02-10T07:00:00Z,2026-02-10T09:00:00+02:00,1,8,9,False
2,2026-02-10T08:00:00Z,2026-02-10T10:00:00+02:00,1,0,1,False
2,2026-02-10T09:00:00Z,2026-02-10T11:00:00+02:00,0,0,0,False
2,2026-02-10T10:00:00Z,2026-02-10T12:00:00+02:00,5,7,12,False
2,2026-02-10T11:00:00Z,2026-02-10T13:00:00+02:00,6,0,6,False
2,2026-02-10T12:00:00Z,2026-02-10T14:00:00+02:00,8,6,14,False
2,2026-02-10T13:00:00Z,2026-02-10T15:00:00+02:00,4,13,17,False
2,2026-02-10T14:00:00Z,2026-02-10T16:00:00+02:00,10,6,16,False
2,2026-02-10T15:00:00Z,2026-02-10T17:00:00+02:00,3,12,15,False
2,2026-02-10T16:00:00Z,2026-02-10T18:00:00+02:00,0,0,0,False
2,2026-02-10T17:00:00Z,2026-02-10T19:00:00+02:00,1,1,2,False
2,2026-02-10T18:00:00Z,2026-02-10T20:00:00+02:00,0,0,0,False
2,2026-02-10T19:00:00Z,2026-02-10T21:00:00+02:00,0,0,0,False
2,2026-02-10T20:00:00Z,2026-02-10T22:00:00+02:00,0,0,0,False
2,2026-02-10T21:00:00Z,2026-02-10T23:00:00+02:00,0,0,0,False
2,2026-02-10T22:00:00Z,2026-02-11T00:00:00+02:00,0,0,0,False
2,2026-02-10T23:00:00Z,2026-02-11T01:00:00+02:00,0,0,0,False
2,2026-02-11T00:00:00Z,2026-02-11T02:00:00+02:00,0,0,0,False
2,2026-02-11T01:00:00Z,2026-02-11T03:00:00+02:00,0,0,0,False
2,2026-02-11T02:00:00Z,2026-02-11T04:00:00+02:00,0,0,0,False
2,2026-02-11T03:00:00Z,2026-02-11T05:00:00+02:00,0,0,0,False
2,2026-02-11T04:00:00Z,2026-02-11T06:00:00+02:00,0,0,0,False
2,2026-02-11T05:00:00Z,2026-02-11T07:00:00+02:00,0,0,0,False
2,2026-02-11T06:00:00Z,2026-02-11T08:00:00+02:00,1,0,1,False
2,2026-02-11T07:00:00Z,2026-02-11T09:00:00+02:00,2,1,3,False
2,2026-02-11T08:00:00Z,2026-02-11T10:00:00+02:00,2,0,2,False
2,2026-02-11T09:00:00Z,2026-02-11T11:00:00+02:00,1,3,4,False
2,2026-02-11T10:00:00Z,2026-02-11T12:00:00+02:00,17,4,21,False
2,2026-02-11T11:00:00Z,2026-02-11T13:00:00+02:00,16,30,46,False
2,2026-02-11T12:00:00Z,2026-02-11T14:00:00+02:00,3,12,15,False
2,2026-02-11T13:00:00Z,2026-02-11T15:00:00+02:00,2,4,6,False
2,2026-02-11T14:00:00Z,2026-02-11T16:00:00+02:00,9,10,19,False
2,2026-02-11T15:00:00Z,2026-02-11T17:00:00+02:00,6,3,9,False
2,2026-02-11T16:00:00Z,2026-02-11T18:00:00+02:00,1,4,5,False
2,2026-02-11T17:00:00Z,2026-02-11T19:00:00+02:00,0,0,0,False
2,2026-02-11T18:00:00Z,2026-02-11T20:00:00+02:00,0,0,0,False
2,2026-02-11T19:00:00Z,2026-02-11T21:00:00+02:00,1,1,2,False
2,2026-02-11T20:00:00Z,2026-02-11T22:00:00+02:00,0,0,0,False
2,2026-02-11T21:00:00Z,2026-02-11T23:00:00+02:00,0,0,0,False
2,2026-02-11T22:00:00Z,2026-02-12T00:00:00+02:00,0,0,0,False
2,2026-02-11T23:00:00Z,2026-02-12T01:00:00+02:00,0,0,0,False
2,2026-02-12T00:00:00Z,2026-02-12T02:00:00+02:00,0,0,0,False
2,2026-02-12T01:00:00Z,2026-02-12T03:00:00+02:00,0,0,0,False
2,2026-02-12T02:00:00Z,2026-02-12T04:00:00+02:00,0,0,0,False
2,2026-02-12T03:00:00Z,2026-02-12T05:00:00+02:00,0,0,0,False
2,2026-02-12T04:00:00Z,2026-02-12T06:00:00+02:00,0,0,0,False
2,2026-02-12T05:00:00Z,2026-02-12T07:00:00+02:00,2,3,5,False
2,2026-02-12T06:00:00Z,2026-02-12T08:00:00+02:00,4,3,7,False
2,2026-02-12T07:00:00Z,2026-02-12T09:00:00+02:00,3,2,5,False
2,2026-02-12T08:00:00Z,2026-02-12T10:00:00+02:00,1,0,1,False
2,2026-02-12T09:00:00Z,2026-02-12T11:00:00+02:00,0,0,0,False
2,2026-02-12T10:00:00Z,2026-02-12T12:00:00+02:00,6,1,7,False
2,2026-02-12T11:00:00Z,2026-02-12T13:00:00+02:00,3,9,12,False
2,2026-02-12T12:00:00Z,2026-02-12T14:00:00+02:00,11,10,21,False
2,2026-02-12T13:00:00Z,2026-02-12T15:00:00+02:00,5,3,8,False
2,2026-02-12T14:00:00Z,2026-02-12T16:00:00+02:00,0,4,4,False
2,2026-02-12T15:00:00Z,2026-02-12T17:00:00+02:00,15,6,21,False
2,2026-02-12T16:00:00Z,2026-02-12T18:00:00+02:00,2,11,13,False
2,2026-02-12T17:00:00Z,2026-02-12T19:00:00+02:00,0,2,2,False
2,2026-02-12T18:00:00Z,2026-02-12T20:00:00+02:00,0,0,0,False
2,2026-02-12T19:00:00Z,2026-02-12T21:00:00+02:00,0,0,0,False
2,2026-02-12T20:00:00Z,2026-02-12T22:00:00+02:00,0,0,0,False
2,2026-02-12T21:00:00Z,2026-02-12T23:00:00+02:00,0,0,0,False
2,2026-02-12T22:00:00Z,2026-02-13T00:00:00+02:00,0,0,0,False
2,2026-02-12T23:00:00Z,2026-02-13T01:00:00+02:00,0,0,0,False
2,2026-02-13T00:00:00Z,2026-02-13T02:00:00+02:00,0,0,0,False
2,2026-02-13T01:00:00Z,2026-02-13T03:00:00+02:00,0,0,0,False
2,2026-02-13T02:00:00Z,2026-02-13T04:00:00+02:00,0,0,0,False
2,2026-02-13T03:00:00Z,2026-02-13T05:00:00+02:00,0,0,0,False
2,2026-02-13T04:00:00Z,2026-02-13T06:00:00+02:00,0,0,0,False
2,2026-02-13T05:00:00Z,2026-02-13T07:00:00+02:00,0,0,0,False
2,2026-02-13T06:00:00Z,2026-02-13T08:00:00+02:00,2,2,4,False
2,2026-02-13T07:00:00Z,2026-02-13T09:00:00+02:00,0,1,1,False
2,2026-02-13T08:00:00Z,2026-02-13T10:00:00+02:00,2,1,3,False
2,2026-02-13T09:00:00Z,2026-02-13T11:00:00+02:00,1,2,3,False
2,2026-02-13T10:00:00Z,2026-02-13T12:00:00+02:00,10,9,19,False
2,2026-02-13T11:00:00Z,2026-02-13T13:00:00+02:00,4,2,6,False
2,2026-02-13T12:00:00Z,2026-02-13T14:00:00+02:00,0,0,0,False
2,2026-02-13T13:00:00Z,2026-02-13T15:00:00+02:00,0,1,1,False
2,2026-02-13T14:00:00Z,2026-02-13T16:00:00+02:00,0,1,1,False
2,2026-02-13T15:00:00Z,2026-02-13T17:00:00+02:00,1,1,2,False
2,2026-02-13T16:00:00Z,2026-02-13T18:00:00+02:00,0,0,0,False
2,2026-02-13T17:00:00Z,2026-02-13T19:00:00+02:00,0,0,0,False
2,2026-02-13T18:00:00Z,2026-02-13T20:00:00+02:00,0,0,0,False
2,2026-02-13T19:00:00Z,2026-02-13T21:00:00+02:00,0,0,0,False
2,2026-02-13T20:00:00Z,2026-02-13T22:00:00+02:00,0,0,0,False
2,2026-02-13T21:00:00Z,2026-02-13T23:00:00+02:00,0,0,0,False
2,2026-02-13T22:00:00Z,2026-02-14T00:00:00+02:00,0,0,0,False
2,2026-02-13T23:00:00Z,2026-02-14T01:00:00+02:00,0,0,0,False
2,2026-02-14T00:00:00Z,2026-02-14T02:00:00+02:00,0,0,0,False
2,2026-02-14T01:00:00Z,2026-02-14T03:00:00+02:00,0,0,0,False
2,2026-02-14T02:00:00Z,2026-02-14T04:00:00+02:00,0,0,0,False
2,2026-02-14T03:00:00Z,2026-02-14T05:00:00+02:00,0,0,0,False
2,2026-02-14T04:00:00Z,2026-02-14T06:00:00+02:00,0,0,0,False
2,2026-02-14T05:00:00Z,2026-02-14T07:00:00+02:00,0,0,0,False
2,2026-02-14T06:00:00Z,2026-02-14T08:00:00+02:00,0,1,1,False
2,2026-02-14T07:00:00Z,2026-02-14T09:00:00+02:00,3,2,5,False
2,2026-02-14T08:00:00Z,2026-02-14T10:00:00+02:00,4,1,5,False
2,2026-02-14T09:00:00Z,2026-02-14T11:00:00+02:00,16,3,19,False
2,2026-02-14T10:00:00Z,2026-02-14T12:00:00+02:00,6,12,18,False
2,2026-02-14T11:00:00Z,2026-02-14T13:00:00+02:00,17,18,35,False
2,2026-02-14T12:00:00Z,2026-02-14T14:00:00+02:00,13,6,19,False
2,2026-02-14T13:00:00Z,2026-02-14T15:00:00+02:00,23,16,39,False
2,2026-02-14T14:00:00Z,2026-02-14T16:00:00+02:00,3,18,21,False
2,2026-02-14T15:00:00Z,2026-02-14T17:00:00+02:00,1,3,4,False
2,2026-02-14T16:00:00Z,2026-02-14T18:00:00+02:00,0,0,0,False
2,2026-02-14T17:00:00Z,2026-02-14T19:00:00+02:00,0,0,0,False
2,2026-02-14T18:00:00Z,2026-02-14T20:00:00+02:00,0,0,0,False
2,2026-02-14T19:00:00Z,2026-02-14T21:00:00+02:00,0,0,0,False
2,2026-02-14T20:00:00Z,2026-02-14T22:00:00+02:00,0,0,0,False
2,2026-02-14T21:00:00Z,2026-02-14T23:00:00+02:00,0,0,0,False
2,2026-02-14T22:00:00Z,2026-02-15T00:00:00+02:00,0,0,0,False
2,2026-02-14T23:00:00Z,2026-02-15T01:00:00+02:00,0,0,0,False
2,2026-02-15T00:00:00Z,2026-02-15T02:00:00+02:00,0,0,0,False
2,2026-02-15T01:00:00Z,2026-02-15T03:00:00+02:00,0,0,0,False
2,2026-02-15T02:00:00Z,2026-02-15T04:00:00+02:00,0,0,0,False
2,2026-02-15T03:00:00Z,2026-02-15T05:00:00+02:00,0,0,0,False
2,2026-02-15T04:00:00Z,2026-02-15T06:00:00+02:00,0,0,0,False
2,2026-02-15T05:00:00Z,2026-02-15T07:00:00+02:00,0,0,0,False
2,2026-02-15T06:00:00Z,2026-02-15T08:00:00+02:00,0,0,0,False
2,2026-02-15T07:00:00Z,2026-02-15T09:00:00+02:00,2,2,4,False
2,2026-02-15T08:00:00Z,2026-02-15T10:00:00+02:00,4,4,8,False
2,2026-02-15T09:00:00Z,2026-02-15T11:00:00+02:00,8,2,10,False
2,2026-02-15T10:00:00Z,2026-02-15T12:00:00+02:00,7,5,12,False
2,2026-02-15T11:00:00Z,2026-02-15T13:00:00+02:00,4,8,12,False
2,2026-02-15T12:00:00Z,2026-02-15T14:00:00+02:00,6,4,10,False
2,2026-02-15T13:00:00Z,2026-02-15T15:00:00+02:00,4,6,10,False
2,2026-02-15T14:00:00Z,2026-02-15T16:00:00+02:00,7,10,17,False
2,2026-02-15T15:00:00Z,2026-02-15T17:00:00+02:00,1,3,4,False
2,2026-02-15T16:00:00Z,2026-02-15T18:00:00+02:00,0,0,0,False
2,2026-02-15T17:00:00Z,2026-02-15T19:00:00+02:00,0,0,0,False
2,2026-02-15T18:00:00Z,2026-02-15T20:00:00+02:00,0,0,0,False
2,2026-02-15T19:00:00Z,2026-02-15T21:00:00+02:00,0,0,0,False
2,2026-02-15T20:00:00Z,2026-02-15T22:00:00+02:00,0,0,0,False
2,2026-02-15T21:00:00Z,2026-02-15T23:00:00+02:00,0,0,0,False
2,2026-02-15T22:00:00Z,2026-02-16T00:00:00+02:00,0,0,0,False
2,2026-02-15T23:00:00Z,2026-02-16T01:00:00+02:00,0,0,0,False
2,2026-02-16T00:00:00Z,2026-02-16T02:00:00+02:00,0,0,0,False
2,2026-02-16T01:00:00Z,2026-02-16T03:00:00+02:00,0,0,0,False
2,2026-02-16T02:00:00Z,2026-02-16T04:00:00+02:00,0,0,0,False
2,2026-02-16T03:00:00Z,2026-02-16T05:00:00+02:00,0,0,0,False
2,2026-02-16T04:00:00Z,2026-02-16T06:00:00+02:00,0,0,0,False
2,2026-02-16T05:00:00Z,2026-02-16T07:00:00+02:00,0,0,0,False
2,2026-02-16T06:00:00Z,2026-02-16T08:00:00+02:00,1,0,1,False
2,2026-02-16T07:00:00Z,2026-02-16T09:00:00+02:00,0,1,1,False
2,2026-02-16T08:00:00Z,2026-02-16T10:00:00+02:00,2,1,3,False
2,2026-02-16T09:00:00Z,2026-02-16T11:00:00+02:00,2,0,2,False
2,2026-02-16T10:00:00Z,2026-02-16T12:00:00+02:00,0,1,1,False
2,2026-02-16T11:00:00Z,2026-02-16T13:00:00+02:00,1,0,1,False
2,2026-02-16T12:00:00Z,2026-02-16T14:00:00+02:00,0,2,2,False
2,2026-02-16T13:00:00Z,2026-02-16T15:00:00+02:00,5,2,7,False
2,2026-02-16T14:00:00Z,2026-02-16T16:00:00+02:00,3,1,4,False
2,2026-02-16T15:00:00Z,2026-02-16T17:00:00+02:00,0,3,3,False
2,2026-02-16T16:00:00Z,2026-02-16T18:00:00+02:00,10,2,12,False
2,2026-02-16T17:00:00Z,2026-02-16T19:00:00+02:00,0,0,0,False
2,2026-02-16T18:00:00Z,2026-02-16T20:00:00+02:00,0,0,0,False
2,2026-02-16T19:00:00Z,2026-02-16T21:00:00+02:00,1,9,10,False
2,2026-02-16T20:00:00Z,2026-02-16T22:00:00+02:00,0,0,0,False
2,2026-02-16T21:00:00Z,2026-02-16T23:00:00+02:00,0,0,0,False
2,2026-02-16T22:00:00Z,2026-02-17T00:00:00+02:00,0,0,0,False
2,2026-02-16T23:00:00Z,2026-02-17T01:00:00+02:00,0,0,0,False
2,2026-02-17T00:00:00Z,2026-02-17T02:00:00+02:00,0,0,0,False
2,2026-02-17T01:00:00Z,2026-02-17T03:00:00+02:00,0,0,0,False
2,2026-02-17T02:00:00Z,2026-02-17T04:00:00+02:00,0,0,0,False
2,2026-02-17T03:00:00Z,2026-02-17T05:00:00+02:00,0,0,0,False
2,2026-02-17T04:00:00Z,2026-02-17T06:00:00+02:00,0,0,0,False
2,2026-02-17T05:00:00Z,2026-02-17T07:00:00+02:00,0,0,0,False
2,2026-02-17T06:00:00Z,2026-02-17T08:00:00+02:00,1,2,3,False
2,2026-02-17T07:00:00Z,2026-02-17T09:00:00+02:00,42,1,43,False
2,2026-02-17T08:00:00Z,2026-02-17T10:00:00+02:00,7,44,51,False
2,2026-02-17T09:00:00Z,2026-02-17T11:00:00+02:00,5,18,23,False
2,2026-02-17T10:00:00Z,2026-02-17T12:00:00+02:00,9,6,15,False
2,2026-02-17T11:00:00Z,2026-02-17T13:00:00+02:00,38,32,70,False
2,2026-02-17T12:00:00Z,2026-02-17T14:00:00+02:00,18,21,39,False
2,2026-02-17T13:00:00Z,2026-02-17T15:00:00+02:00,2,12,14,False
2,2026-02-17T14:00:00Z,2026-02-17T16:00:00+02:00,1,2,3,False
2,2026-02-17T15:00:00Z,2026-02-17T17:00:00+02:00,1,1,2,False
2,2026-02-17T16:00:00Z,2026-02-17T18:00:00+02:00,0,0,0,False
2,2026-02-17T17:00:00Z,2026-02-17T19:00:00+02:00,0,0,0,False
2,2026-02-17T18:00:00Z,2026-02-17T20:00:00+02:00,1,1,2,False
2,2026-02-17T19:00:00Z,2026-02-17T21:00:00+02:00,1,1,2,False
2,2026-02-17T20:00:00Z,2026-02-17T22:00:00+02:00,0,0,0,False
2,2026-02-17T21:00:00Z,2026-02-17T23:00:00+02:00,0,0,0,False
2,2026-02-17T22:00:00Z,2026-02-18T00:00:00+02:00,0,0,0,False
2,2026-02-17T23:00:00Z,2026-02-18T01:00:00+02:00,0,0,0,False
2,2026-02-18T00:00:00Z,2026-02-18T02:00:00+02:00,0,0,0,False
2,2026-02-18T01:00:00Z,2026-02-18T03:00:00+02:00,0,0,0,False
2,2026-02-18T02:00:00Z,2026-02-18T04:00:00+02:00,0,0,0,False
2,2026-02-18T03:00:00Z,2026-02-18T05:00:00+02:00,0,0,0,False
2,2026-02-18T04:00:00Z,2026-02-18T06:00:00+02:00,0,0,0,False
2,2026-02-18T05:00:00Z,2026-02-18T07:00:00+02:00,0,0,0,False
2,2026-02-18T06:00:00Z,2026-02-18T08:00:00+02:00,0,0,0,False
2,2026-02-18T07:00:00Z,2026-02-18T09:00:00+02:00,54,5,59,False
2,2026-02-18T08:00:00Z,2026-02-18T10:00:00+02:00,2,39,41,False
2,2026-02-18T09:00:00Z,2026-02-18T11:00:00+02:00,42,2,44,False
2,2026-02-18T10:00:00Z,2026-02-18T12:00:00+02:00,5,51,56,False
2,2026-02-18T11:00:00Z,2026-02-18T13:00:00+02:00,54,13,67,False
2,2026-02-18T12:00:00Z,2026-02-18T14:00:00+02:00,17,52,69,False
2,2026-02-18T13:00:00Z,2026-02-18T15:00:00+02:00,5,10,15,False
2,2026-02-18T14:00:00Z,2026-02-18T16:00:00+02:00,7,7,14,False
2,2026-02-18T15:00:00Z,2026-02-18T17:00:00+02:00,7,1,8,False
2,2026-02-18T16:00:00Z,2026-02-18T18:00:00+02:00,12,20,32,False
2,2026-02-18T17:00:00Z,2026-02-18T19:00:00+02:00,1,3,4,False
2,2026-02-18T18:00:00Z,2026-02-18T20:00:00+02:00,0,0,0,False
2,2026-02-18T19:00:00Z,2026-02-18T21:00:00+02:00,0,0,0,False
2,2026-02-18T20:00:00Z,2026-02-18T22:00:00+02:00,0,0,0,False
2,2026-02-18T21:00:00Z,2026-02-18T23:00:00+02:00,0,0,0,False
2,2026-02-18T22:00:00Z,2026-02-19T00:00:00+02:00,0,0,0,False
2,2026-02-18T23:00:00Z,2026-02-19T01:00:00+02:00,0,0,0,False
2,2026-02-19T00:00:00Z,2026-02-19T02:00:00+02:00,0,0,0,False
2,2026-02-19T01:00:00Z,2026-02-19T03:00:00+02:00,0,0,0,False
2,2026-02-19T02:00:00Z,2026-02-19T04:00:00+02:00,0,0,0,False
2,2026-02-19T03:00:00Z,2026-02-19T05:00:00+02:00,0,0,0,False
2,2026-02-19T04:00:00Z,2026-02-19T06:00:00+02:00,1,1,2,False
2,2026-02-19T05:00:00Z,2026-02-19T07:00:00+02:00,0,1,1,False
2,2026-02-19T06:00:00Z,2026-02-19T08:00:00+02:00,2,1,3,False
2,2026-02-19T07:00:00Z,2026-02-19T09:00:00+02:00,43,3,46,False
2,2026-02-19T08:00:00Z,2026-02-19T10:00:00+02:00,3,43,46,False
2,2026-02-19T09:00:00Z,2026-02-19T11:00:00+02:00,42,0,42,False
2,2026-02-19T10:00:00Z,2026-02-19T12:00:00+02:00,29,57,86,False
2,2026-02-19T11:00:00Z,2026-02-19T13:00:00+02:00,11,12,23,False
2,2026-02-19T12:00:00Z,2026-02-19T14:00:00+02:00,10,18,28,False
2,2026-02-19T13:00:00Z,2026-02-19T15:00:00+02:00,18,28,46,False
2,2026-02-19T14:00:00Z,2026-02-19T16:00:00+02:00,7,2,9,False
2,2026-02-19T15:00:00Z,2026-02-19T17:00:00+02:00,8,8,16,False
2,2026-02-19T16:00:00Z,2026-02-19T18:00:00+02:00,1,6,7,False
2,2026-02-19T17:00:00Z,2026-02-19T19:00:00+02:00,1,1,2,False
2,2026-02-19T18:00:00Z,2026-02-19T20:00:00+02:00,0,0,0,False
2,2026-02-19T19:00:00Z,2026-02-19T21:00:00+02:00,0,0,0,False
2,2026-02-19T20:00:00Z,2026-02-19T22:00:00+02:00,0,0,0,False
2,2026-02-19T21:00:00Z,2026-02-19T23:00:00+02:00,0,0,0,False
2,2026-02-19T22:00:00Z,2026-02-20T00:00:00+02:00,0,0,0,False
2,2026-02-19T23:00:00Z,2026-02-20T01:00:00+02:00,0,0,0,False
2,2026-02-20T00:00:00Z,2026-02-20T02:00:00+02:00,0,0,0,False
2,2026-02-20T01:00:00Z,2026-02-20T03:00:00+02:00,0,0,0,False
2,2026-02-20T02:00:00Z,2026-02-20T04:00:00+02:00,0,0,0,False
2,2026-02-20T03:00:00Z,2026-02-20T05:00:00+02:00,0,0,0,False
2,2026-02-20T04:00:00Z,2026-02-20T06:00:00+02:00,0,0,0,False
2,2026-02-20T05:00:00Z,2026-02-20T07:00:00+02:00,0,0,0,False
2,2026-02-20T06:00:00Z,2026-02-20T08:00:00+02:00,3,1,4,False
2,2026-02-20T07:00:00Z,2026-02-20T09:00:00+02:00,50,3,53,False
2,2026-02-20T08:00:00Z,2026-02-20T10:00:00+02:00,5,2,7,False
2,2026-02-20T09:00:00Z,2026-02-20T11:00:00+02:00,2,53,55,False
2,2026-02-20T10:00:00Z,2026-02-20T12:00:00+02:00,5,0,5,False
2,2026-02-20T11:00:00Z,2026-02-20T13:00:00+02:00,9,9,18,False
2,2026-02-20T12:00:00Z,2026-02-20T14:00:00+02:00,14,11,25,False
2,2026-02-20T13:00:00Z,2026-02-20T15:00:00+02:00,31,15,46,False
2,2026-02-20T14:00:00Z,2026-02-20T16:00:00+02:00,22,31,53,False
2,2026-02-20T15:00:00Z,2026-02-20T17:00:00+02:00,9,19,28,False
2,2026-02-20T16:00:00Z,2026-02-20T18:00:00+02:00,10,15,25,False
2,2026-02-20T17:00:00Z,2026-02-20T19:00:00+02:00,0,0,0,False
2,2026-02-20T18:00:00Z,2026-02-20T20:00:00+02:00,0,0,0,False
2,2026-02-20T19:00:00Z,2026-02-20T21:00:00+02:00,0,0,0,False
2,2026-02-20T20:00:00Z,2026-02-20T22:00:00+02:00,0,0,0,False
2,2026-02-20T21:00:00Z,2026-02-20T23:00:00+02:00,0,0,0,False
2,2026-02-20T22:00:00Z,2026-02-21T00:00:00+02:00,0,0,0,False
2,2026-02-20T23:00:00Z,2026-02-21T01:00:00+02:00,0,0,0,False
2,2026-02-21T00:00:00Z,2026-02-21T02:00:00+02:00,0,0,0,False
2,2026-02-21T01:00:00Z,2026-02-21T03:00:00+02:00,0,0,0,False
2,2026-02-21T02:00:00Z,2026-02-21T04:00:00+02:00,0,0,0,False
2,2026-02-21T03:00:00Z,2026-02-21T05:00:00+02:00,0,0,0,False
2,2026-02-21T04:00:00Z,2026-02-21T06:00:00+02:00,0,0,0,False
2,2026-02-21T05:00:00Z,2026-02-21T07:00:00+02:00,0,0,0,False
2,2026-02-21T06:00:00Z,2026-02-21T08:00:00+02:00,0,0,0,False
2,2026-02-21T07:00:00Z,2026-02-21T09:00:00+02:00,0,0,0,False
2,2026-02-21T08:00:00Z,2026-02-21T10:00:00+02:00,3,2,5,False
2,2026-02-21T09:00:00Z,2026-02-21T11:00:00+02:00,33,17,50,False
2,2026-02-21T10:00:00Z,2026-02-21T12:00:00+02:00,21,22,43,False
2,2026-02-21T11:00:00Z,2026-02-21T13:00:00+02:00,5,18,23,False
2,2026-02-21T12:00:00Z,2026-02-21T14:00:00+02:00,0,0,0,False
2,2026-02-21T13:00:00Z,2026-02-21T15:00:00+02:00,0,0,0,False
2,2026-02-21T14:00:00Z,2026-02-21T16:00:00+02:00,0,0,0,False
2,2026-02-21T15:00:00Z,2026-02-21T17:00:00+02:00,0,0,0,False
2,2026-02-21T16:00:00Z,2026-02-21T18:00:00+02:00,0,0,0,False
2,2026-02-21T17:00:00Z,2026-02-21T19:00:00+02:00,0,0,0,False
2,2026-02-21T18:00:00Z,2026-02-21T20:00:00+02:00,0,0,0,False
2,2026-02-21T19:00:00Z,2026-02-21T21:00:00+02:00,0,0,0,False
2,2026-02-21T20:00:00Z,2026-02-21T22:00:00+02:00,0,0,0,False
2,2026-02-21T21:00:00Z,2026-02-21T23:00:00+02:00,0,0,0,False
2,2026-02-21T22:00:00Z,2026-02-22T00:00:00+02:00,0,0,0,False
2,2026-02-21T23:00:00Z,2026-02-22T01:00:00+02:00,0,0,0,False
2,2026-02-22T00:00:00Z,2026-02-22T02:00:00+02:00,0,0,0,False
2,2026-02-22T01:00:00Z,2026-02-22T03:00:00+02:00,0,0,0,False
2,2026-02-22T02:00:00Z,2026-02-22T04:00:00+02:00,0,0,0,False
2,2026-02-22T03:00:00Z,2026-02-22T05:00:00+02:00,0,0,0,False
2,2026-02-22T04:00:00Z,2026-02-22T06:00:00+02:00,0,0,0,False
2,2026-02-22T05:00:00Z,2026-02-22T07:00:00+02:00,0,0,0,False
2,2026-02-22T06:00:00Z,2026-02-22T08:00:00+02:00,0,0,0,False
2,2026-02-22T07:00:00Z,2026-02-22T09:00:00+02:00,1,1,2,False
2,2026-02-22T08:00:00Z,2026-02-22T10:00:00+02:00,3,1,4,False
2,2026-02-22T09:00:00Z,2026-02-22T11:00:00+02:00,6,5,11,False
2,2026-02-22T10:00:00Z,2026-02-22T12:00:00+02:00,0,3,3,False
2,2026-02-22T11:00:00Z,2026-02-22T13:00:00+02:00,4,0,4,False
2,2026-02-22T12:00:00Z,2026-02-22T14:00:00+02:00,9,8,17,False
2,2026-02-22T13:00:00Z,2026-02-22T15:00:00+02:00,11,6,17,False
2,2026-02-22T14:00:00Z,2026-02-22T16:00:00+02:00,5,17,22,False
2,2026-02-22T15:00:00Z,2026-02-22T17:00:00+02:00,0,0,0,False
2,2026-02-22T16:00:00Z,2026-02-22T18:00:00+02:00,0,0,0,False
2,2026-02-22T17:00:00Z,2026-02-22T19:00:00+02:00,0,0,0,False
2,2026-02-22T18:00:00Z,2026-02-22T20:00:00+02:00,0,0,0,False
2,2026-02-22T19:00:00Z,2026-02-22T21:00:00+02:00,0,0,0,False
2,2026-02-22T20:00:00Z,2026-02-22T22:00:00+02:00,0,0,0,False
2,2026-02-22T21:00:00Z,2026-02-22T23:00:00+02:00,0,0,0,False
2,2026-02-22T22:00:00Z,2026-02-23T00:00:00+02:00,0,0,0,False
2,2026-02-22T23:00:00Z,2026-02-23T01:00:00+02:00,0,0,0,False
2,2026-02-23T00:00:00Z,2026-02-23T02:00:00+02:00,0,0,0,False
2,2026-02-23T01:00:00Z,2026-02-23T03:00:00+02:00,0,0,0,False
2,2026-02-23T02:00:00Z,2026-02-23T04:00:00+02:00,0,0,0,False
2,2026-02-23T03:00:00Z,2026-02-23T05:00:00+02:00,0,0,0,False
2,2026-02-23T04:00:00Z,2026-02-23T06:00:00+02:00,0,0,0,False
2,2026-02-23T05:00:00Z,2026-02-23T07:00:00+02:00,0,0,0,False
2,2026-02-23T06:00:00Z,2026-02-23T08:00:00+02:00,1,0,1,False
2,2026-02-23T07:00:00Z,2026-02-23T09:00:00+02:00,0,5,5,False
2,2026-02-23T08:00:00Z,2026-02-23T10:00:00+02:00,6,1,7,False
2,2026-02-23T09:00:00Z,2026-02-23T11:00:00+02:00,0,0,0,False
2,2026-02-23T10:00:00Z,2026-02-23T12:00:00+02:00,1,0,1,False
2,2026-02-23T11:00:00Z,2026-02-23T13:00:00+02:00,1,0,1,False
2,2026-02-23T12:00:00Z,2026-02-23T14:00:00+02:00,1,2,3,False
2,2026-02-23T13:00:00Z,2026-02-23T15:00:00+02:00,0,0,0,False
2,2026-02-23T14:00:00Z,2026-02-23T16:00:00+02:00,0,0,0,False
2,2026-02-23T15:00:00Z,2026-02-23T17:00:00+02:00,0,0,0,False
2,2026-02-23T16:00:00Z,2026-02-23T18:00:00+02:00,0,0,0,False
2,2026-02-23T17:00:00Z,2026-02-23T19:00:00+02:00,0,0,0,False
2,2026-02-23T18:00:00Z,2026-02-23T20:00:00+02:00,0,0,0,False
2,2026-02-23T19:00:00Z,2026-02-23T21:00:00+02:00,0,0,0,False
2,2026-02-23T20:00:00Z,2026-02-23T22:00:00+02:00,0,0,0,False
2,2026-02-23T21:00:00Z,2026-02-23T23:00:00+02:00,0,0,0,False
2,2026-02-23T22:00:00Z,2026-02-24T00:00:00+02:00,0,0,0,False
2,2026-02-23T23:00:00Z,2026-02-24T01:00:00+02:00,0,0,0,False
2,2026-02-24T00:00:00Z,2026-02-24T02:00:00+02:00,0,0,0,False
2,2026-02-24T01:00:00Z,2026-02-24T03:00:00+02:00,0,0,0,False
2,2026-02-24T02:00:00Z,2026-02-24T04:00:00+02:00,0,0,0,False
2,2026-02-24T03:00:00Z,2026-02-24T05:00:00+02:00,0,0,0,False
2,2026-02-24T04:00:00Z,2026-02-24T06:00:00+02:00,0,0,0,False
2,2026-02-24T05:00:00Z,2026-02-24T07:00:00+02:00,0,0,0,False
2,2026-02-24T06:00:00Z,2026-02-24T08:00:00+02:00,3,0,3,False
2,2026-02-24T07:00:00Z,2026-02-24T09:00:00+02:00,4,4,8,False
2,2026-02-24T08:00:00Z,2026-02-24T10:00:00+02:00,57,13,70,False
2,2026-02-24T09:00:00Z,2026-02-24T11:00:00+02:00,4,50,54,False
2,2026-02-24T10:00:00Z,2026-02-24T12:00:00+02:00,27,5,32,False
2,2026-02-24T11:00:00Z,2026-02-24T13:00:00+02:00,15,29,44,False
2,2026-02-24T12:00:00Z,2026-02-24T14:00:00+02:00,14,11,25,False
2,2026-02-24T13:00:00Z,2026-02-24T15:00:00+02:00,8,14,22,False
2,2026-02-24T14:00:00Z,2026-02-24T16:00:00+02:00,2,10,12,False
2,2026-02-24T15:00:00Z,2026-02-24T17:00:00+02:00,4,2,6,False
2,2026-02-24T16:00:00Z,2026-02-24T18:00:00+02:00,1,5,6,False
2,2026-02-24T17:00:00Z,2026-02-24T19:00:00+02:00,1,3,4,False
2,2026-02-24T18:00:00Z,2026-02-24T20:00:00+02:00,0,0,0,False
2,2026-02-24T19:00:00Z,2026-02-24T21:00:00+02:00,0,0,0,False
2,2026-02-24T20:00:00Z,2026-02-24T22:00:00+02:00,0,0,0,False
2,2026-02-24T21:00:00Z,2026-02-24T23:00:00+02:00,0,0,0,False
2,2026-02-24T22:00:00Z,2026-02-25T00:00:00+02:00,0,0,0,False
2,2026-02-24T23:00:00Z,2026-02-25T01:00:00+02:00,0,0,0,False
2,2026-02-25T00:00:00Z,2026-02-25T02:00:00+02:00,0,0,0,False
2,2026-02-25T01:00:00Z,2026-02-25T03:00:00+02:00,0,0,0,False
2,2026-02-25T02:00:00Z,2026-02-25T04:00:00+02:00,0,0,0,False
2,2026-02-25T03:00:00Z,2026-02-25T05:00:00+02:00,0,0,0,False
2,2026-02-25T04:00:00Z,2026-02-25T06:00:00+02:00,0,0,0,False
2,2026-02-25T05:00:00Z,2026-02-25T07:00:00+02:00,0,0,0,False
2,2026-02-25T06:00:00Z,2026-02-25T08:00:00+02:00,0,0,0,False
2,2026-02-25T07:00:00Z,2026-02-25T09:00:00+02:00,33,3,36,False
2,2026-02-25T08:00:00Z,2026-02-25T10:00:00+02:00,1,0,1,False
2,2026-02-25T09:00:00Z,2026-02-25T11:00:00+02:00,51,31,82,False
2,2026-02-25T10:00:00Z,2026-02-25T12:00:00+02:00,13,52,65,False
2,2026-02-25T11:00:00Z,2026-02-25T13:00:00+02:00,13,16,29,False
2,2026-02-25T12:00:00Z,2026-02-25T14:00:00+02:00,23,23,46,False
2,2026-02-25T13:00:00Z,2026-02-25T15:00:00+02:00,33,34,67,False
2,2026-02-25T14:00:00Z,2026-02-25T16:00:00+02:00,4,7,11,False
2,2026-02-25T15:00:00Z,2026-02-25T17:00:00+02:00,10,11,21,False
2,2026-02-25T16:00:00Z,2026-02-25T18:00:00+02:00,2,3,5,False
2,2026-02-25T17:00:00Z,2026-02-25T19:00:00+02:00,0,0,0,False
2,2026-02-25T18:00:00Z,2026-02-25T20:00:00+02:00,0,0,0,False
2,2026-02-25T19:00:00Z,2026-02-25T21:00:00+02:00,0,0,0,False
2,2026-02-25T20:00:00Z,2026-02-25T22:00:00+02:00,0,0,0,False
2,2026-02-25T21:00:00Z,2026-02-25T23:00:00+02:00,0,0,0,False
2,2026-02-25T22:00:00Z,2026-02-26T00:00:00+02:00,0,0,0,False
2,2026-02-25T23:00:00Z,2026-02-26T01:00:00+02:00,0,0,0,False
2,2026-02-26T00:00:00Z,2026-02-26T02:00:00+02:00,0,0,0,False
2,2026-02-26T01:00:00Z,2026-02-26T03:00:00+02:00,0,0,0,False
2,2026-02-26T02:00:00Z,2026-02-26T04:00:00+02:00,0,0,0,False
2,2026-02-26T03:00:00Z,2026-02-26T05:00:00+02:00,0,0,0,False
2,2026-02-26T04:00:00Z,2026-02-26T06:00:00+02:00,0,0,0,False
2,2026-02-26T05:00:00Z,2026-02-26T07:00:00+02:00,0,0,0,False
2,2026-02-26T06:00:00Z,2026-02-26T08:00:00+02:00,1,1,2,False
2,2026-02-26T07:00:00Z,2026-02-26T09:00:00+02:00,51,8,59,False
2,2026-02-26T08:00:00Z,2026-02-26T10:00:00+02:00,4,6,10,False
2,2026-02-26T09:00:00Z,2026-02-26T11:00:00+02:00,48,42,90,False
2,2026-02-26T10:00:00Z,2026-02-26T12:00:00+02:00,21,47,68,False
2,2026-02-26T11:00:00Z,2026-02-26T13:00:00+02:00,6,17,23,False
2,2026-02-26T12:00:00Z,2026-02-26T14:00:00+02:00,4,8,12,False
2,2026-02-26T13:00:00Z,2026-02-26T15:00:00+02:00,6,7,13,False
2,2026-02-26T14:00:00Z,2026-02-26T16:00:00+02:00,9,1,10,False
2,2026-02-26T15:00:00Z,2026-02-26T17:00:00+02:00,8,17,25,False
2,2026-02-26T16:00:00Z,2026-02-26T18:00:00+02:00,1,1,2,False
2,2026-02-26T17:00:00Z,2026-02-26T19:00:00+02:00,0,0,0,False
2,2026-02-26T18:00:00Z,2026-02-26T20:00:00+02:00,0,0,0,False
2,2026-02-26T19:00:00Z,2026-02-26T21:00:00+02:00,0,0,0,False
2,2026-02-26T20:00:00Z,2026-02-26T22:00:00+02:00,0,0,0,False
2,2026-02-26T21:00:00Z,2026-02-26T23:00:00+02:00,0,0,0,False
2,2026-02-26T22:00:00Z,2026-02-27T00:00:00+02:00,0,0,0,False
2,2026-02-26T23:00:00Z,2026-02-27T01:00:00+02:00,0,0,0,False
2,2026-02-27T00:00:00Z,2026-02-27T02:00:00+02:00,0,0,0,False
2,2026-02-27T01:00:00Z,2026-02-27T03:00:00+02:00,0,0,0,False
2,2026-02-27T02:00:00Z,2026-02-27T04:00:00+02:00,0,0,0,False
2,2026-02-27T03:00:00Z,2026-02-27T05:00:00+02:00,0,0,0,False
2,2026-02-27T04:00:00Z,2026-02-27T06:00:00+02:00,0,0,0,False
2,2026-02-27T05:00:00Z,2026-02-27T07:00:00+02:00,0,0,0,False
2,2026-02-27T06:00:00Z,2026-02-27T08:00:00+02:00,0,0,0,False
2,2026-02-27T07:00:00Z,2026-02-27T09:00:00+02:00,54,6,60,False
2,2026-02-27T08:00:00Z,2026-02-27T10:00:00+02:00,6,51,57,False
2,2026-02-27T09:00:00Z,2026-02-27T11:00:00+02:00,0,2,2,False
2,2026-02-27T10:00:00Z,2026-02-27T12:00:00+02:00,1,0,1,False
2,2026-02-27T11:00:00Z,2026-02-27T13:00:00+02:00,0,0,0,False
2,2026-02-27T12:00:00Z,2026-02-27T14:00:00+02:00,0,0,0,False
2,2026-02-27T13:00:00Z,2026-02-27T15:00:00+02:00,29,17,46,False
2,2026-02-27T14:00:00Z,2026-02-27T16:00:00+02:00,21,26,47,False
2,2026-02-27T15:00:00Z,2026-02-27T17:00:00+02:00,14,12,26,False
2,2026-02-27T16:00:00Z,2026-02-27T18:00:00+02:00,5,18,23,False
2,2026-02-27T17:00:00Z,2026-02-27T19:00:00+02:00,0,0,0,False
2,2026-02-27T18:00:00Z,2026-02-27T20:00:00+02:00,0,0,0,False
2,2026-02-27T19:00:00Z,2026-02-27T21:00:00+02:00,0,0,0,False
2,2026-02-27T20:00:00Z,2026-02-27T22:00:00+02:00,0,0,0,False
2,2026-02-27T21:00:00Z,2026-02-27T23:00:00+02:00,0,0,0,False
2,2026-02-27T22:00:00Z,2026-02-28T00:00:00+02:00,0,0,0,False
2,2026-02-27T23:00:00Z,2026-02-28T01:00:00+02:00,0,0,0,False
2,2026-02-28T00:00:00Z,2026-02-28T02:00:00+02:00,0,0,0,False
2,2026-02-28T01:00:00Z,2026-02-28T03:00:00+02:00,0,0,0,False
2,2026-02-28T02:00:00Z,2026-02-28T04:00:00+02:00,0,0,0,False
2,2026-02-28T03:00:00Z,2026-02-28T05:00:00+02:00,0,0,0,False
2,2026-02-28T04:00:00Z,2026-02-28T06:00:00+02:00,0,0,0,False
2,2026-02-28T05:00:00Z,2026-02-28T07:00:00+02:00,0,0,0,False
2,2026-02-28T06:00:00Z,2026-02-28T08:00:00+02:00,0,0,0,False
2,2026-02-28T07:00:00Z,2026-02-28T09:00:00+02:00,0,0,0,False
2,2026-02-28T08:00:00Z,2026-02-28T10:00:00+02:00,5,3,8,False
2,2026-02-28T09:00:00Z,2026-02-28T11:00:00+02:00,15,6,21,False
2,2026-02-28T10:00:00Z,2026-02-28T12:00:00+02:00,34,24,58,False
2,2026-02-28T11:00:00Z,2026-02-28T13:00:00+02:00,18,22,40,False
2,2026-02-28T12:00:00Z,2026-02-28T14:00:00+02:00,15,17,32,False
2,2026-02-28T13:00:00Z,2026-02-28T15:00:00+02:00,6,20,26,False
2,2026-02-28T14:00:00Z,2026-02-28T16:00:00+02:00,2,2,4,False
2,2026-02-28T15:00:00Z,2026-02-28T17:00:00+02:00,0,0,0,False
2,2026-02-28T16:00:00Z,2026-02-28T18:00:00+02:00,0,0,0,False
2,2026-02-28T17:00:00Z,2026-02-28T19:00:00+02:00,0,0,0,False
2,2026-02-28T18:00:00Z,2026-02-28T20:00:00+02:00,0,0,0,False
2,2026-02-28T19:00:00Z,2026-02-28T21:00:00+02:00,0,0,0,False
2,2026-02-28T20:00:00Z,2026-02-28T22:00:00+02:00,0,0,0,False
2,2026-02-28T21:00:00Z,2026-02-28T23:00:00+02:00,0,0,0,False
2,2026-02-28T22:00:00Z,2026-03-01T00:00:00+02:00,0,0,0,False
2,2026-02-28T23:00:00Z,2026-03-01T01:00:00+02:00,0,0,0,False
2,2026-03-01T00:00:00Z,2026-03-01T02:00:00+02:00,0,0,0,False
2,2026-03-01T01:00:00Z,2026-03-01T03:00:00+02:00,0,0,0,False
2,2026-03-01T02:00:00Z,2026-03-01T04:00:00+02:00,0,0,0,False
2,2026-03-01T03:00:00Z,2026-03-01T05:00:00+02:00,0,0,0,False
2,2026-03-01T04:00:00Z,2026-03-01T06:00:00+02:00,0,0,0,False
2,2026-03-01T05:00:00Z,2026-03-01T07:00:00+02:00,0,0,0,False
2,2026-03-01T06:00:00Z,2026-03-01T08:00:00+02:00,0,0,0,False
2,2026-03-01T07:00:00Z,2026-03-01T09:00:00+02:00,2,2,4,False
2,2026-03-01T08:00:00Z,2026-03-01T10:00:00+02:00,0,0,0,False
2,2026-03-01T09:00:00Z,2026-03-01T11:00:00+02:00,10,6,16,False
2,2026-03-01T10:00:00Z,2026-03-01T12:00:00+02:00,17,9,26,False
2,2026-03-01T11:00:00Z,2026-03-01T13:00:00+02:00,18,18,36,False
2,2026-03-01T12:00:00Z,2026-03-01T14:00:00+02:00,8,5,13,False
2,2026-03-01T13:00:00Z,2026-03-01T15:00:00+02:00,8,12,20,False
2,2026-03-01T14:00:00Z,2026-03-01T16:00:00+02:00,5,9,14,False
2,2026-03-01T15:00:00Z,2026-03-01T17:00:00+02:00,1,1,2,False
2,2026-03-01T16:00:00Z,2026-03-01T18:00:00+02:00,0,0,0,False
2,2026-03-01T17:00:00Z,2026-03-01T19:00:00+02:00,0,0,0,False
2,2026-03-01T18:00:00Z,2026-03-01T20:00:00+02:00,0,0,0,False
2,2026-03-01T19:00:00Z,2026-03-01T21:00:00+02:00,0,0,0,False
2,2026-03-01T20:00:00Z,2026-03-01T22:00:00+02:00,0,0,0,False
2,2026-03-01T21:00:00Z,2026-03-01T23:00:00+02:00,0,0,0,False
2,2026-03-01T22:00:00Z,2026-03-02T00:00:00+02:00,0,0,0,False
2,2026-03-01T23:00:00Z,2026-03-02T01:00:00+02:00,0,0,0,False
2,2026-03-02T00:00:00Z,2026-03-02T02:00:00+02:00,0,0,0,False
2,2026-03-02T01:00:00Z,2026-03-02T03:00:00+02:00,0,0,0,False
2,2026-03-02T02:00:00Z,2026-03-02T04:00:00+02:00,0,0,0,False
2,2026-03-02T03:00:00Z,2026-03-02T05:00:00+02:00,0,0,0,False
2,2026-03-02T04:00:00Z,2026-03-02T06:00:00+02:00,0,0,0,False
2,2026-03-02T05:00:00Z,2026-03-02T07:00:00+02:00,0,0,0,False
2,2026-03-02T06:00:00Z,2026-03-02T08:00:00+02:00,0,0,0,False
2,2026-03-02T07:00:00Z,2026-03-02T09:00:00+02:00,0,0,0,False
2,2026-03-02T08:00:00Z,2026-03-02T10:00:00+02:00,0,0,0,False
2,2026-03-02T09:00:00Z,2026-03-02T11:00:00+02:00,0,0,0,False
2,2026-03-02T10:00:00Z,2026-03-02T12:00:00+02:00,0,1,1,False
2,2026-03-02T11:00:00Z,2026-03-02T13:00:00+02:00,2,1,3,False
2,2026-03-02T12:00:00Z,2026-03-02T14:00:00+02:00,0,0,0,False
2,2026-03-02T13:00:00Z,2026-03-02T15:00:00+02:00,0,0,0,False
2,2026-03-02T14:00:00Z,2026-03-02T16:00:00+02:00,0,0,0,False
2,2026-03-02T15:00:00Z,2026-03-02T17:00:00+02:00,0,0,0,False
2,2026-03-02T16:00:00Z,2026-03-02T18:00:00+02:00,0,0,0,False
2,2026-03-02T17:00:00Z,2026-03-02T19:00:00+02:00,1,1,2,False
2,2026-03-02T18:00:00Z,2026-03-02T20:00:00+02:00,0,0,0,False
2,2026-03-02T19:00:00Z,2026-03-02T21:00:00+02:00,0,0,0,False
2,2026-03-02T20:00:00Z,2026-03-02T22:00:00+02:00,0,0,0,False
2,2026-03-02T21:00:00Z,2026-03-02T23:00:00+02:00,0,0,0,False
2,2026-03-02T22:00:00Z,2026-03-03T00:00:00+02:00,0,0,0,False
2,2026-03-02T23:00:00Z,2026-03-03T01:00:00+02:00,0,0,0,False
2,2026-03-03T00:00:00Z,2026-03-03T02:00:00+02:00,0,0,0,False
2,2026-03-03T01:00:00Z,2026-03-03T03:00:00+02:00,0,0,0,False
2,2026-03-03T02:00:00Z,2026-03-03T04:00:00+02:00,0,0,0,False
2,2026-03-03T03:00:00Z,2026-03-03T05:00:00+02:00,0,0,0,False
2,2026-03-03T04:00:00Z,2026-03-03T06:00:00+02:00,0,0,0,False
2,2026-03-03T05:00:00Z,2026-03-03T07:00:00+02:00,1,1,2,False
2,2026-03-03T06:00:00Z,2026-03-03T08:00:00+02:00,5,2,7,False
2,2026-03-03T07:00:00Z,2026-03-03T09:00:00+02:00,3,3,6,False
2,2026-03-03T08:00:00Z,2026-03-03T10:00:00+02:00,1,0,1,False
2,2026-03-03T09:00:00Z,2026-03-03T11:00:00+02:00,4,5,9,False
2,2026-03-03T10:00:00Z,2026-03-03T12:00:00+02:00,7,5,12,False
2,2026-03-03T11:00:00Z,2026-03-03T13:00:00+02:00,26,9,35,False
2,2026-03-03T12:00:00Z,2026-03-03T14:00:00+02:00,11,21,32,False
2,2026-03-03T13:00:00Z,2026-03-03T15:00:00+02:00,13,13,26,False
2,2026-03-03T14:00:00Z,2026-03-03T16:00:00+02:00,3,12,15,False
2,2026-03-03T15:00:00Z,2026-03-03T17:00:00+02:00,2,3,5,False
2,2026-03-03T16:00:00Z,2026-03-03T18:00:00+02:00,0,0,0,False
2,2026-03-03T17:00:00Z,2026-03-03T19:00:00+02:00,0,0,0,False
2,2026-03-03T18:00:00Z,2026-03-03T20:00:00+02:00,1,0,1,False
2,2026-03-03T19:00:00Z,2026-03-03T21:00:00+02:00,0,0,0,False
2,2026-03-03T20:00:00Z,2026-03-03T22:00:00+02:00,0,0,0,False
2,2026-03-03T21:00:00Z,2026-03-03T23:00:00+02:00,0,0,0,False
2,2026-03-03T22:00:00Z,2026-03-04T00:00:00+02:00,0,0,0,False
2,2026-03-03T23:00:00Z,2026-03-04T01:00:00+02:00,0,0,0,False
2,2026-03-04T00:00:00Z,2026-03-04T02:00:00+02:00,0,0,0,False
2,2026-03-04T01:00:00Z,2026-03-04T03:00:00+02:00,0,0,0,False
2,2026-03-04T02:00:00Z,2026-03-04T04:00:00+02:00,0,0,0,False
2,2026-03-04T03:00:00Z,2026-03-04T05:00:00+02:00,0,0,0,False
2,2026-03-04T04:00:00Z,2026-03-04T06:00:00+02:00,0,0,0,False
2,2026-03-04T05:00:00Z,2026-03-04T07:00:00+02:00,0,0,0,False
2,2026-03-04T06:00:00Z,2026-03-04T08:00:00+02:00,0,0,0,False
2,2026-03-04T07:00:00Z,2026-03-04T09:00:00+02:00,0,1,1,False
2,2026-03-04T08:00:00Z,2026-03-04T10:00:00+02:00,1,0,1,False
2,2026-03-04T09:00:00Z,2026-03-04T11:00:00+02:00,0,0,0,False
2,2026-03-04T10:00:00Z,2026-03-04T12:00:00+02:00,2,4,6,False
2,2026-03-04T11:00:00Z,2026-03-04T13:00:00+02:00,19,6,25,False
2,2026-03-04T12:00:00Z,2026-03-04T14:00:00+02:00,12,16,28,False
2,2026-03-04T13:00:00Z,2026-03-04T15:00:00+02:00,6,10,16,False
2,2026-03-04T14:00:00Z,2026-03-04T16:00:00+02:00,1,7,8,False
2,2026-03-04T15:00:00Z,2026-03-04T17:00:00+02:00,4,5,9,False
2,2026-03-04T16:00:00Z,2026-03-04T18:00:00+02:00,2,2,4,False
2,2026-03-04T17:00:00Z,2026-03-04T19:00:00+02:00,0,0,0,False
2,2026-03-04T18:00:00Z,2026-03-04T20:00:00+02:00,0,0,0,False
2,2026-03-04T19:00:00Z,2026-03-04T21:00:00+02:00,0,0,0,False
2,2026-03-04T20:00:00Z,2026-03-04T22:00:00+02:00,0,0,0,False
2,2026-03-04T21:00:00Z,2026-03-04T23:00:00+02:00,0,0,0,False
2,2026-03-04T22:00:00Z,2026-03-05T00:00:00+02:00,0,0,0,False
2,2026-03-04T23:00:00Z,2026-03-05T01:00:00+02:00,0,0,0,False
2,2026-03-05T00:00:00Z,2026-03-05T02:00:00+02:00,0,0,0,False
2,2026-03-05T01:00:00Z,2026-03-05T03:00:00+02:00,0,0,0,False
2,2026-03-05T02:00:00Z,2026-03-05T04:00:00+02:00,0,0,0,False
2,2026-03-05T03:00:00Z,2026-03-05T05:00:00+02:00,0,0,0,False
2,2026-03-05T04:00:00Z,2026-03-05T06:00:00+02:00,0,0,0,False
2,2026-03-05T05:00:00Z,2026-03-05T07:00:00+02:00,0,0,0,False
2,2026-03-05T06:00:00Z,2026-03-05T08:00:00+02:00,2,1,3,False
2,2026-03-05T07:00:00Z,2026-03-05T09:00:00+02:00,0,0,0,False
2,2026-03-05T08:00:00Z,2026-03-05T10:00:00+02:00,1,0,1,False
2,2026-03-05T09:00:00Z,2026-03-05T11:00:00+02:00,1,0,1,False
2,2026-03-05T10:00:00Z,2026-03-05T12:00:00+02:00,11,3,14,False
2,2026-03-05T11:00:00Z,2026-03-05T13:00:00+02:00,24,18,42,False
2,2026-03-05T12:00:00Z,2026-03-05T14:00:00+02:00,8,17,25,False
2,2026-03-05T13:00:00Z,2026-03-05T15:00:00+02:00,14,11,25,False
2,2026-03-05T14:00:00Z,2026-03-05T16:00:00+02:00,3,11,14,False
2,2026-03-05T15:00:00Z,2026-03-05T17:00:00+02:00,0,0,0,False
2,2026-03-05T16:00:00Z,2026-03-05T18:00:00+02:00,0,0,0,False
2,2026-03-05T17:00:00Z,2026-03-05T19:00:00+02:00,0,0,0,False
2,2026-03-05T18:00:00Z,2026-03-05T20:00:00+02:00,0,0,0,False
2,2026-03-05T19:00:00Z,2026-03-05T21:00:00+02:00,0,0,0,False
2,2026-03-05T20:00:00Z,2026-03-05T22:00:00+02:00,0,0,0,False
2,2026-03-05T21:00:00Z,2026-03-05T23:00:00+02:00,0,0,0,False
2,2026-03-05T22:00:00Z,2026-03-06T00:00:00+02:00,0,0,0,False
2,2026-03-05T23:00:00Z,2026-03-06T01:00:00+02:00,0,0,0,False
2,2026-03-06T00:00:00Z,2026-03-06T02:00:00+02:00,0,0,0,False
2,2026-03-06T01:00:00Z,2026-03-06T03:00:00+02:00,0,0,0,False
2,2026-03-06T02:00:00Z,2026-03-06T04:00:00+02:00,0,0,0,False
2,2026-03-06T03:00:00Z,2026-03-06T05:00:00+02:00,0,0,0,False
2,2026-03-06T04:00:00Z,2026-03-06T06:00:00+02:00,0,0,0,False
2,2026-03-06T05:00:00Z,2026-03-06T07:00:00+02:00,0,0,0,False
2,2026-03-06T06:00:00Z,2026-03-06T08:00:00+02:00,0,2,2,False
2,2026-03-06T07:00:00Z,2026-03-06T09:00:00+02:00,1,1,2,False
2,2026-03-06T08:00:00Z,2026-03-06T10:00:00+02:00,0,0,0,False
2,2026-03-06T09:00:00Z,2026-03-06T11:00:00+02:00,0,0,0,False
2,2026-03-06T10:00:00Z,2026-03-06T12:00:00+02:00,0,0,0,False
2,2026-03-06T11:00:00Z,2026-03-06T13:00:00+02:00,18,15,33,False
2,2026-03-06T12:00:00Z,2026-03-06T14:00:00+02:00,6,4,10,False
2,2026-03-06T13:00:00Z,2026-03-06T15:00:00+02:00,9,8,17,False
2,2026-03-06T14:00:00Z,2026-03-06T16:00:00+02:00,8,10,18,False
2,2026-03-06T15:00:00Z,2026-03-06T17:00:00+02:00,6,2,8,False
2,2026-03-06T16:00:00Z,2026-03-06T18:00:00+02:00,4,10,14,False
2,2026-03-06T17:00:00Z,2026-03-06T19:00:00+02:00,0,2,2,False
2,2026-03-06T18:00:00Z,2026-03-06T20:00:00+02:00,0,0,0,False
2,2026-03-06T19:00:00Z,2026-03-06T21:00:00+02:00,0,0,0,False
2,2026-03-06T20:00:00Z,2026-03-06T22:00:00+02:00,0,0,0,False
2,2026-03-06T21:00:00Z,2026-03-06T23:00:00+02:00,0,0,0,False
2,2026-03-06T22:00:00Z,2026-03-07T00:00:00+02:00,0,0,0,False
2,2026-03-06T23:00:00Z,2026-03-07T01:00:00+02:00,0,0,0,False
2,2026-03-07T00:00:00Z,2026-03-07T02:00:00+02:00,0,0,0,False
2,2026-03-07T01:00:00Z,2026-03-07T03:00:00+02:00,0,0,0,False
2,2026-03-07T02:00:00Z,2026-03-07T04:00:00+02:00,0,0,0,False
2,2026-03-07T03:00:00Z,2026-03-07T05:00:00+02:00,0,0,0,False
2,2026-03-07T04:00:00Z,2026-03-07T06:00:00+02:00,0,0,0,False
2,2026-03-07T05:00:00Z,2026-03-07T07:00:00+02:00,0,0,0,False
2,2026-03-07T06:00:00Z,2026-03-07T08:00:00+02:00,0,0,0,False
2,2026-03-07T07:00:00Z,2026-03-07T09:00:00+02:00,3,3,6,False
2,2026-03-07T08:00:00Z,2026-03-07T10:00:00+02:00,1,2,3,False
2,2026-03-07T09:00:00Z,2026-03-07T11:00:00+02:00,13,4,17,False
2,2026-03-07T10:00:00Z,2026-03-07T12:00:00+02:00,11,12,23,False
2,2026-03-07T11:00:00Z,2026-03-07T13:00:00+02:00,24,13,37,False
2,2026-03-07T12:00:00Z,2026-03-07T14:00:00+02:00,25,19,44,False
2,2026-03-07T13:00:00Z,2026-03-07T15:00:00+02:00,17,30,47,False
2,2026-03-07T14:00:00Z,2026-03-07T16:00:00+02:00,3,13,16,False
2,2026-03-07T15:00:00Z,2026-03-07T17:00:00+02:00,0,0,0,False
2,2026-03-07T16:00:00Z,2026-03-07T18:00:00+02:00,0,0,0,False
2,2026-03-07T17:00:00Z,2026-03-07T19:00:00+02:00,0,0,0,False
2,2026-03-07T18:00:00Z,2026-03-07T20:00:00+02:00,0,0,0,False
2,2026-03-07T19:00:00Z,2026-03-07T21:00:00+02:00,0,0,0,False
2,2026-03-07T20:00:00Z,2026-03-07T22:00:00+02:00,0,0,0,False
2,2026-03-07T21:00:00Z,2026-03-07T23:00:00+02:00,0,0,0,False
2,2026-03-07T22:00:00Z,2026-03-08T00:00:00+02:00,0,0,0,False
2,2026-03-07T23:00:00Z,2026-03-08T01:00:00+02:00,0,0,0,False
2,2026-03-08T00:00:00Z,2026-03-08T02:00:00+02:00,0,0,0,False
2,2026-03-08T01:00:00Z,2026-03-08T03:00:00+02:00,0,0,0,False
2,2026-03-08T02:00:00Z,2026-03-08T04:00:00+02:00,0,0,0,False
2,2026-03-08T03:00:00Z,2026-03-08T05:00:00+02:00,0,0,0,False
2,2026-03-08T04:00:00Z,2026-03-08T06:00:00+02:00,0,0,0,False
2,2026-03-08T05:00:00Z,2026-03-08T07:00:00+02:00,0,0,0,False
2,2026-03-08T06:00:00Z,2026-03-08T08:00:00+02:00,0,0,0,False
2,2026-03-08T07:00:00Z,2026-03-08T09:00:00+02:00,1,1,2,False
2,2026-03-08T08:00:00Z,2026-03-08T10:00:00+02:00,1,1,2,False
2,2026-03-08T09:00:00Z,2026-03-08T11:00:00+02:00,2,2,4,False
2,2026-03-08T10:00:00Z,2026-03-08T12:00:00+02:00,15,3,18,False
2,2026-03-08T11:00:00Z,2026-03-08T13:00:00+02:00,3,14,17,False
2,2026-03-08T12:00:00Z,2026-03-08T14:00:00+02:00,10,3,13,False
2,2026-03-08T13:00:00Z,2026-03-08T15:00:00+02:00,7,8,15,False
2,2026-03-08T14:00:00Z,2026-03-08T16:00:00+02:00,0,5,5,False
2,2026-03-08T15:00:00Z,2026-03-08T17:00:00+02:00,1,0,1,False
2,2026-03-08T16:00:00Z,2026-03-08T18:00:00+02:00,0,0,0,False
2,2026-03-08T17:00:00Z,2026-03-08T19:00:00+02:00,0,0,0,False
2,2026-03-08T18:00:00Z,2026-03-08T20:00:00+02:00,0,0,0,False
2,2026-03-08T19:00:00Z,2026-03-08T21:00:00+02:00,0,0,0,False
2,2026-03-08T20:00:00Z,2026-03-08T22:00:00+02:00,0,0,0,False
2,2026-03-08T21:00:00Z,2026-03-08T23:00:00+02:00,0,0,0,False
2,2026-03-08T22:00:00Z,2026-03-09T00:00:00+02:00,0,0,0,False
2,2026-03-08T23:00:00Z,2026-03-09T01:00:00+02:00,0,0,0,False
2,2026-03-09T00:00:00Z,2026-03-09T02:00:00+02:00,0,0,0,False
2,2026-03-09T01:00:00Z,2026-03-09T03:00:00+02:00,0,0,0,False
2,2026-03-09T02:00:00Z,2026-03-09T04:00:00+02:00,0,0,0,False
2,2026-03-09T03:00:00Z,2026-03-09T05:00:00+02:00,0,0,0,False
2,2026-03-09T04:00:00Z,2026-03-09T06:00:00+02:00,0,0,0,False
2,2026-03-09T05:00:00Z,2026-03-09T07:00:00+02:00,0,0,0,False
2,2026-03-09T06:00:00Z,2026-03-09T08:00:00+02:00,1,1,2,False
2,2026-03-09T07:00:00Z,2026-03-09T09:00:00+02:00,0,0,0,False
2,2026-03-09T08:00:00Z,2026-03-09T10:00:00+02:00,1,0,1,False
2,2026-03-09T09:00:00Z,2026-03-09T11:00:00+02:00,1,2,3,False
2,2026-03-09T10:00:00Z,2026-03-09T12:00:00+02:00,3,9,12,False
2,2026-03-09T11:00:00Z,2026-03-09T13:00:00+02:00,1,1,2,False
2,2026-03-09T12:00:00Z,2026-03-09T14:00:00+02:00,1,1,2,False
2,2026-03-09T13:00:00Z,2026-03-09T15:00:00+02:00,0,0,0,False
2,2026-03-09T14:00:00Z,2026-03-09T16:00:00+02:00,0,0,0,False
2,2026-03-09T15:00:00Z,2026-03-09T17:00:00+02:00,0,0,0,False
2,2026-03-09T16:00:00Z,2026-03-09T18:00:00+02:00,1,1,2,False
2,2026-03-09T17:00:00Z,2026-03-09T19:00:00+02:00,0,0,0,False
2,2026-03-09T18:00:00Z,2026-03-09T20:00:00+02:00,0,0,0,False
2,2026-03-09T19:00:00Z,2026-03-09T21:00:00+02:00,0,0,0,False
2,2026-03-09T20:00:00Z,2026-03-09T22:00:00+02:00,0,0,0,False
2,2026-03-09T21:00:00Z,2026-03-09T23:00:00+02:00,0,0,0,False
2,2026-03-09T22:00:00Z,2026-03-10T00:00:00+02:00,0,0,0,False
2,2026-03-09T23:00:00Z,2026-03-10T01:00:00+02:00,0,0,0,False
2,2026-03-10T00:00:00Z,2026-03-10T02:00:00+02:00,0,0,0,False
2,2026-03-10T01:00:00Z,2026-03-10T03:00:00+02:00,0,0,0,False
2,2026-03-10T02:00:00Z,2026-03-10T04:00:00+02:00,0,0,0,False
2,2026-03-10T03:00:00Z,2026-03-10T05:00:00+02:00,0,0,0,False
2,2026-03-10T04:00:00Z,2026-03-10T06:00:00+02:00,0,0,0,False
2,2026-03-10T05:00:00Z,2026-03-10T07:00:00+02:00,1,1,2,False
2,2026-03-10T06:00:00Z,2026-03-10T08:00:00+02:00,1,0,1,False
2,2026-03-10T07:00:00Z,2026-03-10T09:00:00+02:00,52,4,56,False
2,2026-03-10T08:00:00Z,2026-03-10T10:00:00+02:00,1,2,3,False
2,2026-03-10T09:00:00Z,2026-03-10T11:00:00+02:00,42,48,90,False
2,2026-03-10T10:00:00Z,2026-03-10T12:00:00+02:00,10,42,52,False
2,2026-03-10T11:00:00Z,2026-03-10T13:00:00+02:00,27,14,41,False
2,2026-03-10T12:00:00Z,2026-03-10T14:00:00+02:00,10,20,30,False
2,2026-03-10T13:00:00Z,2026-03-10T15:00:00+02:00,3,2,5,False
2,2026-03-10T14:00:00Z,2026-03-10T16:00:00+02:00,8,4,12,False
2,2026-03-10T15:00:00Z,2026-03-10T17:00:00+02:00,2,9,11,False
2,2026-03-10T16:00:00Z,2026-03-10T18:00:00+02:00,2,5,7,False
2,2026-03-10T17:00:00Z,2026-03-10T19:00:00+02:00,0,0,0,False
2,2026-03-10T18:00:00Z,2026-03-10T20:00:00+02:00,0,0,0,False
2,2026-03-10T19:00:00Z,2026-03-10T21:00:00+02:00,0,0,0,False
2,2026-03-10T20:00:00Z,2026-03-10T22:00:00+02:00,0,0,0,False
2,2026-03-10T21:00:00Z,2026-03-10T23:00:00+02:00,0,0,0,False
2,2026-03-10T22:00:00Z,2026-03-11T00:00:00+02:00,0,0,0,False
2,2026-03-10T23:00:00Z,2026-03-11T01:00:00+02:00,0,0,0,False
2,2026-03-11T00:00:00Z,2026-03-11T02:00:00+02:00,0,0,0,False
2,2026-03-11T01:00:00Z,2026-03-11T03:00:00+02:00,0,0,0,False
2,2026-03-11T02:00:00Z,2026-03-11T04:00:00+02:00,0,0,0,False
2,2026-03-11T03:00:00Z,2026-03-11T05:00:00+02:00,0,0,0,False
2,2026-03-11T04:00:00Z,2026-03-11T06:00:00+02:00,0,0,0,False
2,2026-03-11T05:00:00Z,2026-03-11T07:00:00+02:00,0,0,0,False
2,2026-03-11T06:00:00Z,2026-03-11T08:00:00+02:00,4,3,7,False
2,2026-03-11T07:00:00Z,2026-03-11T09:00:00+02:00,57,5,62,False
2,2026-03-11T08:00:00Z,2026-03-11T10:00:00+02:00,2,54,56,False
2,2026-03-11T09:00:00Z,2026-03-11T11:00:00+02:00,51,4,55,False
2,2026-03-11T10:00:00Z,2026-03-11T12:00:00+02:00,3,55,58,False
2,2026-03-11T11:00:00Z,2026-03-11T13:00:00+02:00,7,7,14,False
2,2026-03-11T12:00:00Z,2026-03-11T14:00:00+02:00,11,5,16,False
2,2026-03-11T13:00:00Z,2026-03-11T15:00:00+02:00,2,15,17,False
2,2026-03-11T14:00:00Z,2026-03-11T16:00:00+02:00,1,1,2,False
2,2026-03-11T15:00:00Z,2026-03-11T17:00:00+02:00,2,1,3,False
2,2026-03-11T16:00:00Z,2026-03-11T18:00:00+02:00,4,6,10,False
2,2026-03-11T17:00:00Z,2026-03-11T19:00:00+02:00,0,0,0,False
2,2026-03-11T18:00:00Z,2026-03-11T20:00:00+02:00,0,0,0,False
2,2026-03-11T19:00:00Z,2026-03-11T21:00:00+02:00,0,0,0,False
2,2026-03-11T20:00:00Z,2026-03-11T22:00:00+02:00,0,0,0,False
2,2026-03-11T21:00:00Z,2026-03-11T23:00:00+02:00,0,0,0,False
2,2026-03-11T22:00:00Z,2026-03-12T00:00:00+02:00,0,0,0,False
2,2026-03-11T23:00:00Z,2026-03-12T01:00:00+02:00,0,0,0,False
2,2026-03-12T00:00:00Z,2026-03-12T02:00:00+02:00,0,0,0,False
2,2026-03-12T01:00:00Z,2026-03-12T03:00:00+02:00,0,0,0,False
2,2026-03-12T02:00:00Z,2026-03-12T04:00:00+02:00,0,0,0,False
2,2026-03-12T03:00:00Z,2026-03-12T05:00:00+02:00,0,0,0,False
2,2026-03-12T04:00:00Z,2026-03-12T06:00:00+02:00,0,0,0,False
2,2026-03-12T05:00:00Z,2026-03-12T07:00:00+02:00,2,1,3,False
2,2026-03-12T06:00:00Z,2026-03-12T08:00:00+02:00,5,4,9,False
2,2026-03-12T07:00:00Z,2026-03-12T09:00:00+02:00,42,3,45,False
2,2026-03-12T08:00:00Z,2026-03-12T10:00:00+02:00,3,35,38,False
2,2026-03-12T09:00:00Z,2026-03-12T11:00:00+02:00,4,5,9,False
2,2026-03-12T10:00:00Z,2026-03-12T12:00:00+02:00,0,2,2,False
2,2026-03-12T11:00:00Z,2026-03-12T13:00:00+02:00,1,0,1,False
2,2026-03-12T12:00:00Z,2026-03-12T14:00:00+02:00,1,2,3,False
2,2026-03-12T13:00:00Z,2026-03-12T15:00:00+02:00,2,2,4,False
2,2026-03-12T14:00:00Z,2026-03-12T16:00:00+02:00,0,0,0,False
2,2026-03-12T15:00:00Z,2026-03-12T17:00:00+02:00,0,0,0,False
2,2026-03-12T16:00:00Z,2026-03-12T18:00:00+02:00,0,0,0,False
2,2026-03-12T17:00:00Z,2026-03-12T19:00:00+02:00,0,0,0,False
2,2026-03-12T18:00:00Z,2026-03-12T20:00:00+02:00,0,0,0,False
2,2026-03-12T19:00:00Z,2026-03-12T21:00:00+02:00,0,0,0,False
2,2026-03-12T20:00:00Z,2026-03-12T22:00:00+02:00,0,0,0,False
2,2026-03-12T21:00:00Z,2026-03-12T23:00:00+02:00,0,0,0,False
2,2026-03-12T22:00:00Z,2026-03-13T00:00:00+02:00,0,0,0,False
2,2026-03-12T23:00:00Z,2026-03-13T01:00:00+02:00,0,0,0,False
2,2026-03-13T00:00:00Z,2026-03-13T02:00:00+02:00,0,0,0,False
2,2026-03-13T01:00:00Z,2026-03-13T03:00:00+02:00,0,0,0,False
2,2026-03-13T02:00:00Z,2026-03-13T04:00:00+02:00,0,0,0,False
2,2026-03-13T03:00:00Z,2026-03-13T05:00:00+02:00,0,0,0,False
2,2026-03-13T04:00:00Z,2026-03-13T06:00:00+02:00,0,0,0,False
2,2026-03-13T05:00:00Z,2026-03-13T07:00:00+02:00,0,1,1,False
2,2026-03-13T06:00:00Z,2026-03-13T08:00:00+02:00,2,2,4,False
2,2026-03-13T07:00:00Z,2026-03-13T09:00:00+02:00,40,6,46,False
2,2026-03-13T08:00:00Z,2026-03-13T10:00:00+02:00,6,31,37,False
2,2026-03-13T09:00:00Z,2026-03-13T11:00:00+02:00,31,10,41,False
2,2026-03-13T10:00:00Z,2026-03-13T12:00:00+02:00,8,33,41,False
2,2026-03-13T11:00:00Z,2026-03-13T13:00:00+02:00,1,9,10,False
2,2026-03-13T12:00:00Z,2026-03-13T14:00:00+02:00,0,0,0,False
2,2026-03-13T13:00:00Z,2026-03-13T15:00:00+02:00,16,3,19,False
2,2026-03-13T14:00:00Z,2026-03-13T16:00:00+02:00,46,48,94,False
2,2026-03-13T15:00:00Z,2026-03-13T17:00:00+02:00,4,13,17,False
2,2026-03-13T16:00:00Z,2026-03-13T18:00:00+02:00,0,3,3,False
2,2026-03-13T17:00:00Z,2026-03-13T19:00:00+02:00,0,0,0,False
2,2026-03-13T18:00:00Z,2026-03-13T20:00:00+02:00,0,0,0,False
2,2026-03-13T19:00:00Z,2026-03-13T21:00:00+02:00,0,0,0,False
2,2026-03-13T20:00:00Z,2026-03-13T22:00:00+02:00,0,0,0,False
2,2026-03-13T21:00:00Z,2026-03-13T23:00:00+02:00,0,0,0,False
2,2026-03-13T22:00:00Z,2026-03-14T00:00:00+02:00,0,0,0,False
2,2026-03-13T23:00:00Z,2026-03-14T01:00:00+02:00,0,0,0,False
2,2026-03-14T00:00:00Z,2026-03-14T02:00:00+02:00,0,0,0,False
2,2026-03-14T01:00:00Z,2026-03-14T03:00:00+02:00,0,0,0,False
2,2026-03-14T02:00:00Z,2026-03-14T04:00:00+02:00,0,0,0,False
2,2026-03-14T03:00:00Z,2026-03-14T05:00:00+02:00,0,0,0,False
2,2026-03-14T04:00:00Z,2026-03-14T06:00:00+02:00,0,0,0,False
2,2026-03-14T05:00:00Z,2026-03-14T07:00:00+02:00,0,0,0,False
2,2026-03-14T06:00:00Z,2026-03-14T08:00:00+02:00,0,0,0,False
2,2026-03-14T07:00:00Z,2026-03-14T09:00:00+02:00,1,1,2,False
2,2026-03-14T08:00:00Z,2026-03-14T10:00:00+02:00,1,1,2,False
2,2026-03-14T09:00:00Z,2026-03-14T11:00:00+02:00,6,6,12,False
2,2026-03-14T10:00:00Z,2026-03-14T12:00:00+02:00,10,5,15,False
2,2026-03-14T11:00:00Z,2026-03-14T13:00:00+02:00,7,7,14,False
2,2026-03-14T12:00:00Z,2026-03-14T14:00:00+02:00,18,10,28,False
2,2026-03-14T13:00:00Z,2026-03-14T15:00:00+02:00,4,17,21,False
2,2026-03-14T14:00:00Z,2026-03-14T16:00:00+02:00,2,2,4,False
2,2026-03-14T15:00:00Z,2026-03-14T17:00:00+02:00,0,0,0,False
2,2026-03-14T16:00:00Z,2026-03-14T18:00:00+02:00,0,0,0,False
2,2026-03-14T17:00:00Z,2026-03-14T19:00:00+02:00,0,0,0,False
2,2026-03-14T18:00:00Z,2026-03-14T20:00:00+02:00,0,0,0,False
2,2026-03-14T19:00:00Z,2026-03-14T21:00:00+02:00,0,0,0,False
2,2026-03-14T20:00:00Z,2026-03-14T22:00:00+02:00,0,0,0,False
2,2026-03-14T21:00:00Z,2026-03-14T23:00:00+02:00,0,0,0,False
2,2026-03-14T22:00:00Z,2026-03-15T00:00:00+02:00,0,0,0,False
2,2026-03-14T23:00:00Z,2026-03-15T01:00:00+02:00,0,0,0,False
2,2026-03-15T00:00:00Z,2026-03-15T02:00:00+02:00,0,0,0,False
2,2026-03-15T01:00:00Z,2026-03-15T03:00:00+02:00,0,0,0,False
2,2026-03-15T02:00:00Z,2026-03-15T04:00:00+02:00,0,0,0,False
2,2026-03-15T03:00:00Z,2026-03-15T05:00:00+02:00,0,0,0,False
2,2026-03-15T04:00:00Z,2026-03-15T06:00:00+02:00,0,0,0,False
2,2026-03-15T05:00:00Z,2026-03-15T07:00:00+02:00,0,0,0,False
2,2026-03-15T06:00:00Z,2026-03-15T08:00:00+02:00,0,0,0,False
2,2026-03-15T07:00:00Z,2026-03-15T09:00:00+02:00,0,1,1,False
2,2026-03-15T08:00:00Z,2026-03-15T10:00:00+02:00,0,0,0,False
2,2026-03-15T09:00:00Z,2026-03-15T11:00:00+02:00,7,5,12,False
2,2026-03-15T10:00:00Z,2026-03-15T12:00:00+02:00,10,8,18,False
2,2026-03-15T11:00:00Z,2026-03-15T13:00:00+02:00,14,12,26,False
2,2026-03-15T12:00:00Z,2026-03-15T14:00:00+02:00,11,3,14,False
2,2026-03-15T13:00:00Z,2026-03-15T15:00:00+02:00,3,9,12,False
2,2026-03-15T14:00:00Z,2026-03-15T16:00:00+02:00,3,5,8,False
2,2026-03-15T15:00:00Z,2026-03-15T17:00:00+02:00,0,0,0,False
2,2026-03-15T16:00:00Z,2026-03-15T18:00:00+02:00,0,0,0,False
2,2026-03-15T17:00:00Z,2026-03-15T19:00:00+02:00,0,0,0,False
2,2026-03-15T18:00:00Z,2026-03-15T20:00:00+02:00,0,0,0,False
2,2026-03-15T19:00:00Z,2026-03-15T21:00:00+02:00,0,0,0,False
2,2026-03-15T20:00:00Z,2026-03-15T22:00:00+02:00,0,0,0,False
2,2026-03-15T21:00:00Z,2026-03-15T23:00:00+02:00,0,0,0,False
2,2026-03-15T22:00:00Z,2026-03-16T00:00:00+02:00,0,0,0,False
2,2026-03-15T23:00:00Z,2026-03-16T01:00:00+02:00,0,0,0,False
2,2026-03-16T00:00:00Z,2026-03-16T02:00:00+02:00,0,0,0,False
2,2026-03-16T01:00:00Z,2026-03-16T03:00:00+02:00,0,0,0,False
2,2026-03-16T02:00:00Z,2026-03-16T04:00:00+02:00,0,0,0,False
2,2026-03-16T03:00:00Z,2026-03-16T05:00:00+02:00,0,0,0,False
2,2026-03-16T04:00:00Z,2026-03-16T06:00:00+02:00,0,0,0,False
2,2026-03-16T05:00:00Z,2026-03-16T07:00:00+02:00,0,0,0,False
2,2026-03-16T06:00:00Z,2026-03-16T08:00:00+02:00,3,3,6,False
2,2026-03-16T07:00:00Z,2026-03-16T09:00:00+02:00,3,1,4,False
2,2026-03-16T08:00:00Z,2026-03-16T10:00:00+02:00,4,3,7,False
2,2026-03-16T09:00:00Z,2026-03-16T11:00:00+02:00,1,0,1,False
2,2026-03-16T10:00:00Z,2026-03-16T12:00:00+02:00,4,5,9,False
2,2026-03-16T11:00:00Z,2026-03-16T13:00:00+02:00,1,0,1,False
2,2026-03-16T12:00:00Z,2026-03-16T14:00:00+02:00,0,1,1,False
2,2026-03-16T13:00:00Z,2026-03-16T15:00:00+02:00,0,0,0,False
2,2026-03-16T14:00:00Z,2026-03-16T16:00:00+02:00,0,0,0,False
2,2026-03-16T15:00:00Z,2026-03-16T17:00:00+02:00,0,1,1,False
2,2026-03-16T16:00:00Z,2026-03-16T18:00:00+02:00,1,1,2,False
2,2026-03-16T17:00:00Z,2026-03-16T19:00:00+02:00,0,0,0,False
2,2026-03-16T18:00:00Z,2026-03-16T20:00:00+02:00,0,0,0,False
2,2026-03-16T19:00:00Z,2026-03-16T21:00:00+02:00,0,0,0,False
2,2026-03-16T20:00:00Z,2026-03-16T22:00:00+02:00,0,0,0,False
2,2026-03-16T21:00:00Z,2026-03-16T23:00:00+02:00,0,0,0,False
2,2026-03-16T22:00:00Z,2026-03-17T00:00:00+02:00,0,0,0,False
2,2026-03-16T23:00:00Z,2026-03-17T01:00:00+02:00,0,0,0,False
2,2026-03-17T00:00:00Z,2026-03-17T02:00:00+02:00,0,0,0,False
2,2026-03-17T01:00:00Z,2026-03-17T03:00:00+02:00,0,0,0,False
2,2026-03-17T02:00:00Z,2026-03-17T04:00:00+02:00,0,0,0,False
2,2026-03-17T03:00:00Z,2026-03-17T05:00:00+02:00,0,0,0,False
2,2026-03-17T04:00:00Z,2026-03-17T06:00:00+02:00,0,0,0,False
2,2026-03-17T05:00:00Z,2026-03-17T07:00:00+02:00,0,0,0,False
2,2026-03-17T06:00:00Z,2026-03-17T08:00:00+02:00,3,1,4,False
2,2026-03-17T07:00:00Z,2026-03-17T09:00:00+02:00,4,2,6,False
2,2026-03-17T08:00:00Z,2026-03-17T10:00:00+02:00,1,2,3,False
2,2026-03-17T09:00:00Z,2026-03-17T11:00:00+02:00,0,5,5,False
2,2026-03-17T10:00:00Z,2026-03-17T12:00:00+02:00,1,2,3,False
2,2026-03-17T11:00:00Z,2026-03-17T13:00:00+02:00,5,6,11,False
2,2026-03-17T12:00:00Z,2026-03-17T14:00:00+02:00,12,2,14,False
2,2026-03-17T13:00:00Z,2026-03-17T15:00:00+02:00,7,13,20,False
2,2026-03-17T14:00:00Z,2026-03-17T16:00:00+02:00,2,3,5,False
2,2026-03-17T15:00:00Z,2026-03-17T17:00:00+02:00,9,2,11,False
2,2026-03-17T16:00:00Z,2026-03-17T18:00:00+02:00,1,5,6,False
2,2026-03-17T17:00:00Z,2026-03-17T19:00:00+02:00,1,8,9,False
2,2026-03-17T18:00:00Z,2026-03-17T20:00:00+02:00,0,0,0,False
2,2026-03-17T19:00:00Z,2026-03-17T21:00:00+02:00,0,0,0,False
2,2026-03-17T20:00:00Z,2026-03-17T22:00:00+02:00,0,0,0,False
2,2026-03-17T21:00:00Z,2026-03-17T23:00:00+02:00,0,0,0,False
2,2026-03-17T22:00:00Z,2026-03-18T00:00:00+02:00,0,0,0,False
2,2026-03-17T23:00:00Z,2026-03-18T01:00:00+02:00,0,0,0,False
2,2026-03-18T00:00:00Z,2026-03-18T02:00:00+02:00,0,0,0,False
2,2026-03-18T01:00:00Z,2026-03-18T03:00:00+02:00,0,0,0,False
2,2026-03-18T02:00:00Z,2026-03-18T04:00:00+02:00,0,0,0,False
2,2026-03-18T03:00:00Z,2026-03-18T05:00:00+02:00,0,0,0,False
2,2026-03-18T04:00:00Z,2026-03-18T06:00:00+02:00,0,0,0,False
2,2026-03-18T05:00:00Z,2026-03-18T07:00:00+02:00,0,0,0,False
2,2026-03-18T06:00:00Z,2026-03-18T08:00:00+02:00,1,1,2,False
2,2026-03-18T07:00:00Z,2026-03-18T09:00:00+02:00,2,2,4,False
2,2026-03-18T08:00:00Z,2026-03-18T10:00:00+02:00,1,0,1,False
2,2026-03-18T09:00:00Z,2026-03-18T11:00:00+02:00,0,0,0,False
2,2026-03-18T10:00:00Z,2026-03-18T12:00:00+02:00,4,3,7,False
2,2026-03-18T11:00:00Z,2026-03-18T13:00:00+02:00,31,19,50,False
2,2026-03-18T12:00:00Z,2026-03-18T14:00:00+02:00,10,21,31,False
2,2026-03-18T13:00:00Z,2026-03-18T15:00:00+02:00,8,3,11,False
2,2026-03-18T14:00:00Z,2026-03-18T16:00:00+02:00,3,11,14,False
2,2026-03-18T15:00:00Z,2026-03-18T17:00:00+02:00,5,2,7,False
2,2026-03-18T16:00:00Z,2026-03-18T18:00:00+02:00,11,16,27,False
2,2026-03-18T17:00:00Z,2026-03-18T19:00:00+02:00,0,0,0,False
2,2026-03-18T18:00:00Z,2026-03-18T20:00:00+02:00,0,0,0,False
2,2026-03-18T19:00:00Z,2026-03-18T21:00:00+02:00,0,0,0,False
2,2026-03-18T20:00:00Z,2026-03-18T22:00:00+02:00,0,0,0,False
2,2026-03-18T21:00:00Z,2026-03-18T23:00:00+02:00,0,0,0,False
2,2026-03-18T22:00:00Z,2026-03-19T00:00:00+02:00,0,0,0,False
2,2026-03-18T23:00:00Z,2026-03-19T01:00:00+02:00,0,0,0,False
2,2026-03-19T00:00:00Z,2026-03-19T02:00:00+02:00,0,0,0,False
2,2026-03-19T01:00:00Z,2026-03-19T03:00:00+02:00,0,0,0,False
2,2026-03-19T02:00:00Z,2026-03-19T04:00:00+02:00,0,0,0,False
2,2026-03-19T03:00:00Z,2026-03-19T05:00:00+02:00,0,0,0,False
2,2026-03-19T04:00:00Z,2026-03-19T06:00:00+02:00,0,0,0,False
2,2026-03-19T05:00:00Z,2026-03-19T07:00:00+02:00,1,1,2,False
2,2026-03-19T06:00:00Z,2026-03-19T08:00:00+02:00,0,0,0,False
2,2026-03-19T07:00:00Z,2026-03-19T09:00:00+02:00,54,1,55,False
2,2026-03-19T08:00:00Z,2026-03-19T10:00:00+02:00,5,32,37,False
2,2026-03-19T09:00:00Z,2026-03-19T11:00:00+02:00,44,28,72,False
2,2026-03-19T10:00:00Z,2026-03-19T12:00:00+02:00,19,56,75,False
2,2026-03-19T11:00:00Z,2026-03-19T13:00:00+02:00,36,37,73,False
2,2026-03-19T12:00:00Z,2026-03-19T14:00:00+02:00,20,13,33,False
2,2026-03-19T13:00:00Z,2026-03-19T15:00:00+02:00,5,13,18,False
2,2026-03-19T14:00:00Z,2026-03-19T16:00:00+02:00,16,8,24,False
2,2026-03-19T15:00:00Z,2026-03-19T17:00:00+02:00,12,23,35,False
2,2026-03-19T16:00:00Z,2026-03-19T18:00:00+02:00,0,0,0,False
2,2026-03-19T17:00:00Z,2026-03-19T19:00:00+02:00,0,0,0,False
2,2026-03-19T18:00:00Z,2026-03-19T20:00:00+02:00,0,0,0,False
2,2026-03-19T19:00:00Z,2026-03-19T21:00:00+02:00,0,0,0,False
2,2026-03-19T20:00:00Z,2026-03-19T22:00:00+02:00,0,0,0,False
2,2026-03-19T21:00:00Z,2026-03-19T23:00:00+02:00,0,0,0,False
2,2026-03-19T22:00:00Z,2026-03-20T00:00:00+02:00,0,0,0,False
2,2026-03-19T23:00:00Z,2026-03-20T01:00:00+02:00,0,0,0,False
2,2026-03-20T00:00:00Z,2026-03-20T02:00:00+02:00,0,0,0,False
2,2026-03-20T01:00:00Z,2026-03-20T03:00:00+02:00,0,0,0,False
2,2026-03-20T02:00:00Z,2026-03-20T04:00:00+02:00,0,0,0,False
2,2026-03-20T03:00:00Z,2026-03-20T05:00:00+02:00,0,0,0,False
2,2026-03-20T04:00:00Z,2026-03-20T06:00:00+02:00,0,0,0,False
2,2026-03-20T05:00:00Z,2026-03-20T07:00:00+02:00,0,0,0,False
2,2026-03-20T06:00:00Z,2026-03-20T08:00:00+02:00,0,1,1,False
2,2026-03-20T07:00:00Z,2026-03-20T09:00:00+02:00,45,2,47,False
2,2026-03-20T08:00:00Z,2026-03-20T10:00:00+02:00,10,49,59,False
2,2026-03-20T09:00:00Z,2026-03-20T11:00:00+02:00,40,2,42,False
2,2026-03-20T10:00:00Z,2026-03-20T12:00:00+02:00,6,43,49,False
2,2026-03-20T11:00:00Z,2026-03-20T13:00:00+02:00,11,12,23,False
2,2026-03-20T12:00:00Z,2026-03-20T14:00:00+02:00,21,24,45,False
2,2026-03-20T13:00:00Z,2026-03-20T15:00:00+02:00,12,9,21,False
2,2026-03-20T14:00:00Z,2026-03-20T16:00:00+02:00,19,16,35,False
2,2026-03-20T15:00:00Z,2026-03-20T17:00:00+02:00,12,15,27,False
2,2026-03-20T16:00:00Z,2026-03-20T18:00:00+02:00,8,8,16,False
2,2026-03-20T17:00:00Z,2026-03-20T19:00:00+02:00,0,0,0,False
2,2026-03-20T18:00:00Z,2026-03-20T20:00:00+02:00,0,0,0,False
2,2026-03-20T19:00:00Z,2026-03-20T21:00:00+02:00,0,0,0,False
2,2026-03-20T20:00:00Z,2026-03-20T22:00:00+02:00,0,0,0,False
2,2026-03-20T21:00:00Z,2026-03-20T23:00:00+02:00,0,0,0,False
2,2026-03-20T22:00:00Z,2026-03-21T00:00:00+02:00,0,0,0,False
2,2026-03-20T23:00:00Z,2026-03-21T01:00:00+02:00,0,0,0,False
2,2026-03-21T00:00:00Z,2026-03-21T02:00:00+02:00,0,0,0,False
2,2026-03-21T01:00:00Z,2026-03-21T03:00:00+02:00,0,0,0,False
2,2026-03-21T02:00:00Z,2026-03-21T04:00:00+02:00,0,0,0,False
2,2026-03-21T03:00:00Z,2026-03-21T05:00:00+02:00,0,0,0,False
2,2026-03-21T04:00:00Z,2026-03-21T06:00:00+02:00,0,0,0,False
2,2026-03-21T05:00:00Z,2026-03-21T07:00:00+02:00,0,0,0,False
2,2026-03-21T06:00:00Z,2026-03-21T08:00:00+02:00,0,0,0,False
2,2026-03-21T07:00:00Z,2026-03-21T09:00:00+02:00,0,0,0,False
2,2026-03-21T08:00:00Z,2026-03-21T10:00:00+02:00,5,4,9,False
2,2026-03-21T09:00:00Z,2026-03-21T11:00:00+02:00,24,11,35,False
2,2026-03-21T10:00:00Z,2026-03-21T12:00:00+02:00,21,16,37,False
2,2026-03-21T11:00:00Z,2026-03-21T13:00:00+02:00,27,31,58,False
2,2026-03-21T12:00:00Z,2026-03-21T14:00:00+02:00,19,27,46,False
2,2026-03-21T13:00:00Z,2026-03-21T15:00:00+02:00,24,16,40,False
2,2026-03-21T14:00:00Z,2026-03-21T16:00:00+02:00,6,7,13,False
2,2026-03-21T15:00:00Z,2026-03-21T17:00:00+02:00,1,4,5,False
2,2026-03-21T16:00:00Z,2026-03-21T18:00:00+02:00,1,1,2,False
2,2026-03-21T17:00:00Z,2026-03-21T19:00:00+02:00,2,2,4,False
2,2026-03-21T18:00:00Z,2026-03-21T20:00:00+02:00,0,0,0,False
2,2026-03-21T19:00:00Z,2026-03-21T21:00:00+02:00,0,0,0,False
2,2026-03-21T20:00:00Z,2026-03-21T22:00:00+02:00,0,0,0,False
2,2026-03-21T21:00:00Z,2026-03-21T23:00:00+02:00,0,0,0,False
2,2026-03-21T22:00:00Z,2026-03-22T00:00:00+02:00,0,0,0,False
2,2026-03-21T23:00:00Z,2026-03-22T01:00:00+02:00,0,0,0,False
2,2026-03-22T00:00:00Z,2026-03-22T02:00:00+02:00,0,0,0,False
2,2026-03-22T01:00:00Z,2026-03-22T03:00:00+02:00,0,0,0,False
2,2026-03-22T02:00:00Z,2026-03-22T04:00:00+02:00,0,0,0,False
2,2026-03-22T03:00:00Z,2026-03-22T05:00:00+02:00,0,0,0,False
2,2026-03-22T04:00:00Z,2026-03-22T06:00:00+02:00,0,0,0,False
2,2026-03-22T05:00:00Z,2026-03-22T07:00:00+02:00,0,0,0,False
2,2026-03-22T06:00:00Z,2026-03-22T08:00:00+02:00,0,0,0,False
2,2026-03-22T07:00:00Z,2026-03-22T09:00:00+02:00,2,2,4,False
2,2026-03-22T08:00:00Z,2026-03-22T10:00:00+02:00,2,2,4,False
2,2026-03-22T09:00:00Z,2026-03-22T11:00:00+02:00,21,3,24,False
2,2026-03-22T10:00:00Z,2026-03-22T12:00:00+02:00,18,18,36,False
2,2026-03-22T11:00:00Z,2026-03-22T13:00:00+02:00,3,15,18,False
2,2026-03-22T12:00:00Z,2026-03-22T14:00:00+02:00,21,14,35,False
2,2026-03-22T13:00:00Z,2026-03-22T15:00:00+02:00,13,16,29,False
2,2026-03-22T14:00:00Z,2026-03-22T16:00:00+02:00,4,11,15,False
2,2026-03-22T15:00:00Z,2026-03-22T17:00:00+02:00,0,0,0,False
2,2026-03-22T16:00:00Z,2026-03-22T18:00:00+02:00,0,0,0,False
2,2026-03-22T17:00:00Z,2026-03-22T19:00:00+02:00,0,0,0,False
2,2026-03-22T18:00:00Z,2026-03-22T20:00:00+02:00,0,0,0,False
2,2026-03-22T19:00:00Z,2026-03-22T21:00:00+02:00,0,0,0,False
2,2026-03-22T20:00:00Z,2026-03-22T22:00:00+02:00,0,0,0,False
2,2026-03-22T21:00:00Z,2026-03-22T23:00:00+02:00,0,0,0,False
2,2026-03-22T22:00:00Z,2026-03-23T00:00:00+02:00,0,0,0,False
2,2026-03-22T23:00:00Z,2026-03-23T01:00:00+02:00,0,0,0,False
2,2026-03-23T00:00:00Z,2026-03-23T02:00:00+02:00,0,0,0,False
2,2026-03-23T01:00:00Z,2026-03-23T03:00:00+02:00,0,0,0,False
2,2026-03-23T02:00:00Z,2026-03-23T04:00:00+02:00,0,0,0,False
2,2026-03-23T03:00:00Z,2026-03-23T05:00:00+02:00,0,0,0,False
2,2026-03-23T04:00:00Z,2026-03-23T06:00:00+02:00,0,0,0,False
2,2026-03-23T05:00:00Z,2026-03-23T07:00:00+02:00,0,0,0,False
2,2026-03-23T06:00:00Z,2026-03-23T08:00:00+02:00,1,1,2,False
2,2026-03-23T07:00:00Z,2026-03-23T09:00:00+02:00,10,9,19,False
2,2026-03-23T08:00:00Z,2026-03-23T10:00:00+02:00,3,1,4,False
2,2026-03-23T09:00:00Z,2026-03-23T11:00:00+02:00,0,3,3,False
2,2026-03-23T10:00:00Z,2026-03-23T12:00:00+02:00,0,0,0,False
2,2026-03-23T11:00:00Z,2026-03-23T13:00:00+02:00,0,0,0,False
2,2026-03-23T12:00:00Z,2026-03-23T14:00:00+02:00,1,0,1,False
2,2026-03-23T13:00:00Z,2026-03-23T15:00:00+02:00,0,0,0,False
2,2026-03-23T14:00:00Z,2026-03-23T16:00:00+02:00,0,1,1,False
2,2026-03-23T15:00:00Z,2026-03-23T17:00:00+02:00,0,0,0,False
2,2026-03-23T16:00:00Z,2026-03-23T18:00:00+02:00,0,0,0,False
2,2026-03-23T17:00:00Z,2026-03-23T19:00:00+02:00,1,1,2,False
2,2026-03-23T18:00:00Z,2026-03-23T20:00:00+02:00,0,0,0,False
2,2026-03-23T19:00:00Z,2026-03-23T21:00:00+02:00,0,0,0,False
2,2026-03-23T20:00:00Z,2026-03-23T22:00:00+02:00,0,0,0,False
2,2026-03-23T21:00:00Z,2026-03-23T23:00:00+02:00,0,0,0,False
2,2026-03-23T22:00:00Z,2026-03-24T00:00:00+02:00,0,0,0,False
2,2026-03-23T23:00:00Z,2026-03-24T01:00:00+02:00,0,0,0,False
2,2026-03-24T00:00:00Z,2026-03-24T02:00:00+02:00,0,0,0,False
2,2026-03-24T01:00:00Z,2026-03-24T03:00:00+02:00,0,0,0,False
2,2026-03-24T02:00:00Z,2026-03-24T04:00:00+02:00,0,0,0,False
2,2026-03-24T03:00:00Z,2026-03-24T05:00:00+02:00,0,0,0,False
2,2026-03-24T04:00:00Z,2026-03-24T06:00:00+02:00,0,0,0,False
2,2026-03-24T05:00:00Z,2026-03-24T07:00:00+02:00,0,0,0,False
2,2026-03-24T06:00:00Z,2026-03-24T08:00:00+02:00,7,4,11,False
2,2026-03-24T07:00:00Z,2026-03-24T09:00:00+02:00,53,11,64,False
2,2026-03-24T08:00:00Z,2026-03-24T10:00:00+02:00,3,4,7,False
2,2026-03-24T09:00:00Z,2026-03-24T11:00:00+02:00,34,46,80,False
2,2026-03-24T10:00:00Z,2026-03-24T12:00:00+02:00,16,31,47,False
2,2026-03-24T11:00:00Z,2026-03-24T13:00:00+02:00,15,20,35,False
2,2026-03-24T12:00:00Z,2026-03-24T14:00:00+02:00,8,14,22,False
2,2026-03-24T13:00:00Z,2026-03-24T15:00:00+02:00,20,5,25,False
2,2026-03-24T14:00:00Z,2026-03-24T16:00:00+02:00,3,14,17,False
2,2026-03-24T15:00:00Z,2026-03-24T17:00:00+02:00,4,2,6,False
2,2026-03-24T16:00:00Z,2026-03-24T18:00:00+02:00,5,5,10,False
2,2026-03-24T17:00:00Z,2026-03-24T19:00:00+02:00,0,1,1,False
2,2026-03-24T18:00:00Z,2026-03-24T20:00:00+02:00,0,0,0,False
2,2026-03-24T19:00:00Z,2026-03-24T21:00:00+02:00,0,0,0,False
2,2026-03-24T20:00:00Z,2026-03-24T22:00:00+02:00,0,0,0,False
2,2026-03-24T21:00:00Z,2026-03-24T23:00:00+02:00,0,0,0,False
2,2026-03-24T22:00:00Z,2026-03-25T00:00:00+02:00,0,0,0,False
2,2026-03-24T23:00:00Z,2026-03-25T01:00:00+02:00,0,0,0,False
2,2026-03-25T00:00:00Z,2026-03-25T02:00:00+02:00,0,0,0,False
2,2026-03-25T01:00:00Z,2026-03-25T03:00:00+02:00,0,0,0,False
2,2026-03-25T02:00:00Z,2026-03-25T04:00:00+02:00,0,0,0,False
2,2026-03-25T03:00:00Z,2026-03-25T05:00:00+02:00,0,0,0,False
2,2026-03-25T04:00:00Z,2026-03-25T06:00:00+02:00,0,0,0,False
2,2026-03-25T05:00:00Z,2026-03-25T07:00:00+02:00,3,3,6,False
2,2026-03-25T06:00:00Z,2026-03-25T08:00:00+02:00,2,1,3,False
2,2026-03-25T07:00:00Z,2026-03-25T09:00:00+02:00,61,4,65,False
2,2026-03-25T08:00:00Z,2026-03-25T10:00:00+02:00,13,62,75,False
2,2026-03-25T09:00:00Z,2026-03-25T11:00:00+02:00,43,8,51,False
2,2026-03-25T10:00:00Z,2026-03-25T12:00:00+02:00,7,48,55,False
2,2026-03-25T11:00:00Z,2026-03-25T13:00:00+02:00,12,6,18,False
2,2026-03-25T12:00:00Z,2026-03-25T14:00:00+02:00,27,10,37,False
2,2026-03-25T13:00:00Z,2026-03-25T15:00:00+02:00,7,29,36,False
2,2026-03-25T14:00:00Z,2026-03-25T16:00:00+02:00,17,16,33,False
2,2026-03-25T15:00:00Z,2026-03-25T17:00:00+02:00,0,3,3,False
2,2026-03-25T16:00:00Z,2026-03-25T18:00:00+02:00,0,0,0,False
2,2026-03-25T17:00:00Z,2026-03-25T19:00:00+02:00,0,0,0,False
2,2026-03-25T18:00:00Z,2026-03-25T20:00:00+02:00,1,0,1,False
2,2026-03-25T19:00:00Z,2026-03-25T21:00:00+02:00,0,0,0,False
2,2026-03-25T20:00:00Z,2026-03-25T22:00:00+02:00,0,0,0,False
2,2026-03-25T21:00:00Z,2026-03-25T23:00:00+02:00,0,0,0,False
2,2026-03-25T22:00:00Z,2026-03-26T00:00:00+02:00,0,0,0,False
2,2026-03-25T23:00:00Z,2026-03-26T01:00:00+02:00,0,0,0,False
2,2026-03-26T00:00:00Z,2026-03-26T02:00:00+02:00,0,0,0,False
2,2026-03-26T01:00:00Z,2026-03-26T03:00:00+02:00,0,0,0,False
2,2026-03-26T02:00:00Z,2026-03-26T04:00:00+02:00,0,0,0,False
2,2026-03-26T03:00:00Z,2026-03-26T05:00:00+02:00,0,0,0,False
2,2026-03-26T04:00:00Z,2026-03-26T06:00:00+02:00,0,0,0,False
2,2026-03-26T05:00:00Z,2026-03-26T07:00:00+02:00,1,0,1,False
2,2026-03-26T06:00:00Z,2026-03-26T08:00:00+02:00,3,1,4,False
2,2026-03-26T07:00:00Z,2026-03-26T09:00:00+02:00,60,8,68,False
2,2026-03-26T08:00:00Z,2026-03-26T10:00:00+02:00,12,57,69,False
2,2026-03-26T09:00:00Z,2026-03-26T11:00:00+02:00,52,7,59,False
2,2026-03-26T10:00:00Z,2026-03-26T12:00:00+02:00,8,59,67,False
2,2026-03-26T11:00:00Z,2026-03-26T13:00:00+02:00,6,2,8,False
2,2026-03-26T12:00:00Z,2026-03-26T14:00:00+02:00,7,8,15,False
2,2026-03-26T13:00:00Z,2026-03-26T15:00:00+02:00,26,27,53,False
2,2026-03-26T14:00:00Z,2026-03-26T16:00:00+02:00,5,7,12,False
2,2026-03-26T15:00:00Z,2026-03-26T17:00:00+02:00,7,4,11,False
2,2026-03-26T16:00:00Z,2026-03-26T18:00:00+02:00,4,8,12,False
2,2026-03-26T17:00:00Z,2026-03-26T19:00:00+02:00,0,2,2,False
2,2026-03-26T18:00:00Z,2026-03-26T20:00:00+02:00,0,0,0,False
2,2026-03-26T19:00:00Z,2026-03-26T21:00:00+02:00,0,0,0,False
2,2026-03-26T20:00:00Z,2026-03-26T22:00:00+02:00,0,0,0,False
2,2026-03-26T21:00:00Z,2026-03-26T23:00:00+02:00,0,0,0,False
2,2026-03-26T22:00:00Z,2026-03-27T00:00:00+02:00,0,0,0,False
2,2026-03-26T23:00:00Z,2026-03-27T01:00:00+02:00,0,0,0,False
2,2026-03-27T00:00:00Z,2026-03-27T02:00:00+02:00,0,0,0,False
2,2026-03-27T01:00:00Z,2026-03-27T03:00:00+02:00,0,0,0,False
2,2026-03-27T02:00:00Z,2026-03-27T04:00:00+02:00,0,0,0,False
2,2026-03-27T03:00:00Z,2026-03-27T05:00:00+02:00,0,0,0,False
2,2026-03-27T04:00:00Z,2026-03-27T06:00:00+02:00,0,0,0,False
2,2026-03-27T05:00:00Z,2026-03-27T07:00:00+02:00,0,0,0,False
2,2026-03-27T06:00:00Z,2026-03-27T08:00:00+02:00,1,0,1,False
2,2026-03-27T07:00:00Z,2026-03-27T09:00:00+02:00,4,4,8,False
2,2026-03-27T08:00:00Z,2026-03-27T10:00:00+02:00,1,1,2,False
2,2026-03-27T09:00:00Z,2026-03-27T11:00:00+02:00,0,3,3,False
2,2026-03-27T10:00:00Z,2026-03-27T12:00:00+02:00,9,3,12,False
2,2026-03-27T11:00:00Z,2026-03-27T13:00:00+02:00,22,15,37,False
2,2026-03-27T12:00:00Z,2026-03-27T14:00:00+02:00,15,17,32,False
2,2026-03-27T13:00:00Z,2026-03-27T15:00:00+02:00,5,15,20,False
2,2026-03-27T14:00:00Z,2026-03-27T16:00:00+02:00,17,2,19,False
2,2026-03-27T15:00:00Z,2026-03-27T17:00:00+02:00,13,24,37,False
2,2026-03-27T16:00:00Z,2026-03-27T18:00:00+02:00,6,10,16,False
2,2026-03-27T17:00:00Z,2026-03-27T19:00:00+02:00,0,0,0,False
2,2026-03-27T18:00:00Z,2026-03-27T20:00:00+02:00,0,0,0,False
2,2026-03-27T19:00:00Z,2026-03-27T21:00:00+02:00,0,0,0,False
2,2026-03-27T20:00:00Z,2026-03-27T22:00:00+02:00,0,0,0,False
2,2026-03-27T21:00:00Z,2026-03-27T23:00:00+02:00,0,0,0,False
2,2026-03-27T22:00:00Z,2026-03-28T00:00:00+02:00,0,0,0,False
2,2026-03-27T23:00:00Z,2026-03-28T01:00:00+02:00,0,0,0,False
2,2026-03-28T00:00:00Z,2026-03-28T02:00:00+02:00,0,0,0,False
2,2026-03-28T01:00:00Z,2026-03-28T03:00:00+02:00,0,0,0,False
2,2026-03-28T02:00:00Z,2026-03-28T04:00:00+02:00,0,0,0,False
2,2026-03-28T03:00:00Z,2026-03-28T05:00:00+02:00,0,0,0,False
2,2026-03-28T04:00:00Z,2026-03-28T06:00:00+02:00,0,0,0,False
2,2026-03-28T05:00:00Z,2026-03-28T07:00:00+02:00,0,0,0,False
2,2026-03-28T06:00:00Z,2026-03-28T08:00:00+02:00,0,0,0,False
2,2026-03-28T07:00:00Z,2026-03-28T09:00:00+02:00,2,2,4,False
2,2026-03-28T08:00:00Z,2026-03-28T10:00:00+02:00,3,1,4,False
2,2026-03-28T09:00:00Z,2026-03-28T11:00:00+02:00,13,3,16,False
2,2026-03-28T10:00:00Z,2026-03-28T12:00:00+02:00,16,24,40,False
2,2026-03-28T11:00:00Z,2026-03-28T13:00:00+02:00,28,13,41,False
2,2026-03-28T12:00:00Z,2026-03-28T14:00:00+02:00,55,33,88,False
2,2026-03-28T13:00:00Z,2026-03-28T15:00:00+02:00,14,61,75,False
2,2026-03-28T14:00:00Z,2026-03-28T16:00:00+02:00,0,1,1,False
2,2026-03-28T15:00:00Z,2026-03-28T17:00:00+02:00,1,0,1,False
2,2026-03-28T16:00:00Z,2026-03-28T18:00:00+02:00,0,0,0,False
2,2026-03-28T17:00:00Z,2026-03-28T19:00:00+02:00,0,1,1,False
2,2026-03-28T18:00:00Z,2026-03-28T20:00:00+02:00,0,0,0,False
2,2026-03-28T19:00:00Z,2026-03-28T21:00:00+02:00,0,0,0,False
2,2026-03-28T20:00:00Z,2026-03-28T22:00:00+02:00,0,0,0,False
2,2026-03-28T21:00:00Z,2026-03-28T23:00:00+02:00,0,0,0,False
2,2026-03-28T22:00:00Z,2026-03-29T00:00:00+02:00,0,0,0,False
2,2026-03-28T23:00:00Z,2026-03-29T01:00:00+02:00,0,0,0,False
2,2026-03-29T00:00:00Z,2026-03-29T02:00:00+02:00,0,0,0,False
2,2026-03-29T01:00:00Z,2026-03-29T04:00:00+03:00,0,0,0,False
2,2026-03-29T02:00:00Z,2026-03-29T05:00:00+03:00,0,0,0,False
2,2026-03-29T03:00:00Z,2026-03-29T06:00:00+03:00,0,0,0,False
2,2026-03-29T04:00:00Z,2026-03-29T07:00:00+03:00,0,0,0,False
2,2026-03-29T05:00:00Z,2026-03-29T08:00:00+03:00,0,0,0,False
2,2026-03-29T06:00:00Z,2026-03-29T09:00:00+03:00,2,2,4,False
2,2026-03-29T07:00:00Z,2026-03-29T10:00:00+03:00,4,1,5,False
2,2026-03-29T08:00:00Z,2026-03-29T11:00:00+03:00,22,5,27,False
2,2026-03-29T09:00:00Z,2026-03-29T12:00:00+03:00,9,19,28,False
2,2026-03-29T10:00:00Z,2026-03-29T13:00:00+03:00,36,20,56,False
2,2026-03-29T11:00:00Z,2026-03-29T14:00:00+03:00,30,28,58,False
2,2026-03-29T12:00:00Z,2026-03-29T15:00:00+03:00,11,32,43,False
2,2026-03-29T13:00:00Z,2026-03-29T16:00:00+03:00,4,6,10,False
2,2026-03-29T14:00:00Z,2026-03-29T17:00:00+03:00,0,0,0,False
2,2026-03-29T15:00:00Z,2026-03-29T18:00:00+03:00,0,0,0,False
2,2026-03-29T16:00:00Z,2026-03-29T19:00:00+03:00,1,1,2,False
2,2026-03-29T17:00:00Z,2026-03-29T20:00:00+03:00,0,0,0,False
2,2026-03-29T18:00:00Z,2026-03-29T21:00:00+03:00,0,0,0,False
2,2026-03-29T19:00:00Z,2026-03-29T22:00:00+03:00,0,0,0,False
2,2026-03-29T20:00:00Z,2026-03-29T23:00:00+03:00,0,0,0,False
2,2026-03-29T21:00:00Z,2026-03-30T00:00:00+03:00,0,0,0,False
2,2026-03-29T22:00:00Z,2026-03-30T01:00:00+03:00,0,0,0,False
2,2026-03-29T23:00:00Z,2026-03-30T02:00:00+03:00,0,0,0,False
2,2026-03-30T00:00:00Z,2026-03-30T03:00:00+03:00,0,0,0,False
2,2026-03-30T01:00:00Z,2026-03-30T04:00:00+03:00,0,0,0,False
2,2026-03-30T02:00:00Z,2026-03-30T05:00:00+03:00,0,0,0,False
2,2026-03-30T03:00:00Z,2026-03-30T06:00:00+03:00,0,0,0,False
2,2026-03-30T04:00:00Z,2026-03-30T07:00:00+03:00,0,0,0,False
2,2026-03-30T05:00:00Z,2026-03-30T08:00:00+03:00,2,2,4,False
2,2026-03-30T06:00:00Z,2026-03-30T09:00:00+03:00,2,3,5,False
2,2026-03-30T07:00:00Z,2026-03-30T10:00:00+03:00,2,7,9,False
2,2026-03-30T08:00:00Z,2026-03-30T11:00:00+03:00,0,0,0,False
2,2026-03-30T09:00:00Z,2026-03-30T12:00:00+03:00,1,1,2,False
2,2026-03-30T10:00:00Z,2026-03-30T13:00:00+03:00,3,0,3,False
2,2026-03-30T11:00:00Z,2026-03-30T14:00:00+03:00,1,0,1,False
2,2026-03-30T12:00:00Z,2026-03-30T15:00:00+03:00,0,1,1,False
2,2026-03-30T13:00:00Z,2026-03-30T16:00:00+03:00,2,1,3,False
2,2026-03-30T14:00:00Z,2026-03-30T17:00:00+03:00,0,2,2,False
2,2026-03-30T15:00:00Z,2026-03-30T18:00:00+03:00,0,0,0,False
2,2026-03-30T16:00:00Z,2026-03-30T19:00:00+03:00,0,0,0,False
2,2026-03-30T17:00:00Z,2026-03-30T20:00:00+03:00,0,0,0,False
2,2026-03-30T18:00:00Z,2026-03-30T21:00:00+03:00,0,0,0,False
2,2026-03-30T19:00:00Z,2026-03-30T22:00:00+03:00,0,1,1,False
2,2026-03-30T20:00:00Z,2026-03-30T23:00:00+03:00,0,0,0,False
2,2026-03-30T21:00:00Z,2026-03-31T00:00:00+03:00,0,0,0,False
2,2026-03-30T22:00:00Z,2026-03-31T01:00:00+03:00,0,0,0,False
2,2026-03-30T23:00:00Z,2026-03-31T02:00:00+03:00,0,0,0,False
2,2026-03-31T00:00:00Z,2026-03-31T03:00:00+03:00,0,0,0,False
2,2026-03-31T01:00:00Z,2026-03-31T04:00:00+03:00,0,0,0,False
2,2026-03-31T02:00:00Z,2026-03-31T05:00:00+03:00,0,0,0,False
2,2026-03-31T03:00:00Z,2026-03-31T06:00:00+03:00,0,0,0,False
2,2026-03-31T04:00:00Z,2026-03-31T07:00:00+03:00,0,0,0,False
2,2026-03-31T05:00:00Z,2026-03-31T08:00:00+03:00,1,0,1,False
2,2026-03-31T06:00:00Z,2026-03-31T09:00:00+03:00,4,2,6,False
2,2026-03-31T07:00:00Z,2026-03-31T10:00:00+03:00,0,0,0,False
2,2026-03-31T08:00:00Z,2026-03-31T11:00:00+03:00,25,6,31,False
2,2026-03-31T09:00:00Z,2026-03-31T12:00:00+03:00,24,22,46,False
2,2026-03-31T10:00:00Z,2026-03-31T13:00:00+03:00,18,33,51,False
2,2026-03-31T11:00:00Z,2026-03-31T14:00:00+03:00,11,8,19,False
2,2026-03-31T12:00:00Z,2026-03-31T15:00:00+03:00,23,21,44,False
2,2026-03-31T13:00:00Z,2026-03-31T16:00:00+03:00,10,15,25,False
2,2026-03-31T14:00:00Z,2026-03-31T17:00:00+03:00,4,5,9,False
2,2026-03-31T15:00:00Z,2026-03-31T18:00:00+03:00,1,4,5,False
2,2026-03-31T16:00:00Z,2026-03-31T19:00:00+03:00,0,0,0,False
2,2026-03-31T17:00:00Z,2026-03-31T20:00:00+03:00,0,0,0,False
2,2026-03-31T18:00:00Z,2026-03-31T21:00:00+03:00,0,0,0,False
2,2026-03-31T19:00:00Z,2026-03-31T22:00:00+03:00,0,0,0,False
2,2026-03-31T20:00:00Z,2026-03-31T23:00:00+03:00,0,0,0,False
2,2026-03-31T21:00:00Z,2026-04-01T00:00:00+03:00,0,0,0,False
2,2026-03-31T22:00:00Z,2026-04-01T01:00:00+03:00,0,0,0,False
2,2026-03-31T23:00:00Z,2026-04-01T02:00:00+03:00,0,0,0,False
2,2026-04-01T00:00:00Z,2026-04-01T03:00:00+03:00,0,0,0,False
2,2026-04-01T01:00:00Z,2026-04-01T04:00:00+03:00,0,0,0,False
2,2026-04-01T02:00:00Z,2026-04-01T05:00:00+03:00,0,0,0,False
2,2026-04-01T03:00:00Z,2026-04-01T06:00:00+03:00,0,0,0,False
2,2026-04-01T04:00:00Z,2026-04-01T07:00:00+03:00,0,0,0,False
2,2026-04-01T05:00:00Z,2026-04-01T08:00:00+03:00,1,1,2,False
2,2026-04-01T06:00:00Z,2026-04-01T09:00:00+03:00,3,2,5,False
2,2026-04-01T07:00:00Z,2026-04-01T10:00:00+03:00,11,1,12,False
2,2026-04-01T08:00:00Z,2026-04-01T11:00:00+03:00,10,12,22,False
2,2026-04-01T09:00:00Z,2026-04-01T12:00:00+03:00,39,27,66,False
2,2026-04-01T10:00:00Z,2026-04-01T13:00:00+03:00,15,23,38,False
2,2026-04-01T11:00:00Z,2026-04-01T14:00:00+03:00,18,19,37,False
2,2026-04-01T12:00:00Z,2026-04-01T15:00:00+03:00,2,2,4,False
2,2026-04-01T13:00:00Z,2026-04-01T16:00:00+03:00,10,3,13,False
2,2026-04-01T14:00:00Z,2026-04-01T17:00:00+03:00,11,9,20,False
2,2026-04-01T15:00:00Z,2026-04-01T18:00:00+03:00,2,11,13,False
2,2026-04-01T16:00:00Z,2026-04-01T19:00:00+03:00,0,0,0,False
2,2026-04-01T17:00:00Z,2026-04-01T20:00:00+03:00,0,0,0,False
2,2026-04-01T18:00:00Z,2026-04-01T21:00:00+03:00,0,0,0,False
2,2026-04-01T19:00:00Z,2026-04-01T22:00:00+03:00,0,0,0,False
2,2026-04-01T20:00:00Z,2026-04-01T23:00:00+03:00,0,0,0,False
2,2026-04-01T21:00:00Z,2026-04-02T00:00:00+03:00,0,0,0,False
2,2026-04-01T22:00:00Z,2026-04-02T01:00:00+03:00,0,0,0,False
2,2026-04-01T23:00:00Z,2026-04-02T02:00:00+03:00,0,0,0,False
2,2026-04-02T00:00:00Z,2026-04-02T03:00:00+03:00,0,0,0,False
2,2026-04-02T01:00:00Z,2026-04-02T04:00:00+03:00,0,0,0,False
2,2026-04-02T02:00:00Z,2026-04-02T05:00:00+03:00,0,0,0,False
2,2026-04-02T03:00:00Z,2026-04-02T06:00:00+03:00,0,0,0,False
2,2026-04-02T04:00:00Z,2026-04-02T07:00:00+03:00,1,1,2,False
2,2026-04-02T05:00:00Z,2026-04-02T08:00:00+03:00,0,0,0,False
2,2026-04-02T06:00:00Z,2026-04-02T09:00:00+03:00,9,7,16,False
2,2026-04-02T07:00:00Z,2026-04-02T10:00:00+03:00,2,3,5,False
2,2026-04-02T08:00:00Z,2026-04-02T11:00:00+03:00,1,0,1,False
2,2026-04-02T09:00:00Z,2026-04-02T12:00:00+03:00,0,0,0,False
2,2026-04-02T10:00:00Z,2026-04-02T13:00:00+03:00,23,16,39,False
2,2026-04-02T11:00:00Z,2026-04-02T14:00:00+03:00,5,9,14,False
2,2026-04-02T12:00:00Z,2026-04-02T15:00:00+03:00,3,5,8,False
2,2026-04-02T13:00:00Z,2026-04-02T16:00:00+03:00,7,5,12,False
2,2026-04-02T14:00:00Z,2026-04-02T17:00:00+03:00,4,8,12,False
2,2026-04-02T15:00:00Z,2026-04-02T18:00:00+03:00,7,10,17,False
2,2026-04-02T16:00:00Z,2026-04-02T19:00:00+03:00,0,1,1,False
2,2026-04-02T17:00:00Z,2026-04-02T20:00:00+03:00,0,0,0,False
2,2026-04-02T18:00:00Z,2026-04-02T21:00:00+03:00,0,0,0,False
2,2026-04-02T19:00:00Z,2026-04-02T22:00:00+03:00,0,0,0,False
2,2026-04-02T20:00:00Z,2026-04-02T23:00:00+03:00,0,0,0,False
2,2026-04-02T21:00:00Z,2026-04-03T00:00:00+03:00,0,0,0,False
2,2026-04-02T22:00:00Z,2026-04-03T01:00:00+03:00,0,0,0,False
2,2026-04-02T23:00:00Z,2026-04-03T02:00:00+03:00,0,0,0,False
2,2026-04-03T00:00:00Z,2026-04-03T03:00:00+03:00,0,0,0,False
2,2026-04-03T01:00:00Z,2026-04-03T04:00:00+03:00,0,0,0,False
2,2026-04-03T02:00:00Z,2026-04-03T05:00:00+03:00,0,0,0,False
2,2026-04-03T03:00:00Z,2026-04-03T06:00:00+03:00,0,0,0,False
2,2026-04-03T04:00:00Z,2026-04-03T07:00:00+03:00,0,0,0,False
2,2026-04-03T05:00:00Z,2026-04-03T08:00:00+03:00,0,0,0,False
2,2026-04-03T06:00:00Z,2026-04-03T09:00:00+03:00,0,0,0,False
2,2026-04-03T07:00:00Z,2026-04-03T10:00:00+03:00,0,0,0,False
2,2026-04-03T08:00:00Z,2026-04-03T11:00:00+03:00,0,0,0,False
2,2026-04-03T09:00:00Z,2026-04-03T12:00:00+03:00,0,0,0,False
2,2026-04-03T10:00:00Z,2026-04-03T13:00:00+03:00,0,0,0,False
2,2026-04-03T11:00:00Z,2026-04-03T14:00:00+03:00,0,0,0,False
2,2026-04-03T12:00:00Z,2026-04-03T15:00:00+03:00,0,0,0,False
2,2026-04-03T13:00:00Z,2026-04-03T16:00:00+03:00,0,0,0,False
2,2026-04-03T14:00:00Z,2026-04-03T17:00:00+03:00,0,0,0,False
2,2026-04-03T15:00:00Z,2026-04-03T18:00:00+03:00,0,0,0,False
2,2026-04-03T16:00:00Z,2026-04-03T19:00:00+03:00,0,0,0,False
2,2026-04-03T17:00:00Z,2026-04-03T20:00:00+03:00,0,0,0,False
2,2026-04-03T18:00:00Z,2026-04-03T21:00:00+03:00,0,0,0,False
2,2026-04-03T19:00:00Z,2026-04-03T22:00:00+03:00,0,0,0,False
2,2026-04-03T20:00:00Z,2026-04-03T23:00:00+03:00,0,0,0,False
2,2026-04-03T21:00:00Z,2026-04-04T00:00:00+03:00,0,0,0,False
2,2026-04-03T22:00:00Z,2026-04-04T01:00:00+03:00,0,0,0,False
2,2026-04-03T23:00:00Z,2026-04-04T02:00:00+03:00,0,0,0,False
2,2026-04-04T00:00:00Z,2026-04-04T03:00:00+03:00,0,0,0,False
2,2026-04-04T01:00:00Z,2026-04-04T04:00:00+03:00,0,0,0,False
2,2026-04-04T02:00:00Z,2026-04-04T05:00:00+03:00,0,0,0,False
2,2026-04-04T03:00:00Z,2026-04-04T06:00:00+03:00,0,0,0,False
2,2026-04-04T04:00:00Z,2026-04-04T07:00:00+03:00,0,0,0,False
2,2026-04-04T05:00:00Z,2026-04-04T08:00:00+03:00,0,0,0,False
2,2026-04-04T06:00:00Z,2026-04-04T09:00:00+03:00,2,2,4,False
2,2026-04-04T07:00:00Z,2026-04-04T10:00:00+03:00,2,1,3,False
2,2026-04-04T08:00:00Z,2026-04-04T11:00:00+03:00,42,25,67,False
2,2026-04-04T09:00:00Z,2026-04-04T12:00:00+03:00,25,20,45,False
2,2026-04-04T10:00:00Z,2026-04-04T13:00:00+03:00,29,39,68,False
2,2026-04-04T11:00:00Z,2026-04-04T14:00:00+03:00,29,17,46,False
2,2026-04-04T12:00:00Z,2026-04-04T15:00:00+03:00,14,29,43,False
2,2026-04-04T13:00:00Z,2026-04-04T16:00:00+03:00,5,10,15,False
2,2026-04-04T14:00:00Z,2026-04-04T17:00:00+03:00,1,1,2,False
2,2026-04-04T15:00:00Z,2026-04-04T18:00:00+03:00,0,0,0,False
2,2026-04-04T16:00:00Z,2026-04-04T19:00:00+03:00,0,0,0,False
2,2026-04-04T17:00:00Z,2026-04-04T20:00:00+03:00,0,0,0,False
2,2026-04-04T18:00:00Z,2026-04-04T21:00:00+03:00,0,0,0,False
2,2026-04-04T19:00:00Z,2026-04-04T22:00:00+03:00,0,0,0,False
2,2026-04-04T20:00:00Z,2026-04-04T23:00:00+03:00,0,0,0,False
2,2026-04-04T21:00:00Z,2026-04-05T00:00:00+03:00,0,0,0,False
2,2026-04-04T22:00:00Z,2026-04-05T01:00:00+03:00,0,0,0,False
2,2026-04-04T23:00:00Z,2026-04-05T02:00:00+03:00,0,0,0,False
2,2026-04-05T00:00:00Z,2026-04-05T03:00:00+03:00,0,0,0,False
2,2026-04-05T01:00:00Z,2026-04-05T04:00:00+03:00,0,0,0,False
2,2026-04-05T02:00:00Z,2026-04-05T05:00:00+03:00,0,0,0,False
2,2026-04-05T03:00:00Z,2026-04-05T06:00:00+03:00,0,0,0,False
2,2026-04-05T04:00:00Z,2026-04-05T07:00:00+03:00,0,0,0,False
2,2026-04-05T05:00:00Z,2026-04-05T08:00:00+03:00,0,0,0,False
2,2026-04-05T06:00:00Z,2026-04-05T09:00:00+03:00,2,2,4,False
2,2026-04-05T07:00:00Z,2026-04-05T10:00:00+03:00,0,0,0,False
2,2026-04-05T08:00:00Z,2026-04-05T11:00:00+03:00,34,13,47,False
2,2026-04-05T09:00:00Z,2026-04-05T12:00:00+03:00,20,22,42,False
2,2026-04-05T10:00:00Z,2026-04-05T13:00:00+03:00,32,27,59,False
2,2026-04-05T11:00:00Z,2026-04-05T14:00:00+03:00,14,18,32,False
2,2026-04-05T12:00:00Z,2026-04-05T15:00:00+03:00,25,23,48,False
2,2026-04-05T13:00:00Z,2026-04-05T16:00:00+03:00,6,17,23,False
2,2026-04-05T14:00:00Z,2026-04-05T17:00:00+03:00,1,2,3,False
2,2026-04-05T15:00:00Z,2026-04-05T18:00:00+03:00,0,0,0,False
2,2026-04-05T16:00:00Z,2026-04-05T19:00:00+03:00,0,0,0,False
2,2026-04-05T17:00:00Z,2026-04-05T20:00:00+03:00,0,0,0,False
2,2026-04-05T18:00:00Z,2026-04-05T21:00:00+03:00,0,0,0,False
2,2026-04-05T19:00:00Z,2026-04-05T22:00:00+03:00,0,0,0,False
2,2026-04-05T20:00:00Z,2026-04-05T23:00:00+03:00,0,0,0,False
2,2026-04-05T21:00:00Z,2026-04-06T00:00:00+03:00,0,0,0,False
2,2026-04-05T22:00:00Z,2026-04-06T01:00:00+03:00,0,0,0,False
2,2026-04-05T23:00:00Z,2026-04-06T02:00:00+03:00,0,0,0,False
2,2026-04-06T00:00:00Z,2026-04-06T03:00:00+03:00,0,0,0,False
2,2026-04-06T01:00:00Z,2026-04-06T04:00:00+03:00,0,0,0,False
2,2026-04-06T02:00:00Z,2026-04-06T05:00:00+03:00,0,0,0,False
2,2026-04-06T03:00:00Z,2026-04-06T06:00:00+03:00,0,0,0,False
2,2026-04-06T04:00:00Z,2026-04-06T07:00:00+03:00,0,0,0,False
2,2026-04-06T05:00:00Z,2026-04-06T08:00:00+03:00,0,0,0,False
2,2026-04-06T06:00:00Z,2026-04-06T09:00:00+03:00,0,0,0,False
2,2026-04-06T07:00:00Z,2026-04-06T10:00:00+03:00,0,0,0,False
2,2026-04-06T08:00:00Z,2026-04-06T11:00:00+03:00,0,0,0,False
2,2026-04-06T09:00:00Z,2026-04-06T12:00:00+03:00,0,0,0,False
2,2026-04-06T10:00:00Z,2026-04-06T13:00:00+03:00,0,0,0,False
2,2026-04-06T11:00:00Z,2026-04-06T14:00:00+03:00,0,0,0,False
2,2026-04-06T12:00:00Z,2026-04-06T15:00:00+03:00,0,0,0,False
2,2026-04-06T13:00:00Z,2026-04-06T16:00:00+03:00,0,0,0,False
2,2026-04-06T14:00:00Z,2026-04-06T17:00:00+03:00,0,0,0,False
2,2026-04-06T15:00:00Z,2026-04-06T18:00:00+03:00,0,0,0,False
2,2026-04-06T16:00:00Z,2026-04-06T19:00:00+03:00,0,0,0,False
2,2026-04-06T17:00:00Z,2026-04-06T20:00:00+03:00,0,0,0,False
2,2026-04-06T18:00:00Z,2026-04-06T21:00:00+03:00,0,0,0,False
2,2026-04-06T19:00:00Z,2026-04-06T22:00:00+03:00,0,0,0,False
2,2026-04-06T20:00:00Z,2026-04-06T23:00:00+03:00,0,0,0,False
2,2026-04-06T21:00:00Z,2026-04-07T00:00:00+03:00,0,0,0,False
2,2026-04-06T22:00:00Z,2026-04-07T01:00:00+03:00,0,0,0,False
2,2026-04-06T23:00:00Z,2026-04-07T02:00:00+03:00,0,0,0,False
2,2026-04-07T00:00:00Z,2026-04-07T03:00:00+03:00,0,0,0,False
2,2026-04-07T01:00:00Z,2026-04-07T04:00:00+03:00,0,0,0,False
2,2026-04-07T02:00:00Z,2026-04-07T05:00:00+03:00,0,0,0,False
2,2026-04-07T03:00:00Z,2026-04-07T06:00:00+03:00,0,0,0,False
2,2026-04-07T04:00:00Z,2026-04-07T07:00:00+03:00,0,0,0,False
2,2026-04-07T05:00:00Z,2026-04-07T08:00:00+03:00,3,3,6,False
2,2026-04-07T06:00:00Z,2026-04-07T09:00:00+03:00,1,1,2,False
2,2026-04-07T07:00:00Z,2026-04-07T10:00:00+03:00,0,0,0,False
2,2026-04-07T08:00:00Z,2026-04-07T11:00:00+03:00,2,0,2,False
2,2026-04-07T09:00:00Z,2026-04-07T12:00:00+03:00,2,2,4,False
2,2026-04-07T10:00:00Z,2026-04-07T13:00:00+03:00,20,16,36,False
2,2026-04-07T11:00:00Z,2026-04-07T14:00:00+03:00,8,7,15,False
2,2026-04-07T12:00:00Z,2026-04-07T15:00:00+03:00,3,9,12,False
2,2026-04-07T13:00:00Z,2026-04-07T16:00:00+03:00,16,7,23,False
2,2026-04-07T14:00:00Z,2026-04-07T17:00:00+03:00,1,17,18,False
2,2026-04-07T15:00:00Z,2026-04-07T18:00:00+03:00,2,2,4,False
2,2026-04-07T16:00:00Z,2026-04-07T19:00:00+03:00,0,0,0,False
2,2026-04-07T17:00:00Z,2026-04-07T20:00:00+03:00,0,0,0,False
2,2026-04-07T18:00:00Z,2026-04-07T21:00:00+03:00,0,0,0,False
2,2026-04-07T19:00:00Z,2026-04-07T22:00:00+03:00,0,0,0,False
2,2026-04-07T20:00:00Z,2026-04-07T23:00:00+03:00,0,0,0,False
2,2026-04-07T21:00:00Z,2026-04-08T00:00:00+03:00,0,0,0,False
2,2026-04-07T22:00:00Z,2026-04-08T01:00:00+03:00,0,0,0,False
2,2026-04-07T23:00:00Z,2026-04-08T02:00:00+03:00,0,0,0,False
2,2026-04-08T00:00:00Z,2026-04-08T03:00:00+03:00,0,0,0,False
2,2026-04-08T01:00:00Z,2026-04-08T04:00:00+03:00,0,0,0,False
2,2026-04-08T02:00:00Z,2026-04-08T05:00:00+03:00,0,0,0,False
2,2026-04-08T03:00:00Z,2026-04-08T06:00:00+03:00,0,0,0,False
2,2026-04-08T04:00:00Z,2026-04-08T07:00:00+03:00,0,0,0,False
2,2026-04-08T05:00:00Z,2026-04-08T08:00:00+03:00,0,1,1,False
2,2026-04-08T06:00:00Z,2026-04-08T09:00:00+03:00,3,1,4,False
2,2026-04-08T07:00:00Z,2026-04-08T10:00:00+03:00,1,0,1,False
2,2026-04-08T08:00:00Z,2026-04-08T11:00:00+03:00,1,0,1,False
2,2026-04-08T09:00:00Z,2026-04-08T12:00:00+03:00,14,4,18,False
2,2026-04-08T10:00:00Z,2026-04-08T13:00:00+03:00,22,17,39,False
2,2026-04-08T11:00:00Z,2026-04-08T14:00:00+03:00,10,22,32,False
2,2026-04-08T12:00:00Z,2026-04-08T15:00:00+03:00,8,9,17,False
2,2026-04-08T13:00:00Z,2026-04-08T16:00:00+03:00,4,4,8,False
2,2026-04-08T14:00:00Z,2026-04-08T17:00:00+03:00,13,11,24,False
2,2026-04-08T15:00:00Z,2026-04-08T18:00:00+03:00,6,10,16,False
2,2026-04-08T16:00:00Z,2026-04-08T19:00:00+03:00,0,3,3,False
2,2026-04-08T17:00:00Z,2026-04-08T20:00:00+03:00,0,0,0,False
2,2026-04-08T18:00:00Z,2026-04-08T21:00:00+03:00,0,0,0,False
2,2026-04-08T19:00:00Z,2026-04-08T22:00:00+03:00,0,0,0,False
2,2026-04-08T20:00:00Z,2026-04-08T23:00:00+03:00,0,0,0,False
2,2026-04-08T21:00:00Z,2026-04-09T00:00:00+03:00,0,0,0,False
2,2026-04-08T22:00:00Z,2026-04-09T01:00:00+03:00,0,0,0,False
2,2026-04-08T23:00:00Z,2026-04-09T02:00:00+03:00,0,0,0,False
2,2026-04-09T00:00:00Z,2026-04-09T03:00:00+03:00,0,0,0,False
2,2026-04-09T01:00:00Z,2026-04-09T04:00:00+03:00,0,0,0,False
2,2026-04-09T02:00:00Z,2026-04-09T05:00:00+03:00,0,0,0,False
2,2026-04-09T03:00:00Z,2026-04-09T06:00:00+03:00,0,0,0,False
2,2026-04-09T04:00:00Z,2026-04-09T07:00:00+03:00,3,3,6,False
2,2026-04-09T05:00:00Z,2026-04-09T08:00:00+03:00,5,5,10,False
2,2026-04-09T06:00:00Z,2026-04-09T09:00:00+03:00,5,2,7,False
2,2026-04-09T07:00:00Z,2026-04-09T10:00:00+03:00,1,0,1,False
2,2026-04-09T08:00:00Z,2026-04-09T11:00:00+03:00,1,0,1,False
2,2026-04-09T09:00:00Z,2026-04-09T12:00:00+03:00,23,3,26,False
2,2026-04-09T10:00:00Z,2026-04-09T13:00:00+03:00,10,20,30,False
2,2026-04-09T11:00:00Z,2026-04-09T14:00:00+03:00,7,19,26,False
2,2026-04-09T12:00:00Z,2026-04-09T15:00:00+03:00,15,13,28,False
2,2026-04-09T13:00:00Z,2026-04-09T16:00:00+03:00,15,6,21,False
2,2026-04-09T14:00:00Z,2026-04-09T17:00:00+03:00,6,5,11,False
2,2026-04-09T15:00:00Z,2026-04-09T18:00:00+03:00,16,19,35,False
2,2026-04-09T16:00:00Z,2026-04-09T19:00:00+03:00,0,0,0,False
2,2026-04-09T17:00:00Z,2026-04-09T20:00:00+03:00,0,0,0,False
2,2026-04-09T18:00:00Z,2026-04-09T21:00:00+03:00,1,0,1,False
2,2026-04-09T19:00:00Z,2026-04-09T22:00:00+03:00,0,0,0,False
2,2026-04-09T20:00:00Z,2026-04-09T23:00:00+03:00,0,0,0,False
2,2026-04-09T21:00:00Z,2026-04-10T00:00:00+03:00,0,0,0,False
2,2026-04-09T22:00:00Z,2026-04-10T01:00:00+03:00,0,0,0,False
2,2026-04-09T23:00:00Z,2026-04-10T02:00:00+03:00,0,0,0,False
2,2026-04-10T00:00:00Z,2026-04-10T03:00:00+03:00,0,0,0,False
2,2026-04-10T01:00:00Z,2026-04-10T04:00:00+03:00,0,0,0,False
2,2026-04-10T02:00:00Z,2026-04-10T05:00:00+03:00,0,0,0,False
2,2026-04-10T03:00:00Z,2026-04-10T06:00:00+03:00,0,0,0,False
2,2026-04-10T04:00:00Z,2026-04-10T07:00:00+03:00,0,0,0,False
2,2026-04-10T05:00:00Z,2026-04-10T08:00:00+03:00,1,0,1,False
2,2026-04-10T06:00:00Z,2026-04-10T09:00:00+03:00,1,1,2,False
2,2026-04-10T07:00:00Z,2026-04-10T10:00:00+03:00,1,1,2,False
2,2026-04-10T08:00:00Z,2026-04-10T11:00:00+03:00,0,0,0,False
2,2026-04-10T09:00:00Z,2026-04-10T12:00:00+03:00,7,2,9,False
2,2026-04-10T10:00:00Z,2026-04-10T13:00:00+03:00,17,16,33,False
2,2026-04-10T11:00:00Z,2026-04-10T14:00:00+03:00,19,19,38,False
2,2026-04-10T12:00:00Z,2026-04-10T15:00:00+03:00,10,11,21,False
2,2026-04-10T13:00:00Z,2026-04-10T16:00:00+03:00,10,4,14,False
2,2026-04-10T14:00:00Z,2026-04-10T17:00:00+03:00,5,10,15,False
2,2026-04-10T15:00:00Z,2026-04-10T18:00:00+03:00,3,4,7,False
2,2026-04-10T16:00:00Z,2026-04-10T19:00:00+03:00,0,0,0,False
2,2026-04-10T17:00:00Z,2026-04-10T20:00:00+03:00,0,0,0,False
2,2026-04-10T18:00:00Z,2026-04-10T21:00:00+03:00,0,0,0,False
2,2026-04-10T19:00:00Z,2026-04-10T22:00:00+03:00,0,0,0,False
2,2026-04-10T20:00:00Z,2026-04-10T23:00:00+03:00,0,0,0,False
2,2026-04-10T21:00:00Z,2026-04-11T00:00:00+03:00,0,0,0,False
2,2026-04-10T22:00:00Z,2026-04-11T01:00:00+03:00,0,0,0,False
2,2026-04-10T23:00:00Z,2026-04-11T02:00:00+03:00,0,0,0,False
2,2026-04-11T00:00:00Z,2026-04-11T03:00:00+03:00,0,0,0,False
2,2026-04-11T01:00:00Z,2026-04-11T04:00:00+03:00,0,0,0,False
2,2026-04-11T02:00:00Z,2026-04-11T05:00:00+03:00,0,0,0,False
2,2026-04-11T03:00:00Z,2026-04-11T06:00:00+03:00,0,0,0,False
2,2026-04-11T04:00:00Z,2026-04-11T07:00:00+03:00,0,0,0,False
2,2026-04-11T05:00:00Z,2026-04-11T08:00:00+03:00,0,0,0,False
2,2026-04-11T06:00:00Z,2026-04-11T09:00:00+03:00,2,3,5,False
2,2026-04-11T07:00:00Z,2026-04-11T10:00:00+03:00,6,2,8,False
2,2026-04-11T08:00:00Z,2026-04-11T11:00:00+03:00,17,14,31,False
2,2026-04-11T09:00:00Z,2026-04-11T12:00:00+03:00,13,12,25,False
2,2026-04-11T10:00:00Z,2026-04-11T13:00:00+03:00,17,11,28,False
2,2026-04-11T11:00:00Z,2026-04-11T14:00:00+03:00,16,14,30,False
2,2026-04-11T12:00:00Z,2026-04-11T15:00:00+03:00,20,27,47,False
2,2026-04-11T13:00:00Z,2026-04-11T16:00:00+03:00,2,11,13,False
2,2026-04-11T14:00:00Z,2026-04-11T17:00:00+03:00,0,0,0,False
2,2026-04-11T15:00:00Z,2026-04-11T18:00:00+03:00,0,0,0,False
2,2026-04-11T16:00:00Z,2026-04-11T19:00:00+03:00,0,0,0,False
2,2026-04-11T17:00:00Z,2026-04-11T20:00:00+03:00,0,0,0,False
2,2026-04-11T18:00:00Z,2026-04-11T21:00:00+03:00,0,0,0,False
2,2026-04-11T19:00:00Z,2026-04-11T22:00:00+03:00,0,0,0,False
2,2026-04-11T20:00:00Z,2026-04-11T23:00:00+03:00,0,0,0,False
2,2026-04-11T21:00:00Z,2026-04-12T00:00:00+03:00,0,0,0,False
2,2026-04-11T22:00:00Z,2026-04-12T01:00:00+03:00,0,0,0,False
2,2026-04-11T23:00:00Z,2026-04-12T02:00:00+03:00,0,0,0,False
2,2026-04-12T00:00:00Z,2026-04-12T03:00:00+03:00,0,0,0,False
2,2026-04-12T01:00:00Z,2026-04-12T04:00:00+03:00,0,0,0,False
2,2026-04-12T02:00:00Z,2026-04-12T05:00:00+03:00,0,0,0,False
2,2026-04-12T03:00:00Z,2026-04-12T06:00:00+03:00,0,0,0,False
2,2026-04-12T04:00:00Z,2026-04-12T07:00:00+03:00,0,0,0,False
2,2026-04-12T05:00:00Z,2026-04-12T08:00:00+03:00,0,0,0,False
2,2026-04-12T06:00:00Z,2026-04-12T09:00:00+03:00,1,2,3,False
2,2026-04-12T07:00:00Z,2026-04-12T10:00:00+03:00,0,0,0,False
2,2026-04-12T08:00:00Z,2026-04-12T11:00:00+03:00,3,3,6,False
2,2026-04-12T09:00:00Z,2026-04-12T12:00:00+03:00,9,1,10,False
2,2026-04-12T10:00:00Z,2026-04-12T13:00:00+03:00,12,10,22,False
2,2026-04-12T11:00:00Z,2026-04-12T14:00:00+03:00,6,6,12,False
2,2026-04-12T12:00:00Z,2026-04-12T15:00:00+03:00,6,12,18,False
2,2026-04-12T13:00:00Z,2026-04-12T16:00:00+03:00,5,3,8,False
2,2026-04-12T14:00:00Z,2026-04-12T17:00:00+03:00,1,5,6,False
2,2026-04-12T15:00:00Z,2026-04-12T18:00:00+03:00,0,0,0,False
2,2026-04-12T16:00:00Z,2026-04-12T19:00:00+03:00,0,0,0,False
2,2026-04-12T17:00:00Z,2026-04-12T20:00:00+03:00,0,0,0,False
2,2026-04-12T18:00:00Z,2026-04-12T21:00:00+03:00,0,0,0,False
2,2026-04-12T19:00:00Z,2026-04-12T22:00:00+03:00,0,0,0,False
2,2026-04-12T20:00:00Z,2026-04-12T23:00:00+03:00,0,0,0,False
2,2026-04-12T21:00:00Z,2026-04-13T00:00:00+03:00,0,0,0,False
2,2026-04-12T22:00:00Z,2026-04-13T01:00:00+03:00,0,0,0,False
2,2026-04-12T23:00:00Z,2026-04-13T02:00:00+03:00,0,0,0,False
2,2026-04-13T00:00:00Z,2026-04-13T03:00:00+03:00,0,0,0,False
2,2026-04-13T01:00:00Z,2026-04-13T04:00:00+03:00,0,0,0,False
2,2026-04-13T02:00:00Z,2026-04-13T05:00:00+03:00,2,1,3,False
2,2026-04-13T03:00:00Z,2026-04-13T06:00:00+03:00,0,0,0,False
2,2026-04-13T04:00:00Z,2026-04-13T07:00:00+03:00,0,0,0,False
2,2026-04-13T05:00:00Z,2026-04-13T08:00:00+03:00,0,1,1,False
2,2026-04-13T06:00:00Z,2026-04-13T09:00:00+03:00,4,5,9,False
2,2026-04-13T07:00:00Z,2026-04-13T10:00:00+03:00,3,3,6,False
2,2026-04-13T08:00:00Z,2026-04-13T11:00:00+03:00,0,3,3,False
2,2026-04-13T09:00:00Z,2026-04-13T12:00:00+03:00,0,0,0,False
2,2026-04-13T10:00:00Z,2026-04-13T13:00:00+03:00,0,0,0,False
2,2026-04-13T11:00:00Z,2026-04-13T14:00:00+03:00,1,1,2,False
2,2026-04-13T12:00:00Z,2026-04-13T15:00:00+03:00,1,3,4,False
2,2026-04-13T13:00:00Z,2026-04-13T16:00:00+03:00,0,1,1,False
2,2026-04-13T14:00:00Z,2026-04-13T17:00:00+03:00,0,0,0,False
2,2026-04-13T15:00:00Z,2026-04-13T18:00:00+03:00,0,0,0,False
2,2026-04-13T16:00:00Z,2026-04-13T19:00:00+03:00,1,1,2,False
2,2026-04-13T17:00:00Z,2026-04-13T20:00:00+03:00,0,0,0,False
2,2026-04-13T18:00:00Z,2026-04-13T21:00:00+03:00,0,0,0,False
2,2026-04-13T19:00:00Z,2026-04-13T22:00:00+03:00,0,0,0,False
2,2026-04-13T20:00:00Z,2026-04-13T23:00:00+03:00,0,0,0,False
2,2026-04-13T21:00:00Z,2026-04-14T00:00:00+03:00,0,0,0,False
2,2026-04-13T22:00:00Z,2026-04-14T01:00:00+03:00,0,0,0,False
2,2026-04-13T23:00:00Z,2026-04-14T02:00:00+03:00,0,0,0,False
2,2026-04-14T00:00:00Z,2026-04-14T03:00:00+03:00,0,0,0,False
2,2026-04-14T01:00:00Z,2026-04-14T04:00:00+03:00,0,0,0,False
2,2026-04-14T02:00:00Z,2026-04-14T05:00:00+03:00,0,0,0,False
2,2026-04-14T03:00:00Z,2026-04-14T06:00:00+03:00,0,0,0,False
2,2026-04-14T04:00:00Z,2026-04-14T07:00:00+03:00,0,0,0,False
2,2026-04-14T05:00:00Z,2026-04-14T08:00:00+03:00,0,0,0,False
2,2026-04-14T06:00:00Z,2026-04-14T09:00:00+03:00,3,1,4,False
2,2026-04-14T07:00:00Z,2026-04-14T10:00:00+03:00,0,0,0,False
2,2026-04-14T08:00:00Z,2026-04-14T11:00:00+03:00,2,3,5,False
2,2026-04-14T09:00:00Z,2026-04-14T12:00:00+03:00,51,50,101,False
2,2026-04-14T10:00:00Z,2026-04-14T13:00:00+03:00,48,44,92,False
2,2026-04-14T11:00:00Z,2026-04-14T14:00:00+03:00,23,6,29,False
2,2026-04-14T12:00:00Z,2026-04-14T15:00:00+03:00,6,24,30,False
2,2026-04-14T13:00:00Z,2026-04-14T16:00:00+03:00,6,8,14,False
2,2026-04-14T14:00:00Z,2026-04-14T17:00:00+03:00,8,6,14,False
2,2026-04-14T15:00:00Z,2026-04-14T18:00:00+03:00,2,7,9,False
2,2026-04-14T16:00:00Z,2026-04-14T19:00:00+03:00,0,0,0,False
2,2026-04-14T17:00:00Z,2026-04-14T20:00:00+03:00,0,0,0,False
2,2026-04-14T18:00:00Z,2026-04-14T21:00:00+03:00,0,0,0,False
2,2026-04-14T19:00:00Z,2026-04-14T22:00:00+03:00,0,0,0,False
2,2026-04-14T20:00:00Z,2026-04-14T23:00:00+03:00,0,0,0,False
2,2026-04-14T21:00:00Z,2026-04-15T00:00:00+03:00,0,0,0,False
2,2026-04-14T22:00:00Z,2026-04-15T01:00:00+03:00,0,0,0,False
2,2026-04-14T23:00:00Z,2026-04-15T02:00:00+03:00,0,0,0,False
2,2026-04-15T00:00:00Z,2026-04-15T03:00:00+03:00,0,0,0,False
2,2026-04-15T01:00:00Z,2026-04-15T04:00:00+03:00,0,0,0,False
2,2026-04-15T02:00:00Z,2026-04-15T05:00:00+03:00,0,0,0,False
2,2026-04-15T03:00:00Z,2026-04-15T06:00:00+03:00,0,0,0,False
2,2026-04-15T04:00:00Z,2026-04-15T07:00:00+03:00,0,0,0,False
2,2026-04-15T05:00:00Z,2026-04-15T08:00:00+03:00,2,0,2,False
2,2026-04-15T06:00:00Z,2026-04-15T09:00:00+03:00,2,3,5,False
2,2026-04-15T07:00:00Z,2026-04-15T10:00:00+03:00,2,0,2,False
2,2026-04-15T08:00:00Z,2026-04-15T11:00:00+03:00,0,0,0,False
2,2026-04-15T09:00:00Z,2026-04-15T12:00:00+03:00,0,1,1,False
2,2026-04-15T10:00:00Z,2026-04-15T13:00:00+03:00,3,2,5,False
2,2026-04-15T11:00:00Z,2026-04-15T14:00:00+03:00,9,4,13,False
2,2026-04-15T12:00:00Z,2026-04-15T15:00:00+03:00,5,6,11,False
2,2026-04-15T13:00:00Z,2026-04-15T16:00:00+03:00,3,9,12,False
2,2026-04-15T14:00:00Z,2026-04-15T17:00:00+03:00,1,1,2,False
2,2026-04-15T15:00:00Z,2026-04-15T18:00:00+03:00,0,0,0,False
2,2026-04-15T16:00:00Z,2026-04-15T19:00:00+03:00,0,0,0,False
2,2026-04-15T17:00:00Z,2026-04-15T20:00:00+03:00,0,0,0,False
2,2026-04-15T18:00:00Z,2026-04-15T21:00:00+03:00,0,0,0,False
2,2026-04-15T19:00:00Z,2026-04-15T22:00:00+03:00,0,0,0,False
2,2026-04-15T20:00:00Z,2026-04-15T23:00:00+03:00,0,0,0,False
2,2026-04-15T21:00:00Z,2026-04-16T00:00:00+03:00,0,0,0,False
2,2026-04-15T22:00:00Z,2026-04-16T01:00:00+03:00,0,0,0,False
2,2026-04-15T23:00:00Z,2026-04-16T02:00:00+03:00,0,0,0,False
2,2026-04-16T00:00:00Z,2026-04-16T03:00:00+03:00,0,0,0,False
2,2026-04-16T01:00:00Z,2026-04-16T04:00:00+03:00,0,0,0,False
2,2026-04-16T02:00:00Z,2026-04-16T05:00:00+03:00,0,0,0,False
2,2026-04-16T03:00:00Z,2026-04-16T06:00:00+03:00,1,1,2,False
2,2026-04-16T04:00:00Z,2026-04-16T07:00:00+03:00,0,0,0,False
2,2026-04-16T05:00:00Z,2026-04-16T08:00:00+03:00,1,0,1,False
2,2026-04-16T06:00:00Z,2026-04-16T09:00:00+03:00,0,1,1,False
2,2026-04-16T07:00:00Z,2026-04-16T10:00:00+03:00,3,0,3,False
2,2026-04-16T08:00:00Z,2026-04-16T11:00:00+03:00,2,2,4,False
2,2026-04-16T09:00:00Z,2026-04-16T12:00:00+03:00,13,7,20,False
2,2026-04-16T10:00:00Z,2026-04-16T13:00:00+03:00,10,19,29,False
2,2026-04-16T11:00:00Z,2026-04-16T14:00:00+03:00,27,18,45,False
2,2026-04-16T12:00:00Z,2026-04-16T15:00:00+03:00,29,13,42,False
2,2026-04-16T13:00:00Z,2026-04-16T16:00:00+03:00,4,4,8,False
2,2026-04-16T14:00:00Z,2026-04-16T17:00:00+03:00,0,0,0,False
2,2026-04-16T15:00:00Z,2026-04-16T18:00:00+03:00,0,0,0,False
2,2026-04-16T16:00:00Z,2026-04-16T19:00:00+03:00,0,0,0,False
2,2026-04-16T17:00:00Z,2026-04-16T20:00:00+03:00,1,1,2,False
2,2026-04-16T18:00:00Z,2026-04-16T21:00:00+03:00,0,0,0,False
2,2026-04-16T19:00:00Z,2026-04-16T22:00:00+03:00,0,0,0,False
2,2026-04-16T20:00:00Z,2026-04-16T23:00:00+03:00,0,0,0,False
2,2026-04-16T21:00:00Z,2026-04-17T00:00:00+03:00,0,0,0,False
2,2026-04-16T22:00:00Z,2026-04-17T01:00:00+03:00,0,0,0,False
2,2026-04-16T23:00:00Z,2026-04-17T02:00:00+03:00,0,0,0,False
2,2026-04-17T00:00:00Z,2026-04-17T03:00:00+03:00,0,0,0,False
2,2026-04-17T01:00:00Z,2026-04-17T04:00:00+03:00,0,0,0,False
2,2026-04-17T02:00:00Z,2026-04-17T05:00:00+03:00,0,0,0,False
2,2026-04-17T03:00:00Z,2026-04-17T06:00:00+03:00,0,0,0,False
2,2026-04-17T04:00:00Z,2026-04-17T07:00:00+03:00,0,0,0,False
2,2026-04-17T05:00:00Z,2026-04-17T08:00:00+03:00,1,1,2,False
2,2026-04-17T06:00:00Z,2026-04-17T09:00:00+03:00,0,0,0,False
2,2026-04-17T07:00:00Z,2026-04-17T10:00:00+03:00,0,0,0,False
2,2026-04-17T08:00:00Z,2026-04-17T11:00:00+03:00,0,4,4,False
2,2026-04-17T09:00:00Z,2026-04-17T12:00:00+03:00,4,6,10,False
2,2026-04-17T10:00:00Z,2026-04-17T13:00:00+03:00,2,4,6,False
2,2026-04-17T11:00:00Z,2026-04-17T14:00:00+03:00,4,2,6,False
2,2026-04-17T12:00:00Z,2026-04-17T15:00:00+03:00,9,3,12,False
2,2026-04-17T13:00:00Z,2026-04-17T16:00:00+03:00,18,14,32,False
2,2026-04-17T14:00:00Z,2026-04-17T17:00:00+03:00,5,14,19,False
2,2026-04-17T15:00:00Z,2026-04-17T18:00:00+03:00,4,5,9,False
2,2026-04-17T16:00:00Z,2026-04-17T19:00:00+03:00,1,1,2,False
2,2026-04-17T17:00:00Z,2026-04-17T20:00:00+03:00,1,1,2,False
2,2026-04-17T18:00:00Z,2026-04-17T21:00:00+03:00,0,0,0,False
2,2026-04-17T19:00:00Z,2026-04-17T22:00:00+03:00,0,0,0,False
2,2026-04-17T20:00:00Z,2026-04-17T23:00:00+03:00,0,0,0,False
2,2026-04-17T21:00:00Z,2026-04-18T00:00:00+03:00,0,0,0,False
2,2026-04-17T22:00:00Z,2026-04-18T01:00:00+03:00,0,0,0,False
2,2026-04-17T23:00:00Z,2026-04-18T02:00:00+03:00,0,0,0,False
2,2026-04-18T00:00:00Z,2026-04-18T03:00:00+03:00,0,0,0,False
2,2026-04-18T01:00:00Z,2026-04-18T04:00:00+03:00,0,0,0,False
2,2026-04-18T02:00:00Z,2026-04-18T05:00:00+03:00,0,0,0,False
2,2026-04-18T03:00:00Z,2026-04-18T06:00:00+03:00,0,0,0,False
2,2026-04-18T04:00:00Z,2026-04-18T07:00:00+03:00,0,0,0,False
2,2026-04-18T05:00:00Z,2026-04-18T08:00:00+03:00,0,0,0,False
2,2026-04-18T06:00:00Z,2026-04-18T09:00:00+03:00,0,0,0,False
2,2026-04-18T07:00:00Z,2026-04-18T10:00:00+03:00,3,2,5,False
2,2026-04-18T08:00:00Z,2026-04-18T11:00:00+03:00,0,0,0,False
2,2026-04-18T09:00:00Z,2026-04-18T12:00:00+03:00,0,0,0,False
2,2026-04-18T10:00:00Z,2026-04-18T13:00:00+03:00,0,0,0,False
2,2026-04-18T11:00:00Z,2026-04-18T14:00:00+03:00,0,0,0,False
2,2026-04-18T12:00:00Z,2026-04-18T15:00:00+03:00,0,0,0,False
2,2026-04-18T13:00:00Z,2026-04-18T16:00:00+03:00,0,0,0,False
2,2026-04-18T14:00:00Z,2026-04-18T17:00:00+03:00,0,0,0,False
2,2026-04-18T15:00:00Z,2026-04-18T18:00:00+03:00,0,0,0,False
2,2026-04-18T16:00:00Z,2026-04-18T19:00:00+03:00,0,0,0,False
2,2026-04-18T17:00:00Z,2026-04-18T20:00:00+03:00,0,0,0,False
2,2026-04-18T18:00:00Z,2026-04-18T21:00:00+03:00,0,0,0,False
2,2026-04-18T19:00:00Z,2026-04-18T22:00:00+03:00,0,0,0,False
2,2026-04-18T20:00:00Z,2026-04-18T23:00:00+03:00,0,0,0,False
2,2026-04-18T21:00:00Z,2026-04-19T00:00:00+03:00,0,0,0,False
2,2026-04-18T22:00:00Z,2026-04-19T01:00:00+03:00,0,0,0,False
2,2026-04-18T23:00:00Z,2026-04-19T02:00:00+03:00,0,0,0,False
2,2026-04-19T00:00:00Z,2026-04-19T03:00:00+03:00,0,0,0,False
2,2026-04-19T01:00:00Z,2026-04-19T04:00:00+03:00,0,0,0,False
2,2026-04-19T02:00:00Z,2026-04-19T05:00:00+03:00,0,0,0,False
2,2026-04-19T03:00:00Z,2026-04-19T06:00:00+03:00,0,0,0,False
2,2026-04-19T04:00:00Z,2026-04-19T07:00:00+03:00,0,0,0,False
2,2026-04-19T05:00:00Z,2026-04-19T08:00:00+03:00,0,0,0,False
2,2026-04-19T06:00:00Z,2026-04-19T09:00:00+03:00,0,0,0,False
2,2026-04-19T07:00:00Z,2026-04-19T10:00:00+03:00,0,0,0,False
2,2026-04-19T08:00:00Z,2026-04-19T11:00:00+03:00,12,9,21,False
2,2026-04-19T09:00:00Z,2026-04-19T12:00:00+03:00,21,14,35,False
2,2026-04-19T10:00:00Z,2026-04-19T13:00:00+03:00,14,11,25,False
2,2026-04-19T11:00:00Z,2026-04-19T14:00:00+03:00,7,12,19,False
2,2026-04-19T12:00:00Z,2026-04-19T15:00:00+03:00,4,8,12,False
2,2026-04-19T13:00:00Z,2026-04-19T16:00:00+03:00,4,6,10,False
2,2026-04-19T14:00:00Z,2026-04-19T17:00:00+03:00,0,0,0,False
2,2026-04-19T15:00:00Z,2026-04-19T18:00:00+03:00,0,0,0,False
2,2026-04-19T16:00:00Z,2026-04-19T19:00:00+03:00,0,0,0,False
2,2026-04-19T17:00:00Z,2026-04-19T20:00:00+03:00,0,0,0,False
2,2026-04-19T18:00:00Z,2026-04-19T21:00:00+03:00,0,0,0,False
2,2026-04-19T19:00:00Z,2026-04-19T22:00:00+03:00,0,0,0,False
2,2026-04-19T20:00:00Z,2026-04-19T23:00:00+03:00,0,0,0,False
2,2026-04-19T21:00:00Z,2026-04-20T00:00:00+03:00,0,0,0,False
2,2026-04-19T22:00:00Z,2026-04-20T01:00:00+03:00,0,0,0,False
2,2026-04-19T23:00:00Z,2026-04-20T02:00:00+03:00,0,0,0,False
2,2026-04-20T00:00:00Z,2026-04-20T03:00:00+03:00,0,0,0,False
2,2026-04-20T01:00:00Z,2026-04-20T04:00:00+03:00,0,0,0,False
2,2026-04-20T02:00:00Z,2026-04-20T05:00:00+03:00,0,0,0,False
2,2026-04-20T03:00:00Z,2026-04-20T06:00:00+03:00,0,0,0,False
2,2026-04-20T04:00:00Z,2026-04-20T07:00:00+03:00,1,0,1,False
2,2026-04-20T05:00:00Z,2026-04-20T08:00:00+03:00,1,1,2,False
2,2026-04-20T06:00:00Z,2026-04-20T09:00:00+03:00,0,2,2,False
2,2026-04-20T07:00:00Z,2026-04-20T10:00:00+03:00,1,0,1,False
2,2026-04-20T08:00:00Z,2026-04-20T11:00:00+03:00,0,3,3,False
2,2026-04-20T09:00:00Z,2026-04-20T12:00:00+03:00,0,0,0,False
2,2026-04-20T10:00:00Z,2026-04-20T13:00:00+03:00,3,2,5,False
2,2026-04-20T11:00:00Z,2026-04-20T14:00:00+03:00,0,1,1,False
2,2026-04-20T12:00:00Z,2026-04-20T15:00:00+03:00,0,2,2,False
2,2026-04-20T13:00:00Z,2026-04-20T16:00:00+03:00,0,0,0,False
2,2026-04-20T14:00:00Z,2026-04-20T17:00:00+03:00,1,0,1,False
2,2026-04-20T15:00:00Z,2026-04-20T18:00:00+03:00,0,0,0,False
2,2026-04-20T16:00:00Z,2026-04-20T19:00:00+03:00,0,1,1,False
2,2026-04-20T17:00:00Z,2026-04-20T20:00:00+03:00,0,0,0,False
2,2026-04-20T18:00:00Z,2026-04-20T21:00:00+03:00,0,0,0,False
2,2026-04-20T19:00:00Z,2026-04-20T22:00:00+03:00,0,0,0,False
2,2026-04-20T20:00:00Z,2026-04-20T23:00:00+03:00,0,0,0,False
2,2026-04-20T21:00:00Z,2026-04-21T00:00:00+03:00,0,0,0,False
2,2026-04-20T22:00:00Z,2026-04-21T01:00:00+03:00,0,0,0,False
2,2026-04-20T23:00:00Z,2026-04-21T02:00:00+03:00,0,0,0,False
2,2026-04-21T00:00:00Z,2026-04-21T03:00:00+03:00,0,0,0,False
2,2026-04-21T01:00:00Z,2026-04-21T04:00:00+03:00,0,0,0,False
2,2026-04-21T02:00:00Z,2026-04-21T05:00:00+03:00,0,0,0,False
2,2026-04-21T03:00:00Z,2026-04-21T06:00:00+03:00,0,0,0,False
2,2026-04-21T04:00:00Z,2026-04-21T07:00:00+03:00,0,0,0,False
2,2026-04-21T05:00:00Z,2026-04-21T08:00:00+03:00,1,0,1,False
2,2026-04-21T06:00:00Z,2026-04-21T09:00:00+03:00,4,6,10,False
2,2026-04-21T07:00:00Z,2026-04-21T10:00:00+03:00,0,1,1,False
2,2026-04-21T08:00:00Z,2026-04-21T11:00:00+03:00,4,1,5,False
2,2026-04-21T09:00:00Z,2026-04-21T12:00:00+03:00,14,3,17,False
2,2026-04-21T10:00:00Z,2026-04-21T13:00:00+03:00,0,12,12,False
2,2026-04-21T11:00:00Z,2026-04-21T14:00:00+03:00,0,2,2,False
2,2026-04-21T12:00:00Z,2026-04-21T15:00:00+03:00,0,0,0,False
2,2026-04-21T13:00:00Z,2026-04-21T16:00:00+03:00,0,1,1,False
2,2026-04-21T14:00:00Z,2026-04-21T17:00:00+03:00,0,0,0,False
2,2026-04-21T15:00:00Z,2026-04-21T18:00:00+03:00,0,0,0,False
2,2026-04-21T16:00:00Z,2026-04-21T19:00:00+03:00,0,2,2,False
2,2026-04-21T17:00:00Z,2026-04-21T20:00:00+03:00,0,0,0,False
2,2026-04-21T18:00:00Z,2026-04-21T21:00:00+03:00,0,0,0,False
2,2026-04-21T19:00:00Z,2026-04-21T22:00:00+03:00,0,0,0,False
2,2026-04-21T20:00:00Z,2026-04-21T23:00:00+03:00,0,0,0,False
2,2026-04-21T21:00:00Z,2026-04-22T00:00:00+03:00,0,0,0,False
2,2026-04-21T22:00:00Z,2026-04-22T01:00:00+03:00,0,0,0,False
2,2026-04-21T23:00:00Z,2026-04-22T02:00:00+03:00,0,0,0,False
2,2026-04-22T00:00:00Z,2026-04-22T03:00:00+03:00,0,0,0,False
2,2026-04-22T01:00:00Z,2026-04-22T04:00:00+03:00,0,0,0,False
2,2026-04-22T02:00:00Z,2026-04-22T05:00:00+03:00,0,0,0,False
2,2026-04-22T03:00:00Z,2026-04-22T06:00:00+03:00,0,0,0,False
2,2026-04-22T04:00:00Z,2026-04-22T07:00:00+03:00,0,0,0,False
2,2026-04-22T05:00:00Z,2026-04-22T08:00:00+03:00,1,1,2,False
2,2026-04-22T06:00:00Z,2026-04-22T09:00:00+03:00,3,2,5,False
2,2026-04-22T07:00:00Z,2026-04-22T10:00:00+03:00,1,3,4,False
2,2026-04-22T08:00:00Z,2026-04-22T11:00:00+03:00,0,1,1,False
2,2026-04-22T09:00:00Z,2026-04-22T12:00:00+03:00,40,4,44,False
2,2026-04-22T10:00:00Z,2026-04-22T13:00:00+03:00,18,43,61,False
2,2026-04-22T11:00:00Z,2026-04-22T14:00:00+03:00,15,23,38,False
2,2026-04-22T12:00:00Z,2026-04-22T15:00:00+03:00,12,13,25,False
2,2026-04-22T13:00:00Z,2026-04-22T16:00:00+03:00,2,5,7,False
2,2026-04-22T14:00:00Z,2026-04-22T17:00:00+03:00,0,0,0,False
2,2026-04-22T15:00:00Z,2026-04-22T18:00:00+03:00,0,0,0,False
2,2026-04-22T16:00:00Z,2026-04-22T19:00:00+03:00,0,0,0,False
2,2026-04-22T17:00:00Z,2026-04-22T20:00:00+03:00,0,0,0,False
2,2026-04-22T18:00:00Z,2026-04-22T21:00:00+03:00,0,0,0,False
2,2026-04-22T19:00:00Z,2026-04-22T22:00:00+03:00,0,0,0,False
2,2026-04-22T20:00:00Z,2026-04-22T23:00:00+03:00,0,0,0,False
2,2026-04-22T21:00:00Z,2026-04-23T00:00:00+03:00,0,0,0,False
2,2026-04-22T22:00:00Z,2026-04-23T01:00:00+03:00,0,0,0,False
2,2026-04-22T23:00:00Z,2026-04-23T02:00:00+03:00,0,0,0,False
2,2026-04-23T00:00:00Z,2026-04-23T03:00:00+03:00,0,0,0,False
2,2026-04-23T01:00:00Z,2026-04-23T04:00:00+03:00,0,0,0,False
2,2026-04-23T02:00:00Z,2026-04-23T05:00:00+03:00,0,0,0,False
2,2026-04-23T03:00:00Z,2026-04-23T06:00:00+03:00,0,0,0,False
2,2026-04-23T04:00:00Z,2026-04-23T07:00:00+03:00,1,1,2,False
2,2026-04-23T05:00:00Z,2026-04-23T08:00:00+03:00,3,1,4,False
2,2026-04-23T06:00:00Z,2026-04-23T09:00:00+03:00,5,3,8,False
2,2026-04-23T07:00:00Z,2026-04-23T10:00:00+03:00,1,1,2,False
2,2026-04-23T08:00:00Z,2026-04-23T11:00:00+03:00,1,1,2,False
2,2026-04-23T09:00:00Z,2026-04-23T12:00:00+03:00,0,0,0,False
2,2026-04-23T10:00:00Z,2026-04-23T13:00:00+03:00,2,3,5,False
2,2026-04-23T11:00:00Z,2026-04-23T14:00:00+03:00,1,1,2,False
2,2026-04-23T12:00:00Z,2026-04-23T15:00:00+03:00,0,1,1,False
2,2026-04-23T13:00:00Z,2026-04-23T16:00:00+03:00,0,0,0,False
2,2026-04-23T14:00:00Z,2026-04-23T17:00:00+03:00,0,1,1,False
2,2026-04-23T15:00:00Z,2026-04-23T18:00:00+03:00,0,0,0,False
2,2026-04-23T16:00:00Z,2026-04-23T19:00:00+03:00,0,0,0,False
2,2026-04-23T17:00:00Z,2026-04-23T20:00:00+03:00,0,0,0,False
2,2026-04-23T18:00:00Z,2026-04-23T21:00:00+03:00,0,0,0,False
2,2026-04-23T19:00:00Z,2026-04-23T22:00:00+03:00,0,0,0,False
2,2026-04-23T20:00:00Z,2026-04-23T23:00:00+03:00,0,0,0,False
2,2026-04-23T21:00:00Z,2026-04-24T00:00:00+03:00,0,0,0,False
2,2026-04-23T22:00:00Z,2026-04-24T01:00:00+03:00,0,0,0,False
2,2026-04-23T23:00:00Z,2026-04-24T02:00:00+03:00,0,0,0,False
2,2026-04-24T00:00:00Z,2026-04-24T03:00:00+03:00,0,0,0,False
2,2026-04-24T01:00:00Z,2026-04-24T04:00:00+03:00,0,0,0,False
2,2026-04-24T02:00:00Z,2026-04-24T05:00:00+03:00,1,2,3,False
2,2026-04-24T03:00:00Z,2026-04-24T06:00:00+03:00,0,0,0,False
2,2026-04-24T04:00:00Z,2026-04-24T07:00:00+03:00,0,0,0,False
2,2026-04-24T05:00:00Z,2026-04-24T08:00:00+03:00,0,0,0,False
2,2026-04-24T06:00:00Z,2026-04-24T09:00:00+03:00,0,0,0,False
2,2026-04-24T07:00:00Z,2026-04-24T10:00:00+03:00,1,2,3,False
2,2026-04-24T08:00:00Z,2026-04-24T11:00:00+03:00,2,1,3,False
2,2026-04-24T09:00:00Z,2026-04-24T12:00:00+03:00,8,8,16,False
2,2026-04-24T10:00:00Z,2026-04-24T13:00:00+03:00,26,8,34,False
2,2026-04-24T11:00:00Z,2026-04-24T14:00:00+03:00,17,28,45,False
2,2026-04-24T12:00:00Z,2026-04-24T15:00:00+03:00,22,18,40,False
2,2026-04-24T13:00:00Z,2026-04-24T16:00:00+03:00,4,19,23,False
2,2026-04-24T14:00:00Z,2026-04-24T17:00:00+03:00,7,3,10,False
2,2026-04-24T15:00:00Z,2026-04-24T18:00:00+03:00,4,4,8,False
2,2026-04-24T16:00:00Z,2026-04-24T19:00:00+03:00,0,0,0,False
2,2026-04-24T17:00:00Z,2026-04-24T20:00:00+03:00,0,0,0,False
2,2026-04-24T18:00:00Z,2026-04-24T21:00:00+03:00,0,0,0,False
2,2026-04-24T19:00:00Z,2026-04-24T22:00:00+03:00,0,0,0,False
2,2026-04-24T20:00:00Z,2026-04-24T23:00:00+03:00,0,0,0,False
2,2026-04-24T21:00:00Z,2026-04-25T00:00:00+03:00,0,0,0,False
2,2026-04-24T22:00:00Z,2026-04-25T01:00:00+03:00,0,0,0,False
2,2026-04-24T23:00:00Z,2026-04-25T02:00:00+03:00,0,0,0,False
2,2026-04-25T00:00:00Z,2026-04-25T03:00:00+03:00,0,0,0,False
2,2026-04-25T01:00:00Z,2026-04-25T04:00:00+03:00,0,0,0,False
2,2026-04-25T02:00:00Z,2026-04-25T05:00:00+03:00,0,0,0,False
2,2026-04-25T03:00:00Z,2026-04-25T06:00:00+03:00,0,0,0,False
2,2026-04-25T04:00:00Z,2026-04-25T07:00:00+03:00,0,0,0,False
2,2026-04-25T05:00:00Z,2026-04-25T08:00:00+03:00,0,0,0,False
2,2026-04-25T06:00:00Z,2026-04-25T09:00:00+03:00,2,2,4,False
2,2026-04-25T07:00:00Z,2026-04-25T10:00:00+03:00,1,0,1,False
2,2026-04-25T08:00:00Z,2026-04-25T11:00:00+03:00,28,13,41,False
2,2026-04-25T09:00:00Z,2026-04-25T12:00:00+03:00,26,21,47,False
2,2026-04-25T10:00:00Z,2026-04-25T13:00:00+03:00,15,20,35,False
2,2026-04-25T11:00:00Z,2026-04-25T14:00:00+03:00,10,10,20,False
2,2026-04-25T12:00:00Z,2026-04-25T15:00:00+03:00,8,18,26,False
2,2026-04-25T13:00:00Z,2026-04-25T16:00:00+03:00,5,2,7,False
2,2026-04-25T14:00:00Z,2026-04-25T17:00:00+03:00,1,1,2,False
2,2026-04-25T15:00:00Z,2026-04-25T18:00:00+03:00,0,0,0,False
2,2026-04-25T16:00:00Z,2026-04-25T19:00:00+03:00,0,0,0,False
2,2026-04-25T17:00:00Z,2026-04-25T20:00:00+03:00,0,0,0,False
2,2026-04-25T18:00:00Z,2026-04-25T21:00:00+03:00,0,0,0,False
2,2026-04-25T19:00:00Z,2026-04-25T22:00:00+03:00,0,0,0,False
2,2026-04-25T20:00:00Z,2026-04-25T23:00:00+03:00,0,0,0,False
2,2026-04-25T21:00:00Z,2026-04-26T00:00:00+03:00,0,0,0,False
2,2026-04-25T22:00:00Z,2026-04-26T01:00:00+03:00,0,0,0,False
2,2026-04-25T23:00:00Z,2026-04-26T02:00:00+03:00,0,0,0,False
2,2026-04-26T00:00:00Z,2026-04-26T03:00:00+03:00,0,0,0,False
2,2026-04-26T01:00:00Z,2026-04-26T04:00:00+03:00,0,0,0,False
2,2026-04-26T02:00:00Z,2026-04-26T05:00:00+03:00,0,0,0,False
2,2026-04-26T03:00:00Z,2026-04-26T06:00:00+03:00,0,0,0,False
2,2026-04-26T04:00:00Z,2026-04-26T07:00:00+03:00,1,1,2,False
2,2026-04-26T05:00:00Z,2026-04-26T08:00:00+03:00,0,0,0,False
2,2026-04-26T06:00:00Z,2026-04-26T09:00:00+03:00,0,0,0,False
2,2026-04-26T07:00:00Z,2026-04-26T10:00:00+03:00,3,1,4,False
2,2026-04-26T08:00:00Z,2026-04-26T11:00:00+03:00,16,6,22,False
2,2026-04-26T09:00:00Z,2026-04-26T12:00:00+03:00,7,14,21,False
2,2026-04-26T10:00:00Z,2026-04-26T13:00:00+03:00,9,7,16,False
2,2026-04-26T11:00:00Z,2026-04-26T14:00:00+03:00,11,9,20,False
2,2026-04-26T12:00:00Z,2026-04-26T15:00:00+03:00,6,5,11,False
2,2026-04-26T13:00:00Z,2026-04-26T16:00:00+03:00,6,12,18,False
2,2026-04-26T14:00:00Z,2026-04-26T17:00:00+03:00,1,1,2,False
2,2026-04-26T15:00:00Z,2026-04-26T18:00:00+03:00,0,0,0,False
2,2026-04-26T16:00:00Z,2026-04-26T19:00:00+03:00,0,0,0,False
2,2026-04-26T17:00:00Z,2026-04-26T20:00:00+03:00,0,0,0,False
2,2026-04-26T18:00:00Z,2026-04-26T21:00:00+03:00,0,0,0,False
2,2026-04-26T19:00:00Z,2026-04-26T22:00:00+03:00,0,0,0,False
2,2026-04-26T20:00:00Z,2026-04-26T23:00:00+03:00,0,0,0,False
2,2026-04-26T21:00:00Z,2026-04-27T00:00:00+03:00,0,0,0,False
2,2026-04-26T22:00:00Z,2026-04-27T01:00:00+03:00,0,0,0,False
2,2026-04-26T23:00:00Z,2026-04-27T02:00:00+03:00,0,0,0,False
2,2026-04-27T00:00:00Z,2026-04-27T03:00:00+03:00,0,0,0,False
2,2026-04-27T01:00:00Z,2026-04-27T04:00:00+03:00,0,0,0,False
2,2026-04-27T02:00:00Z,2026-04-27T05:00:00+03:00,0,0,0,False
2,2026-04-27T03:00:00Z,2026-04-27T06:00:00+03:00,2,2,4,False
2,2026-04-27T04:00:00Z,2026-04-27T07:00:00+03:00,1,1,2,False
2,2026-04-27T05:00:00Z,2026-04-27T08:00:00+03:00,2,1,3,False
2,2026-04-27T06:00:00Z,2026-04-27T09:00:00+03:00,2,3,5,False
2,2026-04-27T07:00:00Z,2026-04-27T10:00:00+03:00,2,0,2,False
2,2026-04-27T08:00:00Z,2026-04-27T11:00:00+03:00,0,1,1,False
2,2026-04-27T09:00:00Z,2026-04-27T12:00:00+03:00,7,6,13,False
2,2026-04-27T10:00:00Z,2026-04-27T13:00:00+03:00,1,1,2,False
2,2026-04-27T11:00:00Z,2026-04-27T14:00:00+03:00,3,1,4,False
2,2026-04-27T12:00:00Z,2026-04-27T15:00:00+03:00,12,13,25,False
2,2026-04-27T13:00:00Z,2026-04-27T16:00:00+03:00,2,3,5,False
2,2026-04-27T14:00:00Z,2026-04-27T17:00:00+03:00,0,1,1,False
2,2026-04-27T15:00:00Z,2026-04-27T18:00:00+03:00,0,0,0,False
2,2026-04-27T16:00:00Z,2026-04-27T19:00:00+03:00,1,0,1,False
2,2026-04-27T17:00:00Z,2026-04-27T20:00:00+03:00,0,1,1,False
2,2026-04-27T18:00:00Z,2026-04-27T21:00:00+03:00,0,0,0,False
2,2026-04-27T19:00:00Z,2026-04-27T22:00:00+03:00,0,0,0,False
2,2026-04-27T20:00:00Z,2026-04-27T23:00:00+03:00,0,0,0,False
2,2026-04-27T21:00:00Z,2026-04-28T00:00:00+03:00,0,0,0,False
2,2026-04-27T22:00:00Z,2026-04-28T01:00:00+03:00,0,0,0,False
2,2026-04-27T23:00:00Z,2026-04-28T02:00:00+03:00,0,0,0,False
2,2026-04-28T00:00:00Z,2026-04-28T03:00:00+03:00,0,0,0,False
2,2026-04-28T01:00:00Z,2026-04-28T04:00:00+03:00,0,0,0,False
2,2026-04-28T02:00:00Z,2026-04-28T05:00:00+03:00,0,0,0,False
2,2026-04-28T03:00:00Z,2026-04-28T06:00:00+03:00,0,0,0,False
2,2026-04-28T04:00:00Z,2026-04-28T07:00:00+03:00,0,0,0,False
2,2026-04-28T05:00:00Z,2026-04-28T08:00:00+03:00,0,0,0,False
2,2026-04-28T06:00:00Z,2026-04-28T09:00:00+03:00,2,2,4,False
2,2026-04-28T07:00:00Z,2026-04-28T10:00:00+03:00,2,0,2,False
2,2026-04-28T08:00:00Z,2026-04-28T11:00:00+03:00,1,2,3,False
2,2026-04-28T09:00:00Z,2026-04-28T12:00:00+03:00,11,5,16,False
2,2026-04-28T10:00:00Z,2026-04-28T13:00:00+03:00,17,14,31,False
2,2026-04-28T11:00:00Z,2026-04-28T14:00:00+03:00,20,18,38,False
2,2026-04-28T12:00:00Z,2026-04-28T15:00:00+03:00,11,24,35,False
2,2026-04-28T13:00:00Z,2026-04-28T16:00:00+03:00,9,3,12,False
2,2026-04-28T14:00:00Z,2026-04-28T17:00:00+03:00,4,5,9,False
2,2026-04-28T15:00:00Z,2026-04-28T18:00:00+03:00,2,6,8,False
2,2026-04-28T16:00:00Z,2026-04-28T19:00:00+03:00,0,0,0,False
2,2026-04-28T17:00:00Z,2026-04-28T20:00:00+03:00,0,0,0,False
2,2026-04-28T18:00:00Z,2026-04-28T21:00:00+03:00,0,0,0,False
2,2026-04-28T19:00:00Z,2026-04-28T22:00:00+03:00,0,0,0,False
2,2026-04-28T20:00:00Z,2026-04-28T23:00:00+03:00,0,0,0,False
2,2026-04-28T21:00:00Z,2026-04-29T00:00:00+03:00,0,0,0,False
2,2026-04-28T22:00:00Z,2026-04-29T01:00:00+03:00,0,0,0,False
2,2026-04-28T23:00:00Z,2026-04-29T02:00:00+03:00,0,0,0,False
2,2026-04-29T00:00:00Z,2026-04-29T03:00:00+03:00,0,0,0,False
2,2026-04-29T01:00:00Z,2026-04-29T04:00:00+03:00,0,0,0,False
2,2026-04-29T02:00:00Z,2026-04-29T05:00:00+03:00,0,0,0,False
2,2026-04-29T03:00:00Z,2026-04-29T06:00:00+03:00,0,0,0,False
2,2026-04-29T04:00:00Z,2026-04-29T07:00:00+03:00,0,0,0,False
2,2026-04-29T05:00:00Z,2026-04-29T08:00:00+03:00,0,0,0,False
2,2026-04-29T06:00:00Z,2026-04-29T09:00:00+03:00,1,1,2,False
2,2026-04-29T07:00:00Z,2026-04-29T10:00:00+03:00,2,0,2,False
2,2026-04-29T08:00:00Z,2026-04-29T11:00:00+03:00,0,1,1,False
2,2026-04-29T09:00:00Z,2026-04-29T12:00:00+03:00,22,3,25,False
2,2026-04-29T10:00:00Z,2026-04-29T13:00:00+03:00,14,29,43,False
2,2026-04-29T11:00:00Z,2026-04-29T14:00:00+03:00,6,6,12,False
2,2026-04-29T12:00:00Z,2026-04-29T15:00:00+03:00,4,5,9,False
2,2026-04-29T13:00:00Z,2026-04-29T16:00:00+03:00,7,4,11,False
2,2026-04-29T14:00:00Z,2026-04-29T17:00:00+03:00,2,2,4,False
2,2026-04-29T15:00:00Z,2026-04-29T18:00:00+03:00,1,3,4,False
2,2026-04-29T16:00:00Z,2026-04-29T19:00:00+03:00,0,0,0,False
2,2026-04-29T17:00:00Z,2026-04-29T20:00:00+03:00,0,0,0,False
2,2026-04-29T18:00:00Z,2026-04-29T21:00:00+03:00,0,0,0,False
2,2026-04-29T19:00:00Z,2026-04-29T22:00:00+03:00,0,0,0,False
2,2026-04-29T20:00:00Z,2026-04-29T23:00:00+03:00,0,0,0,False
2,2026-04-29T21:00:00Z,2026-04-30T00:00:00+03:00,0,0,0,False
2,2026-04-29T22:00:00Z,2026-04-30T01:00:00+03:00,0,0,0,False
2,2026-04-29T23:00:00Z,2026-04-30T02:00:00+03:00,0,0,0,False
2,2026-04-30T00:00:00Z,2026-04-30T03:00:00+03:00,0,0,0,False
2,2026-04-30T01:00:00Z,2026-04-30T04:00:00+03:00,0,0,0,False
2,2026-04-30T02:00:00Z,2026-04-30T05:00:00+03:00,0,0,0,False
2,2026-04-30T03:00:00Z,2026-04-30T06:00:00+03:00,0,0,0,False
2,2026-04-30T04:00:00Z,2026-04-30T07:00:00+03:00,1,1,2,False
2,2026-04-30T05:00:00Z,2026-04-30T08:00:00+03:00,0,0,0,False
2,2026-04-30T06:00:00Z,2026-04-30T09:00:00+03:00,1,2,3,False
2,2026-04-30T07:00:00Z,2026-04-30T10:00:00+03:00,0,0,0,False
2,2026-04-30T08:00:00Z,2026-04-30T11:00:00+03:00,0,0,0,False
2,2026-04-30T09:00:00Z,2026-04-30T12:00:00+03:00,10,6,16,False
2,2026-04-30T10:00:00Z,2026-04-30T13:00:00+03:00,13,10,23,False
2,2026-04-30T11:00:00Z,2026-04-30T14:00:00+03:00,8,10,18,False
2,2026-04-30T12:00:00Z,2026-04-30T15:00:00+03:00,8,14,22,False
2,2026-04-30T13:00:00Z,2026-04-30T16:00:00+03:00,4,2,6,False
2,2026-04-30T14:00:00Z,2026-04-30T17:00:00+03:00,2,6,8,False
2,2026-04-30T15:00:00Z,2026-04-30T18:00:00+03:00,1,1,2,False
2,2026-04-30T16:00:00Z,2026-04-30T19:00:00+03:00,0,0,0,False
2,2026-04-30T17:00:00Z,2026-04-30T20:00:00+03:00,0,0,0,False
2,2026-04-30T18:00:00Z,2026-04-30T21:00:00+03:00,0,0,0,False
2,2026-04-30T19:00:00Z,2026-04-30T22:00:00+03:00,0,0,0,False
2,2026-04-30T20:00:00Z,2026-04-30T23:00:00+03:00,0,0,0,False
2,2026-04-30T21:00:00Z,2026-05-01T00:00:00+03:00,0,0,0,False
2,2026-04-30T22:00:00Z,2026-05-01T01:00:00+03:00,0,0,0,False
2,2026-04-30T23:00:00Z,2026-05-01T02:00:00+03:00,0,0,0,False
2,2026-05-01T00:00:00Z,2026-05-01T03:00:00+03:00,0,0,0,False
2,2026-05-01T01:00:00Z,2026-05-01T04:00:00+03:00,0,0,0,False
2,2026-05-01T02:00:00Z,2026-05-01T05:00:00+03:00,0,0,0,False
2,2026-05-01T03:00:00Z,2026-05-01T06:00:00+03:00,0,0,0,False
2,2026-05-01T04:00:00Z,2026-05-01T07:00:00+03:00,0,0,0,False
2,2026-05-01T05:00:00Z,2026-05-01T08:00:00+03:00,0,0,0,False
2,2026-05-01T06:00:00Z,2026-05-01T09:00:00+03:00,0,0,0,False
2,2026-05-01T07:00:00Z,2026-05-01T10:00:00+03:00,0,0,0,False
2,2026-05-01T08:00:00Z,2026-05-01T11:00:00+03:00,0,0,0,False
2,2026-05-01T09:00:00Z,2026-05-01T12:00:00+03:00,8,2,10,False
2,2026-05-01T10:00:00Z,2026-05-01T13:00:00+03:00,17,15,32,False
2,2026-05-01T11:00:00Z,2026-05-01T14:00:00+03:00,9,17,26,False
2,2026-05-01T12:00:00Z,2026-05-01T15:00:00+03:00,7,6,13,False
2,2026-05-01T13:00:00Z,2026-05-01T16:00:00+03:00,8,2,10,False
2,2026-05-01T14:00:00Z,2026-05-01T17:00:00+03:00,5,8,13,False
2,2026-05-01T15:00:00Z,2026-05-01T18:00:00+03:00,7,5,12,False
2,2026-05-01T16:00:00Z,2026-05-01T19:00:00+03:00,0,0,0,False
2,2026-05-01T17:00:00Z,2026-05-01T20:00:00+03:00,0,0,0,False
2,2026-05-01T18:00:00Z,2026-05-01T21:00:00+03:00,0,0,0,False
2,2026-05-01T19:00:00Z,2026-05-01T22:00:00+03:00,0,0,0,False
2,2026-05-01T20:00:00Z,2026-05-01T23:00:00+03:00,0,0,0,False
2,2026-05-01T21:00:00Z,2026-05-02T00:00:00+03:00,0,0,0,False
2,2026-05-01T22:00:00Z,2026-05-02T01:00:00+03:00,0,0,0,False
2,2026-05-01T23:00:00Z,2026-05-02T02:00:00+03:00,0,0,0,False
2,2026-05-02T00:00:00Z,2026-05-02T03:00:00+03:00,0,0,0,False
2,2026-05-02T01:00:00Z,2026-05-02T04:00:00+03:00,0,0,0,False
2,2026-05-02T02:00:00Z,2026-05-02T05:00:00+03:00,0,0,0,False
2,2026-05-02T03:00:00Z,2026-05-02T06:00:00+03:00,0,0,0,False
2,2026-05-02T04:00:00Z,2026-05-02T07:00:00+03:00,0,0,0,False
2,2026-05-02T05:00:00Z,2026-05-02T08:00:00+03:00,0,0,0,False
2,2026-05-02T06:00:00Z,2026-05-02T09:00:00+03:00,1,1,2,False
2,2026-05-02T07:00:00Z,2026-05-02T10:00:00+03:00,0,0,0,False
2,2026-05-02T08:00:00Z,2026-05-02T11:00:00+03:00,13,6,19,False
2,2026-05-02T09:00:00Z,2026-05-02T12:00:00+03:00,21,13,34,False
2,2026-05-02T10:00:00Z,2026-05-02T13:00:00+03:00,7,14,21,False
2,2026-05-02T11:00:00Z,2026-05-02T14:00:00+03:00,7,12,19,False
2,2026-05-02T12:00:00Z,2026-05-02T15:00:00+03:00,10,8,18,False
2,2026-05-02T13:00:00Z,2026-05-02T16:00:00+03:00,11,13,24,False
2,2026-05-02T14:00:00Z,2026-05-02T17:00:00+03:00,1,1,2,False
2,2026-05-02T15:00:00Z,2026-05-02T18:00:00+03:00,0,0,0,False
2,2026-05-02T16:00:00Z,2026-05-02T19:00:00+03:00,0,0,0,False
2,2026-05-02T17:00:00Z,2026-05-02T20:00:00+03:00,0,0,0,False
2,2026-05-02T18:00:00Z,2026-05-02T21:00:00+03:00,0,0,0,False
2,2026-05-02T19:00:00Z,2026-05-02T22:00:00+03:00,0,0,0,False
2,2026-05-02T20:00:00Z,2026-05-02T23:00:00+03:00,0,0,0,False
2,2026-05-02T21:00:00Z,2026-05-03T00:00:00+03:00,0,0,0,False
2,2026-05-02T22:00:00Z,2026-05-03T01:00:00+03:00,0,0,0,False
2,2026-05-02T23:00:00Z,2026-05-03T02:00:00+03:00,0,0,0,False
2,2026-05-03T00:00:00Z,2026-05-03T03:00:00+03:00,0,0,0,False
2,2026-05-03T01:00:00Z,2026-05-03T04:00:00+03:00,0,0,0,False
2,2026-05-03T02:00:00Z,2026-05-03T05:00:00+03:00,0,0,0,False
2,2026-05-03T03:00:00Z,2026-05-03T06:00:00+03:00,0,0,0,False
2,2026-05-03T04:00:00Z,2026-05-03T07:00:00+03:00,0,0,0,False
2,2026-05-03T05:00:00Z,2026-05-03T08:00:00+03:00,2,2,4,False
2,2026-05-03T06:00:00Z,2026-05-03T09:00:00+03:00,0,0,0,False
2,2026-05-03T07:00:00Z,2026-05-03T10:00:00+03:00,3,2,5,False
2,2026-05-03T08:00:00Z,2026-05-03T11:00:00+03:00,3,2,5,False
2,2026-05-03T09:00:00Z,2026-05-03T12:00:00+03:00,8,1,9,False
2,2026-05-03T10:00:00Z,2026-05-03T13:00:00+03:00,8,5,13,False
2,2026-05-03T11:00:00Z,2026-05-03T14:00:00+03:00,6,7,13,False
2,2026-05-03T12:00:00Z,2026-05-03T15:00:00+03:00,2,9,11,False
2,2026-05-03T13:00:00Z,2026-05-03T16:00:00+03:00,6,5,11,False
2,2026-05-03T14:00:00Z,2026-05-03T17:00:00+03:00,3,5,8,False
2,2026-05-03T15:00:00Z,2026-05-03T18:00:00+03:00,0,0,0,False
2,2026-05-03T16:00:00Z,2026-05-03T19:00:00+03:00,0,0,0,False
2,2026-05-03T17:00:00Z,2026-05-03T20:00:00+03:00,0,0,0,False
2,2026-05-03T18:00:00Z,2026-05-03T21:00:00+03:00,0,0,0,False
2,2026-05-03T19:00:00Z,2026-05-03T22:00:00+03:00,0,0,0,False
2,2026-05-03T20:00:00Z,2026-05-03T23:00:00+03:00,0,0,0,False
2,2026-05-03T21:00:00Z,2026-05-04T00:00:00+03:00,0,0,0,False
2,2026-05-03T22:00:00Z,2026-05-04T01:00:00+03:00,0,0,0,False
2,2026-05-03T23:00:00Z,2026-05-04T02:00:00+03:00,0,0,0,False
2,2026-05-04T00:00:00Z,2026-05-04T03:00:00+03:00,0,0,0,False
2,2026-05-04T01:00:00Z,2026-05-04T04:00:00+03:00,0,0,0,False
2,2026-05-04T02:00:00Z,2026-05-04T05:00:00+03:00,0,0,0,False
2,2026-05-04T03:00:00Z,2026-05-04T06:00:00+03:00,0,0,0,False
2,2026-05-04T04:00:00Z,2026-05-04T07:00:00+03:00,2,1,3,False
2,2026-05-04T05:00:00Z,2026-05-04T08:00:00+03:00,1,1,2,False
2,2026-05-04T06:00:00Z,2026-05-04T09:00:00+03:00,3,2,5,False
2,2026-05-04T07:00:00Z,2026-05-04T10:00:00+03:00,3,1,4,False
2,2026-05-04T08:00:00Z,2026-05-04T11:00:00+03:00,2,1,3,False
2,2026-05-04T09:00:00Z,2026-05-04T12:00:00+03:00,9,11,20,False
2,2026-05-04T10:00:00Z,2026-05-04T13:00:00+03:00,1,2,3,False
2,2026-05-04T11:00:00Z,2026-05-04T14:00:00+03:00,0,0,0,False
2,2026-05-04T12:00:00Z,2026-05-04T15:00:00+03:00,0,2,2,False
2,2026-05-04T13:00:00Z,2026-05-04T16:00:00+03:00,0,2,2,False
2,2026-05-04T14:00:00Z,2026-05-04T17:00:00+03:00,0,0,0,False
2,2026-05-04T15:00:00Z,2026-05-04T18:00:00+03:00,0,0,0,False
2,2026-05-04T16:00:00Z,2026-05-04T19:00:00+03:00,0,0,0,False
2,2026-05-04T17:00:00Z,2026-05-04T20:00:00+03:00,0,0,0,False
2,2026-05-04T18:00:00Z,2026-05-04T21:00:00+03:00,0,0,0,False
2,2026-05-04T19:00:00Z,2026-05-04T22:00:00+03:00,0,0,0,False
2,2026-05-04T20:00:00Z,2026-05-04T23:00:00+03:00,0,0,0,False
2,2026-05-04T21:00:00Z,2026-05-05T00:00:00+03:00,0,0,0,False
2,2026-05-04T22:00:00Z,2026-05-05T01:00:00+03:00,0,0,0,False
2,2026-05-04T23:00:00Z,2026-05-05T02:00:00+03:00,0,0,0,False
2,2026-05-05T00:00:00Z,2026-05-05T03:00:00+03:00,0,0,0,False
2,2026-05-05T01:00:00Z,2026-05-05T04:00:00+03:00,0,0,0,False
2,2026-05-05T02:00:00Z,2026-05-05T05:00:00+03:00,0,0,0,False
2,2026-05-05T03:00:00Z,2026-05-05T06:00:00+03:00,0,0,0,False
2,2026-05-05T04:00:00Z,2026-05-05T07:00:00+03:00,0,0,0,False
2,2026-05-05T05:00:00Z,2026-05-05T08:00:00+03:00,3,4,7,False
2,2026-05-05T06:00:00Z,2026-05-05T09:00:00+03:00,20,19,39,False
2,2026-05-05T07:00:00Z,2026-05-05T10:00:00+03:00,74,7,81,False
2,2026-05-05T08:00:00Z,2026-05-05T11:00:00+03:00,14,42,56,False
2,2026-05-05T09:00:00Z,2026-05-05T12:00:00+03:00,55,20,75,False
2,2026-05-05T10:00:00Z,2026-05-05T13:00:00+03:00,10,46,56,False
2,2026-05-05T11:00:00Z,2026-05-05T14:00:00+03:00,7,3,10,False
2,2026-05-05T12:00:00Z,2026-05-05T15:00:00+03:00,9,12,21,False
2,2026-05-05T13:00:00Z,2026-05-05T16:00:00+03:00,56,38,94,False
2,2026-05-05T14:00:00Z,2026-05-05T17:00:00+03:00,28,6,34,False
2,2026-05-05T15:00:00Z,2026-05-05T18:00:00+03:00,9,25,34,False
2,2026-05-05T16:00:00Z,2026-05-05T19:00:00+03:00,0,7,7,False
2,2026-05-05T17:00:00Z,2026-05-05T20:00:00+03:00,0,0,0,False
2,2026-05-05T18:00:00Z,2026-05-05T21:00:00+03:00,0,0,0,False
2,2026-05-05T19:00:00Z,2026-05-05T22:00:00+03:00,0,0,0,False
2,2026-05-05T20:00:00Z,2026-05-05T23:00:00+03:00,0,0,0,False
2,2026-05-05T21:00:00Z,2026-05-06T00:00:00+03:00,0,0,0,False
2,2026-05-05T22:00:00Z,2026-05-06T01:00:00+03:00,0,0,0,False
2,2026-05-05T23:00:00Z,2026-05-06T02:00:00+03:00,0,0,0,False
2,2026-05-06T00:00:00Z,2026-05-06T03:00:00+03:00,0,0,0,False
2,2026-05-06T01:00:00Z,2026-05-06T04:00:00+03:00,0,0,0,False
2,2026-05-06T02:00:00Z,2026-05-06T05:00:00+03:00,0,0,0,False
2,2026-05-06T03:00:00Z,2026-05-06T06:00:00+03:00,0,0,0,False
2,2026-05-06T04:00:00Z,2026-05-06T07:00:00+03:00,0,0,0,False
2,2026-05-06T05:00:00Z,2026-05-06T08:00:00+03:00,1,0,1,False
2,2026-05-06T06:00:00Z,2026-05-06T09:00:00+03:00,2,1,3,False
2,2026-05-06T07:00:00Z,2026-05-06T10:00:00+03:00,34,14,48,False
2,2026-05-06T08:00:00Z,2026-05-06T11:00:00+03:00,10,19,29,False
2,2026-05-06T09:00:00Z,2026-05-06T12:00:00+03:00,0,11,11,False
2,2026-05-06T10:00:00Z,2026-05-06T13:00:00+03:00,19,10,29,False
2,2026-05-06T11:00:00Z,2026-05-06T14:00:00+03:00,37,24,61,False
2,2026-05-06T12:00:00Z,2026-05-06T15:00:00+03:00,9,20,29,False
2,2026-05-06T13:00:00Z,2026-05-06T16:00:00+03:00,2,14,16,False
2,2026-05-06T14:00:00Z,2026-05-06T17:00:00+03:00,7,4,11,False
2,2026-05-06T15:00:00Z,2026-05-06T18:00:00+03:00,4,9,13,False
2,2026-05-06T16:00:00Z,2026-05-06T19:00:00+03:00,0,0,0,False
2,2026-05-06T17:00:00Z,2026-05-06T20:00:00+03:00,0,0,0,False
2,2026-05-06T18:00:00Z,2026-05-06T21:00:00+03:00,0,0,0,False
2,2026-05-06T19:00:00Z,2026-05-06T22:00:00+03:00,0,0,0,False
2,2026-05-06T20:00:00Z,2026-05-06T23:00:00+03:00,0,0,0,False
2,2026-05-06T21:00:00Z,2026-05-07T00:00:00+03:00,0,0,0,False
2,2026-05-06T22:00:00Z,2026-05-07T01:00:00+03:00,0,0,0,False
2,2026-05-06T23:00:00Z,2026-05-07T02:00:00+03:00,0,0,0,False
2,2026-05-07T00:00:00Z,2026-05-07T03:00:00+03:00,0,0,0,False
2,2026-05-07T01:00:00Z,2026-05-07T04:00:00+03:00,0,0,0,False
2,2026-05-07T02:00:00Z,2026-05-07T05:00:00+03:00,0,0,0,False
2,2026-05-07T03:00:00Z,2026-05-07T06:00:00+03:00,0,0,0,False
2,2026-05-07T04:00:00Z,2026-05-07T07:00:00+03:00,5,2,7,False
2,2026-05-07T05:00:00Z,2026-05-07T08:00:00+03:00,4,6,10,False
2,2026-05-07T06:00:00Z,2026-05-07T09:00:00+03:00,21,9,30,False
2,2026-05-07T07:00:00Z,2026-05-07T10:00:00+03:00,10,15,25,False
2,2026-05-07T08:00:00Z,2026-05-07T11:00:00+03:00,1,10,11,False
2,2026-05-07T09:00:00Z,2026-05-07T12:00:00+03:00,14,5,19,False
2,2026-05-07T10:00:00Z,2026-05-07T13:00:00+03:00,25,19,44,False
2,2026-05-07T11:00:00Z,2026-05-07T14:00:00+03:00,7,18,25,False
2,2026-05-07T12:00:00Z,2026-05-07T15:00:00+03:00,13,11,24,False
2,2026-05-07T13:00:00Z,2026-05-07T16:00:00+03:00,0,4,4,False
2,2026-05-07T14:00:00Z,2026-05-07T17:00:00+03:00,3,0,3,False
2,2026-05-07T15:00:00Z,2026-05-07T18:00:00+03:00,4,7,11,False
2,2026-05-07T16:00:00Z,2026-05-07T19:00:00+03:00,0,0,0,False
2,2026-05-07T17:00:00Z,2026-05-07T20:00:00+03:00,1,1,2,False
2,2026-05-07T18:00:00Z,2026-05-07T21:00:00+03:00,0,0,0,False
2,2026-05-07T19:00:00Z,2026-05-07T22:00:00+03:00,0,0,0,False
2,2026-05-07T20:00:00Z,2026-05-07T23:00:00+03:00,0,0,0,False
2,2026-05-07T21:00:00Z,2026-05-08T00:00:00+03:00,0,0,0,False
2,2026-05-07T22:00:00Z,2026-05-08T01:00:00+03:00,0,0,0,False
2,2026-05-07T23:00:00Z,2026-05-08T02:00:00+03:00,0,0,0,False
2,2026-05-08T00:00:00Z,2026-05-08T03:00:00+03:00,0,0,0,False
2,2026-05-08T01:00:00Z,2026-05-08T04:00:00+03:00,0,0,0,False
2,2026-05-08T02:00:00Z,2026-05-08T05:00:00+03:00,0,0,0,False
2,2026-05-08T03:00:00Z,2026-05-08T06:00:00+03:00,0,0,0,False
2,2026-05-08T04:00:00Z,2026-05-08T07:00:00+03:00,0,0,0,False
2,2026-05-08T05:00:00Z,2026-05-08T08:00:00+03:00,3,2,5,False
2,2026-05-08T06:00:00Z,2026-05-08T09:00:00+03:00,0,0,0,False
2,2026-05-08T07:00:00Z,2026-05-08T10:00:00+03:00,1,1,2,False
2,2026-05-08T08:00:00Z,2026-05-08T11:00:00+03:00,2,4,6,False
2,2026-05-08T09:00:00Z,2026-05-08T12:00:00+03:00,1,1,2,False
2,2026-05-08T10:00:00Z,2026-05-08T13:00:00+03:00,39,26,65,False
2,2026-05-08T11:00:00Z,2026-05-08T14:00:00+03:00,14,24,38,False
2,2026-05-08T12:00:00Z,2026-05-08T15:00:00+03:00,34,10,44,False
2,2026-05-08T13:00:00Z,2026-05-08T16:00:00+03:00,15,38,53,False
2,2026-05-08T14:00:00Z,2026-05-08T17:00:00+03:00,8,5,13,False
2,2026-05-08T15:00:00Z,2026-05-08T18:00:00+03:00,6,8,14,False
2,2026-05-08T16:00:00Z,2026-05-08T19:00:00+03:00,3,11,14,False
2,2026-05-08T17:00:00Z,2026-05-08T20:00:00+03:00,0,0,0,False
2,2026-05-08T18:00:00Z,2026-05-08T21:00:00+03:00,0,0,0,False
2,2026-05-08T19:00:00Z,2026-05-08T22:00:00+03:00,0,0,0,False
2,2026-05-08T20:00:00Z,2026-05-08T23:00:00+03:00,0,0,0,False
2,2026-05-08T21:00:00Z,2026-05-09T00:00:00+03:00,0,0,0,False
2,2026-05-08T22:00:00Z,2026-05-09T01:00:00+03:00,0,0,0,False
2,2026-05-08T23:00:00Z,2026-05-09T02:00:00+03:00,0,0,0,False
2,2026-05-09T00:00:00Z,2026-05-09T03:00:00+03:00,0,0,0,False
2,2026-05-09T01:00:00Z,2026-05-09T04:00:00+03:00,0,0,0,False
2,2026-05-09T02:00:00Z,2026-05-09T05:00:00+03:00,0,0,0,False
2,2026-05-09T03:00:00Z,2026-05-09T06:00:00+03:00,0,0,0,False
2,2026-05-09T04:00:00Z,2026-05-09T07:00:00+03:00,0,0,0,False
2,2026-05-09T05:00:00Z,2026-05-09T08:00:00+03:00,0,0,0,False
2,2026-05-09T06:00:00Z,2026-05-09T09:00:00+03:00,2,2,4,False
2,2026-05-09T07:00:00Z,2026-05-09T10:00:00+03:00,6,1,7,False
2,2026-05-09T08:00:00Z,2026-05-09T11:00:00+03:00,8,3,11,False
2,2026-05-09T09:00:00Z,2026-05-09T12:00:00+03:00,18,15,33,False
2,2026-05-09T10:00:00Z,2026-05-09T13:00:00+03:00,2,14,16,False
2,2026-05-09T11:00:00Z,2026-05-09T14:00:00+03:00,12,7,19,False
2,2026-05-09T12:00:00Z,2026-05-09T15:00:00+03:00,13,9,22,False
2,2026-05-09T13:00:00Z,2026-05-09T16:00:00+03:00,5,13,18,False
2,2026-05-09T14:00:00Z,2026-05-09T17:00:00+03:00,1,1,2,False
2,2026-05-09T15:00:00Z,2026-05-09T18:00:00+03:00,0,0,0,False
2,2026-05-09T16:00:00Z,2026-05-09T19:00:00+03:00,0,0,0,False
2,2026-05-09T17:00:00Z,2026-05-09T20:00:00+03:00,0,0,0,False
2,2026-05-09T18:00:00Z,2026-05-09T21:00:00+03:00,0,0,0,False
2,2026-05-09T19:00:00Z,2026-05-09T22:00:00+03:00,0,0,0,False
2,2026-05-09T20:00:00Z,2026-05-09T23:00:00+03:00,0,0,0,False
2,2026-05-09T21:00:00Z,2026-05-10T00:00:00+03:00,0,0,0,False
2,2026-05-09T22:00:00Z,2026-05-10T01:00:00+03:00,0,0,0,False
2,2026-05-09T23:00:00Z,2026-05-10T02:00:00+03:00,0,0,0,False
2,2026-05-10T00:00:00Z,2026-05-10T03:00:00+03:00,0,0,0,False
2,2026-05-10T01:00:00Z,2026-05-10T04:00:00+03:00,0,0,0,False
2,2026-05-10T02:00:00Z,2026-05-10T05:00:00+03:00,0,0,0,False
2,2026-05-10T03:00:00Z,2026-05-10T06:00:00+03:00,0,0,0,False
2,2026-05-10T04:00:00Z,2026-05-10T07:00:00+03:00,0,0,0,False
2,2026-05-10T05:00:00Z,2026-05-10T08:00:00+03:00,0,0,0,False
2,2026-05-10T06:00:00Z,2026-05-10T09:00:00+03:00,2,2,4,False
2,2026-05-10T07:00:00Z,2026-05-10T10:00:00+03:00,5,4,9,False
2,2026-05-10T08:00:00Z,2026-05-10T11:00:00+03:00,8,7,15,False
2,2026-05-10T09:00:00Z,2026-05-10T12:00:00+03:00,6,9,15,False
2,2026-05-10T10:00:00Z,2026-05-10T13:00:00+03:00,4,6,10,False
2,2026-05-10T11:00:00Z,2026-05-10T14:00:00+03:00,16,9,25,False
2,2026-05-10T12:00:00Z,2026-05-10T15:00:00+03:00,14,20,34,False
2,2026-05-10T13:00:00Z,2026-05-10T16:00:00+03:00,5,6,11,False
2,2026-05-10T14:00:00Z,2026-05-10T17:00:00+03:00,0,0,0,False
2,2026-05-10T15:00:00Z,2026-05-10T18:00:00+03:00,0,0,0,False
2,2026-05-10T16:00:00Z,2026-05-10T19:00:00+03:00,0,0,0,False
2,2026-05-10T17:00:00Z,2026-05-10T20:00:00+03:00,0,0,0,False
2,2026-05-10T18:00:00Z,2026-05-10T21:00:00+03:00,0,0,0,False
2,2026-05-10T19:00:00Z,2026-05-10T22:00:00+03:00,0,0,0,False
2,2026-05-10T20:00:00Z,2026-05-10T23:00:00+03:00,0,0,0,False
2,2026-05-10T21:00:00Z,2026-05-11T00:00:00+03:00,0,0,0,False
2,2026-05-10T22:00:00Z,2026-05-11T01:00:00+03:00,0,0,0,False
2,2026-05-10T23:00:00Z,2026-05-11T02:00:00+03:00,0,0,0,False
2,2026-05-11T00:00:00Z,2026-05-11T03:00:00+03:00,0,0,0,False
2,2026-05-11T01:00:00Z,2026-05-11T04:00:00+03:00,0,0,0,False
2,2026-05-11T02:00:00Z,2026-05-11T05:00:00+03:00,0,0,0,False
2,2026-05-11T03:00:00Z,2026-05-11T06:00:00+03:00,0,0,0,False
2,2026-05-11T04:00:00Z,2026-05-11T07:00:00+03:00,0,1,1,False
2,2026-05-11T05:00:00Z,2026-05-11T08:00:00+03:00,1,1,2,False
2,2026-05-11T06:00:00Z,2026-05-11T09:00:00+03:00,1,1,2,False
2,2026-05-11T07:00:00Z,2026-05-11T10:00:00+03:00,1,1,2,False
2,2026-05-11T08:00:00Z,2026-05-11T11:00:00+03:00,0,0,0,False
2,2026-05-11T09:00:00Z,2026-05-11T12:00:00+03:00,1,2,3,False
2,2026-05-11T10:00:00Z,2026-05-11T13:00:00+03:00,0,1,1,False
2,2026-05-11T11:00:00Z,2026-05-11T14:00:00+03:00,0,0,0,False
2,2026-05-11T12:00:00Z,2026-05-11T15:00:00+03:00,0,2,2,False
2,2026-05-11T13:00:00Z,2026-05-11T16:00:00+03:00,0,1,1,False
2,2026-05-11T14:00:00Z,2026-05-11T17:00:00+03:00,0,0,0,False
2,2026-05-11T15:00:00Z,2026-05-11T18:00:00+03:00,0,1,1,False
2,2026-05-11T16:00:00Z,2026-05-11T19:00:00+03:00,0,0,0,False
2,2026-05-11T17:00:00Z,2026-05-11T20:00:00+03:00,0,0,0,False
2,2026-05-11T18:00:00Z,2026-05-11T21:00:00+03:00,0,0,0,False
2,2026-05-11T19:00:00Z,2026-05-11T22:00:00+03:00,0,0,0,False
2,2026-05-11T20:00:00Z,2026-05-11T23:00:00+03:00,0,0,0,False
2,2026-05-11T21:00:00Z,2026-05-12T00:00:00+03:00,0,0,0,False
2,2026-05-11T22:00:00Z,2026-05-12T01:00:00+03:00,0,0,0,False
2,2026-05-11T23:00:00Z,2026-05-12T02:00:00+03:00,0,0,0,False
2,2026-05-12T00:00:00Z,2026-05-12T03:00:00+03:00,0,0,0,False
2,2026-05-12T01:00:00Z,2026-05-12T04:00:00+03:00,0,0,0,False
2,2026-05-12T02:00:00Z,2026-05-12T05:00:00+03:00,0,0,0,False
2,2026-05-12T03:00:00Z,2026-05-12T06:00:00+03:00,0,0,0,False
2,2026-05-12T04:00:00Z,2026-05-12T07:00:00+03:00,0,0,0,False
2,2026-05-12T05:00:00Z,2026-05-12T08:00:00+03:00,2,0,2,False
2,2026-05-12T06:00:00Z,2026-05-12T09:00:00+03:00,0,1,1,False
2,2026-05-12T07:00:00Z,2026-05-12T10:00:00+03:00,27,8,35,False
2,2026-05-12T08:00:00Z,2026-05-12T11:00:00+03:00,30,22,52,False
2,2026-05-12T09:00:00Z,2026-05-12T12:00:00+03:00,4,27,31,False
2,2026-05-12T10:00:00Z,2026-05-12T13:00:00+03:00,22,15,37,False
2,2026-05-12T11:00:00Z,2026-05-12T14:00:00+03:00,36,9,45,False
2,2026-05-12T12:00:00Z,2026-05-12T15:00:00+03:00,3,39,42,False
2,2026-05-12T13:00:00Z,2026-05-12T16:00:00+03:00,3,9,12,False
2,2026-05-12T14:00:00Z,2026-05-12T17:00:00+03:00,5,2,7,False
2,2026-05-12T15:00:00Z,2026-05-12T18:00:00+03:00,1,6,7,False
2,2026-05-12T16:00:00Z,2026-05-12T19:00:00+03:00,0,0,0,False
2,2026-05-12T17:00:00Z,2026-05-12T20:00:00+03:00,0,0,0,False
2,2026-05-12T18:00:00Z,2026-05-12T21:00:00+03:00,0,0,0,False
2,2026-05-12T19:00:00Z,2026-05-12T22:00:00+03:00,0,0,0,False
2,2026-05-12T20:00:00Z,2026-05-12T23:00:00+03:00,0,0,0,False
2,2026-05-12T21:00:00Z,2026-05-13T00:00:00+03:00,0,0,0,False
2,2026-05-12T22:00:00Z,2026-05-13T01:00:00+03:00,0,0,0,False
2,2026-05-12T23:00:00Z,2026-05-13T02:00:00+03:00,0,0,0,False
2,2026-05-13T00:00:00Z,2026-05-13T03:00:00+03:00,0,0,0,False
2,2026-05-13T01:00:00Z,2026-05-13T04:00:00+03:00,0,0,0,False
2,2026-05-13T02:00:00Z,2026-05-13T05:00:00+03:00,0,0,0,False
2,2026-05-13T03:00:00Z,2026-05-13T06:00:00+03:00,0,0,0,False
2,2026-05-13T04:00:00Z,2026-05-13T07:00:00+03:00,0,0,0,False
2,2026-05-13T05:00:00Z,2026-05-13T08:00:00+03:00,0,0,0,False
2,2026-05-13T06:00:00Z,2026-05-13T09:00:00+03:00,2,2,4,False
2,2026-05-13T07:00:00Z,2026-05-13T10:00:00+03:00,11,7,18,False
2,2026-05-13T08:00:00Z,2026-05-13T11:00:00+03:00,2,2,4,False
2,2026-05-13T09:00:00Z,2026-05-13T12:00:00+03:00,16,4,20,False
2,2026-05-13T10:00:00Z,2026-05-13T13:00:00+03:00,16,12,28,False
2,2026-05-13T11:00:00Z,2026-05-13T14:00:00+03:00,2,14,16,False
2,2026-05-13T12:00:00Z,2026-05-13T15:00:00+03:00,4,5,9,False
2,2026-05-13T13:00:00Z,2026-05-13T16:00:00+03:00,9,6,15,False
2,2026-05-13T14:00:00Z,2026-05-13T17:00:00+03:00,7,14,21,False
2,2026-05-13T15:00:00Z,2026-05-13T18:00:00+03:00,10,14,24,False
2,2026-05-13T16:00:00Z,2026-05-13T19:00:00+03:00,0,0,0,False
2,2026-05-13T17:00:00Z,2026-05-13T20:00:00+03:00,0,0,0,False
2,2026-05-13T18:00:00Z,2026-05-13T21:00:00+03:00,0,0,0,False
2,2026-05-13T19:00:00Z,2026-05-13T22:00:00+03:00,0,0,0,False
2,2026-05-13T20:00:00Z,2026-05-13T23:00:00+03:00,0,0,0,False
2,2026-05-13T21:00:00Z,2026-05-14T00:00:00+03:00,0,0,0,False
2,2026-05-13T22:00:00Z,2026-05-14T01:00:00+03:00,0,0,0,False
2,2026-05-13T23:00:00Z,2026-05-14T02:00:00+03:00,0,0,0,False
2,2026-05-14T00:00:00Z,2026-05-14T03:00:00+03:00,0,0,0,False
2,2026-05-14T01:00:00Z,2026-05-14T04:00:00+03:00,0,0,0,False
2,2026-05-14T02:00:00Z,2026-05-14T05:00:00+03:00,0,0,0,False
2,2026-05-14T03:00:00Z,2026-05-14T06:00:00+03:00,0,0,0,False
2,2026-05-14T04:00:00Z,2026-05-14T07:00:00+03:00,0,0,0,False
2,2026-05-14T05:00:00Z,2026-05-14T08:00:00+03:00,0,0,0,False
2,2026-05-14T06:00:00Z,2026-05-14T09:00:00+03:00,0,0,0,False
2,2026-05-14T07:00:00Z,2026-05-14T10:00:00+03:00,0,0,0,False
2,2026-05-14T08:00:00Z,2026-05-14T11:00:00+03:00,0,0,0,False
2,2026-05-14T09:00:00Z,2026-05-14T12:00:00+03:00,10,3,13,False
2,2026-05-14T10:00:00Z,2026-05-14T13:00:00+03:00,8,10,18,False
2,2026-05-14T11:00:00Z,2026-05-14T14:00:00+03:00,9,6,15,False
2,2026-05-14T12:00:00Z,2026-05-14T15:00:00+03:00,12,8,20,False
2,2026-05-14T13:00:00Z,2026-05-14T16:00:00+03:00,2,9,11,False
2,2026-05-14T14:00:00Z,2026-05-14T17:00:00+03:00,3,2,5,False
2,2026-05-14T15:00:00Z,2026-05-14T18:00:00+03:00,10,7,17,False
2,2026-05-14T16:00:00Z,2026-05-14T19:00:00+03:00,0,2,2,False
2,2026-05-14T17:00:00Z,2026-05-14T20:00:00+03:00,0,0,0,False
2,2026-05-14T18:00:00Z,2026-05-14T21:00:00+03:00,0,0,0,False
2,2026-05-14T19:00:00Z,2026-05-14T22:00:00+03:00,0,0,0,False
2,2026-05-14T20:00:00Z,2026-05-14T23:00:00+03:00,0,0,0,False
2,2026-05-14T21:00:00Z,2026-05-15T00:00:00+03:00,0,0,0,False
2,2026-05-14T22:00:00Z,2026-05-15T01:00:00+03:00,0,0,0,False
2,2026-05-14T23:00:00Z,2026-05-15T02:00:00+03:00,0,0,0,False
2,2026-05-15T00:00:00Z,2026-05-15T03:00:00+03:00,0,0,0,False
2,2026-05-15T01:00:00Z,2026-05-15T04:00:00+03:00,0,0,0,False
2,2026-05-15T02:00:00Z,2026-05-15T05:00:00+03:00,0,0,0,False
2,2026-05-15T03:00:00Z,2026-05-15T06:00:00+03:00,0,0,0,False
2,2026-05-15T04:00:00Z,2026-05-15T07:00:00+03:00,0,0,0,False
2,2026-05-15T05:00:00Z,2026-05-15T08:00:00+03:00,0,0,0,False
2,2026-05-15T06:00:00Z,2026-05-15T09:00:00+03:00,32,1,33,False
2,2026-05-15T07:00:00Z,2026-05-15T10:00:00+03:00,6,38,44,False
2,2026-05-15T08:00:00Z,2026-05-15T11:00:00+03:00,0,0,0,False
2,2026-05-15T09:00:00Z,2026-05-15T12:00:00+03:00,3,5,8,False
2,2026-05-15T10:00:00Z,2026-05-15T13:00:00+03:00,17,4,21,False
2,2026-05-15T11:00:00Z,2026-05-15T14:00:00+03:00,12,18,30,False
2,2026-05-15T12:00:00Z,2026-05-15T15:00:00+03:00,14,7,21,False
2,2026-05-15T13:00:00Z,2026-05-15T16:00:00+03:00,13,17,30,False
2,2026-05-15T14:00:00Z,2026-05-15T17:00:00+03:00,10,10,20,False
2,2026-05-15T15:00:00Z,2026-05-15T18:00:00+03:00,1,5,6,False
2,2026-05-15T16:00:00Z,2026-05-15T19:00:00+03:00,0,0,0,False
2,2026-05-15T17:00:00Z,2026-05-15T20:00:00+03:00,0,0,0,False
2,2026-05-15T18:00:00Z,2026-05-15T21:00:00+03:00,0,0,0,False
2,2026-05-15T19:00:00Z,2026-05-15T22:00:00+03:00,0,0,0,False
2,2026-05-15T20:00:00Z,2026-05-15T23:00:00+03:00,0,0,0,False
2,2026-05-15T21:00:00Z,2026-05-16T00:00:00+03:00,0,0,0,False
2,2026-05-15T22:00:00Z,2026-05-16T01:00:00+03:00,0,0,0,False
2,2026-05-15T23:00:00Z,2026-05-16T02:00:00+03:00,0,0,0,False
2,2026-05-16T00:00:00Z,2026-05-16T03:00:00+03:00,0,0,0,False
2,2026-05-16T01:00:00Z,2026-05-16T04:00:00+03:00,0,0,0,False
2,2026-05-16T02:00:00Z,2026-05-16T05:00:00+03:00,0,0,0,False
2,2026-05-16T03:00:00Z,2026-05-16T06:00:00+03:00,0,0,0,False
2,2026-05-16T04:00:00Z,2026-05-16T07:00:00+03:00,0,0,0,False
2,2026-05-16T05:00:00Z,2026-05-16T08:00:00+03:00,0,0,0,False
2,2026-05-16T06:00:00Z,2026-05-16T09:00:00+03:00,1,1,2,False
2,2026-05-16T07:00:00Z,2026-05-16T10:00:00+03:00,5,5,10,False
2,2026-05-16T08:00:00Z,2026-05-16T11:00:00+03:00,26,3,29,False
2,2026-05-16T09:00:00Z,2026-05-16T12:00:00+03:00,10,14,24,False
2,2026-05-16T10:00:00Z,2026-05-16T13:00:00+03:00,29,9,38,False
2,2026-05-16T11:00:00Z,2026-05-16T14:00:00+03:00,24,29,53,False
2,2026-05-16T12:00:00Z,2026-05-16T15:00:00+03:00,11,18,29,False
2,2026-05-16T13:00:00Z,2026-05-16T16:00:00+03:00,15,22,37,False
2,2026-05-16T14:00:00Z,2026-05-16T17:00:00+03:00,0,0,0,False
2,2026-05-16T15:00:00Z,2026-05-16T18:00:00+03:00,0,0,0,False
2,2026-05-16T16:00:00Z,2026-05-16T19:00:00+03:00,0,0,0,False
2,2026-05-16T17:00:00Z,2026-05-16T20:00:00+03:00,0,0,0,False
2,2026-05-16T18:00:00Z,2026-05-16T21:00:00+03:00,0,0,0,False
2,2026-05-16T19:00:00Z,2026-05-16T22:00:00+03:00,0,0,0,False
2,2026-05-16T20:00:00Z,2026-05-16T23:00:00+03:00,0,0,0,False
2,2026-05-16T21:00:00Z,2026-05-17T00:00:00+03:00,0,0,0,False
2,2026-05-16T22:00:00Z,2026-05-17T01:00:00+03:00,0,0,0,False
2,2026-05-16T23:00:00Z,2026-05-17T02:00:00+03:00,0,0,0,False
2,2026-05-17T00:00:00Z,2026-05-17T03:00:00+03:00,0,0,0,False
2,2026-05-17T01:00:00Z,2026-05-17T04:00:00+03:00,0,0,0,False
2,2026-05-17T02:00:00Z,2026-05-17T05:00:00+03:00,0,0,0,False
2,2026-05-17T03:00:00Z,2026-05-17T06:00:00+03:00,0,0,0,False
2,2026-05-17T04:00:00Z,2026-05-17T07:00:00+03:00,0,0,0,False
2,2026-05-17T05:00:00Z,2026-05-17T08:00:00+03:00,0,0,0,False
2,2026-05-17T06:00:00Z,2026-05-17T09:00:00+03:00,0,0,0,False
2,2026-05-17T07:00:00Z,2026-05-17T10:00:00+03:00,3,4,7,False
2,2026-05-17T08:00:00Z,2026-05-17T11:00:00+03:00,5,4,9,False
2,2026-05-17T09:00:00Z,2026-05-17T12:00:00+03:00,11,10,21,False
2,2026-05-17T10:00:00Z,2026-05-17T13:00:00+03:00,1,3,4,False
2,2026-05-17T11:00:00Z,2026-05-17T14:00:00+03:00,15,3,18,False
2,2026-05-17T12:00:00Z,2026-05-17T15:00:00+03:00,9,9,18,False
2,2026-05-17T13:00:00Z,2026-05-17T16:00:00+03:00,8,14,22,False
2,2026-05-17T14:00:00Z,2026-05-17T17:00:00+03:00,1,1,2,False
2,2026-05-17T15:00:00Z,2026-05-17T18:00:00+03:00,0,0,0,False
2,2026-05-17T16:00:00Z,2026-05-17T19:00:00+03:00,0,0,0,False
2,2026-05-17T17:00:00Z,2026-05-17T20:00:00+03:00,0,0,0,False
2,2026-05-17T18:00:00Z,2026-05-17T21:00:00+03:00,0,0,0,False
2,2026-05-17T19:00:00Z,2026-05-17T22:00:00+03:00,0,0,0,False
2,2026-05-17T20:00:00Z,2026-05-17T23:00:00+03:00,0,0,0,False
2,2026-05-17T21:00:00Z,2026-05-18T00:00:00+03:00,0,0,0,False
2,2026-05-17T22:00:00Z,2026-05-18T01:00:00+03:00,0,0,0,False
2,2026-05-17T23:00:00Z,2026-05-18T02:00:00+03:00,0,0,0,False
2,2026-05-18T00:00:00Z,2026-05-18T03:00:00+03:00,0,0,0,False
2,2026-05-18T01:00:00Z,2026-05-18T04:00:00+03:00,0,0,0,False
2,2026-05-18T02:00:00Z,2026-05-18T05:00:00+03:00,0,0,0,False
2,2026-05-18T03:00:00Z,2026-05-18T06:00:00+03:00,0,0,0,False
2,2026-05-18T04:00:00Z,2026-05-18T07:00:00+03:00,0,0,0,False
2,2026-05-18T05:00:00Z,2026-05-18T08:00:00+03:00,2,1,3,False
2,2026-05-18T06:00:00Z,2026-05-18T09:00:00+03:00,2,2,4,False
2,2026-05-18T07:00:00Z,2026-05-18T10:00:00+03:00,0,0,0,False
2,2026-05-18T08:00:00Z,2026-05-18T11:00:00+03:00,0,0,0,False
2,2026-05-18T09:00:00Z,2026-05-18T12:00:00+03:00,2,1,3,False
2,2026-05-18T10:00:00Z,2026-05-18T13:00:00+03:00,0,0,0,False
2,2026-05-18T11:00:00Z,2026-05-18T14:00:00+03:00,0,1,1,False
2,2026-05-18T12:00:00Z,2026-05-18T15:00:00+03:00,9,14,23,False
2,2026-05-18T13:00:00Z,2026-05-18T16:00:00+03:00,0,4,4,False
2,2026-05-18T14:00:00Z,2026-05-18T17:00:00+03:00,0,0,0,False
2,2026-05-18T15:00:00Z,2026-05-18T18:00:00+03:00,0,0,0,False
2,2026-05-18T16:00:00Z,2026-05-18T19:00:00+03:00,0,0,0,False
2,2026-05-18T17:00:00Z,2026-05-18T20:00:00+03:00,2,1,3,False
2,2026-05-18T18:00:00Z,2026-05-18T21:00:00+03:00,0,0,0,False
2,2026-05-18T19:00:00Z,2026-05-18T22:00:00+03:00,0,2,2,False
2,2026-05-18T20:00:00Z,2026-05-18T23:00:00+03:00,0,0,0,False
2,2026-05-18T21:00:00Z,2026-05-19T00:00:00+03:00,0,0,0,False
2,2026-05-18T22:00:00Z,2026-05-19T01:00:00+03:00,0,0,0,False
2,2026-05-18T23:00:00Z,2026-05-19T02:00:00+03:00,0,0,0,False
2,2026-05-19T00:00:00Z,2026-05-19T03:00:00+03:00,0,0,0,False
2,2026-05-19T01:00:00Z,2026-05-19T04:00:00+03:00,0,0,0,False
2,2026-05-19T02:00:00Z,2026-05-19T05:00:00+03:00,0,0,0,False
2,2026-05-19T03:00:00Z,2026-05-19T06:00:00+03:00,0,0,0,False
2,2026-05-19T04:00:00Z,2026-05-19T07:00:00+03:00,1,0,1,False
2,2026-05-19T05:00:00Z,2026-05-19T08:00:00+03:00,2,1,3,False
2,2026-05-19T06:00:00Z,2026-05-19T09:00:00+03:00,2,2,4,False
2,2026-05-19T07:00:00Z,2026-05-19T10:00:00+03:00,29,26,55,False
2,2026-05-19T08:00:00Z,2026-05-19T11:00:00+03:00,23,4,27,False
2,2026-05-19T09:00:00Z,2026-05-19T12:00:00+03:00,7,25,32,False
2,2026-05-19T10:00:00Z,2026-05-19T13:00:00+03:00,43,4,47,False
2,2026-05-19T11:00:00Z,2026-05-19T14:00:00+03:00,8,38,46,False
2,2026-05-19T12:00:00Z,2026-05-19T15:00:00+03:00,2,7,9,False
2,2026-05-19T13:00:00Z,2026-05-19T16:00:00+03:00,10,6,16,False
2,2026-05-19T14:00:00Z,2026-05-19T17:00:00+03:00,6,9,15,False
2,2026-05-19T15:00:00Z,2026-05-19T18:00:00+03:00,2,5,7,False
2,2026-05-19T16:00:00Z,2026-05-19T19:00:00+03:00,0,0,0,False
2,2026-05-19T17:00:00Z,2026-05-19T20:00:00+03:00,1,0,1,False
2,2026-05-19T18:00:00Z,2026-05-19T21:00:00+03:00,0,2,2,False
2,2026-05-19T19:00:00Z,2026-05-19T22:00:00+03:00,0,0,0,False
2,2026-05-19T20:00:00Z,2026-05-19T23:00:00+03:00,0,0,0,False
2,2026-05-19T21:00:00Z,2026-05-20T00:00:00+03:00,0,0,0,False
2,2026-05-19T22:00:00Z,2026-05-20T01:00:00+03:00,0,0,0,False
2,2026-05-19T23:00:00Z,2026-05-20T02:00:00+03:00,0,0,0,False
2,2026-05-20T00:00:00Z,2026-05-20T03:00:00+03:00,0,0,0,False
2,2026-05-20T01:00:00Z,2026-05-20T04:00:00+03:00,0,0,0,False
2,2026-05-20T02:00:00Z,2026-05-20T05:00:00+03:00,0,0,0,False
2,2026-05-20T03:00:00Z,2026-05-20T06:00:00+03:00,0,0,0,False
2,2026-05-20T04:00:00Z,2026-05-20T07:00:00+03:00,0,0,0,False
2,2026-05-20T05:00:00Z,2026-05-20T08:00:00+03:00,2,1,3,False
2,2026-05-20T06:00:00Z,2026-05-20T09:00:00+03:00,21,1,22,False
2,2026-05-20T07:00:00Z,2026-05-20T10:00:00+03:00,48,26,74,False
2,2026-05-20T08:00:00Z,2026-05-20T11:00:00+03:00,3,53,56,False
2,2026-05-20T09:00:00Z,2026-05-20T12:00:00+03:00,0,1,1,False
2,2026-05-20T10:00:00Z,2026-05-20T13:00:00+03:00,16,6,22,False
2,2026-05-20T11:00:00Z,2026-05-20T14:00:00+03:00,7,17,24,False
2,2026-05-20T12:00:00Z,2026-05-20T15:00:00+03:00,2,1,3,False
2,2026-05-20T13:00:00Z,2026-05-20T16:00:00+03:00,4,4,8,False
2,2026-05-20T14:00:00Z,2026-05-20T17:00:00+03:00,2,6,8,False
2,2026-05-20T15:00:00Z,2026-05-20T18:00:00+03:00,6,6,12,False
2,2026-05-20T16:00:00Z,2026-05-20T19:00:00+03:00,0,0,0,False
2,2026-05-20T17:00:00Z,2026-05-20T20:00:00+03:00,0,0,0,False
2,2026-05-20T18:00:00Z,2026-05-20T21:00:00+03:00,0,0,0,False
2,2026-05-20T19:00:00Z,2026-05-20T22:00:00+03:00,0,0,0,False
2,2026-05-20T20:00:00Z,2026-05-20T23:00:00+03:00,0,0,0,False
2,2026-05-20T21:00:00Z,2026-05-21T00:00:00+03:00,0,0,0,False
2,2026-05-20T22:00:00Z,2026-05-21T01:00:00+03:00,0,0,0,False
2,2026-05-20T23:00:00Z,2026-05-21T02:00:00+03:00,0,0,0,False
2,2026-05-21T00:00:00Z,2026-05-21T03:00:00+03:00,0,0,0,False
2,2026-05-21T01:00:00Z,2026-05-21T04:00:00+03:00,0,0,0,False
2,2026-05-21T02:00:00Z,2026-05-21T05:00:00+03:00,0,0,0,False
2,2026-05-21T03:00:00Z,2026-05-21T06:00:00+03:00,0,0,0,False
2,2026-05-21T04:00:00Z,2026-05-21T07:00:00+03:00,0,0,0,False
2,2026-05-21T05:00:00Z,2026-05-21T08:00:00+03:00,0,0,0,False
2,2026-05-21T06:00:00Z,2026-05-21T09:00:00+03:00,4,1,5,False
2,2026-05-21T07:00:00Z,2026-05-21T10:00:00+03:00,34,31,65,False
2,2026-05-21T08:00:00Z,2026-05-21T11:00:00+03:00,27,9,36,False
2,2026-05-21T09:00:00Z,2026-05-21T12:00:00+03:00,53,32,85,False
2,2026-05-21T10:00:00Z,2026-05-21T13:00:00+03:00,18,50,68,False
2,2026-05-21T11:00:00Z,2026-05-21T14:00:00+03:00,10,12,22,False
2,2026-05-21T12:00:00Z,2026-05-21T15:00:00+03:00,5,5,10,False
2,2026-05-21T13:00:00Z,2026-05-21T16:00:00+03:00,2,5,7,False
2,2026-05-21T14:00:00Z,2026-05-21T17:00:00+03:00,4,4,8,False
2,2026-05-21T15:00:00Z,2026-05-21T18:00:00+03:00,0,0,0,False
2,2026-05-21T16:00:00Z,2026-05-21T19:00:00+03:00,0,0,0,False
2,2026-05-21T17:00:00Z,2026-05-21T20:00:00+03:00,1,0,1,False
2,2026-05-21T18:00:00Z,2026-05-21T21:00:00+03:00,0,2,2,False
2,2026-05-21T19:00:00Z,2026-05-21T22:00:00+03:00,0,0,0,False
2,2026-05-21T20:00:00Z,2026-05-21T23:00:00+03:00,0,0,0,False
2,2026-05-21T21:00:00Z,2026-05-22T00:00:00+03:00,0,0,0,False
2,2026-05-21T22:00:00Z,2026-05-22T01:00:00+03:00,0,0,0,False
2,2026-05-21T23:00:00Z,2026-05-22T02:00:00+03:00,0,0,0,False
2,2026-05-22T00:00:00Z,2026-05-22T03:00:00+03:00,0,0,0,False
2,2026-05-22T01:00:00Z,2026-05-22T04:00:00+03:00,0,0,0,False
2,2026-05-22T02:00:00Z,2026-05-22T05:00:00+03:00,0,0,0,False
2,2026-05-22T03:00:00Z,2026-05-22T06:00:00+03:00,0,0,0,False
2,2026-05-22T04:00:00Z,2026-05-22T07:00:00+03:00,0,0,0,False
2,2026-05-22T05:00:00Z,2026-05-22T08:00:00+03:00,5,6,11,False
2,2026-05-22T06:00:00Z,2026-05-22T09:00:00+03:00,20,5,25,False
2,2026-05-22T07:00:00Z,2026-05-22T10:00:00+03:00,26,6,32,False
2,2026-05-22T08:00:00Z,2026-05-22T11:00:00+03:00,35,24,59,False
2,2026-05-22T09:00:00Z,2026-05-22T12:00:00+03:00,34,49,83,False
2,2026-05-22T10:00:00Z,2026-05-22T13:00:00+03:00,28,24,52,False
2,2026-05-22T11:00:00Z,2026-05-22T14:00:00+03:00,8,14,22,False
2,2026-05-22T12:00:00Z,2026-05-22T15:00:00+03:00,12,9,21,False
2,2026-05-22T13:00:00Z,2026-05-22T16:00:00+03:00,7,12,19,False
2,2026-05-22T14:00:00Z,2026-05-22T17:00:00+03:00,5,7,12,False
2,2026-05-22T15:00:00Z,2026-05-22T18:00:00+03:00,3,9,12,False
2,2026-05-22T16:00:00Z,2026-05-22T19:00:00+03:00,0,0,0,False
2,2026-05-22T17:00:00Z,2026-05-22T20:00:00+03:00,0,0,0,False
2,2026-05-22T18:00:00Z,2026-05-22T21:00:00+03:00,0,0,0,False
2,2026-05-22T19:00:00Z,2026-05-22T22:00:00+03:00,0,0,0,False
2,2026-05-22T20:00:00Z,2026-05-22T23:00:00+03:00,0,0,0,False
2,2026-05-22T21:00:00Z,2026-05-23T00:00:00+03:00,0,0,0,False
2,2026-05-22T22:00:00Z,2026-05-23T01:00:00+03:00,0,0,0,False
2,2026-05-22T23:00:00Z,2026-05-23T02:00:00+03:00,0,0,0,False
2,2026-05-23T00:00:00Z,2026-05-23T03:00:00+03:00,0,0,0,False
2,2026-05-23T01:00:00Z,2026-05-23T04:00:00+03:00,0,0,0,False
2,2026-05-23T02:00:00Z,2026-05-23T05:00:00+03:00,0,0,0,False
2,2026-05-23T03:00:00Z,2026-05-23T06:00:00+03:00,0,0,0,False
2,2026-05-23T04:00:00Z,2026-05-23T07:00:00+03:00,0,0,0,False
2,2026-05-23T05:00:00Z,2026-05-23T08:00:00+03:00,0,0,0,False
2,2026-05-23T06:00:00Z,2026-05-23T09:00:00+03:00,0,0,0,False
2,2026-05-23T07:00:00Z,2026-05-23T10:00:00+03:00,1,2,3,False
2,2026-05-23T08:00:00Z,2026-05-23T11:00:00+03:00,4,4,8,False
2,2026-05-23T09:00:00Z,2026-05-23T12:00:00+03:00,17,9,26,False
2,2026-05-23T10:00:00Z,2026-05-23T13:00:00+03:00,12,11,23,False
2,2026-05-23T11:00:00Z,2026-05-23T14:00:00+03:00,4,9,13,False
2,2026-05-23T12:00:00Z,2026-05-23T15:00:00+03:00,0,1,1,False
2,2026-05-23T13:00:00Z,2026-05-23T16:00:00+03:00,6,4,10,False
2,2026-05-23T14:00:00Z,2026-05-23T17:00:00+03:00,2,3,5,False
2,2026-05-23T15:00:00Z,2026-05-23T18:00:00+03:00,0,0,0,False
2,2026-05-23T16:00:00Z,2026-05-23T19:00:00+03:00,0,0,0,False
2,2026-05-23T17:00:00Z,2026-05-23T20:00:00+03:00,0,0,0,False
2,2026-05-23T18:00:00Z,2026-05-23T21:00:00+03:00,0,0,0,False
2,2026-05-23T19:00:00Z,2026-05-23T22:00:00+03:00,0,0,0,False
2,2026-05-23T20:00:00Z,2026-05-23T23:00:00+03:00,0,0,0,False
2,2026-05-23T21:00:00Z,2026-05-24T00:00:00+03:00,0,0,0,False
2,2026-05-23T22:00:00Z,2026-05-24T01:00:00+03:00,0,0,0,False
2,2026-05-23T23:00:00Z,2026-05-24T02:00:00+03:00,0,0,0,False
2,2026-05-24T00:00:00Z,2026-05-24T03:00:00+03:00,0,0,0,False
2,2026-05-24T01:00:00Z,2026-05-24T04:00:00+03:00,0,0,0,False
2,2026-05-24T02:00:00Z,2026-05-24T05:00:00+03:00,0,0,0,False
2,2026-05-24T03:00:00Z,2026-05-24T06:00:00+03:00,0,0,0,False
2,2026-05-24T04:00:00Z,2026-05-24T07:00:00+03:00,0,0,0,False
2,2026-05-24T05:00:00Z,2026-05-24T08:00:00+03:00,0,0,0,False
2,2026-05-24T06:00:00Z,2026-05-24T09:00:00+03:00,1,1,2,False
2,2026-05-24T07:00:00Z,2026-05-24T10:00:00+03:00,7,2,9,False
2,2026-05-24T08:00:00Z,2026-05-24T11:00:00+03:00,11,9,20,False
2,2026-05-24T09:00:00Z,2026-05-24T12:00:00+03:00,6,12,18,False
2,2026-05-24T10:00:00Z,2026-05-24T13:00:00+03:00,10,3,13,False
2,2026-05-24T11:00:00Z,2026-05-24T14:00:00+03:00,17,10,27,False
2,2026-05-24T12:00:00Z,2026-05-24T15:00:00+03:00,8,22,30,False
2,2026-05-24T13:00:00Z,2026-05-24T16:00:00+03:00,3,3,6,False
2,2026-05-24T14:00:00Z,2026-05-24T17:00:00+03:00,0,0,0,False
2,2026-05-24T15:00:00Z,2026-05-24T18:00:00+03:00,0,0,0,False
2,2026-05-24T16:00:00Z,2026-05-24T19:00:00+03:00,0,0,0,False
2,2026-05-24T17:00:00Z,2026-05-24T20:00:00+03:00,0,0,0,False
2,2026-05-24T18:00:00Z,2026-05-24T21:00:00+03:00,0,0,0,False
2,2026-05-24T19:00:00Z,2026-05-24T22:00:00+03:00,0,0,0,False
2,2026-05-24T20:00:00Z,2026-05-24T23:00:00+03:00,0,0,0,False
2,2026-05-24T21:00:00Z,2026-05-25T00:00:00+03:00,0,0,0,False
2,2026-05-24T22:00:00Z,2026-05-25T01:00:00+03:00,0,0,0,False
2,2026-05-24T23:00:00Z,2026-05-25T02:00:00+03:00,0,0,0,False
2,2026-05-25T00:00:00Z,2026-05-25T03:00:00+03:00,0,0,0,False
2,2026-05-25T01:00:00Z,2026-05-25T04:00:00+03:00,0,0,0,False
2,2026-05-25T02:00:00Z,2026-05-25T05:00:00+03:00,0,0,0,False
2,2026-05-25T03:00:00Z,2026-05-25T06:00:00+03:00,0,0,0,False
2,2026-05-25T04:00:00Z,2026-05-25T07:00:00+03:00,1,1,2,False
2,2026-05-25T05:00:00Z,2026-05-25T08:00:00+03:00,0,3,3,False
2,2026-05-25T06:00:00Z,2026-05-25T09:00:00+03:00,1,0,1,False
2,2026-05-25T07:00:00Z,2026-05-25T10:00:00+03:00,1,4,5,False
2,2026-05-25T08:00:00Z,2026-05-25T11:00:00+03:00,0,2,2,False
2,2026-05-25T09:00:00Z,2026-05-25T12:00:00+03:00,1,0,1,False
2,2026-05-25T10:00:00Z,2026-05-25T13:00:00+03:00,0,1,1,False
2,2026-05-25T11:00:00Z,2026-05-25T14:00:00+03:00,2,3,5,False
2,2026-05-25T12:00:00Z,2026-05-25T15:00:00+03:00,1,0,1,False
2,2026-05-25T13:00:00Z,2026-05-25T16:00:00+03:00,0,1,1,False
2,2026-05-25T14:00:00Z,2026-05-25T17:00:00+03:00,0,0,0,False
2,2026-05-25T15:00:00Z,2026-05-25T18:00:00+03:00,0,0,0,False
2,2026-05-25T16:00:00Z,2026-05-25T19:00:00+03:00,0,0,0,False
2,2026-05-25T17:00:00Z,2026-05-25T20:00:00+03:00,0,0,0,False
2,2026-05-25T18:00:00Z,2026-05-25T21:00:00+03:00,0,0,0,False
2,2026-05-25T19:00:00Z,2026-05-25T22:00:00+03:00,0,0,0,False
2,2026-05-25T20:00:00Z,2026-05-25T23:00:00+03:00,0,0,0,False
2,2026-05-25T21:00:00Z,2026-05-26T00:00:00+03:00,0,0,0,False
2,2026-05-25T22:00:00Z,2026-05-26T01:00:00+03:00,0,0,0,False
2,2026-05-25T23:00:00Z,2026-05-26T02:00:00+03:00,0,0,0,False
2,2026-05-26T00:00:00Z,2026-05-26T03:00:00+03:00,0,0,0,False
2,2026-05-26T01:00:00Z,2026-05-26T04:00:00+03:00,0,0,0,False
2,2026-05-26T02:00:00Z,2026-05-26T05:00:00+03:00,0,0,0,False
2,2026-05-26T03:00:00Z,2026-05-26T06:00:00+03:00,0,0,0,False
2,2026-05-26T04:00:00Z,2026-05-26T07:00:00+03:00,0,1,1,False
2,2026-05-26T05:00:00Z,2026-05-26T08:00:00+03:00,0,0,0,False
2,2026-05-26T06:00:00Z,2026-05-26T09:00:00+03:00,1,1,2,False
2,2026-05-26T07:00:00Z,2026-05-26T10:00:00+03:00,0,1,1,False
2,2026-05-26T08:00:00Z,2026-05-26T11:00:00+03:00,55,8,63,False
2,2026-05-26T09:00:00Z,2026-05-26T12:00:00+03:00,8,54,62,False
2,2026-05-26T10:00:00Z,2026-05-26T13:00:00+03:00,28,8,36,False
2,2026-05-26T11:00:00Z,2026-05-26T14:00:00+03:00,19,18,37,False
2,2026-05-26T12:00:00Z,2026-05-26T15:00:00+03:00,4,10,14,False
2,2026-05-26T13:00:00Z,2026-05-26T16:00:00+03:00,6,9,15,False
2,2026-05-26T14:00:00Z,2026-05-26T17:00:00+03:00,2,2,4,False
2,2026-05-26T15:00:00Z,2026-05-26T18:00:00+03:00,0,0,0,False
2,2026-05-26T16:00:00Z,2026-05-26T19:00:00+03:00,0,0,0,False
2,2026-05-26T17:00:00Z,2026-05-26T20:00:00+03:00,0,0,0,False
2,2026-05-26T18:00:00Z,2026-05-26T21:00:00+03:00,0,0,0,False
2,2026-05-26T19:00:00Z,2026-05-26T22:00:00+03:00,0,0,0,False
2,2026-05-26T20:00:00Z,2026-05-26T23:00:00+03:00,0,0,0,False
2,2026-05-26T21:00:00Z,2026-05-27T00:00:00+03:00,0,0,0,False
2,2026-05-26T22:00:00Z,2026-05-27T01:00:00+03:00,0,0,0,False
2,2026-05-26T23:00:00Z,2026-05-27T02:00:00+03:00,0,0,0,False
2,2026-05-27T00:00:00Z,2026-05-27T03:00:00+03:00,0,0,0,False
2,2026-05-27T01:00:00Z,2026-05-27T04:00:00+03:00,0,0,0,False
2,2026-05-27T02:00:00Z,2026-05-27T05:00:00+03:00,0,0,0,False
2,2026-05-27T03:00:00Z,2026-05-27T06:00:00+03:00,0,0,0,False
2,2026-05-27T04:00:00Z,2026-05-27T07:00:00+03:00,0,0,0,False
2,2026-05-27T05:00:00Z,2026-05-27T08:00:00+03:00,1,0,1,False
2,2026-05-27T06:00:00Z,2026-05-27T09:00:00+03:00,4,2,6,False
2,2026-05-27T07:00:00Z,2026-05-27T10:00:00+03:00,3,0,3,False
2,2026-05-27T08:00:00Z,2026-05-27T11:00:00+03:00,0,2,2,False
2,2026-05-27T09:00:00Z,2026-05-27T12:00:00+03:00,2,3,5,False
2,2026-05-27T10:00:00Z,2026-05-27T13:00:00+03:00,19,15,34,False
2,2026-05-27T11:00:00Z,2026-05-27T14:00:00+03:00,16,10,26,False
2,2026-05-27T12:00:00Z,2026-05-27T15:00:00+03:00,1,7,8,False
2,2026-05-27T13:00:00Z,2026-05-27T16:00:00+03:00,12,9,21,False
2,2026-05-27T14:00:00Z,2026-05-27T17:00:00+03:00,7,17,24,False
2,2026-05-27T15:00:00Z,2026-05-27T18:00:00+03:00,6,6,12,False
2,2026-05-27T16:00:00Z,2026-05-27T19:00:00+03:00,0,0,0,False
2,2026-05-27T17:00:00Z,2026-05-27T20:00:00+03:00,0,0,0,False
2,2026-05-27T18:00:00Z,2026-05-27T21:00:00+03:00,0,0,0,False
2,2026-05-27T19:00:00Z,2026-05-27T22:00:00+03:00,0,0,0,False
2,2026-05-27T20:00:00Z,2026-05-27T23:00:00+03:00,0,0,0,False
2,2026-05-27T21:00:00Z,2026-05-28T00:00:00+03:00,0,0,0,False
2,2026-05-27T22:00:00Z,2026-05-28T01:00:00+03:00,0,0,0,False
2,2026-05-27T23:00:00Z,2026-05-28T02:00:00+03:00,0,0,0,False
2,2026-05-28T00:00:00Z,2026-05-28T03:00:00+03:00,0,0,0,False
2,2026-05-28T01:00:00Z,2026-05-28T04:00:00+03:00,0,0,0,False
2,2026-05-28T02:00:00Z,2026-05-28T05:00:00+03:00,0,0,0,False
2,2026-05-28T03:00:00Z,2026-05-28T06:00:00+03:00,0,0,0,False
2,2026-05-28T04:00:00Z,2026-05-28T07:00:00+03:00,1,2,3,False
2,2026-05-28T05:00:00Z,2026-05-28T08:00:00+03:00,2,0,2,False
2,2026-05-28T06:00:00Z,2026-05-28T09:00:00+03:00,2,1,3,False
2,2026-05-28T07:00:00Z,2026-05-28T10:00:00+03:00,2,2,4,False
2,2026-05-28T08:00:00Z,2026-05-28T11:00:00+03:00,0,1,1,False
2,2026-05-28T09:00:00Z,2026-05-28T12:00:00+03:00,3,4,7,False
2,2026-05-28T10:00:00Z,2026-05-28T13:00:00+03:00,5,2,7,False
2,2026-05-28T11:00:00Z,2026-05-28T14:00:00+03:00,6,3,9,False
2,2026-05-28T12:00:00Z,2026-05-28T15:00:00+03:00,12,11,23,False
2,2026-05-28T13:00:00Z,2026-05-28T16:00:00+03:00,2,2,4,False
2,2026-05-28T14:00:00Z,2026-05-28T17:00:00+03:00,4,6,10,False
2,2026-05-28T15:00:00Z,2026-05-28T18:00:00+03:00,2,2,4,False
2,2026-05-28T16:00:00Z,2026-05-28T19:00:00+03:00,0,0,0,False
2,2026-05-28T17:00:00Z,2026-05-28T20:00:00+03:00,0,0,0,False
2,2026-05-28T18:00:00Z,2026-05-28T21:00:00+03:00,0,0,0,False
2,2026-05-28T19:00:00Z,2026-05-28T22:00:00+03:00,0,0,0,False
2,2026-05-28T20:00:00Z,2026-05-28T23:00:00+03:00,0,0,0,False
2,2026-05-28T21:00:00Z,2026-05-29T00:00:00+03:00,0,0,0,False
2,2026-05-28T22:00:00Z,2026-05-29T01:00:00+03:00,0,0,0,False
2,2026-05-28T23:00:00Z,2026-05-29T02:00:00+03:00,0,0,0,False
2,2026-05-29T00:00:00Z,2026-05-29T03:00:00+03:00,0,0,0,False
2,2026-05-29T01:00:00Z,2026-05-29T04:00:00+03:00,0,0,0,False
2,2026-05-29T02:00:00Z,2026-05-29T05:00:00+03:00,0,0,0,False
2,2026-05-29T03:00:00Z,2026-05-29T06:00:00+03:00,0,0,0,False
2,2026-05-29T04:00:00Z,2026-05-29T07:00:00+03:00,0,0,0,False
2,2026-05-29T05:00:00Z,2026-05-29T08:00:00+03:00,0,0,0,False
2,2026-05-29T06:00:00Z,2026-05-29T09:00:00+03:00,4,4,8,False
2,2026-05-29T07:00:00Z,2026-05-29T10:00:00+03:00,2,0,2,False
2,2026-05-29T08:00:00Z,2026-05-29T11:00:00+03:00,0,0,0,False
2,2026-05-29T09:00:00Z,2026-05-29T12:00:00+03:00,1,4,5,False
2,2026-05-29T10:00:00Z,2026-05-29T13:00:00+03:00,7,4,11,False
2,2026-05-29T11:00:00Z,2026-05-29T14:00:00+03:00,8,2,10,False
2,2026-05-29T12:00:00Z,2026-05-29T15:00:00+03:00,9,13,22,False
2,2026-05-29T13:00:00Z,2026-05-29T16:00:00+03:00,5,3,8,False
2,2026-05-29T14:00:00Z,2026-05-29T17:00:00+03:00,2,2,4,False
2,2026-05-29T15:00:00Z,2026-05-29T18:00:00+03:00,3,5,8,False
2,2026-05-29T16:00:00Z,2026-05-29T19:00:00+03:00,0,0,0,False
2,2026-05-29T17:00:00Z,2026-05-29T20:00:00+03:00,0,0,0,False
2,2026-05-29T18:00:00Z,2026-05-29T21:00:00+03:00,0,0,0,False
2,2026-05-29T19:00:00Z,2026-05-29T22:00:00+03:00,0,0,0,False
2,2026-05-29T20:00:00Z,2026-05-29T23:00:00+03:00,0,0,0,False
2,2026-05-29T21:00:00Z,2026-05-30T00:00:00+03:00,0,0,0,False
2,2026-05-29T22:00:00Z,2026-05-30T01:00:00+03:00,0,0,0,False
2,2026-05-29T23:00:00Z,2026-05-30T02:00:00+03:00,0,0,0,False
2,2026-05-30T00:00:00Z,2026-05-30T03:00:00+03:00,0,0,0,False
2,2026-05-30T01:00:00Z,2026-05-30T04:00:00+03:00,0,0,0,False
2,2026-05-30T02:00:00Z,2026-05-30T05:00:00+03:00,0,0,0,False
2,2026-05-30T03:00:00Z,2026-05-30T06:00:00+03:00,0,0,0,False
2,2026-05-30T04:00:00Z,2026-05-30T07:00:00+03:00,0,0,0,False
2,2026-05-30T05:00:00Z,2026-05-30T08:00:00+03:00,0,0,0,False
2,2026-05-30T06:00:00Z,2026-05-30T09:00:00+03:00,0,0,0,False
2,2026-05-30T07:00:00Z,2026-05-30T10:00:00+03:00,0,0,0,False
2,2026-05-30T08:00:00Z,2026-05-30T11:00:00+03:00,7,4,11,False
2,2026-05-30T09:00:00Z,2026-05-30T12:00:00+03:00,9,6,15,False
2,2026-05-30T10:00:00Z,2026-05-30T13:00:00+03:00,8,8,16,False
2,2026-05-30T11:00:00Z,2026-05-30T14:00:00+03:00,14,15,29,False
2,2026-05-30T12:00:00Z,2026-05-30T15:00:00+03:00,3,2,5,False
2,2026-05-30T13:00:00Z,2026-05-30T16:00:00+03:00,8,11,19,False
2,2026-05-30T14:00:00Z,2026-05-30T17:00:00+03:00,0,0,0,False
2,2026-05-30T15:00:00Z,2026-05-30T18:00:00+03:00,0,0,0,False
2,2026-05-30T16:00:00Z,2026-05-30T19:00:00+03:00,0,0,0,False
2,2026-05-30T17:00:00Z,2026-05-30T20:00:00+03:00,0,0,0,False
2,2026-05-30T18:00:00Z,2026-05-30T21:00:00+03:00,0,0,0,False
2,2026-05-30T19:00:00Z,2026-05-30T22:00:00+03:00,0,0,0,False
2,2026-05-30T20:00:00Z,2026-05-30T23:00:00+03:00,0,0,0,False
2,2026-05-30T21:00:00Z,2026-05-31T00:00:00+03:00,0,0,0,False
2,2026-05-30T22:00:00Z,2026-05-31T01:00:00+03:00,0,0,0,False
2,2026-05-30T23:00:00Z,2026-05-31T02:00:00+03:00,0,0,0,False
2,2026-05-31T00:00:00Z,2026-05-31T03:00:00+03:00,0,0,0,False
2,2026-05-31T01:00:00Z,2026-05-31T04:00:00+03:00,0,0,0,False
2,2026-05-31T02:00:00Z,2026-05-31T05:00:00+03:00,0,0,0,False
2,2026-05-31T03:00:00Z,2026-05-31T06:00:00+03:00,0,0,0,False
2,2026-05-31T04:00:00Z,2026-05-31T07:00:00+03:00,0,0,0,False
2,2026-05-31T05:00:00Z,2026-05-31T08:00:00+03:00,0,0,0,False
2,2026-05-31T06:00:00Z,2026-05-31T09:00:00+03:00,0,0,0,False
2,2026-05-31T07:00:00Z,2026-05-31T10:00:00+03:00,11,6,17,False
2,2026-05-31T08:00:00Z,2026-05-31T11:00:00+03:00,4,6,10,False
2,2026-05-31T09:00:00Z,2026-05-31T12:00:00+03:00,19,6,25,False
2,2026-05-31T10:00:00Z,2026-05-31T13:00:00+03:00,2,15,17,False
2,2026-05-31T11:00:00Z,2026-05-31T14:00:00+03:00,18,11,29,False
2,2026-05-31T12:00:00Z,2026-05-31T15:00:00+03:00,13,18,31,False
2,2026-05-31T13:00:00Z,2026-05-31T16:00:00+03:00,2,6,8,False
2,2026-05-31T14:00:00Z,2026-05-31T17:00:00+03:00,0,0,0,False
2,2026-05-31T15:00:00Z,2026-05-31T18:00:00+03:00,0,0,0,False
2,2026-05-31T16:00:00Z,2026-05-31T19:00:00+03:00,0,0,0,False
2,2026-05-31T17:00:00Z,2026-05-31T20:00:00+03:00,0,0,0,False
2,2026-05-31T18:00:00Z,2026-05-31T21:00:00+03:00,0,0,0,False
2,2026-05-31T19:00:00Z,2026-05-31T22:00:00+03:00,0,0,0,False
2,2026-05-31T20:00:00Z,2026-05-31T23:00:00+03:00,0,0,0,False
2,2026-05-31T21:00:00Z,2026-06-01T00:00:00+03:00,0,0,0,False
2,2026-05-31T22:00:00Z,2026-06-01T01:00:00+03:00,0,0,0,False
2,2026-05-31T23:00:00Z,2026-06-01T02:00:00+03:00,0,0,0,False
2,2026-06-01T00:00:00Z,2026-06-01T03:00:00+03:00,0,0,0,False
2,2026-06-01T01:00:00Z,2026-06-01T04:00:00+03:00,0,0,0,False
2,2026-06-01T02:00:00Z,2026-06-01T05:00:00+03:00,0,0,0,False
2,2026-06-01T03:00:00Z,2026-06-01T06:00:00+03:00,0,0,0,False
2,2026-06-01T04:00:00Z,2026-06-01T07:00:00+03:00,0,0,0,False
2,2026-06-01T05:00:00Z,2026-06-01T08:00:00+03:00,1,0,1,False
2,2026-06-01T06:00:00Z,2026-06-01T09:00:00+03:00,2,2,4,False
2,2026-06-01T07:00:00Z,2026-06-01T10:00:00+03:00,0,1,1,False
2,2026-06-01T08:00:00Z,2026-06-01T11:00:00+03:00,1,3,4,False
2,2026-06-01T09:00:00Z,2026-06-01T12:00:00+03:00,0,2,2,False
2,2026-06-01T10:00:00Z,2026-06-01T13:00:00+03:00,1,1,2,False
2,2026-06-01T11:00:00Z,2026-06-01T14:00:00+03:00,2,3,5,False
2,2026-06-01T12:00:00Z,2026-06-01T15:00:00+03:00,1,0,1,False
2,2026-06-01T13:00:00Z,2026-06-01T16:00:00+03:00,0,1,1,False
2,2026-06-01T14:00:00Z,2026-06-01T17:00:00+03:00,0,0,0,False
2,2026-06-01T15:00:00Z,2026-06-01T18:00:00+03:00,0,0,0,False
2,2026-06-01T16:00:00Z,2026-06-01T19:00:00+03:00,0,0,0,False
2,2026-06-01T17:00:00Z,2026-06-01T20:00:00+03:00,0,0,0,False
2,2026-06-01T18:00:00Z,2026-06-01T21:00:00+03:00,0,0,0,False
2,2026-06-01T19:00:00Z,2026-06-01T22:00:00+03:00,0,0,0,False
2,2026-06-01T20:00:00Z,2026-06-01T23:00:00+03:00,0,0,0,False
2,2026-06-01T21:00:00Z,2026-06-02T00:00:00+03:00,0,0,0,False
2,2026-06-01T22:00:00Z,2026-06-02T01:00:00+03:00,0,0,0,False
2,2026-06-01T23:00:00Z,2026-06-02T02:00:00+03:00,0,0,0,False
2,2026-06-02T00:00:00Z,2026-06-02T03:00:00+03:00,0,0,0,False
2,2026-06-02T01:00:00Z,2026-06-02T04:00:00+03:00,0,0,0,False
2,2026-06-02T02:00:00Z,2026-06-02T05:00:00+03:00,0,0,0,False
2,2026-06-02T03:00:00Z,2026-06-02T06:00:00+03:00,0,0,0,False
2,2026-06-02T04:00:00Z,2026-06-02T07:00:00+03:00,1,0,1,False
2,2026-06-02T05:00:00Z,2026-06-02T08:00:00+03:00,0,0,0,False
2,2026-06-02T06:00:00Z,2026-06-02T09:00:00+03:00,2,2,4,False
2,2026-06-02T07:00:00Z,2026-06-02T10:00:00+03:00,3,2,5,False
2,2026-06-02T08:00:00Z,2026-06-02T11:00:00+03:00,0,1,1,False
2,2026-06-02T09:00:00Z,2026-06-02T12:00:00+03:00,1,3,4,False
2,2026-06-02T10:00:00Z,2026-06-02T13:00:00+03:00,10,9,19,False
2,2026-06-02T11:00:00Z,2026-06-02T14:00:00+03:00,43,26,69,False
2,2026-06-02T12:00:00Z,2026-06-02T15:00:00+03:00,7,21,28,False
2,2026-06-02T13:00:00Z,2026-06-02T16:00:00+03:00,13,3,16,False
2,2026-06-02T14:00:00Z,2026-06-02T17:00:00+03:00,7,13,20,False
2,2026-06-02T15:00:00Z,2026-06-02T18:00:00+03:00,6,8,14,False
2,2026-06-02T16:00:00Z,2026-06-02T19:00:00+03:00,0,0,0,False
2,2026-06-02T17:00:00Z,2026-06-02T20:00:00+03:00,0,0,0,False
2,2026-06-02T18:00:00Z,2026-06-02T21:00:00+03:00,0,0,0,False
2,2026-06-02T19:00:00Z,2026-06-02T22:00:00+03:00,0,0,0,False
2,2026-06-02T20:00:00Z,2026-06-02T23:00:00+03:00,0,0,0,False
2,2026-06-02T21:00:00Z,2026-06-03T00:00:00+03:00,0,0,0,False
2,2026-06-02T22:00:00Z,2026-06-03T01:00:00+03:00,0,0,0,False
2,2026-06-02T23:00:00Z,2026-06-03T02:00:00+03:00,0,0,0,False
2,2026-06-03T00:00:00Z,2026-06-03T03:00:00+03:00,0,0,0,False
2,2026-06-03T01:00:00Z,2026-06-03T04:00:00+03:00,0,0,0,False
2,2026-06-03T02:00:00Z,2026-06-03T05:00:00+03:00,0,0,0,False
2,2026-06-03T03:00:00Z,2026-06-03T06:00:00+03:00,0,0,0,False
2,2026-06-03T04:00:00Z,2026-06-03T07:00:00+03:00,0,0,0,False
2,2026-06-03T05:00:00Z,2026-06-03T08:00:00+03:00,0,0,0,False
2,2026-06-03T06:00:00Z,2026-06-03T09:00:00+03:00,2,2,4,False
2,2026-06-03T07:00:00Z,2026-06-03T10:00:00+03:00,0,0,0,False
2,2026-06-03T08:00:00Z,2026-06-03T11:00:00+03:00,0,0,0,False
2,2026-06-03T09:00:00Z,2026-06-03T12:00:00+03:00,16,5,21,False
2,2026-06-03T10:00:00Z,2026-06-03T13:00:00+03:00,12,5,17,False
2,2026-06-03T11:00:00Z,2026-06-03T14:00:00+03:00,9,10,19,False
2,2026-06-03T12:00:00Z,2026-06-03T15:00:00+03:00,5,6,11,False
2,2026-06-03T13:00:00Z,2026-06-03T16:00:00+03:00,7,6,13,False
2,2026-06-03T14:00:00Z,2026-06-03T17:00:00+03:00,32,9,41,False
2,2026-06-03T15:00:00Z,2026-06-03T18:00:00+03:00,10,34,44,False
2,2026-06-03T16:00:00Z,2026-06-03T19:00:00+03:00,0,0,0,False
2,2026-06-03T17:00:00Z,2026-06-03T20:00:00+03:00,1,0,1,False
2,2026-06-03T18:00:00Z,2026-06-03T21:00:00+03:00,0,2,2,False
2,2026-06-03T19:00:00Z,2026-06-03T22:00:00+03:00,0,0,0,False
2,2026-06-03T20:00:00Z,2026-06-03T23:00:00+03:00,0,0,0,False
2,2026-06-03T21:00:00Z,2026-06-04T00:00:00+03:00,0,0,0,False
2,2026-06-03T22:00:00Z,2026-06-04T01:00:00+03:00,0,0,0,False
2,2026-06-03T23:00:00Z,2026-06-04T02:00:00+03:00,0,0,0,False
2,2026-06-04T00:00:00Z,2026-06-04T03:00:00+03:00,0,0,0,False
2,2026-06-04T01:00:00Z,2026-06-04T04:00:00+03:00,0,0,0,False
2,2026-06-04T02:00:00Z,2026-06-04T05:00:00+03:00,0,0,0,False
2,2026-06-04T03:00:00Z,2026-06-04T06:00:00+03:00,0,0,0,False
2,2026-06-04T04:00:00Z,2026-06-04T07:00:00+03:00,3,3,6,False
2,2026-06-04T05:00:00Z,2026-06-04T08:00:00+03:00,7,5,12,False
2,2026-06-04T06:00:00Z,2026-06-04T09:00:00+03:00,2,2,4,False
2,2026-06-04T07:00:00Z,2026-06-04T10:00:00+03:00,2,3,5,False
2,2026-06-04T08:00:00Z,2026-06-04T11:00:00+03:00,0,3,3,False
2,2026-06-04T09:00:00Z,2026-06-04T12:00:00+03:00,9,8,17,False
2,2026-06-04T10:00:00Z,2026-06-04T13:00:00+03:00,4,4,8,False
2,2026-06-04T11:00:00Z,2026-06-04T14:00:00+03:00,26,19,45,False
2,2026-06-04T12:00:00Z,2026-06-04T15:00:00+03:00,14,13,27,False
2,2026-06-04T13:00:00Z,2026-06-04T16:00:00+03:00,7,13,20,False
2,2026-06-04T14:00:00Z,2026-06-04T17:00:00+03:00,9,9,18,False
2,2026-06-04T15:00:00Z,2026-06-04T18:00:00+03:00,0,0,0,False
2,2026-06-04T16:00:00Z,2026-06-04T19:00:00+03:00,0,0,0,False
2,2026-06-04T17:00:00Z,2026-06-04T20:00:00+03:00,0,0,0,False
2,2026-06-04T18:00:00Z,2026-06-04T21:00:00+03:00,0,0,0,False
2,2026-06-04T19:00:00Z,2026-06-04T22:00:00+03:00,0,0,0,False
2,2026-06-04T20:00:00Z,2026-06-04T23:00:00+03:00,0,0,0,False
2,2026-06-04T21:00:00Z,2026-06-05T00:00:00+03:00,0,0,0,False
2,2026-06-04T22:00:00Z,2026-06-05T01:00:00+03:00,0,0,0,False
2,2026-06-04T23:00:00Z,2026-06-05T02:00:00+03:00,0,0,0,False
2,2026-06-05T00:00:00Z,2026-06-05T03:00:00+03:00,0,0,0,False
2,2026-06-05T01:00:00Z,2026-06-05T04:00:00+03:00,0,0,0,False
2,2026-06-05T02:00:00Z,2026-06-05T05:00:00+03:00,0,0,0,False
2,2026-06-05T03:00:00Z,2026-06-05T06:00:00+03:00,0,0,0,False
2,2026-06-05T04:00:00Z,2026-06-05T07:00:00+03:00,0,0,0,False
2,2026-06-05T05:00:00Z,2026-06-05T08:00:00+03:00,0,0,0,False
2,2026-06-05T06:00:00Z,2026-06-05T09:00:00+03:00,0,1,1,False
2,2026-06-05T07:00:00Z,2026-06-05T10:00:00+03:00,1,1,2,False
2,2026-06-05T08:00:00Z,2026-06-05T11:00:00+03:00,2,2,4,False
2,2026-06-05T09:00:00Z,2026-06-05T12:00:00+03:00,16,7,23,False
2,2026-06-05T10:00:00Z,2026-06-05T13:00:00+03:00,5,15,20,False
2,2026-06-05T11:00:00Z,2026-06-05T14:00:00+03:00,9,8,17,False
2,2026-06-05T12:00:00Z,2026-06-05T15:00:00+03:00,16,16,32,False
2,2026-06-05T13:00:00Z,2026-06-05T16:00:00+03:00,8,12,20,False
2,2026-06-05T14:00:00Z,2026-06-05T17:00:00+03:00,6,5,11,False
2,2026-06-05T15:00:00Z,2026-06-05T18:00:00+03:00,4,4,8,False
2,2026-06-05T16:00:00Z,2026-06-05T19:00:00+03:00,0,0,0,False
2,2026-06-05T17:00:00Z,2026-06-05T20:00:00+03:00,0,0,0,False
2,2026-06-05T18:00:00Z,2026-06-05T21:00:00+03:00,0,0,0,False
2,2026-06-05T19:00:00Z,2026-06-05T22:00:00+03:00,0,0,0,False
2,2026-06-05T20:00:00Z,2026-06-05T23:00:00+03:00,0,0,0,False
2,2026-06-05T21:00:00Z,2026-06-06T00:00:00+03:00,0,0,0,False
2,2026-06-05T22:00:00Z,2026-06-06T01:00:00+03:00,0,0,0,False
2,2026-06-05T23:00:00Z,2026-06-06T02:00:00+03:00,0,0,0,False
2,2026-06-06T00:00:00Z,2026-06-06T03:00:00+03:00,0,0,0,False
2,2026-06-06T01:00:00Z,2026-06-06T04:00:00+03:00,0,0,0,False
2,2026-06-06T02:00:00Z,2026-06-06T05:00:00+03:00,0,0,0,False
2,2026-06-06T03:00:00Z,2026-06-06T06:00:00+03:00,0,0,0,False
2,2026-06-06T04:00:00Z,2026-06-06T07:00:00+03:00,0,0,0,False
2,2026-06-06T05:00:00Z,2026-06-06T08:00:00+03:00,0,0,0,False
2,2026-06-06T06:00:00Z,2026-06-06T09:00:00+03:00,0,0,0,False
2,2026-06-06T07:00:00Z,2026-06-06T10:00:00+03:00,6,2,8,False
2,2026-06-06T08:00:00Z,2026-06-06T11:00:00+03:00,7,2,9,False
2,2026-06-06T09:00:00Z,2026-06-06T12:00:00+03:00,21,14,35,False
2,2026-06-06T10:00:00Z,2026-06-06T13:00:00+03:00,22,16,38,False
2,2026-06-06T11:00:00Z,2026-06-06T14:00:00+03:00,31,12,43,False
2,2026-06-06T12:00:00Z,2026-06-06T15:00:00+03:00,11,10,21,False
2,2026-06-06T13:00:00Z,2026-06-06T16:00:00+03:00,9,31,40,False
2,2026-06-06T14:00:00Z,2026-06-06T17:00:00+03:00,0,5,5,False
2,2026-06-06T15:00:00Z,2026-06-06T18:00:00+03:00,0,0,0,False
2,2026-06-06T16:00:00Z,2026-06-06T19:00:00+03:00,0,0,0,False
2,2026-06-06T17:00:00Z,2026-06-06T20:00:00+03:00,0,0,0,False
2,2026-06-06T18:00:00Z,2026-06-06T21:00:00+03:00,0,0,0,False
2,2026-06-06T19:00:00Z,2026-06-06T22:00:00+03:00,0,0,0,False
2,2026-06-06T20:00:00Z,2026-06-06T23:00:00+03:00,0,0,0,False
2,2026-06-06T21:00:00Z,2026-06-07T00:00:00+03:00,0,0,0,False
2,2026-06-06T22:00:00Z,2026-06-07T01:00:00+03:00,0,0,0,False
2,2026-06-06T23:00:00Z,2026-06-07T02:00:00+03:00,0,0,0,False
2,2026-06-07T00:00:00Z,2026-06-07T03:00:00+03:00,0,0,0,False
2,2026-06-07T01:00:00Z,2026-06-07T04:00:00+03:00,0,0,0,False
2,2026-06-07T02:00:00Z,2026-06-07T05:00:00+03:00,0,0,0,False
2,2026-06-07T03:00:00Z,2026-06-07T06:00:00+03:00,0,0,0,False
2,2026-06-07T04:00:00Z,2026-06-07T07:00:00+03:00,0,0,0,False
2,2026-06-07T05:00:00Z,2026-06-07T08:00:00+03:00,0,0,0,False
2,2026-06-07T06:00:00Z,2026-06-07T09:00:00+03:00,0,0,0,False
2,2026-06-07T07:00:00Z,2026-06-07T10:00:00+03:00,5,1,6,False
2,2026-06-07T08:00:00Z,2026-06-07T11:00:00+03:00,5,1,6,False
2,2026-06-07T09:00:00Z,2026-06-07T12:00:00+03:00,8,5,13,False
2,2026-06-07T10:00:00Z,2026-06-07T13:00:00+03:00,11,14,25,False
2,2026-06-07T11:00:00Z,2026-06-07T14:00:00+03:00,10,1,11,False
2,2026-06-07T12:00:00Z,2026-06-07T15:00:00+03:00,14,12,26,False
2,2026-06-07T13:00:00Z,2026-06-07T16:00:00+03:00,6,10,16,False
2,2026-06-07T14:00:00Z,2026-06-07T17:00:00+03:00,0,0,0,False
2,2026-06-07T15:00:00Z,2026-06-07T18:00:00+03:00,0,0,0,False
2,2026-06-07T16:00:00Z,2026-06-07T19:00:00+03:00,0,0,0,False
2,2026-06-07T17:00:00Z,2026-06-07T20:00:00+03:00,0,0,0,False
2,2026-06-07T18:00:00Z,2026-06-07T21:00:00+03:00,0,0,0,False
2,2026-06-07T19:00:00Z,2026-06-07T22:00:00+03:00,0,0,0,False
2,2026-06-07T20:00:00Z,2026-06-07T23:00:00+03:00,0,0,0,False
2,2026-06-07T21:00:00Z,2026-06-08T00:00:00+03:00,0,0,0,False
2,2026-06-07T22:00:00Z,2026-06-08T01:00:00+03:00,0,0,0,False
2,2026-06-07T23:00:00Z,2026-06-08T02:00:00+03:00,0,0,0,False
2,2026-06-08T00:00:00Z,2026-06-08T03:00:00+03:00,0,0,0,False
2,2026-06-08T01:00:00Z,2026-06-08T04:00:00+03:00,0,0,0,False
2,2026-06-08T02:00:00Z,2026-06-08T05:00:00+03:00,0,0,0,False
2,2026-06-08T03:00:00Z,2026-06-08T06:00:00+03:00,0,0,0,False
2,2026-06-08T04:00:00Z,2026-06-08T07:00:00+03:00,0,0,0,False
2,2026-06-08T05:00:00Z,2026-06-08T08:00:00+03:00,0,0,0,False
2,2026-06-08T06:00:00Z,2026-06-08T09:00:00+03:00,1,3,4,False
2,2026-06-08T07:00:00Z,2026-06-08T10:00:00+03:00,5,4,9,False
2,2026-06-08T08:00:00Z,2026-06-08T11:00:00+03:00,2,8,10,False
2,2026-06-08T09:00:00Z,2026-06-08T12:00:00+03:00,0,8,8,False
2,2026-06-08T10:00:00Z,2026-06-08T13:00:00+03:00,1,0,1,False
2,2026-06-08T11:00:00Z,2026-06-08T14:00:00+03:00,1,2,3,False
2,2026-06-08T12:00:00Z,2026-06-08T15:00:00+03:00,1,0,1,False
2,2026-06-08T13:00:00Z,2026-06-08T16:00:00+03:00,0,2,2,False
2,2026-06-08T14:00:00Z,2026-06-08T17:00:00+03:00,0,0,0,False
2,2026-06-08T15:00:00Z,2026-06-08T18:00:00+03:00,6,1,7,False
2,2026-06-08T16:00:00Z,2026-06-08T19:00:00+03:00,0,0,0,False
2,2026-06-08T17:00:00Z,2026-06-08T20:00:00+03:00,2,1,3,False
2,2026-06-08T18:00:00Z,2026-06-08T21:00:00+03:00,0,0,0,False
2,2026-06-08T19:00:00Z,2026-06-08T22:00:00+03:00,0,0,0,False
2,2026-06-08T20:00:00Z,2026-06-08T23:00:00+03:00,0,0,0,False
2,2026-06-08T21:00:00Z,2026-06-09T00:00:00+03:00,2,2,4,False
2,2026-06-08T22:00:00Z,2026-06-09T01:00:00+03:00,0,0,0,False
2,2026-06-08T23:00:00Z,2026-06-09T02:00:00+03:00,0,0,0,False
2,2026-06-09T00:00:00Z,2026-06-09T03:00:00+03:00,0,0,0,False
2,2026-06-09T01:00:00Z,2026-06-09T04:00:00+03:00,0,0,0,False
2,2026-06-09T02:00:00Z,2026-06-09T05:00:00+03:00,0,0,0,False
2,2026-06-09T03:00:00Z,2026-06-09T06:00:00+03:00,0,0,0,False
2,2026-06-09T04:00:00Z,2026-06-09T07:00:00+03:00,0,0,0,False
2,2026-06-09T05:00:00Z,2026-06-09T08:00:00+03:00,1,0,1,False
2,2026-06-09T06:00:00Z,2026-06-09T09:00:00+03:00,2,4,6,False
2,2026-06-09T07:00:00Z,2026-06-09T10:00:00+03:00,1,0,1,False
2,2026-06-09T08:00:00Z,2026-06-09T11:00:00+03:00,0,3,3,False
2,2026-06-09T09:00:00Z,2026-06-09T12:00:00+03:00,21,9,30,False
2,2026-06-09T10:00:00Z,2026-06-09T13:00:00+03:00,35,28,63,False
2,2026-06-09T11:00:00Z,2026-06-09T14:00:00+03:00,45,34,79,False
2,2026-06-09T12:00:00Z,2026-06-09T15:00:00+03:00,9,16,25,False
2,2026-06-09T13:00:00Z,2026-06-09T16:00:00+03:00,17,23,40,False
2,2026-06-09T14:00:00Z,2026-06-09T17:00:00+03:00,16,18,34,False
2,2026-06-09T15:00:00Z,2026-06-09T18:00:00+03:00,10,13,23,False
2,2026-06-09T16:00:00Z,2026-06-09T19:00:00+03:00,0,0,0,False
2,2026-06-09T17:00:00Z,2026-06-09T20:00:00+03:00,0,0,0,False
2,2026-06-09T18:00:00Z,2026-06-09T21:00:00+03:00,0,0,0,False
2,2026-06-09T19:00:00Z,2026-06-09T22:00:00+03:00,0,0,0,False
2,2026-06-09T20:00:00Z,2026-06-09T23:00:00+03:00,0,0,0,False
2,2026-06-09T21:00:00Z,2026-06-10T00:00:00+03:00,0,0,0,False
2,2026-06-09T22:00:00Z,2026-06-10T01:00:00+03:00,0,0,0,False
2,2026-06-09T23:00:00Z,2026-06-10T02:00:00+03:00,0,0,0,False
2,2026-06-10T00:00:00Z,2026-06-10T03:00:00+03:00,0,0,0,False
2,2026-06-10T01:00:00Z,2026-06-10T04:00:00+03:00,0,0,0,False
2,2026-06-10T02:00:00Z,2026-06-10T05:00:00+03:00,0,0,0,False
2,2026-06-10T03:00:00Z,2026-06-10T06:00:00+03:00,0,0,0,False
2,2026-06-10T04:00:00Z,2026-06-10T07:00:00+03:00,0,0,0,False
2,2026-06-10T05:00:00Z,2026-06-10T08:00:00+03:00,3,0,3,False
2,2026-06-10T06:00:00Z,2026-06-10T09:00:00+03:00,1,3,4,False
2,2026-06-10T07:00:00Z,2026-06-10T10:00:00+03:00,2,1,3,False
2,2026-06-10T08:00:00Z,2026-06-10T11:00:00+03:00,1,9,10,False
2,2026-06-10T09:00:00Z,2026-06-10T12:00:00+03:00,15,7,22,False
2,2026-06-10T10:00:00Z,2026-06-10T13:00:00+03:00,28,11,39,False
2,2026-06-10T11:00:00Z,2026-06-10T14:00:00+03:00,28,30,58,False
2,2026-06-10T12:00:00Z,2026-06-10T15:00:00+03:00,10,19,29,False
2,2026-06-10T13:00:00Z,2026-06-10T16:00:00+03:00,11,14,25,False
2,2026-06-10T14:00:00Z,2026-06-10T17:00:00+03:00,6,1,7,False
2,2026-06-10T15:00:00Z,2026-06-10T18:00:00+03:00,3,8,11,False
2,2026-06-10T16:00:00Z,2026-06-10T19:00:00+03:00,0,0,0,False
2,2026-06-10T17:00:00Z,2026-06-10T20:00:00+03:00,1,1,2,False
2,2026-06-10T18:00:00Z,2026-06-10T21:00:00+03:00,0,0,0,False
2,2026-06-10T19:00:00Z,2026-06-10T22:00:00+03:00,0,0,0,False
2,2026-06-10T20:00:00Z,2026-06-10T23:00:00+03:00,0,0,0,False
2,2026-06-10T21:00:00Z,2026-06-11T00:00:00+03:00,0,0,0,False
2,2026-06-10T22:00:00Z,2026-06-11T01:00:00+03:00,0,0,0,False
2,2026-06-10T23:00:00Z,2026-06-11T02:00:00+03:00,0,0,0,False
2,2026-06-11T00:00:00Z,2026-06-11T03:00:00+03:00,0,0,0,False
2,2026-06-11T01:00:00Z,2026-06-11T04:00:00+03:00,0,0,0,False
2,2026-06-11T02:00:00Z,2026-06-11T05:00:00+03:00,0,0,0,False
2,2026-06-11T03:00:00Z,2026-06-11T06:00:00+03:00,0,0,0,False
2,2026-06-11T04:00:00Z,2026-06-11T07:00:00+03:00,2,2,4,False
2,2026-06-11T05:00:00Z,2026-06-11T08:00:00+03:00,5,1,6,False
2,2026-06-11T06:00:00Z,2026-06-11T09:00:00+03:00,1,2,3,False
2,2026-06-11T07:00:00Z,2026-06-11T10:00:00+03:00,2,1,3,False
2,2026-06-11T08:00:00Z,2026-06-11T11:00:00+03:00,1,6,7,False
2,2026-06-11T09:00:00Z,2026-06-11T12:00:00+03:00,15,14,29,False
2,2026-06-11T10:00:00Z,2026-06-11T13:00:00+03:00,11,14,25,False
2,2026-06-11T11:00:00Z,2026-06-11T14:00:00+03:00,4,8,12,False
2,2026-06-11T12:00:00Z,2026-06-11T15:00:00+03:00,8,8,16,False
2,2026-06-11T13:00:00Z,2026-06-11T16:00:00+03:00,6,7,13,False
2,2026-06-11T14:00:00Z,2026-06-11T17:00:00+03:00,8,3,11,False
2,2026-06-11T15:00:00Z,2026-06-11T18:00:00+03:00,2,2,4,False
2,2026-06-11T16:00:00Z,2026-06-11T19:00:00+03:00,0,0,0,False
2,2026-06-11T17:00:00Z,2026-06-11T20:00:00+03:00,0,0,0,False
2,2026-06-11T18:00:00Z,2026-06-11T21:00:00+03:00,0,0,0,False
2,2026-06-11T19:00:00Z,2026-06-11T22:00:00+03:00,0,0,0,False
2,2026-06-11T20:00:00Z,2026-06-11T23:00:00+03:00,0,0,0,False
2,2026-06-11T21:00:00Z,2026-06-12T00:00:00+03:00,0,0,0,False
2,2026-06-11T22:00:00Z,2026-06-12T01:00:00+03:00,0,0,0,False
2,2026-06-11T23:00:00Z,2026-06-12T02:00:00+03:00,0,0,0,False
2,2026-06-12T00:00:00Z,2026-06-12T03:00:00+03:00,0,0,0,False
2,2026-06-12T01:00:00Z,2026-06-12T04:00:00+03:00,0,0,0,False
2,2026-06-12T02:00:00Z,2026-06-12T05:00:00+03:00,0,0,0,False
2,2026-06-12T03:00:00Z,2026-06-12T06:00:00+03:00,0,0,0,False
2,2026-06-12T04:00:00Z,2026-06-12T07:00:00+03:00,0,0,0,False
2,2026-06-12T05:00:00Z,2026-06-12T08:00:00+03:00,4,2,6,False
2,2026-06-12T06:00:00Z,2026-06-12T09:00:00+03:00,0,0,0,False
2,2026-06-12T07:00:00Z,2026-06-12T10:00:00+03:00,0,0,0,False
2,2026-06-12T08:00:00Z,2026-06-12T11:00:00+03:00,5,9,14,False
2,2026-06-12T09:00:00Z,2026-06-12T12:00:00+03:00,10,10,20,False
2,2026-06-12T10:00:00Z,2026-06-12T13:00:00+03:00,64,12,76,False
2,2026-06-12T11:00:00Z,2026-06-12T14:00:00+03:00,18,53,71,False
2,2026-06-12T12:00:00Z,2026-06-12T15:00:00+03:00,5,18,23,False
2,2026-06-12T13:00:00Z,2026-06-12T16:00:00+03:00,4,5,9,False
2,2026-06-12T14:00:00Z,2026-06-12T17:00:00+03:00,0,0,0,False
2,2026-06-12T15:00:00Z,2026-06-12T18:00:00+03:00,1,0,1,False
2,2026-06-12T16:00:00Z,2026-06-12T19:00:00+03:00,0,2,2,False
2,2026-06-12T17:00:00Z,2026-06-12T20:00:00+03:00,0,0,0,False
2,2026-06-12T18:00:00Z,2026-06-12T21:00:00+03:00,0,0,0,False
2,2026-06-12T19:00:00Z,2026-06-12T22:00:00+03:00,0,0,0,False
2,2026-06-12T20:00:00Z,2026-06-12T23:00:00+03:00,0,0,0,False
2,2026-06-12T21:00:00Z,2026-06-13T00:00:00+03:00,0,0,0,False
2,2026-06-12T22:00:00Z,2026-06-13T01:00:00+03:00,0,0,0,False
2,2026-06-12T23:00:00Z,2026-06-13T02:00:00+03:00,0,0,0,False
2,2026-06-13T00:00:00Z,2026-06-13T03:00:00+03:00,0,0,0,False
2,2026-06-13T01:00:00Z,2026-06-13T04:00:00+03:00,0,0,0,False
2,2026-06-13T02:00:00Z,2026-06-13T05:00:00+03:00,0,0,0,False
2,2026-06-13T03:00:00Z,2026-06-13T06:00:00+03:00,0,0,0,False
2,2026-06-13T04:00:00Z,2026-06-13T07:00:00+03:00,0,0,0,False
2,2026-06-13T05:00:00Z,2026-06-13T08:00:00+03:00,0,0,0,False
2,2026-06-13T06:00:00Z,2026-06-13T09:00:00+03:00,0,0,0,False
2,2026-06-13T07:00:00Z,2026-06-13T10:00:00+03:00,5,3,8,False
2,2026-06-13T08:00:00Z,2026-06-13T11:00:00+03:00,5,5,10,False
2,2026-06-13T09:00:00Z,2026-06-13T12:00:00+03:00,12,6,18,False
2,2026-06-13T10:00:00Z,2026-06-13T13:00:00+03:00,33,10,43,False
2,2026-06-13T11:00:00Z,2026-06-13T14:00:00+03:00,19,23,42,False
2,2026-06-13T12:00:00Z,2026-06-13T15:00:00+03:00,3,8,11,False
2,2026-06-13T13:00:00Z,2026-06-13T16:00:00+03:00,0,0,0,False
2,2026-06-13T14:00:00Z,2026-06-13T17:00:00+03:00,0,0,0,False
2,2026-06-13T15:00:00Z,2026-06-13T18:00:00+03:00,0,0,0,False
2,2026-06-13T16:00:00Z,2026-06-13T19:00:00+03:00,0,5,5,False
2,2026-06-13T17:00:00Z,2026-06-13T20:00:00+03:00,0,0,0,False
2,2026-06-13T18:00:00Z,2026-06-13T21:00:00+03:00,0,0,0,False
2,2026-06-13T19:00:00Z,2026-06-13T22:00:00+03:00,0,0,0,False
2,2026-06-13T20:00:00Z,2026-06-13T23:00:00+03:00,0,0,0,False
2,2026-06-13T21:00:00Z,2026-06-14T00:00:00+03:00,0,0,0,False
2,2026-06-13T22:00:00Z,2026-06-14T01:00:00+03:00,0,0,0,False
2,2026-06-13T23:00:00Z,2026-06-14T02:00:00+03:00,0,0,0,False
2,2026-06-14T00:00:00Z,2026-06-14T03:00:00+03:00,0,0,0,False
2,2026-06-14T01:00:00Z,2026-06-14T04:00:00+03:00,0,0,0,False
2,2026-06-14T02:00:00Z,2026-06-14T05:00:00+03:00,0,0,0,False
2,2026-06-14T03:00:00Z,2026-06-14T06:00:00+03:00,0,0,0,False
2,2026-06-14T04:00:00Z,2026-06-14T07:00:00+03:00,0,0,0,False
2,2026-06-14T05:00:00Z,2026-06-14T08:00:00+03:00,0,0,0,False
2,2026-06-14T06:00:00Z,2026-06-14T09:00:00+03:00,0,0,0,False
2,2026-06-14T07:00:00Z,2026-06-14T10:00:00+03:00,0,0,0,False
2,2026-06-14T08:00:00Z,2026-06-14T11:00:00+03:00,18,6,24,False
2,2026-06-14T09:00:00Z,2026-06-14T12:00:00+03:00,8,10,18,False
2,2026-06-14T10:00:00Z,2026-06-14T13:00:00+03:00,15,7,22,False
2,2026-06-14T11:00:00Z,2026-06-14T14:00:00+03:00,22,9,31,False
2,2026-06-14T12:00:00Z,2026-06-14T15:00:00+03:00,4,13,17,False
2,2026-06-14T13:00:00Z,2026-06-14T16:00:00+03:00,14,15,29,False
2,2026-06-14T14:00:00Z,2026-06-14T17:00:00+03:00,4,7,11,False
2,2026-06-14T15:00:00Z,2026-06-14T18:00:00+03:00,0,0,0,False
2,2026-06-14T16:00:00Z,2026-06-14T19:00:00+03:00,0,0,0,False
2,2026-06-14T17:00:00Z,2026-06-14T20:00:00+03:00,0,0,0,False
2,2026-06-14T18:00:00Z,2026-06-14T21:00:00+03:00,0,0,0,False
2,2026-06-14T19:00:00Z,2026-06-14T22:00:00+03:00,0,0,0,False
2,2026-06-14T20:00:00Z,2026-06-14T23:00:00+03:00,0,0,0,False
2,2026-06-14T21:00:00Z,2026-06-15T00:00:00+03:00,0,0,0,False
2,2026-06-14T22:00:00Z,2026-06-15T01:00:00+03:00,0,0,0,False
2,2026-06-14T23:00:00Z,2026-06-15T02:00:00+03:00,0,0,0,False
2,2026-06-15T00:00:00Z,2026-06-15T03:00:00+03:00,0,0,0,False
2,2026-06-15T01:00:00Z,2026-06-15T04:00:00+03:00,0,0,0,False
2,2026-06-15T02:00:00Z,2026-06-15T05:00:00+03:00,0,0,0,False
2,2026-06-15T03:00:00Z,2026-06-15T06:00:00+03:00,0,0,0,False
2,2026-06-15T04:00:00Z,2026-06-15T07:00:00+03:00,0,0,0,False
2,2026-06-15T05:00:00Z,2026-06-15T08:00:00+03:00,1,0,1,False
2,2026-06-15T06:00:00Z,2026-06-15T09:00:00+03:00,0,1,1,False
2,2026-06-15T07:00:00Z,2026-06-15T10:00:00+03:00,0,1,1,False
2,2026-06-15T08:00:00Z,2026-06-15T11:00:00+03:00,3,4,7,False
2,2026-06-15T09:00:00Z,2026-06-15T12:00:00+03:00,1,0,1,False
2,2026-06-15T10:00:00Z,2026-06-15T13:00:00+03:00,1,0,1,False
2,2026-06-15T11:00:00Z,2026-06-15T14:00:00+03:00,0,0,0,False
2,2026-06-15T12:00:00Z,2026-06-15T15:00:00+03:00,0,0,0,False
2,2026-06-15T13:00:00Z,2026-06-15T16:00:00+03:00,0,1,1,False
2,2026-06-15T14:00:00Z,2026-06-15T17:00:00+03:00,0,0,0,False
2,2026-06-15T15:00:00Z,2026-06-15T18:00:00+03:00,3,0,3,False
2,2026-06-15T16:00:00Z,2026-06-15T19:00:00+03:00,0,1,1,False
2,2026-06-15T17:00:00Z,2026-06-15T20:00:00+03:00,0,0,0,False
2,2026-06-15T18:00:00Z,2026-06-15T21:00:00+03:00,0,0,0,False
2,2026-06-15T19:00:00Z,2026-06-15T22:00:00+03:00,0,0,0,False
2,2026-06-15T20:00:00Z,2026-06-15T23:00:00+03:00,0,0,0,False
2,2026-06-15T21:00:00Z,2026-06-16T00:00:00+03:00,0,0,0,False
2,2026-06-15T22:00:00Z,2026-06-16T01:00:00+03:00,0,0,0,False
2,2026-06-15T23:00:00Z,2026-06-16T02:00:00+03:00,0,0,0,False
2,2026-06-16T00:00:00Z,2026-06-16T03:00:00+03:00,0,0,0,False
2,2026-06-16T01:00:00Z,2026-06-16T04:00:00+03:00,0,0,0,False
2,2026-06-16T02:00:00Z,2026-06-16T05:00:00+03:00,0,0,0,False
2,2026-06-16T03:00:00Z,2026-06-16T06:00:00+03:00,2,2,4,False
2,2026-06-16T04:00:00Z,2026-06-16T07:00:00+03:00,0,1,1,False
2,2026-06-16T05:00:00Z,2026-06-16T08:00:00+03:00,2,1,3,False
2,2026-06-16T06:00:00Z,2026-06-16T09:00:00+03:00,0,0,0,False
2,2026-06-16T07:00:00Z,2026-06-16T10:00:00+03:00,0,1,1,False
2,2026-06-16T08:00:00Z,2026-06-16T11:00:00+03:00,0,4,4,False
2,2026-06-16T09:00:00Z,2026-06-16T12:00:00+03:00,0,1,1,False
2,2026-06-16T10:00:00Z,2026-06-16T13:00:00+03:00,37,10,47,False
2,2026-06-16T11:00:00Z,2026-06-16T14:00:00+03:00,16,41,57,False
2,2026-06-16T12:00:00Z,2026-06-16T15:00:00+03:00,35,9,44,False
2,2026-06-16T13:00:00Z,2026-06-16T16:00:00+03:00,27,31,58,False
2,2026-06-16T14:00:00Z,2026-06-16T17:00:00+03:00,24,26,50,False
2,2026-06-16T15:00:00Z,2026-06-16T18:00:00+03:00,12,24,36,False
2,2026-06-16T16:00:00Z,2026-06-16T19:00:00+03:00,4,6,10,False
2,2026-06-16T17:00:00Z,2026-06-16T20:00:00+03:00,0,0,0,False
2,2026-06-16T18:00:00Z,2026-06-16T21:00:00+03:00,0,0,0,False
2,2026-06-16T19:00:00Z,2026-06-16T22:00:00+03:00,0,0,0,False
2,2026-06-16T20:00:00Z,2026-06-16T23:00:00+03:00,0,0,0,False
2,2026-06-16T21:00:00Z,2026-06-17T00:00:00+03:00,0,0,0,False
2,2026-06-16T22:00:00Z,2026-06-17T01:00:00+03:00,0,0,0,False
2,2026-06-16T23:00:00Z,2026-06-17T02:00:00+03:00,0,0,0,False
2,2026-06-17T00:00:00Z,2026-06-17T03:00:00+03:00,0,0,0,False
2,2026-06-17T01:00:00Z,2026-06-17T04:00:00+03:00,0,0,0,False
2,2026-06-17T02:00:00Z,2026-06-17T05:00:00+03:00,0,0,0,False
2,2026-06-17T03:00:00Z,2026-06-17T06:00:00+03:00,0,0,0,False
2,2026-06-17T04:00:00Z,2026-06-17T07:00:00+03:00,0,0,0,False
2,2026-06-17T05:00:00Z,2026-06-17T08:00:00+03:00,1,1,2,False
2,2026-06-17T06:00:00Z,2026-06-17T09:00:00+03:00,1,1,2,False
2,2026-06-17T07:00:00Z,2026-06-17T10:00:00+03:00,3,4,7,False
2,2026-06-17T08:00:00Z,2026-06-17T11:00:00+03:00,1,1,2,False
2,2026-06-17T09:00:00Z,2026-06-17T12:00:00+03:00,12,6,18,False
2,2026-06-17T10:00:00Z,2026-06-17T13:00:00+03:00,31,14,45,False
2,2026-06-17T11:00:00Z,2026-06-17T14:00:00+03:00,14,21,35,False
2,2026-06-17T12:00:00Z,2026-06-17T15:00:00+03:00,7,10,17,False
2,2026-06-17T13:00:00Z,2026-06-17T16:00:00+03:00,7,13,20,False
2,2026-06-17T14:00:00Z,2026-06-17T17:00:00+03:00,12,5,17,False
2,2026-06-17T15:00:00Z,2026-06-17T18:00:00+03:00,8,14,22,False
2,2026-06-17T16:00:00Z,2026-06-17T19:00:00+03:00,0,2,2,False
2,2026-06-17T17:00:00Z,2026-06-17T20:00:00+03:00,0,0,0,False
2,2026-06-17T18:00:00Z,2026-06-17T21:00:00+03:00,0,0,0,False
2,2026-06-17T19:00:00Z,2026-06-17T22:00:00+03:00,0,0,0,False
2,2026-06-17T20:00:00Z,2026-06-17T23:00:00+03:00,0,0,0,False
2,2026-06-17T21:00:00Z,2026-06-18T00:00:00+03:00,0,0,0,False
2,2026-06-17T22:00:00Z,2026-06-18T01:00:00+03:00,0,0,0,False
2,2026-06-17T23:00:00Z,2026-06-18T02:00:00+03:00,0,0,0,False
2,2026-06-18T00:00:00Z,2026-06-18T03:00:00+03:00,0,0,0,False
2,2026-06-18T01:00:00Z,2026-06-18T04:00:00+03:00,0,0,0,False
2,2026-06-18T02:00:00Z,2026-06-18T05:00:00+03:00,0,0,0,False
2,2026-06-18T03:00:00Z,2026-06-18T06:00:00+03:00,0,0,0,False
2,2026-06-18T04:00:00Z,2026-06-18T07:00:00+03:00,0,0,0,False
2,2026-06-18T05:00:00Z,2026-06-18T08:00:00+03:00,1,1,2,False
2,2026-06-18T06:00:00Z,2026-06-18T09:00:00+03:00,3,2,5,False
2,2026-06-18T07:00:00Z,2026-06-18T10:00:00+03:00,5,3,8,False
2,2026-06-18T08:00:00Z,2026-06-18T11:00:00+03:00,18,9,27,False
2,2026-06-18T09:00:00Z,2026-06-18T12:00:00+03:00,9,17,26,False
2,2026-06-18T10:00:00Z,2026-06-18T13:00:00+03:00,17,18,35,False
2,2026-06-18T11:00:00Z,2026-06-18T14:00:00+03:00,16,6,22,False
2,2026-06-18T12:00:00Z,2026-06-18T15:00:00+03:00,21,26,47,False
2,2026-06-18T13:00:00Z,2026-06-18T16:00:00+03:00,24,10,34,False
2,2026-06-18T14:00:00Z,2026-06-18T17:00:00+03:00,5,18,23,False
2,2026-06-18T15:00:00Z,2026-06-18T18:00:00+03:00,4,6,10,False
2,2026-06-18T16:00:00Z,2026-06-18T19:00:00+03:00,0,0,0,False
2,2026-06-18T17:00:00Z,2026-06-18T20:00:00+03:00,0,0,0,False
2,2026-06-18T18:00:00Z,2026-06-18T21:00:00+03:00,0,0,0,False
2,2026-06-18T19:00:00Z,2026-06-18T22:00:00+03:00,0,0,0,False
2,2026-06-18T20:00:00Z,2026-06-18T23:00:00+03:00,0,0,0,False
2,2026-06-18T21:00:00Z,2026-06-19T00:00:00+03:00,0,0,0,False
2,2026-06-18T22:00:00Z,2026-06-19T01:00:00+03:00,0,0,0,False
2,2026-06-18T23:00:00Z,2026-06-19T02:00:00+03:00,0,0,0,False
2,2026-06-19T00:00:00Z,2026-06-19T03:00:00+03:00,0,0,0,False
2,2026-06-19T01:00:00Z,2026-06-19T04:00:00+03:00,0,0,0,False
2,2026-06-19T02:00:00Z,2026-06-19T05:00:00+03:00,0,0,0,False
2,2026-06-19T03:00:00Z,2026-06-19T06:00:00+03:00,0,0,0,False
2,2026-06-19T04:00:00Z,2026-06-19T07:00:00+03:00,0,0,0,False
2,2026-06-19T05:00:00Z,2026-06-19T08:00:00+03:00,0,0,0,False
2,2026-06-19T06:00:00Z,2026-06-19T09:00:00+03:00,0,0,0,False
2,2026-06-19T07:00:00Z,2026-06-19T10:00:00+03:00,0,0,0,False
2,2026-06-19T08:00:00Z,2026-06-19T11:00:00+03:00,0,0,0,False
2,2026-06-19T09:00:00Z,2026-06-19T12:00:00+03:00,0,0,0,False
2,2026-06-19T10:00:00Z,2026-06-19T13:00:00+03:00,0,0,0,False
2,2026-06-19T11:00:00Z,2026-06-19T14:00:00+03:00,0,0,0,False
2,2026-06-19T12:00:00Z,2026-06-19T15:00:00+03:00,0,0,0,False
2,2026-06-19T13:00:00Z,2026-06-19T16:00:00+03:00,0,0,0,False
2,2026-06-19T14:00:00Z,2026-06-19T17:00:00+03:00,0,0,0,False
2,2026-06-19T15:00:00Z,2026-06-19T18:00:00+03:00,0,0,0,False
2,2026-06-19T16:00:00Z,2026-06-19T19:00:00+03:00,0,0,0,False
2,2026-06-19T17:00:00Z,2026-06-19T20:00:00+03:00,0,0,0,False
2,2026-06-19T18:00:00Z,2026-06-19T21:00:00+03:00,0,0,0,False
2,2026-06-19T19:00:00Z,2026-06-19T22:00:00+03:00,0,0,0,False
2,2026-06-19T20:00:00Z,2026-06-19T23:00:00+03:00,0,0,0,False
2,2026-06-19T21:00:00Z,2026-06-20T00:00:00+03:00,0,0,0,False
2,2026-06-19T22:00:00Z,2026-06-20T01:00:00+03:00,0,0,0,False
2,2026-06-19T23:00:00Z,2026-06-20T02:00:00+03:00,0,0,0,False
2,2026-06-20T00:00:00Z,2026-06-20T03:00:00+03:00,0,0,0,False
2,2026-06-20T01:00:00Z,2026-06-20T04:00:00+03:00,0,0,0,False
2,2026-06-20T02:00:00Z,2026-06-20T05:00:00+03:00,0,0,0,False
2,2026-06-20T03:00:00Z,2026-06-20T06:00:00+03:00,0,0,0,False
2,2026-06-20T04:00:00Z,2026-06-20T07:00:00+03:00,0,0,0,False
2,2026-06-20T05:00:00Z,2026-06-20T08:00:00+03:00,0,0,0,False
2,2026-06-20T06:00:00Z,2026-06-20T09:00:00+03:00,0,0,0,False
2,2026-06-20T07:00:00Z,2026-06-20T10:00:00+03:00,0,0,0,False
2,2026-06-20T08:00:00Z,2026-06-20T11:00:00+03:00,0,0,0,False
2,2026-06-20T09:00:00Z,2026-06-20T12:00:00+03:00,0,0,0,False
2,2026-06-20T10:00:00Z,2026-06-20T13:00:00+03:00,0,0,0,False
2,2026-06-20T11:00:00Z,2026-06-20T14:00:00+03:00,0,0,0,False
2,2026-06-20T12:00:00Z,2026-06-20T15:00:00+03:00,0,0,0,False
2,2026-06-20T13:00:00Z,2026-06-20T16:00:00+03:00,0,0,0,False
2,2026-06-20T14:00:00Z,2026-06-20T17:00:00+03:00,0,0,0,False
2,2026-06-20T15:00:00Z,2026-06-20T18:00:00+03:00,0,0,0,False
2,2026-06-20T16:00:00Z,2026-06-20T19:00:00+03:00,0,0,0,False
2,2026-06-20T17:00:00Z,2026-06-20T20:00:00+03:00,0,0,0,False
2,2026-06-20T18:00:00Z,2026-06-20T21:00:00+03:00,0,0,0,False
2,2026-06-20T19:00:00Z,2026-06-20T22:00:00+03:00,0,0,0,False
2,2026-06-20T20:00:00Z,2026-06-20T23:00:00+03:00,0,0,0,False
2,2026-06-20T21:00:00Z,2026-06-21T00:00:00+03:00,0,0,0,False
2,2026-06-20T22:00:00Z,2026-06-21T01:00:00+03:00,0,0,0,False
2,2026-06-20T23:00:00Z,2026-06-21T02:00:00+03:00,0,0,0,False
2,2026-06-21T00:00:00Z,2026-06-21T03:00:00+03:00,0,0,0,False
2,2026-06-21T01:00:00Z,2026-06-21T04:00:00+03:00,0,0,0,False
2,2026-06-21T02:00:00Z,2026-06-21T05:00:00+03:00,0,0,0,False
2,2026-06-21T03:00:00Z,2026-06-21T06:00:00+03:00,0,0,0,False
2,2026-06-21T04:00:00Z,2026-06-21T07:00:00+03:00,0,0,0,False
2,2026-06-21T05:00:00Z,2026-06-21T08:00:00+03:00,0,0,0,False
2,2026-06-21T06:00:00Z,2026-06-21T09:00:00+03:00,0,0,0,False
2,2026-06-21T07:00:00Z,2026-06-21T10:00:00+03:00,0,0,0,False
2,2026-06-21T08:00:00Z,2026-06-21T11:00:00+03:00,0,0,0,False
2,2026-06-21T09:00:00Z,2026-06-21T12:00:00+03:00,0,0,0,False
2,2026-06-21T10:00:00Z,2026-06-21T13:00:00+03:00,0,0,0,False
2,2026-06-21T11:00:00Z,2026-06-21T14:00:00+03:00,0,0,0,False
2,2026-06-21T12:00:00Z,2026-06-21T15:00:00+03:00,0,0,0,False
2,2026-06-21T13:00:00Z,2026-06-21T16:00:00+03:00,0,0,0,False
2,2026-06-21T14:00:00Z,2026-06-21T17:00:00+03:00,0,0,0,False
2,2026-06-21T15:00:00Z,2026-06-21T18:00:00+03:00,0,0,0,False
2,2026-06-21T16:00:00Z,2026-06-21T19:00:00+03:00,0,0,0,False
2,2026-06-21T17:00:00Z,2026-06-21T20:00:00+03:00,0,0,0,False
2,2026-06-21T18:00:00Z,2026-06-21T21:00:00+03:00,0,0,0,False
2,2026-06-21T19:00:00Z,2026-06-21T22:00:00+03:00,0,0,0,False
2,2026-06-21T20:00:00Z,2026-06-21T23:00:00+03:00,0,0,0,False
2,2026-06-21T21:00:00Z,2026-06-22T00:00:00+03:00,0,0,0,False
2,2026-06-21T22:00:00Z,2026-06-22T01:00:00+03:00,0,0,0,False
2,2026-06-21T23:00:00Z,2026-06-22T02:00:00+03:00,0,0,0,False
2,2026-06-22T00:00:00Z,2026-06-22T03:00:00+03:00,0,0,0,False
2,2026-06-22T01:00:00Z,2026-06-22T04:00:00+03:00,0,0,0,False
2,2026-06-22T02:00:00Z,2026-06-22T05:00:00+03:00,0,0,0,False
2,2026-06-22T03:00:00Z,2026-06-22T06:00:00+03:00,0,0,0,False
2,2026-06-22T04:00:00Z,2026-06-22T07:00:00+03:00,0,0,0,False
2,2026-06-22T05:00:00Z,2026-06-22T08:00:00+03:00,2,1,3,False
2,2026-06-22T06:00:00Z,2026-06-22T09:00:00+03:00,3,3,6,False
2,2026-06-22T07:00:00Z,2026-06-22T10:00:00+03:00,0,1,1,False
2,2026-06-22T08:00:00Z,2026-06-22T11:00:00+03:00,0,0,0,False
2,2026-06-22T09:00:00Z,2026-06-22T12:00:00+03:00,0,1,1,False
2,2026-06-22T10:00:00Z,2026-06-22T13:00:00+03:00,6,6,12,False
2,2026-06-22T11:00:00Z,2026-06-22T14:00:00+03:00,0,0,0,False
2,2026-06-22T12:00:00Z,2026-06-22T15:00:00+03:00,0,0,0,False
2,2026-06-22T13:00:00Z,2026-06-22T16:00:00+03:00,0,1,1,False
2,2026-06-22T14:00:00Z,2026-06-22T17:00:00+03:00,0,0,0,False
2,2026-06-22T15:00:00Z,2026-06-22T18:00:00+03:00,0,0,0,False
2,2026-06-22T16:00:00Z,2026-06-22T19:00:00+03:00,0,0,0,False
2,2026-06-22T17:00:00Z,2026-06-22T20:00:00+03:00,0,0,0,False
2,2026-06-22T18:00:00Z,2026-06-22T21:00:00+03:00,0,0,0,False
2,2026-06-22T19:00:00Z,2026-06-22T22:00:00+03:00,0,0,0,False
2,2026-06-22T20:00:00Z,2026-06-22T23:00:00+03:00,0,0,0,False
2,2026-06-22T21:00:00Z,2026-06-23T00:00:00+03:00,0,0,0,False
2,2026-06-22T22:00:00Z,2026-06-23T01:00:00+03:00,0,0,0,False
2,2026-06-22T23:00:00Z,2026-06-23T02:00:00+03:00,0,0,0,False
2,2026-06-23T00:00:00Z,2026-06-23T03:00:00+03:00,0,0,0,False
2,2026-06-23T01:00:00Z,2026-06-23T04:00:00+03:00,0,0,0,False
2,2026-06-23T02:00:00Z,2026-06-23T05:00:00+03:00,0,0,0,False
2,2026-06-23T03:00:00Z,2026-06-23T06:00:00+03:00,0,0,0,False
2,2026-06-23T04:00:00Z,2026-06-23T07:00:00+03:00,0,0,0,False
2,2026-06-23T05:00:00Z,2026-06-23T08:00:00+03:00,0,0,0,False
2,2026-06-23T06:00:00Z,2026-06-23T09:00:00+03:00,0,0,0,False
2,2026-06-23T07:00:00Z,2026-06-23T10:00:00+03:00,0,0,0,False
2,2026-06-23T08:00:00Z,2026-06-23T11:00:00+03:00,0,0,0,False
2,2026-06-23T09:00:00Z,2026-06-23T12:00:00+03:00,12,5,17,False
2,2026-06-23T10:00:00Z,2026-06-23T13:00:00+03:00,37,27,64,False
2,2026-06-23T11:00:00Z,2026-06-23T14:00:00+03:00,17,21,38,False
2,2026-06-23T12:00:00Z,2026-06-23T15:00:00+03:00,5,8,13,False
2,2026-06-23T13:00:00Z,2026-06-23T16:00:00+03:00,11,3,14,False
2,2026-06-23T14:00:00Z,2026-06-23T17:00:00+03:00,23,8,31,False
2,2026-06-23T15:00:00Z,2026-06-23T18:00:00+03:00,11,19,30,False
2,2026-06-23T16:00:00Z,2026-06-23T19:00:00+03:00,4,8,12,False
2,2026-06-23T17:00:00Z,2026-06-23T20:00:00+03:00,0,0,0,False
2,2026-06-23T18:00:00Z,2026-06-23T21:00:00+03:00,0,0,0,False
2,2026-06-23T19:00:00Z,2026-06-23T22:00:00+03:00,0,0,0,False
2,2026-06-23T20:00:00Z,2026-06-23T23:00:00+03:00,0,0,0,False
2,2026-06-23T21:00:00Z,2026-06-24T00:00:00+03:00,0,0,0,False
2,2026-06-23T22:00:00Z,2026-06-24T01:00:00+03:00,0,0,0,False
2,2026-06-23T23:00:00Z,2026-06-24T02:00:00+03:00,0,0,0,False
2,2026-06-24T00:00:00Z,2026-06-24T03:00:00+03:00,0,0,0,False
2,2026-06-24T01:00:00Z,2026-06-24T04:00:00+03:00,0,0,0,False
2,2026-06-24T02:00:00Z,2026-06-24T05:00:00+03:00,0,0,0,False
2,2026-06-24T03:00:00Z,2026-06-24T06:00:00+03:00,0,0,0,False
2,2026-06-24T04:00:00Z,2026-06-24T07:00:00+03:00,0,0,0,False
2,2026-06-24T05:00:00Z,2026-06-24T08:00:00+03:00,1,1,2,False
2,2026-06-24T06:00:00Z,2026-06-24T09:00:00+03:00,1,1,2,False
2,2026-06-24T07:00:00Z,2026-06-24T10:00:00+03:00,4,4,8,False
2,2026-06-24T08:00:00Z,2026-06-24T11:00:00+03:00,0,1,1,False
2,2026-06-24T09:00:00Z,2026-06-24T12:00:00+03:00,10,4,14,False
2,2026-06-24T10:00:00Z,2026-06-24T13:00:00+03:00,14,10,24,False
2,2026-06-24T11:00:00Z,2026-06-24T14:00:00+03:00,28,19,47,False
2,2026-06-24T12:00:00Z,2026-06-24T15:00:00+03:00,9,21,30,False
2,2026-06-24T13:00:00Z,2026-06-24T16:00:00+03:00,11,12,23,False
2,2026-06-24T14:00:00Z,2026-06-24T17:00:00+03:00,18,9,27,False
2,2026-06-24T15:00:00Z,2026-06-24T18:00:00+03:00,7,17,24,False
2,2026-06-24T16:00:00Z,2026-06-24T19:00:00+03:00,1,1,2,False
2,2026-06-24T17:00:00Z,2026-06-24T20:00:00+03:00,0,0,0,False
2,2026-06-24T18:00:00Z,2026-06-24T21:00:00+03:00,0,0,0,False
2,2026-06-24T19:00:00Z,2026-06-24T22:00:00+03:00,0,0,0,False
2,2026-06-24T20:00:00Z,2026-06-24T23:00:00+03:00,0,0,0,False
2,2026-06-24T21:00:00Z,2026-06-25T00:00:00+03:00,0,0,0,False
2,2026-06-24T22:00:00Z,2026-06-25T01:00:00+03:00,0,0,0,False
2,2026-06-24T23:00:00Z,2026-06-25T02:00:00+03:00,0,0,0,False
2,2026-06-25T00:00:00Z,2026-06-25T03:00:00+03:00,0,0,0,False
2,2026-06-25T01:00:00Z,2026-06-25T04:00:00+03:00,0,0,0,False
2,2026-06-25T02:00:00Z,2026-06-25T05:00:00+03:00,2,1,3,False
2,2026-06-25T03:00:00Z,2026-06-25T06:00:00+03:00,0,0,0,False
2,2026-06-25T04:00:00Z,2026-06-25T07:00:00+03:00,1,1,2,False
2,2026-06-25T05:00:00Z,2026-06-25T08:00:00+03:00,1,1,2,False
2,2026-06-25T06:00:00Z,2026-06-25T09:00:00+03:00,2,3,5,False
2,2026-06-25T07:00:00Z,2026-06-25T10:00:00+03:00,0,1,1,False
2,2026-06-25T08:00:00Z,2026-06-25T11:00:00+03:00,0,1,1,False
2,2026-06-25T09:00:00Z,2026-06-25T12:00:00+03:00,6,8,14,False
2,2026-06-25T10:00:00Z,2026-06-25T13:00:00+03:00,22,17,39,False
2,2026-06-25T11:00:00Z,2026-06-25T14:00:00+03:00,25,13,38,False
2,2026-06-25T12:00:00Z,2026-06-25T15:00:00+03:00,5,16,21,False
2,2026-06-25T13:00:00Z,2026-06-25T16:00:00+03:00,11,6,17,False
2,2026-06-25T14:00:00Z,2026-06-25T17:00:00+03:00,5,5,10,False
2,2026-06-25T15:00:00Z,2026-06-25T18:00:00+03:00,13,16,29,False
2,2026-06-25T16:00:00Z,2026-06-25T19:00:00+03:00,0,1,1,False
2,2026-06-25T17:00:00Z,2026-06-25T20:00:00+03:00,0,0,0,False
2,2026-06-25T18:00:00Z,2026-06-25T21:00:00+03:00,0,0,0,False
2,2026-06-25T19:00:00Z,2026-06-25T22:00:00+03:00,0,0,0,False
2,2026-06-25T20:00:00Z,2026-06-25T23:00:00+03:00,0,0,0,False
2,2026-06-25T21:00:00Z,2026-06-26T00:00:00+03:00,0,0,0,False
2,2026-06-25T22:00:00Z,2026-06-26T01:00:00+03:00,0,0,0,False
2,2026-06-25T23:00:00Z,2026-06-26T02:00:00+03:00,0,0,0,False
2,2026-06-26T00:00:00Z,2026-06-26T03:00:00+03:00,0,0,0,False
2,2026-06-26T01:00:00Z,2026-06-26T04:00:00+03:00,0,0,0,False
2,2026-06-26T02:00:00Z,2026-06-26T05:00:00+03:00,2,1,3,False
2,2026-06-26T03:00:00Z,2026-06-26T06:00:00+03:00,0,0,0,False
2,2026-06-26T04:00:00Z,2026-06-26T07:00:00+03:00,0,0,0,False
2,2026-06-26T05:00:00Z,2026-06-26T08:00:00+03:00,1,0,1,False
2,2026-06-26T06:00:00Z,2026-06-26T09:00:00+03:00,0,3,3,False
2,2026-06-26T07:00:00Z,2026-06-26T10:00:00+03:00,0,0,0,False
2,2026-06-26T08:00:00Z,2026-06-26T11:00:00+03:00,0,1,1,False
2,2026-06-26T09:00:00Z,2026-06-26T12:00:00+03:00,4,4,8,False
2,2026-06-26T10:00:00Z,2026-06-26T13:00:00+03:00,38,31,69,False
2,2026-06-26T11:00:00Z,2026-06-26T14:00:00+03:00,12,9,21,False
2,2026-06-26T12:00:00Z,2026-06-26T15:00:00+03:00,6,5,11,False
2,2026-06-26T13:00:00Z,2026-06-26T16:00:00+03:00,7,3,10,False
2,2026-06-26T14:00:00Z,2026-06-26T17:00:00+03:00,4,4,8,False
2,2026-06-26T15:00:00Z,2026-06-26T18:00:00+03:00,2,7,9,False
2,2026-06-26T16:00:00Z,2026-06-26T19:00:00+03:00,0,0,0,False
2,2026-06-26T17:00:00Z,2026-06-26T20:00:00+03:00,0,0,0,False
2,2026-06-26T18:00:00Z,2026-06-26T21:00:00+03:00,0,0,0,False
2,2026-06-26T19:00:00Z,2026-06-26T22:00:00+03:00,0,0,0,False
2,2026-06-26T20:00:00Z,2026-06-26T23:00:00+03:00,0,0,0,False
2,2026-06-26T21:00:00Z,2026-06-27T00:00:00+03:00,0,0,0,False
2,2026-06-26T22:00:00Z,2026-06-27T01:00:00+03:00,0,0,0,False
2,2026-06-26T23:00:00Z,2026-06-27T02:00:00+03:00,0,0,0,False
2,2026-06-27T00:00:00Z,2026-06-27T03:00:00+03:00,0,0,0,False
2,2026-06-27T01:00:00Z,2026-06-27T04:00:00+03:00,0,0,0,False
2,2026-06-27T02:00:00Z,2026-06-27T05:00:00+03:00,0,0,0,False
2,2026-06-27T03:00:00Z,2026-06-27T06:00:00+03:00,0,0,0,False
2,2026-06-27T04:00:00Z,2026-06-27T07:00:00+03:00,0,0,0,False
2,2026-06-27T05:00:00Z,2026-06-27T08:00:00+03:00,0,0,0,False
2,2026-06-27T06:00:00Z,2026-06-27T09:00:00+03:00,0,0,0,False
2,2026-06-27T07:00:00Z,2026-06-27T10:00:00+03:00,3,3,6,False
2,2026-06-27T08:00:00Z,2026-06-27T11:00:00+03:00,3,3,6,False
2,2026-06-27T09:00:00Z,2026-06-27T12:00:00+03:00,26,10,36,False
2,2026-06-27T10:00:00Z,2026-06-27T13:00:00+03:00,11,16,27,False
2,2026-06-27T11:00:00Z,2026-06-27T14:00:00+03:00,31,15,46,False
2,2026-06-27T12:00:00Z,2026-06-27T15:00:00+03:00,34,27,61,False
2,2026-06-27T13:00:00Z,2026-06-27T16:00:00+03:00,5,20,25,False
2,2026-06-27T14:00:00Z,2026-06-27T17:00:00+03:00,0,0,0,False
2,2026-06-27T15:00:00Z,2026-06-27T18:00:00+03:00,0,0,0,False
2,2026-06-27T16:00:00Z,2026-06-27T19:00:00+03:00,0,0,0,False
2,2026-06-27T17:00:00Z,2026-06-27T20:00:00+03:00,0,0,0,False
2,2026-06-27T18:00:00Z,2026-06-27T21:00:00+03:00,0,0,0,False
2,2026-06-27T19:00:00Z,2026-06-27T22:00:00+03:00,0,0,0,False
2,2026-06-27T20:00:00Z,2026-06-27T23:00:00+03:00,0,0,0,False
2,2026-06-27T21:00:00Z,2026-06-28T00:00:00+03:00,0,0,0,False
2,2026-06-27T22:00:00Z,2026-06-28T01:00:00+03:00,0,0,0,False
2,2026-06-27T23:00:00Z,2026-06-28T02:00:00+03:00,0,0,0,False
2,2026-06-28T00:00:00Z,2026-06-28T03:00:00+03:00,0,0,0,False
2,2026-06-28T01:00:00Z,2026-06-28T04:00:00+03:00,0,0,0,False
2,2026-06-28T02:00:00Z,2026-06-28T05:00:00+03:00,0,0,0,False
2,2026-06-28T03:00:00Z,2026-06-28T06:00:00+03:00,0,0,0,False
2,2026-06-28T04:00:00Z,2026-06-28T07:00:00+03:00,0,0,0,False
2,2026-06-28T05:00:00Z,2026-06-28T08:00:00+03:00,0,0,0,False
2,2026-06-28T06:00:00Z,2026-06-28T09:00:00+03:00,0,0,0,False
2,2026-06-28T07:00:00Z,2026-06-28T10:00:00+03:00,9,4,13,False
2,2026-06-28T08:00:00Z,2026-06-28T11:00:00+03:00,15,4,19,False
2,2026-06-28T09:00:00Z,2026-06-28T12:00:00+03:00,13,14,27,False
2,2026-06-28T10:00:00Z,2026-06-28T13:00:00+03:00,5,10,15,False
2,2026-06-28T11:00:00Z,2026-06-28T14:00:00+03:00,16,14,30,False
2,2026-06-28T12:00:00Z,2026-06-28T15:00:00+03:00,11,5,16,False
2,2026-06-28T13:00:00Z,2026-06-28T16:00:00+03:00,9,20,29,False
2,2026-06-28T14:00:00Z,2026-06-28T17:00:00+03:00,1,1,2,False
2,2026-06-28T15:00:00Z,2026-06-28T18:00:00+03:00,0,0,0,False
2,2026-06-28T16:00:00Z,2026-06-28T19:00:00+03:00,0,0,0,False
2,2026-06-28T17:00:00Z,2026-06-28T20:00:00+03:00,0,0,0,False
2,2026-06-28T18:00:00Z,2026-06-28T21:00:00+03:00,0,0,0,False
2,2026-06-28T19:00:00Z,2026-06-28T22:00:00+03:00,0,0,0,False
2,2026-06-28T20:00:00Z,2026-06-28T23:00:00+03:00,0,0,0,False
2,2026-06-28T21:00:00Z,2026-06-29T00:00:00+03:00,0,0,0,False
2,2026-06-28T22:00:00Z,2026-06-29T01:00:00+03:00,0,0,0,False
2,2026-06-28T23:00:00Z,2026-06-29T02:00:00+03:00,0,0,0,False
2,2026-06-29T00:00:00Z,2026-06-29T03:00:00+03:00,0,0,0,False
2,2026-06-29T01:00:00Z,2026-06-29T04:00:00+03:00,0,0,0,False
2,2026-06-29T02:00:00Z,2026-06-29T05:00:00+03:00,0,0,0,False
2,2026-06-29T03:00:00Z,2026-06-29T06:00:00+03:00,0,0,0,False
2,2026-06-29T04:00:00Z,2026-06-29T07:00:00+03:00,0,1,1,False
2,2026-06-29T05:00:00Z,2026-06-29T08:00:00+03:00,3,4,7,False
2,2026-06-29T06:00:00Z,2026-06-29T09:00:00+03:00,0,0,0,False
2,2026-06-29T07:00:00Z,2026-06-29T10:00:00+03:00,5,5,10,False
2,2026-06-29T08:00:00Z,2026-06-29T11:00:00+03:00,0,0,0,False
2,2026-06-29T09:00:00Z,2026-06-29T12:00:00+03:00,0,0,0,False
2,2026-06-29T10:00:00Z,2026-06-29T13:00:00+03:00,0,1,1,False
2,2026-06-29T11:00:00Z,2026-06-29T14:00:00+03:00,0,0,0,False
2,2026-06-29T12:00:00Z,2026-06-29T15:00:00+03:00,0,0,0,False
2,2026-06-29T13:00:00Z,2026-06-29T16:00:00+03:00,0,0,0,False
2,2026-06-29T14:00:00Z,2026-06-29T17:00:00+03:00,0,0,0,False
2,2026-06-29T15:00:00Z,2026-06-29T18:00:00+03:00,0,0,0,False
2,2026-06-29T16:00:00Z,2026-06-29T19:00:00+03:00,0,0,0,False
2,2026-06-29T17:00:00Z,2026-06-29T20:00:00+03:00,0,0,0,False
2,2026-06-29T18:00:00Z,2026-06-29T21:00:00+03:00,0,0,0,False
2,2026-06-29T19:00:00Z,2026-06-29T22:00:00+03:00,0,0,0,False
2,2026-06-29T20:00:00Z,2026-06-29T23:00:00+03:00,0,0,0,False
2,2026-06-29T21:00:00Z,2026-06-30T00:00:00+03:00,0,0,0,False
2,2026-06-29T22:00:00Z,2026-06-30T01:00:00+03:00,0,0,0,False
2,2026-06-29T23:00:00Z,2026-06-30T02:00:00+03:00,0,0,0,False
2,2026-06-30T00:00:00Z,2026-06-30T03:00:00+03:00,0,0,0,False
2,2026-06-30T01:00:00Z,2026-06-30T04:00:00+03:00,0,0,0,False
2,2026-06-30T02:00:00Z,2026-06-30T05:00:00+03:00,0,0,0,False
2,2026-06-30T03:00:00Z,2026-06-30T06:00:00+03:00,0,0,0,False
2,2026-06-30T04:00:00Z,2026-06-30T07:00:00+03:00,0,0,0,False
2,2026-06-30T05:00:00Z,2026-06-30T08:00:00+03:00,2,2,4,False
2,2026-06-30T06:00:00Z,2026-06-30T09:00:00+03:00,0,0,0,False
2,2026-06-30T07:00:00Z,2026-06-30T10:00:00+03:00,0,0,0,False
2,2026-06-30T08:00:00Z,2026-06-30T11:00:00+03:00,0,0,0,False
2,2026-06-30T09:00:00Z,2026-06-30T12:00:00+03:00,4,3,7,False
2,2026-06-30T10:00:00Z,2026-06-30T13:00:00+03:00,35,18,53,False
2,2026-06-30T11:00:00Z,2026-06-30T14:00:00+03:00,15,22,37,False
2,2026-06-30T12:00:00Z,2026-06-30T15:00:00+03:00,8,7,15,False
2,2026-06-30T13:00:00Z,2026-06-30T16:00:00+03:00,10,7,17,False
2,2026-06-30T14:00:00Z,2026-06-30T17:00:00+03:00,4,11,15,False
2,2026-06-30T15:00:00Z,2026-06-30T18:00:00+03:00,0,0,0,False
2,2026-06-30T16:00:00Z,2026-06-30T19:00:00+03:00,0,0,0,False
2,2026-06-30T17:00:00Z,2026-06-30T20:00:00+03:00,0,0,0,False
2,2026-06-30T18:00:00Z,2026-06-30T21:00:00+03:00,0,0,0,False
2,2026-06-30T19:00:00Z,2026-06-30T22:00:00+03:00,0,0,0,False
2,2026-06-30T20:00:00Z,2026-06-30T23:00:00+03:00,0,0,0,False
2,2026-06-30T21:00:00Z,2026-07-01T00:00:00+03:00,0,0,0,False
2,2026-06-30T22:00:00Z,2026-07-01T01:00:00+03:00,0,0,0,False
2,2026-06-30T23:00:00Z,2026-07-01T02:00:00+03:00,0,0,0,False
2,2026-07-01T00:00:00Z,2026-07-01T03:00:00+03:00,0,0,0,False
2,2026-07-01T01:00:00Z,2026-07-01T04:00:00+03:00,0,0,0,False
2,2026-07-01T02:00:00Z,2026-07-01T05:00:00+03:00,0,0,0,False
2,2026-07-01T03:00:00Z,2026-07-01T06:00:00+03:00,0,0,0,False
2,2026-07-01T04:00:00Z,2026-07-01T07:00:00+03:00,0,0,0,False
2,2026-07-01T05:00:00Z,2026-07-01T08:00:00+03:00,0,0,0,False
2,2026-07-01T06:00:00Z,2026-07-01T09:00:00+03:00,1,3,4,False
2,2026-07-01T07:00:00Z,2026-07-01T10:00:00+03:00,0,0,0,False
2,2026-07-01T08:00:00Z,2026-07-01T11:00:00+03:00,1,0,1,False
2,2026-07-01T09:00:00Z,2026-07-01T12:00:00+03:00,1,1,2,False
2,2026-07-01T10:00:00Z,2026-07-01T13:00:00+03:00,30,23,53,False
2,2026-07-01T11:00:00Z,2026-07-01T14:00:00+03:00,10,6,16,False
2,2026-07-01T12:00:00Z,2026-07-01T15:00:00+03:00,8,10,18,False
2,2026-07-01T13:00:00Z,2026-07-01T16:00:00+03:00,8,8,16,False
2,2026-07-01T14:00:00Z,2026-07-01T17:00:00+03:00,12,13,25,False
2,2026-07-01T15:00:00Z,2026-07-01T18:00:00+03:00,11,16,27,False
2,2026-07-01T16:00:00Z,2026-07-01T19:00:00+03:00,0,0,0,False
2,2026-07-01T17:00:00Z,2026-07-01T20:00:00+03:00,0,0,0,False
2,2026-07-01T18:00:00Z,2026-07-01T21:00:00+03:00,0,0,0,False
2,2026-07-01T19:00:00Z,2026-07-01T22:00:00+03:00,0,0,0,False
2,2026-07-01T20:00:00Z,2026-07-01T23:00:00+03:00,0,0,0,False
2,2026-07-01T21:00:00Z,2026-07-02T00:00:00+03:00,0,0,0,False
2,2026-07-01T22:00:00Z,2026-07-02T01:00:00+03:00,0,0,0,False
2,2026-07-01T23:00:00Z,2026-07-02T02:00:00+03:00,0,0,0,False
2,2026-07-02T00:00:00Z,2026-07-02T03:00:00+03:00,0,0,0,False
2,2026-07-02T01:00:00Z,2026-07-02T04:00:00+03:00,0,0,0,False
2,2026-07-02T02:00:00Z,2026-07-02T05:00:00+03:00,0,0,0,False
2,2026-07-02T03:00:00Z,2026-07-02T06:00:00+03:00,0,0,0,False
2,2026-07-02T04:00:00Z,2026-07-02T07:00:00+03:00,0,1,1,False
2,2026-07-02T05:00:00Z,2026-07-02T08:00:00+03:00,1,1,2,False
2,2026-07-02T06:00:00Z,2026-07-02T09:00:00+03:00,0,0,0,False
2,2026-07-02T07:00:00Z,2026-07-02T10:00:00+03:00,0,0,0,False
2,2026-07-02T08:00:00Z,2026-07-02T11:00:00+03:00,1,1,2,False
2,2026-07-02T09:00:00Z,2026-07-02T12:00:00+03:00,2,4,6,False
2,2026-07-02T10:00:00Z,2026-07-02T13:00:00+03:00,17,5,22,False
2,2026-07-02T11:00:00Z,2026-07-02T14:00:00+03:00,22,25,47,False
2,2026-07-02T12:00:00Z,2026-07-02T15:00:00+03:00,10,6,16,False
2,2026-07-02T13:00:00Z,2026-07-02T16:00:00+03:00,15,4,19,False
2,2026-07-02T14:00:00Z,2026-07-02T17:00:00+03:00,9,14,23,False
2,2026-07-02T15:00:00Z,2026-07-02T18:00:00+03:00,14,15,29,False
2,2026-07-02T16:00:00Z,2026-07-02T19:00:00+03:00,0,1,1,False
2,2026-07-02T17:00:00Z,2026-07-02T20:00:00+03:00,0,0,0,False
2,2026-07-02T18:00:00Z,2026-07-02T21:00:00+03:00,0,0,0,False
2,2026-07-02T19:00:00Z,2026-07-02T22:00:00+03:00,0,0,0,False
2,2026-07-02T20:00:00Z,2026-07-02T23:00:00+03:00,0,0,0,False
2,2026-07-02T21:00:00Z,2026-07-03T00:00:00+03:00,0,0,0,False
2,2026-07-02T22:00:00Z,2026-07-03T01:00:00+03:00,0,0,0,False
2,2026-07-02T23:00:00Z,2026-07-03T02:00:00+03:00,0,0,0,False
2,2026-07-03T00:00:00Z,2026-07-03T03:00:00+03:00,0,0,0,False
2,2026-07-03T01:00:00Z,2026-07-03T04:00:00+03:00,0,0,0,False
2,2026-07-03T02:00:00Z,2026-07-03T05:00:00+03:00,0,0,0,False
2,2026-07-03T03:00:00Z,2026-07-03T06:00:00+03:00,1,1,2,False
2,2026-07-03T04:00:00Z,2026-07-03T07:00:00+03:00,0,0,0,False
2,2026-07-03T05:00:00Z,2026-07-03T08:00:00+03:00,0,0,0,False
2,2026-07-03T06:00:00Z,2026-07-03T09:00:00+03:00,0,2,2,False
2,2026-07-03T07:00:00Z,2026-07-03T10:00:00+03:00,0,0,0,False
2,2026-07-03T08:00:00Z,2026-07-03T11:00:00+03:00,0,0,0,False
2,2026-07-03T09:00:00Z,2026-07-03T12:00:00+03:00,6,7,13,False
2,2026-07-03T10:00:00Z,2026-07-03T13:00:00+03:00,35,14,49,False
2,2026-07-03T11:00:00Z,2026-07-03T14:00:00+03:00,11,15,26,False
2,2026-07-03T12:00:00Z,2026-07-03T15:00:00+03:00,16,18,34,False
2,2026-07-03T13:00:00Z,2026-07-03T16:00:00+03:00,21,23,44,False
2,2026-07-03T14:00:00Z,2026-07-03T17:00:00+03:00,11,12,23,False
2,2026-07-03T15:00:00Z,2026-07-03T18:00:00+03:00,7,10,17,False
2,2026-07-03T16:00:00Z,2026-07-03T19:00:00+03:00,0,0,0,False
2,2026-07-03T17:00:00Z,2026-07-03T20:00:00+03:00,0,0,0,False
2,2026-07-03T18:00:00Z,2026-07-03T21:00:00+03:00,0,0,0,False
2,2026-07-03T19:00:00Z,2026-07-03T22:00:00+03:00,0,0,0,False
2,2026-07-03T20:00:00Z,2026-07-03T23:00:00+03:00,0,0,0,False
2,2026-07-03T21:00:00Z,2026-07-04T00:00:00+03:00,0,0,0,False
2,2026-07-03T22:00:00Z,2026-07-04T01:00:00+03:00,0,0,0,False
2,2026-07-03T23:00:00Z,2026-07-04T02:00:00+03:00,0,0,0,False
2,2026-07-04T00:00:00Z,2026-07-04T03:00:00+03:00,0,0,0,False
2,2026-07-04T01:00:00Z,2026-07-04T04:00:00+03:00,0,0,0,False
2,2026-07-04T02:00:00Z,2026-07-04T05:00:00+03:00,0,0,0,False
2,2026-07-04T03:00:00Z,2026-07-04T06:00:00+03:00,0,0,0,False
2,2026-07-04T04:00:00Z,2026-07-04T07:00:00+03:00,0,0,0,False
2,2026-07-04T05:00:00Z,2026-07-04T08:00:00+03:00,0,0,0,False
2,2026-07-04T06:00:00Z,2026-07-04T09:00:00+03:00,0,0,0,False
2,2026-07-04T07:00:00Z,2026-07-04T10:00:00+03:00,0,0,0,False
2,2026-07-04T08:00:00Z,2026-07-04T11:00:00+03:00,9,4,13,False
2,2026-07-04T09:00:00Z,2026-07-04T12:00:00+03:00,26,15,41,False
2,2026-07-04T10:00:00Z,2026-07-04T13:00:00+03:00,11,16,27,False
2,2026-07-04T11:00:00Z,2026-07-04T14:00:00+03:00,6,5,11,False
2,2026-07-04T12:00:00Z,2026-07-04T15:00:00+03:00,7,10,17,False
2,2026-07-04T13:00:00Z,2026-07-04T16:00:00+03:00,9,6,15,False
2,2026-07-04T14:00:00Z,2026-07-04T17:00:00+03:00,4,9,13,False
2,2026-07-04T15:00:00Z,2026-07-04T18:00:00+03:00,0,0,0,False
2,2026-07-04T16:00:00Z,2026-07-04T19:00:00+03:00,0,0,0,False
2,2026-07-04T17:00:00Z,2026-07-04T20:00:00+03:00,0,0,0,False
2,2026-07-04T18:00:00Z,2026-07-04T21:00:00+03:00,0,0,0,False
2,2026-07-04T19:00:00Z,2026-07-04T22:00:00+03:00,0,0,0,False
2,2026-07-04T20:00:00Z,2026-07-04T23:00:00+03:00,0,0,0,False
2,2026-07-04T21:00:00Z,2026-07-05T00:00:00+03:00,0,0,0,False
2,2026-07-04T22:00:00Z,2026-07-05T01:00:00+03:00,0,0,0,False
2,2026-07-04T23:00:00Z,2026-07-05T02:00:00+03:00,0,0,0,False
2,2026-07-05T00:00:00Z,2026-07-05T03:00:00+03:00,0,0,0,False
2,2026-07-05T01:00:00Z,2026-07-05T04:00:00+03:00,0,0,0,False
2,2026-07-05T02:00:00Z,2026-07-05T05:00:00+03:00,0,0,0,False
2,2026-07-05T03:00:00Z,2026-07-05T06:00:00+03:00,0,0,0,False
2,2026-07-05T04:00:00Z,2026-07-05T07:00:00+03:00,0,0,0,False
2,2026-07-05T05:00:00Z,2026-07-05T08:00:00+03:00,0,0,0,False
2,2026-07-05T06:00:00Z,2026-07-05T09:00:00+03:00,0,0,0,False
2,2026-07-05T07:00:00Z,2026-07-05T10:00:00+03:00,4,4,8,False
2,2026-07-05T08:00:00Z,2026-07-05T11:00:00+03:00,6,3,9,False
2,2026-07-05T09:00:00Z,2026-07-05T12:00:00+03:00,3,2,5,False
2,2026-07-05T10:00:00Z,2026-07-05T13:00:00+03:00,24,6,30,False
2,2026-07-05T11:00:00Z,2026-07-05T14:00:00+03:00,13,29,42,False
2,2026-07-05T12:00:00Z,2026-07-05T15:00:00+03:00,17,10,27,False
2,2026-07-05T13:00:00Z,2026-07-05T16:00:00+03:00,12,12,24,False
2,2026-07-05T14:00:00Z,2026-07-05T17:00:00+03:00,1,3,4,False
2,2026-07-05T15:00:00Z,2026-07-05T18:00:00+03:00,0,0,0,False
2,2026-07-05T16:00:00Z,2026-07-05T19:00:00+03:00,0,0,0,False
2,2026-07-05T17:00:00Z,2026-07-05T20:00:00+03:00,0,0,0,False
2,2026-07-05T18:00:00Z,2026-07-05T21:00:00+03:00,0,0,0,False
2,2026-07-05T19:00:00Z,2026-07-05T22:00:00+03:00,0,0,0,False
2,2026-07-05T20:00:00Z,2026-07-05T23:00:00+03:00,0,0,0,False
2,2026-07-05T21:00:00Z,2026-07-06T00:00:00+03:00,0,0,0,False
2,2026-07-05T22:00:00Z,2026-07-06T01:00:00+03:00,0,0,0,False
2,2026-07-05T23:00:00Z,2026-07-06T02:00:00+03:00,0,0,0,False
2,2026-07-06T00:00:00Z,2026-07-06T03:00:00+03:00,0,0,0,False
2,2026-07-06T01:00:00Z,2026-07-06T04:00:00+03:00,0,0,0,False
2,2026-07-06T02:00:00Z,2026-07-06T05:00:00+03:00,0,0,0,False
2,2026-07-06T03:00:00Z,2026-07-06T06:00:00+03:00,0,0,0,False
2,2026-07-06T04:00:00Z,2026-07-06T07:00:00+03:00,0,0,0,False
2,2026-07-06T05:00:00Z,2026-07-06T08:00:00+03:00,0,0,0,False
2,2026-07-06T06:00:00Z,2026-07-06T09:00:00+03:00,0,0,0,False
2,2026-07-06T07:00:00Z,2026-07-06T10:00:00+03:00,0,0,0,False
2,2026-07-06T08:00:00Z,2026-07-06T11:00:00+03:00,0,0,0,False
2,2026-07-06T09:00:00Z,2026-07-06T12:00:00+03:00,0,3,3,False
2,2026-07-06T10:00:00Z,2026-07-06T13:00:00+03:00,0,0,0,False
2,2026-07-06T11:00:00Z,2026-07-06T14:00:00+03:00,0,0,0,False
2,2026-07-06T12:00:00Z,2026-07-06T15:00:00+03:00,0,0,0,False
2,2026-07-06T13:00:00Z,2026-07-06T16:00:00+03:00,0,0,0,False
2,2026-07-06T14:00:00Z,2026-07-06T17:00:00+03:00,0,0,0,False
2,2026-07-06T15:00:00Z,2026-07-06T18:00:00+03:00,0,0,0,False
2,2026-07-06T16:00:00Z,2026-07-06T19:00:00+03:00,0,0,0,False
2,2026-07-06T17:00:00Z,2026-07-06T20:00:00+03:00,0,0,0,False
2,2026-07-06T18:00:00Z,2026-07-06T21:00:00+03:00,0,0,0,False
2,2026-07-06T19:00:00Z,2026-07-06T22:00:00+03:00,0,0,0,False
2,2026-07-06T20:00:00Z,2026-07-06T23:00:00+03:00,0,0,0,False
2,2026-07-06T21:00:00Z,2026-07-07T00:00:00+03:00,0,0,0,False
2,2026-07-06T22:00:00Z,2026-07-07T01:00:00+03:00,0,0,0,False
2,2026-07-06T23:00:00Z,2026-07-07T02:00:00+03:00,0,0,0,False
2,2026-07-07T00:00:00Z,2026-07-07T03:00:00+03:00,0,0,0,False
2,2026-07-07T01:00:00Z,2026-07-07T04:00:00+03:00,0,0,0,False
2,2026-07-07T02:00:00Z,2026-07-07T05:00:00+03:00,1,1,2,False
2,2026-07-07T03:00:00Z,2026-07-07T06:00:00+03:00,0,0,0,False
2,2026-07-07T04:00:00Z,2026-07-07T07:00:00+03:00,0,0,0,False
2,2026-07-07T05:00:00Z,2026-07-07T08:00:00+03:00,1,2,3,False
2,2026-07-07T06:00:00Z,2026-07-07T09:00:00+03:00,0,0,0,False
2,2026-07-07T07:00:00Z,2026-07-07T10:00:00+03:00,0,0,0,False
2,2026-07-07T08:00:00Z,2026-07-07T11:00:00+03:00,0,0,0,False
2,2026-07-07T09:00:00Z,2026-07-07T12:00:00+03:00,13,7,20,False
2,2026-07-07T10:00:00Z,2026-07-07T13:00:00+03:00,38,16,54,False
2,2026-07-07T11:00:00Z,2026-07-07T14:00:00+03:00,40,43,83,False
2,2026-07-07T12:00:00Z,2026-07-07T15:00:00+03:00,39,31,70,False
2,2026-07-07T13:00:00Z,2026-07-07T16:00:00+03:00,17,26,43,False
2,2026-07-07T14:00:00Z,2026-07-07T17:00:00+03:00,23,16,39,False
2,2026-07-07T15:00:00Z,2026-07-07T18:00:00+03:00,2,9,11,False
2,2026-07-07T16:00:00Z,2026-07-07T19:00:00+03:00,0,0,0,False
2,2026-07-07T17:00:00Z,2026-07-07T20:00:00+03:00,0,0,0,False
2,2026-07-07T18:00:00Z,2026-07-07T21:00:00+03:00,0,0,0,False
2,2026-07-07T19:00:00Z,2026-07-07T22:00:00+03:00,0,0,0,False
2,2026-07-07T20:00:00Z,2026-07-07T23:00:00+03:00,0,0,0,False
2,2026-07-07T21:00:00Z,2026-07-08T00:00:00+03:00,0,0,0,False
2,2026-07-07T22:00:00Z,2026-07-08T01:00:00+03:00,0,0,0,False
2,2026-07-07T23:00:00Z,2026-07-08T02:00:00+03:00,0,0,0,False
2,2026-07-08T00:00:00Z,2026-07-08T03:00:00+03:00,0,0,0,False
2,2026-07-08T01:00:00Z,2026-07-08T04:00:00+03:00,0,0,0,False
2,2026-07-08T02:00:00Z,2026-07-08T05:00:00+03:00,2,1,3,False
2,2026-07-08T03:00:00Z,2026-07-08T06:00:00+03:00,0,0,0,False
2,2026-07-08T04:00:00Z,2026-07-08T07:00:00+03:00,0,0,0,False
2,2026-07-08T05:00:00Z,2026-07-08T08:00:00+03:00,0,0,0,False
2,2026-07-08T06:00:00Z,2026-07-08T09:00:00+03:00,1,1,2,False
2,2026-07-08T07:00:00Z,2026-07-08T10:00:00+03:00,0,1,1,False
2,2026-07-08T08:00:00Z,2026-07-08T11:00:00+03:00,0,1,1,False
2,2026-07-08T09:00:00Z,2026-07-08T12:00:00+03:00,28,11,39,False
2,2026-07-08T10:00:00Z,2026-07-08T13:00:00+03:00,35,28,63,False
2,2026-07-08T11:00:00Z,2026-07-08T14:00:00+03:00,43,45,88,False
2,2026-07-08T12:00:00Z,2026-07-08T15:00:00+03:00,35,37,72,False
2,2026-07-08T13:00:00Z,2026-07-08T16:00:00+03:00,7,13,20,False
2,2026-07-08T14:00:00Z,2026-07-08T17:00:00+03:00,8,6,14,False
2,2026-07-08T15:00:00Z,2026-07-08T18:00:00+03:00,5,7,12,False
2,2026-07-08T16:00:00Z,2026-07-08T19:00:00+03:00,0,0,0,False
2,2026-07-08T17:00:00Z,2026-07-08T20:00:00+03:00,0,0,0,False
2,2026-07-08T18:00:00Z,2026-07-08T21:00:00+03:00,0,0,0,False
2,2026-07-08T19:00:00Z,2026-07-08T22:00:00+03:00,0,0,0,False
2,2026-07-08T20:00:00Z,2026-07-08T23:00:00+03:00,0,0,0,False
2,2026-07-08T21:00:00Z,2026-07-09T00:00:00+03:00,0,0,0,False
2,2026-07-08T22:00:00Z,2026-07-09T01:00:00+03:00,0,0,0,False
2,2026-07-08T23:00:00Z,2026-07-09T02:00:00+03:00,0,0,0,False
2,2026-07-09T00:00:00Z,2026-07-09T03:00:00+03:00,0,0,0,False
2,2026-07-09T01:00:00Z,2026-07-09T04:00:00+03:00,0,0,0,False
2,2026-07-09T02:00:00Z,2026-07-09T05:00:00+03:00,0,0,0,False
2,2026-07-09T03:00:00Z,2026-07-09T06:00:00+03:00,0,0,0,False
2,2026-07-09T04:00:00Z,2026-07-09T07:00:00+03:00,0,0,0,False
2,2026-07-09T05:00:00Z,2026-07-09T08:00:00+03:00,0,0,0,False
2,2026-07-09T06:00:00Z,2026-07-09T09:00:00+03:00,1,1,2,False
2,2026-07-09T07:00:00Z,2026-07-09T10:00:00+03:00,2,2,4,False
2,2026-07-09T08:00:00Z,2026-07-09T11:00:00+03:00,0,0,0,False
2,2026-07-09T09:00:00Z,2026-07-09T12:00:00+03:00,0,1,1,False
2,2026-07-09T10:00:00Z,2026-07-09T13:00:00+03:00,42,31,73,False
2,2026-07-09T11:00:00Z,2026-07-09T14:00:00+03:00,11,15,26,False
2,2026-07-09T12:00:00Z,2026-07-09T15:00:00+03:00,7,10,17,False
2,2026-07-09T13:00:00Z,2026-07-09T16:00:00+03:00,10,10,20,False
2,2026-07-09T14:00:00Z,2026-07-09T17:00:00+03:00,10,7,17,False
2,2026-07-09T15:00:00Z,2026-07-09T18:00:00+03:00,6,13,19,False
2,2026-07-09T16:00:00Z,2026-07-09T19:00:00+03:00,0,0,0,False
2,2026-07-09T17:00:00Z,2026-07-09T20:00:00+03:00,0,0,0,False
2,2026-07-09T18:00:00Z,2026-07-09T21:00:00+03:00,0,0,0,False
2,2026-07-09T19:00:00Z,2026-07-09T22:00:00+03:00,0,0,0,False
2,2026-07-09T20:00:00Z,2026-07-09T23:00:00+03:00,0,0,0,False
2,2026-07-09T21:00:00Z,2026-07-10T00:00:00+03:00,0,0,0,False
2,2026-07-09T22:00:00Z,2026-07-10T01:00:00+03:00,0,0,0,False
2,2026-07-09T23:00:00Z,2026-07-10T02:00:00+03:00,0,0,0,False
2,2026-07-10T00:00:00Z,2026-07-10T03:00:00+03:00,0,0,0,False
2,2026-07-10T01:00:00Z,2026-07-10T04:00:00+03:00,3,3,6,False
2,2026-07-10T02:00:00Z,2026-07-10T05:00:00+03:00,0,0,0,False
2,2026-07-10T03:00:00Z,2026-07-10T06:00:00+03:00,0,0,0,False
2,2026-07-10T04:00:00Z,2026-07-10T07:00:00+03:00,0,0,0,False
2,2026-07-10T05:00:00Z,2026-07-10T08:00:00+03:00,0,0,0,False
2,2026-07-10T06:00:00Z,2026-07-10T09:00:00+03:00,4,3,7,False
2,2026-07-10T07:00:00Z,2026-07-10T10:00:00+03:00,0,0,0,False
2,2026-07-10T08:00:00Z,2026-07-10T11:00:00+03:00,0,0,0,False
2,2026-07-10T09:00:00Z,2026-07-10T12:00:00+03:00,9,9,18,False
2,2026-07-10T10:00:00Z,2026-07-10T13:00:00+03:00,25,12,37,False
2,2026-07-10T11:00:00Z,2026-07-10T14:00:00+03:00,23,24,47,False
2,2026-07-10T12:00:00Z,2026-07-10T15:00:00+03:00,13,14,27,False
2,2026-07-10T13:00:00Z,2026-07-10T16:00:00+03:00,2,7,9,False
2,2026-07-10T14:00:00Z,2026-07-10T17:00:00+03:00,14,9,23,False
2,2026-07-10T15:00:00Z,2026-07-10T18:00:00+03:00,7,7,14,False
2,2026-07-10T16:00:00Z,2026-07-10T19:00:00+03:00,0,0,0,False
2,2026-07-10T17:00:00Z,2026-07-10T20:00:00+03:00,0,0,0,False
2,2026-07-10T18:00:00Z,2026-07-10T21:00:00+03:00,0,0,0,False
2,2026-07-10T19:00:00Z,2026-07-10T22:00:00+03:00,0,0,0,False
2,2026-07-10T20:00:00Z,2026-07-10T23:00:00+03:00,0,0,0,False
2,2026-07-10T21:00:00Z,2026-07-11T00:00:00+03:00,0,0,0,False
2,2026-07-10T22:00:00Z,2026-07-11T01:00:00+03:00,0,0,0,False
2,2026-07-10T23:00:00Z,2026-07-11T02:00:00+03:00,0,0,0,False
2,2026-07-11T00:00:00Z,2026-07-11T03:00:00+03:00,0,0,0,False
2,2026-07-11T01:00:00Z,2026-07-11T04:00:00+03:00,0,0,0,False
2,2026-07-11T02:00:00Z,2026-07-11T05:00:00+03:00,0,0,0,False
2,2026-07-11T03:00:00Z,2026-07-11T06:00:00+03:00,0,0,0,False
2,2026-07-11T04:00:00Z,2026-07-11T07:00:00+03:00,0,0,0,False
2,2026-07-11T05:00:00Z,2026-07-11T08:00:00+03:00,0,0,0,False
2,2026-07-11T06:00:00Z,2026-07-11T09:00:00+03:00,0,0,0,False
2,2026-07-11T07:00:00Z,2026-07-11T10:00:00+03:00,0,0,0,False
2,2026-07-11T08:00:00Z,2026-07-11T11:00:00+03:00,25,10,35,False
2,2026-07-11T09:00:00Z,2026-07-11T12:00:00+03:00,17,23,40,False
2,2026-07-11T10:00:00Z,2026-07-11T13:00:00+03:00,31,25,56,False
2,2026-07-11T11:00:00Z,2026-07-11T14:00:00+03:00,28,16,44,False
2,2026-07-11T12:00:00Z,2026-07-11T15:00:00+03:00,8,25,33,False
2,2026-07-11T13:00:00Z,2026-07-11T16:00:00+03:00,15,14,29,False
2,2026-07-11T14:00:00Z,2026-07-11T17:00:00+03:00,0,0,0,False
2,2026-07-11T15:00:00Z,2026-07-11T18:00:00+03:00,0,0,0,False
2,2026-07-11T16:00:00Z,2026-07-11T19:00:00+03:00,0,0,0,False
2,2026-07-11T17:00:00Z,2026-07-11T20:00:00+03:00,0,0,0,False
2,2026-07-11T18:00:00Z,2026-07-11T21:00:00+03:00,0,0,0,False
2,2026-07-11T19:00:00Z,2026-07-11T22:00:00+03:00,0,0,0,False
2,2026-07-11T20:00:00Z,2026-07-11T23:00:00+03:00,0,0,0,False
2,2026-07-11T21:00:00Z,2026-07-12T00:00:00+03:00,0,0,0,False
2,2026-07-11T22:00:00Z,2026-07-12T01:00:00+03:00,0,0,0,False
2,2026-07-11T23:00:00Z,2026-07-12T02:00:00+03:00,0,0,0,False
2,2026-07-12T00:00:00Z,2026-07-12T03:00:00+03:00,0,0,0,False
2,2026-07-12T01:00:00Z,2026-07-12T04:00:00+03:00,0,0,0,False
2,2026-07-12T02:00:00Z,2026-07-12T05:00:00+03:00,0,0,0,False
2,2026-07-12T03:00:00Z,2026-07-12T06:00:00+03:00,0,0,0,False
2,2026-07-12T04:00:00Z,2026-07-12T07:00:00+03:00,0,0,0,False
2,2026-07-12T05:00:00Z,2026-07-12T08:00:00+03:00,0,0,0,False
2,2026-07-12T06:00:00Z,2026-07-12T09:00:00+03:00,0,0,0,False
2,2026-07-12T07:00:00Z,2026-07-12T10:00:00+03:00,4,4,8,False
2,2026-07-12T08:00:00Z,2026-07-12T11:00:00+03:00,9,3,12,False
2,2026-07-12T09:00:00Z,2026-07-12T12:00:00+03:00,15,14,29,False
2,2026-07-12T10:00:00Z,2026-07-12T13:00:00+03:00,6,10,16,False
2,2026-07-12T11:00:00Z,2026-07-12T14:00:00+03:00,26,5,31,False
2,2026-07-12T12:00:00Z,2026-07-12T15:00:00+03:00,38,45,83,False
2,2026-07-12T13:00:00Z,2026-07-12T16:00:00+03:00,8,14,22,False
2,2026-07-12T14:00:00Z,2026-07-12T17:00:00+03:00,1,1,2,False
2,2026-07-12T15:00:00Z,2026-07-12T18:00:00+03:00,0,0,0,False
2,2026-07-12T16:00:00Z,2026-07-12T19:00:00+03:00,0,0,0,False
2,2026-07-12T17:00:00Z,2026-07-12T20:00:00+03:00,0,0,0,False
2,2026-07-12T18:00:00Z,2026-07-12T21:00:00+03:00,0,0,0,False
2,2026-07-12T19:00:00Z,2026-07-12T22:00:00+03:00,0,0,0,False
2,2026-07-12T20:00:00Z,2026-07-12T23:00:00+03:00,0,0,0,False
2,2026-07-12T21:00:00Z,2026-07-13T00:00:00+03:00,0,0,0,False
2,2026-07-12T22:00:00Z,2026-07-13T01:00:00+03:00,0,0,0,False
2,2026-07-12T23:00:00Z,2026-07-13T02:00:00+03:00,0,0,0,False
2,2026-07-13T00:00:00Z,2026-07-13T03:00:00+03:00,0,0,0,False
2,2026-07-13T01:00:00Z,2026-07-13T04:00:00+03:00,0,0,0,False
2,2026-07-13T02:00:00Z,2026-07-13T05:00:00+03:00,0,0,0,False
2,2026-07-13T03:00:00Z,2026-07-13T06:00:00+03:00,3,3,6,False
2,2026-07-13T04:00:00Z,2026-07-13T07:00:00+03:00,0,0,0,False
2,2026-07-13T05:00:00Z,2026-07-13T08:00:00+03:00,0,0,0,False
2,2026-07-13T06:00:00Z,2026-07-13T09:00:00+03:00,0,0,0,False
2,2026-07-13T07:00:00Z,2026-07-13T10:00:00+03:00,0,0,0,False
2,2026-07-13T08:00:00Z,2026-07-13T11:00:00+03:00,0,0,0,False
2,2026-07-13T09:00:00Z,2026-07-13T12:00:00+03:00,0,0,0,False
2,2026-07-13T10:00:00Z,2026-07-13T13:00:00+03:00,2,2,4,False
2,2026-07-13T11:00:00Z,2026-07-13T14:00:00+03:00,0,1,1,False
2,2026-07-13T12:00:00Z,2026-07-13T15:00:00+03:00,0,0,0,False
2,2026-07-13T13:00:00Z,2026-07-13T16:00:00+03:00,0,0,0,False
2,2026-07-13T14:00:00Z,2026-07-13T17:00:00+03:00,0,0,0,False
2,2026-07-13T15:00:00Z,2026-07-13T18:00:00+03:00,0,0,0,False
2,2026-07-13T16:00:00Z,2026-07-13T19:00:00+03:00,0,0,0,False
2,2026-07-13T17:00:00Z,2026-07-13T20:00:00+03:00,0,0,0,False
2,2026-07-13T18:00:00Z,2026-07-13T21:00:00+03:00,0,0,0,False
2,2026-07-13T19:00:00Z,2026-07-13T22:00:00+03:00,0,0,0,False
2,2026-07-13T20:00:00Z,2026-07-13T23:00:00+03:00,0,0,0,False
2,2026-07-13T21:00:00Z,2026-07-14T00:00:00+03:00,0,0,0,False
2,2026-07-13T22:00:00Z,2026-07-14T01:00:00+03:00,0,0,0,False
2,2026-07-13T23:00:00Z,2026-07-14T02:00:00+03:00,0,0,0,False
2,2026-07-14T00:00:00Z,2026-07-14T03:00:00+03:00,0,0,0,False
2,2026-07-14T01:00:00Z,2026-07-14T04:00:00+03:00,0,0,0,False
2,2026-07-14T02:00:00Z,2026-07-14T05:00:00+03:00,0,0,0,False
2,2026-07-14T03:00:00Z,2026-07-14T06:00:00+03:00,0,0,0,False
2,2026-07-14T04:00:00Z,2026-07-14T07:00:00+03:00,0,0,0,False
2,2026-07-14T05:00:00Z,2026-07-14T08:00:00+03:00,0,0,0,False
2,2026-07-14T06:00:00Z,2026-07-14T09:00:00+03:00,0,0,0,False
2,2026-07-14T07:00:00Z,2026-07-14T10:00:00+03:00,0,0,0,False
2,2026-07-14T08:00:00Z,2026-07-14T11:00:00+03:00,0,0,0,False
2,2026-07-14T09:00:00Z,2026-07-14T12:00:00+03:00,12,6,18,False
2,2026-07-14T10:00:00Z,2026-07-14T13:00:00+03:00,39,12,51,False
2,2026-07-14T11:00:00Z,2026-07-14T14:00:00+03:00,34,52,86,False
2,2026-07-14T12:00:00Z,2026-07-14T15:00:00+03:00,12,12,24,False
2,2026-07-14T13:00:00Z,2026-07-14T16:00:00+03:00,15,15,30,False
2,2026-07-14T14:00:00Z,2026-07-14T17:00:00+03:00,7,3,10,False
2,2026-07-14T15:00:00Z,2026-07-14T18:00:00+03:00,12,16,28,False
2,2026-07-14T16:00:00Z,2026-07-14T19:00:00+03:00,0,0,0,False
2,2026-07-14T17:00:00Z,2026-07-14T20:00:00+03:00,0,0,0,False
2,2026-07-14T18:00:00Z,2026-07-14T21:00:00+03:00,0,0,0,False
2,2026-07-14T19:00:00Z,2026-07-14T22:00:00+03:00,0,0,0,False
2,2026-07-14T20:00:00Z,2026-07-14T23:00:00+03:00,0,0,0,False
2,2026-07-14T21:00:00Z,2026-07-15T00:00:00+03:00,0,0,0,False
2,2026-07-14T22:00:00Z,2026-07-15T01:00:00+03:00,0,0,0,False
2,2026-07-14T23:00:00Z,2026-07-15T02:00:00+03:00,0,0,0,False
2,2026-07-15T00:00:00Z,2026-07-15T03:00:00+03:00,0,0,0,False
2,2026-07-15T01:00:00Z,2026-07-15T04:00:00+03:00,1,1,2,False
2,2026-07-15T02:00:00Z,2026-07-15T05:00:00+03:00,0,0,0,False
2,2026-07-15T03:00:00Z,2026-07-15T06:00:00+03:00,0,0,0,False
2,2026-07-15T04:00:00Z,2026-07-15T07:00:00+03:00,2,2,4,False
2,2026-07-15T05:00:00Z,2026-07-15T08:00:00+03:00,0,0,0,False
2,2026-07-15T06:00:00Z,2026-07-15T09:00:00+03:00,0,0,0,False
2,2026-07-15T07:00:00Z,2026-07-15T10:00:00+03:00,0,0,0,False
2,2026-07-15T08:00:00Z,2026-07-15T11:00:00+03:00,0,0,0,False
2,2026-07-15T09:00:00Z,2026-07-15T12:00:00+03:00,5,7,12,False
2,2026-07-15T10:00:00Z,2026-07-15T13:00:00+03:00,40,22,62,False
2,2026-07-15T11:00:00Z,2026-07-15T14:00:00+03:00,22,13,35,False
2,2026-07-15T12:00:00Z,2026-07-15T15:00:00+03:00,33,32,65,False
2,2026-07-15T13:00:00Z,2026-07-15T16:00:00+03:00,30,29,59,False
2,2026-07-15T14:00:00Z,2026-07-15T17:00:00+03:00,25,22,47,False
2,2026-07-15T15:00:00Z,2026-07-15T18:00:00+03:00,8,15,23,False
2,2026-07-15T16:00:00Z,2026-07-15T19:00:00+03:00,0,0,0,False
2,2026-07-15T17:00:00Z,2026-07-15T20:00:00+03:00,0,0,0,False
2,2026-07-15T18:00:00Z,2026-07-15T21:00:00+03:00,0,0,0,False
2,2026-07-15T19:00:00Z,2026-07-15T22:00:00+03:00,0,0,0,False
2,2026-07-15T20:00:00Z,2026-07-15T23:00:00+03:00,0,0,0,False
2,2026-07-15T21:00:00Z,2026-07-16T00:00:00+03:00,0,0,0,False
2,2026-07-15T22:00:00Z,2026-07-16T01:00:00+03:00,0,0,0,False
2,2026-07-15T23:00:00Z,2026-07-16T02:00:00+03:00,0,0,0,False
2,2026-07-16T00:00:00Z,2026-07-16T03:00:00+03:00,0,0,0,False
2,2026-07-16T01:00:00Z,2026-07-16T04:00:00+03:00,0,0,0,False
2,2026-07-16T02:00:00Z,2026-07-16T05:00:00+03:00,1,1,2,False
2,2026-07-16T03:00:00Z,2026-07-16T06:00:00+03:00,2,2,4,False
2,2026-07-16T04:00:00Z,2026-07-16T07:00:00+03:00,0,0,0,False
2,2026-07-16T05:00:00Z,2026-07-16T08:00:00+03:00,0,0,0,False
2,2026-07-16T06:00:00Z,2026-07-16T09:00:00+03:00,1,0,1,False
2,2026-07-16T07:00:00Z,2026-07-16T10:00:00+03:00,0,0,0,False
2,2026-07-16T08:00:00Z,2026-07-16T11:00:00+03:00,0,0,0,False
2,2026-07-16T09:00:00Z,2026-07-16T12:00:00+03:00,7,8,15,False
2,2026-07-16T10:00:00Z,2026-07-16T13:00:00+03:00,26,18,44,False
2,2026-07-16T11:00:00Z,2026-07-16T14:00:00+03:00,24,23,47,False
2,2026-07-16T12:00:00Z,2026-07-16T15:00:00+03:00,29,16,45,False
2,2026-07-16T13:00:00Z,2026-07-16T16:00:00+03:00,10,22,32,False
2,2026-07-16T14:00:00Z,2026-07-16T17:00:00+03:00,13,9,22,False
2,2026-07-16T15:00:00Z,2026-07-16T18:00:00+03:00,11,16,27,False
2,2026-07-16T16:00:00Z,2026-07-16T19:00:00+03:00,0,0,0,False
2,2026-07-16T17:00:00Z,2026-07-16T20:00:00+03:00,0,0,0,False
2,2026-07-16T18:00:00Z,2026-07-16T21:00:00+03:00,0,0,0,False
2,2026-07-16T19:00:00Z,2026-07-16T22:00:00+03:00,0,0,0,False
2,2026-07-16T20:00:00Z,2026-07-16T23:00:00+03:00,0,0,0,False
2,2026-07-16T21:00:00Z,2026-07-17T00:00:00+03:00,0,0,0,False
2,2026-07-16T22:00:00Z,2026-07-17T01:00:00+03:00,0,0,0,False
2,2026-07-16T23:00:00Z,2026-07-17T02:00:00+03:00,0,0,0,False
2,2026-07-17T00:00:00Z,2026-07-17T03:00:00+03:00,0,0,0,False
2,2026-07-17T01:00:00Z,2026-07-17T04:00:00+03:00,0,0,0,False
2,2026-07-17T02:00:00Z,2026-07-17T05:00:00+03:00,1,1,2,False
2,2026-07-17T03:00:00Z,2026-07-17T06:00:00+03:00,0,0,0,False
2,2026-07-17T04:00:00Z,2026-07-17T07:00:00+03:00,0,0,0,False
2,2026-07-17T05:00:00Z,2026-07-17T08:00:00+03:00,0,0,0,False
2,2026-07-17T06:00:00Z,2026-07-17T09:00:00+03:00,0,0,0,False
2,2026-07-17T07:00:00Z,2026-07-17T10:00:00+03:00,0,0,0,False
2,2026-07-17T08:00:00Z,2026-07-17T11:00:00+03:00,0,0,0,False
2,2026-07-17T09:00:00Z,2026-07-17T12:00:00+03:00,8,5,13,False
2,2026-07-17T10:00:00Z,2026-07-17T13:00:00+03:00,31,15,46,False
2,2026-07-17T11:00:00Z,2026-07-17T14:00:00+03:00,30,24,54,False
2,2026-07-17T12:00:00Z,2026-07-17T15:00:00+03:00,22,29,51,False
2,2026-07-17T13:00:00Z,2026-07-17T16:00:00+03:00,19,20,39,False
2,2026-07-17T14:00:00Z,2026-07-17T17:00:00+03:00,23,17,40,False
2,2026-07-17T15:00:00Z,2026-07-17T18:00:00+03:00,15,21,36,False
2,2026-07-17T16:00:00Z,2026-07-17T19:00:00+03:00,0,0,0,False
2,2026-07-17T17:00:00Z,2026-07-17T20:00:00+03:00,0,0,0,False
2,2026-07-17T18:00:00Z,2026-07-17T21:00:00+03:00,0,0,0,False
2,2026-07-17T19:00:00Z,2026-07-17T22:00:00+03:00,0,0,0,False
2,2026-07-17T20:00:00Z,2026-07-17T23:00:00+03:00,0,0,0,False
2,2026-07-17T21:00:00Z,2026-07-18T00:00:00+03:00,0,0,0,False
2,2026-07-17T22:00:00Z,2026-07-18T01:00:00+03:00,0,0,0,False
2,2026-07-17T23:00:00Z,2026-07-18T02:00:00+03:00,0,0,0,False
2,2026-07-18T00:00:00Z,2026-07-18T03:00:00+03:00,0,0,0,False
2,2026-07-18T01:00:00Z,2026-07-18T04:00:00+03:00,0,0,0,False
2,2026-07-18T02:00:00Z,2026-07-18T05:00:00+03:00,0,0,0,False
2,2026-07-18T03:00:00Z,2026-07-18T06:00:00+03:00,0,0,0,False
2,2026-07-18T04:00:00Z,2026-07-18T07:00:00+03:00,0,0,0,False
2,2026-07-18T05:00:00Z,2026-07-18T08:00:00+03:00,0,0,0,False
2,2026-07-18T06:00:00Z,2026-07-18T09:00:00+03:00,0,0,0,False
2,2026-07-18T07:00:00Z,2026-07-18T10:00:00+03:00,3,4,7,False
2,2026-07-18T08:00:00Z,2026-07-18T11:00:00+03:00,29,14,43,False
2,2026-07-18T09:00:00Z,2026-07-18T12:00:00+03:00,18,23,41,False
2,2026-07-18T10:00:00Z,2026-07-18T13:00:00+03:00,29,21,50,False
2,2026-07-18T11:00:00Z,2026-07-18T14:00:00+03:00,15,20,35,False
2,2026-07-18T12:00:00Z,2026-07-18T15:00:00+03:00,19,16,35,False
2,2026-07-18T13:00:00Z,2026-07-18T16:00:00+03:00,22,35,57,False
2,2026-07-18T14:00:00Z,2026-07-18T17:00:00+03:00,2,1,3,False
2,2026-07-18T15:00:00Z,2026-07-18T18:00:00+03:00,0,0,0,False
2,2026-07-18T16:00:00Z,2026-07-18T19:00:00+03:00,0,0,0,False
2,2026-07-18T17:00:00Z,2026-07-18T20:00:00+03:00,0,0,0,False
2,2026-07-18T18:00:00Z,2026-07-18T21:00:00+03:00,0,0,0,False
2,2026-07-18T19:00:00Z,2026-07-18T22:00:00+03:00,0,0,0,False
2,2026-07-18T20:00:00Z,2026-07-18T23:00:00+03:00,0,0,0,False
2,2026-07-18T21:00:00Z,2026-07-19T00:00:00+03:00,0,0,0,False
2,2026-07-18T22:00:00Z,2026-07-19T01:00:00+03:00,0,0,0,False
2,2026-07-18T23:00:00Z,2026-07-19T02:00:00+03:00,0,0,0,False
2,2026-07-19T00:00:00Z,2026-07-19T03:00:00+03:00,0,0,0,False
2,2026-07-19T01:00:00Z,2026-07-19T04:00:00+03:00,0,0,0,False
2,2026-07-19T02:00:00Z,2026-07-19T05:00:00+03:00,0,0,0,False
2,2026-07-19T03:00:00Z,2026-07-19T06:00:00+03:00,0,0,0,False
2,2026-07-19T04:00:00Z,2026-07-19T07:00:00+03:00,0,0,0,False
2,2026-07-19T05:00:00Z,2026-07-19T08:00:00+03:00,0,0,0,False
2,2026-07-19T06:00:00Z,2026-07-19T09:00:00+03:00,0,0,0,False
2,2026-07-19T07:00:00Z,2026-07-19T10:00:00+03:00,5,5,10,False
2,2026-07-19T08:00:00Z,2026-07-19T11:00:00+03:00,13,6,19,False
2,2026-07-19T09:00:00Z,2026-07-19T12:00:00+03:00,30,8,38,False
2,2026-07-19T10:00:00Z,2026-07-19T13:00:00+03:00,20,38,58,False
2,2026-07-19T11:00:00Z,2026-07-19T14:00:00+03:00,17,19,36,False
2,2026-07-19T12:00:00Z,2026-07-19T15:00:00+03:00,23,11,34,False
2,2026-07-19T13:00:00Z,2026-07-19T16:00:00+03:00,11,25,36,False
2,2026-07-19T14:00:00Z,2026-07-19T17:00:00+03:00,0,0,0,False
2,2026-07-19T15:00:00Z,2026-07-19T18:00:00+03:00,0,0,0,False
2,2026-07-19T16:00:00Z,2026-07-19T19:00:00+03:00,0,0,0,False
2,2026-07-19T17:00:00Z,2026-07-19T20:00:00+03:00,0,0,0,False
2,2026-07-19T18:00:00Z,2026-07-19T21:00:00+03:00,0,0,0,False
2,2026-07-19T19:00:00Z,2026-07-19T22:00:00+03:00,0,0,0,False
2,2026-07-19T20:00:00Z,2026-07-19T23:00:00+03:00,0,0,0,False
2,2026-07-19T21:00:00Z,2026-07-20T00:00:00+03:00,0,0,0,False
2,2026-07-19T22:00:00Z,2026-07-20T01:00:00+03:00,0,0,0,False
2,2026-07-19T23:00:00Z,2026-07-20T02:00:00+03:00,0,0,0,False
2,2026-07-20T00:00:00Z,2026-07-20T03:00:00+03:00,0,0,0,False
2,2026-07-20T01:00:00Z,2026-07-20T04:00:00+03:00,0,0,0,False
2,2026-07-20T02:00:00Z,2026-07-20T05:00:00+03:00,0,0,0,False
2,2026-07-20T03:00:00Z,2026-07-20T06:00:00+03:00,3,3,6,False
2,2026-07-20T04:00:00Z,2026-07-20T07:00:00+03:00,2,2,4,False
2,2026-07-20T05:00:00Z,2026-07-20T08:00:00+03:00,0,0,0,False
2,2026-07-20T06:00:00Z,2026-07-20T09:00:00+03:00,0,0,0,False
2,2026-07-20T07:00:00Z,2026-07-20T10:00:00+03:00,0,0,0,False
2,2026-07-20T08:00:00Z,2026-07-20T11:00:00+03:00,2,1,3,False
2,2026-07-20T09:00:00Z,2026-07-20T12:00:00+03:00,0,0,0,False
2,2026-07-20T10:00:00Z,2026-07-20T13:00:00+03:00,0,0,0,False
2,2026-07-20T11:00:00Z,2026-07-20T14:00:00+03:00,0,0,0,False
2,2026-07-20T12:00:00Z,2026-07-20T15:00:00+03:00,0,0,0,False
2,2026-07-20T13:00:00Z,2026-07-20T16:00:00+03:00,0,0,0,False
2,2026-07-20T14:00:00Z,2026-07-20T17:00:00+03:00,0,0,0,False
2,2026-07-20T15:00:00Z,2026-07-20T18:00:00+03:00,0,0,0,False
2,2026-07-20T16:00:00Z,2026-07-20T19:00:00+03:00,0,0,0,False
2,2026-07-20T17:00:00Z,2026-07-20T20:00:00+03:00,0,0,0,False
2,2026-07-20T18:00:00Z,2026-07-20T21:00:00+03:00,0,0,0,False
2,2026-07-20T19:00:00Z,2026-07-20T22:00:00+03:00,0,0,0,False
2,2026-07-20T20:00:00Z,2026-07-20T23:00:00+03:00,0,0,0,False
2,2026-07-20T21:00:00Z,2026-07-21T00:00:00+03:00,0,0,0,False
2,2026-07-20T22:00:00Z,2026-07-21T01:00:00+03:00,0,0,0,False
2,2026-07-20T23:00:00Z,2026-07-21T02:00:00+03:00,0,0,0,False
2,2026-07-21T00:00:00Z,2026-07-21T03:00:00+03:00,0,0,0,False
2,2026-07-21T01:00:00Z,2026-07-21T04:00:00+03:00,0,0,0,False
2,2026-07-21T02:00:00Z,2026-07-21T05:00:00+03:00,0,0,0,False
2,2026-07-21T03:00:00Z,2026-07-21T06:00:00+03:00,0,0,0,False
2,2026-07-21T04:00:00Z,2026-07-21T07:00:00+03:00,0,0,0,False
2,2026-07-21T05:00:00Z,2026-07-21T08:00:00+03:00,1,1,2,False
2,2026-07-21T06:00:00Z,2026-07-21T09:00:00+03:00,0,0,0,False
2,2026-07-21T07:00:00Z,2026-07-21T10:00:00+03:00,0,0,0,False
2,2026-07-21T08:00:00Z,2026-07-21T11:00:00+03:00,0,0,0,False
2,2026-07-21T09:00:00Z,2026-07-21T12:00:00+03:00,2,3,5,False
2,2026-07-21T10:00:00Z,2026-07-21T13:00:00+03:00,51,35,86,False
2,2026-07-21T11:00:00Z,2026-07-21T14:00:00+03:00,50,32,82,False
2,2026-07-21T12:00:00Z,2026-07-21T15:00:00+03:00,13,33,46,False
2,2026-07-21T13:00:00Z,2026-07-21T16:00:00+03:00,20,14,34,False
2,2026-07-21T14:00:00Z,2026-07-21T17:00:00+03:00,6,14,20,False
2,2026-07-21T15:00:00Z,2026-07-21T18:00:00+03:00,7,9,16,False
2,2026-07-21T16:00:00Z,2026-07-21T19:00:00+03:00,0,0,0,False
2,2026-07-21T17:00:00Z,2026-07-21T20:00:00+03:00,0,0,0,False
2,2026-07-21T18:00:00Z,2026-07-21T21:00:00+03:00,0,0,0,False
2,2026-07-21T19:00:00Z,2026-07-21T22:00:00+03:00,0,0,0,False
2,2026-07-21T20:00:00Z,2026-07-21T23:00:00+03:00,0,0,0,False
2,2026-07-21T21:00:00Z,2026-07-22T00:00:00+03:00,0,0,0,False
2,2026-07-21T22:00:00Z,2026-07-22T01:00:00+03:00,0,0,0,False
2,2026-07-21T23:00:00Z,2026-07-22T02:00:00+03:00,0,0,0,False
2,2026-07-22T00:00:00Z,2026-07-22T03:00:00+03:00,0,0,0,False
2,2026-07-22T01:00:00Z,2026-07-22T04:00:00+03:00,0,0,0,False
2,2026-07-22T02:00:00Z,2026-07-22T05:00:00+03:00,1,2,3,False
2,2026-07-22T03:00:00Z,2026-07-22T06:00:00+03:00,0,0,0,False
2,2026-07-22T04:00:00Z,2026-07-22T07:00:00+03:00,0,0,0,False
2,2026-07-22T05:00:00Z,2026-07-22T08:00:00+03:00,0,0,0,False
2,2026-07-22T06:00:00Z,2026-07-22T09:00:00+03:00,1,0,1,False
2,2026-07-22T07:00:00Z,2026-07-22T10:00:00+03:00,0,0,0,False
2,2026-07-22T08:00:00Z,2026-07-22T11:00:00+03:00,0,0,0,False
2,2026-07-22T09:00:00Z,2026-07-22T12:00:00+03:00,9,5,14,False
2,2026-07-22T10:00:00Z,2026-07-22T13:00:00+03:00,41,23,64,False
2,2026-07-22T11:00:00Z,2026-07-22T14:00:00+03:00,27,21,48,False
2,2026-07-22T12:00:00Z,2026-07-22T15:00:00+03:00,29,21,50,False
2,2026-07-22T13:00:00Z,2026-07-22T16:00:00+03:00,22,13,35,False
2,2026-07-22T14:00:00Z,2026-07-22T17:00:00+03:00,9,19,28,False
2,2026-07-22T15:00:00Z,2026-07-22T18:00:00+03:00,28,29,57,False
2,2026-07-22T16:00:00Z,2026-07-22T19:00:00+03:00,1,3,4,False
2,2026-07-22T17:00:00Z,2026-07-22T20:00:00+03:00,0,0,0,False
2,2026-07-22T18:00:00Z,2026-07-22T21:00:00+03:00,0,0,0,False
2,2026-07-22T19:00:00Z,2026-07-22T22:00:00+03:00,0,0,0,False
2,2026-07-22T20:00:00Z,2026-07-22T23:00:00+03:00,0,0,0,False
2,2026-07-22T21:00:00Z,2026-07-23T00:00:00+03:00,0,0,0,False
2,2026-07-22T22:00:00Z,2026-07-23T01:00:00+03:00,0,0,0,False
2,2026-07-22T23:00:00Z,2026-07-23T02:00:00+03:00,0,0,0,False
2,2026-07-23T00:00:00Z,2026-07-23T03:00:00+03:00,0,0,0,False
2,2026-07-23T01:00:00Z,2026-07-23T04:00:00+03:00,0,0,0,False
2,2026-07-23T02:00:00Z,2026-07-23T05:00:00+03:00,0,0,0,False
2,2026-07-23T03:00:00Z,2026-07-23T06:00:00+03:00,1,1,2,False
2,2026-07-23T04:00:00Z,2026-07-23T07:00:00+03:00,0,0,0,False
2,2026-07-23T05:00:00Z,2026-07-23T08:00:00+03:00,0,0,0,False
2,2026-07-23T06:00:00Z,2026-07-23T09:00:00+03:00,1,0,1,False
2,2026-07-23T07:00:00Z,2026-07-23T10:00:00+03:00,0,0,0,False
2,2026-07-23T08:00:00Z,2026-07-23T11:00:00+03:00,1,1,2,False
2,2026-07-23T09:00:00Z,2026-07-23T12:00:00+03:00,5,4,9,False
2,2026-07-23T10:00:00Z,2026-07-23T13:00:00+03:00,31,17,48,False
2,2026-07-23T11:00:00Z,2026-07-23T14:00:00+03:00,26,22,48,False
2,2026-07-23T12:00:00Z,2026-07-23T15:00:00+03:00,27,20,47,False
2,2026-07-23T13:00:00Z,2026-07-23T16:00:00+03:00,18,27,45,False
2,2026-07-23T14:00:00Z,2026-07-23T17:00:00+03:00,9,3,12,False
2,2026-07-23T15:00:00Z,2026-07-23T18:00:00+03:00,15,17,32,False
2,2026-07-23T16:00:00Z,2026-07-23T19:00:00+03:00,0,0,0,False
2,2026-07-23T17:00:00Z,2026-07-23T20:00:00+03:00,0,0,0,False
2,2026-07-23T18:00:00Z,2026-07-23T21:00:00+03:00,0,0,0,False
2,2026-07-23T19:00:00Z,2026-07-23T22:00:00+03:00,0,0,0,False
2,2026-07-23T20:00:00Z,2026-07-23T23:00:00+03:00,0,0,0,False
2,2026-07-23T21:00:00Z,2026-07-24T00:00:00+03:00,0,0,0,False
2,2026-07-23T22:00:00Z,2026-07-24T01:00:00+03:00,0,0,0,False
2,2026-07-23T23:00:00Z,2026-07-24T02:00:00+03:00,0,0,0,False
2,2026-07-24T00:00:00Z,2026-07-24T03:00:00+03:00,0,0,0,False
2,2026-07-24T01:00:00Z,2026-07-24T04:00:00+03:00,0,0,0,False
2,2026-07-24T02:00:00Z,2026-07-24T05:00:00+03:00,0,0,0,False
2,2026-07-24T03:00:00Z,2026-07-24T06:00:00+03:00,0,0,0,False
2,2026-07-24T04:00:00Z,2026-07-24T07:00:00+03:00,0,0,0,False
2,2026-07-24T05:00:00Z,2026-07-24T08:00:00+03:00,0,0,0,False
2,2026-07-24T06:00:00Z,2026-07-24T09:00:00+03:00,1,0,1,False
2,2026-07-24T07:00:00Z,2026-07-24T10:00:00+03:00,0,0,0,False
2,2026-07-24T08:00:00Z,2026-07-24T11:00:00+03:00,1,1,2,False
2,2026-07-24T09:00:00Z,2026-07-24T12:00:00+03:00,5,6,11,False
2,2026-07-24T10:00:00Z,2026-07-24T13:00:00+03:00,23,13,36,False
2,2026-07-24T11:00:00Z,2026-07-24T14:00:00+03:00,36,28,64,False
2,2026-07-24T12:00:00Z,2026-07-24T15:00:00+03:00,22,24,46,False
2,2026-07-24T13:00:00Z,2026-07-24T16:00:00+03:00,32,24,56,False
2,2026-07-24T14:00:00Z,2026-07-24T17:00:00+03:00,20,21,41,False
2,2026-07-24T15:00:00Z,2026-07-24T18:00:00+03:00,5,17,22,False
2,2026-07-24T16:00:00Z,2026-07-24T19:00:00+03:00,0,0,0,False
2,2026-07-24T17:00:00Z,2026-07-24T20:00:00+03:00,0,0,0,False
2,2026-07-24T18:00:00Z,2026-07-24T21:00:00+03:00,0,0,0,False
2,2026-07-24T19:00:00Z,2026-07-24T22:00:00+03:00,0,0,0,False
2,2026-07-24T20:00:00Z,2026-07-24T23:00:00+03:00,0,0,0,False
2,2026-07-24T21:00:00Z,2026-07-25T00:00:00+03:00,0,0,0,False
2,2026-07-24T22:00:00Z,2026-07-25T01:00:00+03:00,0,0,0,False
2,2026-07-24T23:00:00Z,2026-07-25T02:00:00+03:00,0,0,0,False
2,2026-07-25T00:00:00Z,2026-07-25T03:00:00+03:00,0,0,0,False
2,2026-07-25T01:00:00Z,2026-07-25T04:00:00+03:00,0,0,0,False
2,2026-07-25T02:00:00Z,2026-07-25T05:00:00+03:00,0,0,0,False
2,2026-07-25T03:00:00Z,2026-07-25T06:00:00+03:00,0,0,0,False
2,2026-07-25T04:00:00Z,2026-07-25T07:00:00+03:00,0,0,0,False
2,2026-07-25T05:00:00Z,2026-07-25T08:00:00+03:00,0,0,0,False
2,2026-07-25T06:00:00Z,2026-07-25T09:00:00+03:00,0,0,0,False
2,2026-07-25T07:00:00Z,2026-07-25T10:00:00+03:00,0,0,0,False
2,2026-07-25T08:00:00Z,2026-07-25T11:00:00+03:00,0,0,0,False
2,2026-07-25T09:00:00Z,2026-07-25T12:00:00+03:00,1,1,2,False
2,2026-07-25T10:00:00Z,2026-07-25T13:00:00+03:00,0,0,0,False
2,2026-07-25T11:00:00Z,2026-07-25T14:00:00+03:00,0,0,0,False
2,2026-07-25T12:00:00Z,2026-07-25T15:00:00+03:00,0,0,0,False
2,2026-07-25T13:00:00Z,2026-07-25T16:00:00+03:00,0,0,0,False
2,2026-07-25T14:00:00Z,2026-07-25T17:00:00+03:00,0,0,0,False
2,2026-07-25T15:00:00Z,2026-07-25T18:00:00+03:00,0,0,0,False
2,2026-07-25T16:00:00Z,2026-07-25T19:00:00+03:00,0,0,0,False
2,2026-07-25T17:00:00Z,2026-07-25T20:00:00+03:00,0,0,0,False
2,2026-07-25T18:00:00Z,2026-07-25T21:00:00+03:00,0,0,0,False
2,2026-07-25T19:00:00Z,2026-07-25T22:00:00+03:00,0,0,0,False
2,2026-07-25T20:00:00Z,2026-07-25T23:00:00+03:00,0,0,0,False
2,2026-07-25T21:00:00Z,2026-07-26T00:00:00+03:00,0,0,0,False
2,2026-07-25T22:00:00Z,2026-07-26T01:00:00+03:00,0,0,0,False
2,2026-07-25T23:00:00Z,2026-07-26T02:00:00+03:00,0,0,0,False
2,2026-07-26T00:00:00Z,2026-07-26T03:00:00+03:00,0,0,0,False
2,2026-07-26T01:00:00Z,2026-07-26T04:00:00+03:00,0,0,0,False
2,2026-07-26T02:00:00Z,2026-07-26T05:00:00+03:00,0,0,0,False
2,2026-07-26T03:00:00Z,2026-07-26T06:00:00+03:00,0,0,0,False
2,2026-07-26T04:00:00Z,2026-07-26T07:00:00+03:00,0,0,0,False
2,2026-07-26T05:00:00Z,2026-07-26T08:00:00+03:00,0,0,0,False
2,2026-07-26T06:00:00Z,2026-07-26T09:00:00+03:00,0,1,1,False
2,2026-07-26T07:00:00Z,2026-07-26T10:00:00+03:00,2,1,3,False
2,2026-07-26T08:00:00Z,2026-07-26T11:00:00+03:00,38,20,58,False
2,2026-07-26T09:00:00Z,2026-07-26T12:00:00+03:00,28,24,52,False
2,2026-07-26T10:00:00Z,2026-07-26T13:00:00+03:00,29,26,55,False
2,2026-07-26T11:00:00Z,2026-07-26T14:00:00+03:00,14,20,34,False
2,2026-07-26T12:00:00Z,2026-07-26T15:00:00+03:00,16,14,30,False
2,2026-07-26T13:00:00Z,2026-07-26T16:00:00+03:00,6,17,23,False
2,2026-07-26T14:00:00Z,2026-07-26T17:00:00+03:00,1,1,2,False
2,2026-07-26T15:00:00Z,2026-07-26T18:00:00+03:00,0,0,0,False
2,2026-07-26T16:00:00Z,2026-07-26T19:00:00+03:00,0,0,0,False
2,2026-07-26T17:00:00Z,2026-07-26T20:00:00+03:00,0,0,0,False
2,2026-07-26T18:00:00Z,2026-07-26T21:00:00+03:00,0,0,0,False
2,2026-07-26T19:00:00Z,2026-07-26T22:00:00+03:00,0,0,0,False
2,2026-07-26T20:00:00Z,2026-07-26T23:00:00+03:00,0,0,0,False
2,2026-07-26T21:00:00Z,2026-07-27T00:00:00+03:00,0,0,0,False
2,2026-07-26T22:00:00Z,2026-07-27T01:00:00+03:00,0,0,0,False
2,2026-07-26T23:00:00Z,2026-07-27T02:00:00+03:00,0,0,0,False
2,2026-07-27T00:00:00Z,2026-07-27T03:00:00+03:00,0,0,0,False
2,2026-07-27T01:00:00Z,2026-07-27T04:00:00+03:00,0,0,0,False
2,2026-07-27T02:00:00Z,2026-07-27T05:00:00+03:00,0,0,0,False
2,2026-07-27T03:00:00Z,2026-07-27T06:00:00+03:00,0,0,0,False
2,2026-07-27T04:00:00Z,2026-07-27T07:00:00+03:00,0,0,0,False
2,2026-07-27T05:00:00Z,2026-07-27T08:00:00+03:00,1,1,2,False
2,2026-07-27T06:00:00Z,2026-07-27T09:00:00+03:00,1,1,2,False
2,2026-07-27T07:00:00Z,2026-07-27T10:00:00+03:00,1,2,3,False
2,2026-07-27T08:00:00Z,2026-07-27T11:00:00+03:00,0,0,0,False
2,2026-07-27T09:00:00Z,2026-07-27T12:00:00+03:00,0,0,0,False
2,2026-07-27T10:00:00Z,2026-07-27T13:00:00+03:00,3,2,5,False
2,2026-07-27T11:00:00Z,2026-07-27T14:00:00+03:00,0,0,0,False
2,2026-07-27T12:00:00Z,2026-07-27T15:00:00+03:00,1,0,1,False
2,2026-07-27T13:00:00Z,2026-07-27T16:00:00+03:00,0,0,0,False
2,2026-07-27T14:00:00Z,2026-07-27T17:00:00+03:00,0,0,0,False
2,2026-07-27T15:00:00Z,2026-07-27T18:00:00+03:00,0,0,0,False
2,2026-07-27T16:00:00Z,2026-07-27T19:00:00+03:00,0,0,0,False
2,2026-07-27T17:00:00Z,2026-07-27T20:00:00+03:00,0,0,0,False
2,2026-07-27T18:00:00Z,2026-07-27T21:00:00+03:00,0,0,0,False
2,2026-07-27T19:00:00Z,2026-07-27T22:00:00+03:00,0,0,0,False
2,2026-07-27T20:00:00Z,2026-07-27T23:00:00+03:00,0,0,0,False
2,2026-07-27T21:00:00Z,2026-07-28T00:00:00+03:00,0,0,0,False
2,2026-07-27T22:00:00Z,2026-07-28T01:00:00+03:00,0,0,0,False
2,2026-07-27T23:00:00Z,2026-07-28T02:00:00+03:00,0,0,0,False
2,2026-07-28T00:00:00Z,2026-07-28T03:00:00+03:00,0,0,0,False
2,2026-07-28T01:00:00Z,2026-07-28T04:00:00+03:00,0,0,0,False
2,2026-07-28T02:00:00Z,2026-07-28T05:00:00+03:00,0,0,0,False
2,2026-07-28T03:00:00Z,2026-07-28T06:00:00+03:00,0,0,0,False
2,2026-07-28T04:00:00Z,2026-07-28T07:00:00+03:00,0,0,0,False
2,2026-07-28T05:00:00Z,2026-07-28T08:00:00+03:00,0,0,0,False
2,2026-07-28T06:00:00Z,2026-07-28T09:00:00+03:00,3,2,5,False
2,2026-07-28T07:00:00Z,2026-07-28T10:00:00+03:00,0,0,0,False
2,2026-07-28T08:00:00Z,2026-07-28T11:00:00+03:00,0,0,0,False
2,2026-07-28T09:00:00Z,2026-07-28T12:00:00+03:00,31,7,38,False
2,2026-07-28T10:00:00Z,2026-07-28T13:00:00+03:00,74,54,128,False
2,2026-07-28T11:00:00Z,2026-07-28T14:00:00+03:00,31,38,69,False
2,2026-07-28T12:00:00Z,2026-07-28T15:00:00+03:00,9,25,34,False
2,2026-07-28T13:00:00Z,2026-07-28T16:00:00+03:00,33,21,54,False
2,2026-07-28T14:00:00Z,2026-07-28T17:00:00+03:00,15,20,35,False
2,2026-07-28T15:00:00Z,2026-07-28T18:00:00+03:00,8,16,24,False
2,2026-07-28T16:00:00Z,2026-07-28T19:00:00+03:00,0,0,0,False
2,2026-07-28T17:00:00Z,2026-07-28T20:00:00+03:00,0,0,0,False
2,2026-07-28T18:00:00Z,2026-07-28T21:00:00+03:00,0,0,0,False
2,2026-07-28T19:00:00Z,2026-07-28T22:00:00+03:00,0,0,0,False
2,2026-07-28T20:00:00Z,2026-07-28T23:00:00+03:00,0,0,0,False
2,2026-07-28T21:00:00Z,2026-07-29T00:00:00+03:00,0,0,0,False
2,2026-07-28T22:00:00Z,2026-07-29T01:00:00+03:00,0,0,0,False
2,2026-07-28T23:00:00Z,2026-07-29T02:00:00+03:00,0,0,0,False
2,2026-07-29T00:00:00Z,2026-07-29T03:00:00+03:00,0,0,0,False
2,2026-07-29T01:00:00Z,2026-07-29T04:00:00+03:00,0,0,0,False
2,2026-07-29T02:00:00Z,2026-07-29T05:00:00+03:00,0,0,0,False
2,2026-07-29T03:00:00Z,2026-07-29T06:00:00+03:00,0,0,0,False
2,2026-07-29T04:00:00Z,2026-07-29T07:00:00+03:00,0,0,0,False
2,2026-07-29T05:00:00Z,2026-07-29T08:00:00+03:00,2,1,3,False
2,2026-07-29T06:00:00Z,2026-07-29T09:00:00+03:00,0,0,0,False
2,2026-07-29T07:00:00Z,2026-07-29T10:00:00+03:00,0,0,0,False
2,2026-07-29T08:00:00Z,2026-07-29T11:00:00+03:00,0,0,0,False
2,2026-07-29T09:00:00Z,2026-07-29T12:00:00+03:00,2,3,5,False
2,2026-07-29T10:00:00Z,2026-07-29T13:00:00+03:00,43,21,64,False
2,2026-07-29T11:00:00Z,2026-07-29T14:00:00+03:00,19,33,52,False
2,2026-07-29T12:00:00Z,2026-07-29T15:00:00+03:00,9,4,13,False
2,2026-07-29T13:00:00Z,2026-07-29T16:00:00+03:00,20,17,37,False
2,2026-07-29T14:00:00Z,2026-07-29T17:00:00+03:00,11,5,16,False
2,2026-07-29T15:00:00Z,2026-07-29T18:00:00+03:00,5,11,16,False
2,2026-07-29T16:00:00Z,2026-07-29T19:00:00+03:00,0,0,0,False
2,2026-07-29T17:00:00Z,2026-07-29T20:00:00+03:00,0,0,0,False
2,2026-07-29T18:00:00Z,2026-07-29T21:00:00+03:00,0,0,0,False
2,2026-07-29T19:00:00Z,2026-07-29T22:00:00+03:00,0,0,0,False
2,2026-07-29T20:00:00Z,2026-07-29T23:00:00+03:00,0,0,0,False
2,2026-07-29T21:00:00Z,2026-07-30T00:00:00+03:00,0,0,0,False
2,2026-07-29T22:00:00Z,2026-07-30T01:00:00+03:00,0,0,0,False
2,2026-07-29T23:00:00Z,2026-07-30T02:00:00+03:00,0,0,0,False
2,2026-07-30T00:00:00Z,2026-07-30T03:00:00+03:00,0,0,0,False
2,2026-07-30T01:00:00Z,2026-07-30T04:00:00+03:00,0,0,0,False
2,2026-07-30T02:00:00Z,2026-07-30T05:00:00+03:00,0,0,0,False
2,2026-07-30T03:00:00Z,2026-07-30T06:00:00+03:00,0,0,0,False
2,2026-07-30T04:00:00Z,2026-07-30T07:00:00+03:00,0,0,0,False
2,2026-07-30T05:00:00Z,2026-07-30T08:00:00+03:00,0,0,0,False
2,2026-07-30T06:00:00Z,2026-07-30T09:00:00+03:00,2,1,3,False
2,2026-07-30T07:00:00Z,2026-07-30T10:00:00+03:00,1,1,2,False
2,2026-07-30T08:00:00Z,2026-07-30T11:00:00+03:00,0,0,0,False
2,2026-07-30T09:00:00Z,2026-07-30T12:00:00+03:00,8,9,17,False
2,2026-07-30T10:00:00Z,2026-07-30T13:00:00+03:00,25,12,37,False
2,2026-07-30T11:00:00Z,2026-07-30T14:00:00+03:00,25,13,38,False
2,2026-07-30T12:00:00Z,2026-07-30T15:00:00+03:00,12,25,37,False
2,2026-07-30T13:00:00Z,2026-07-30T16:00:00+03:00,11,13,24,False
2,2026-07-30T14:00:00Z,2026-07-30T17:00:00+03:00,2,2,4,False
2,2026-07-30T15:00:00Z,2026-07-30T18:00:00+03:00,20,22,42,False
2,2026-07-30T16:00:00Z,2026-07-30T19:00:00+03:00,0,0,0,False
2,2026-07-30T17:00:00Z,2026-07-30T20:00:00+03:00,0,0,0,False
2,2026-07-30T18:00:00Z,2026-07-30T21:00:00+03:00,0,0,0,False
2,2026-07-30T19:00:00Z,2026-07-30T22:00:00+03:00,0,0,0,False
2,2026-07-30T20:00:00Z,2026-07-30T23:00:00+03:00,0,0,0,False
2,2026-07-30T21:00:00Z,2026-07-31T00:00:00+03:00,0,0,0,False
2,2026-07-30T22:00:00Z,2026-07-31T01:00:00+03:00,0,0,0,False
2,2026-07-30T23:00:00Z,2026-07-31T02:00:00+03:00,0,0,0,False
2,2026-07-31T00:00:00Z,2026-07-31T03:00:00+03:00,0,0,0,False
2,2026-07-31T01:00:00Z,2026-07-31T04:00:00+03:00,0,0,0,False
2,2026-07-31T02:00:00Z,2026-07-31T05:00:00+03:00,0,0,0,False
2,2026-07-31T03:00:00Z,2026-07-31T06:00:00+03:00,0,0,0,False
2,2026-07-31T04:00:00Z,2026-07-31T07:00:00+03:00,4,4,8,False
2,2026-07-31T05:00:00Z,2026-07-31T08:00:00+03:00,1,0,1,False
2,2026-07-31T06:00:00Z,2026-07-31T09:00:00+03:00,0,0,0,False
2,2026-07-31T07:00:00Z,2026-07-31T10:00:00+03:00,0,0,0,False
2,2026-07-31T08:00:00Z,2026-07-31T11:00:00+03:00,1,1,2,False
2,2026-07-31T09:00:00Z,2026-07-31T12:00:00+03:00,6,2,8,False
2,2026-07-31T10:00:00Z,2026-07-31T13:00:00+03:00,28,16,44,False
2,2026-07-31T11:00:00Z,2026-07-31T14:00:00+03:00,21,24,45,False
2,2026-07-31T12:00:00Z,2026-07-31T15:00:00+03:00,25,11,36,False
2,2026-07-31T13:00:00Z,2026-07-31T16:00:00+03:00,6,17,23,False
2,2026-07-31T14:00:00Z,2026-07-31T17:00:00+03:00,12,13,25,False
2,2026-07-31T15:00:00Z,2026-07-31T18:00:00+03:00,8,8,16,False
2,2026-07-31T16:00:00Z,2026-07-31T19:00:00+03:00,0,2,2,False
2,2026-07-31T17:00:00Z,2026-07-31T20:00:00+03:00,0,0,0,False
2,2026-07-31T18:00:00Z,2026-07-31T21:00:00+03:00,0,0,0,False
2,2026-07-31T19:00:00Z,2026-07-31T22:00:00+03:00,0,0,0,False
2,2026-07-31T20:00:00Z,2026-07-31T23:00:00+03:00,0,0,0,False
2,2026-07-31T21:00:00Z,2026-08-01T00:00:00+03:00,0,0,0,False
2,2026-07-31T22:00:00Z,2026-08-01T01:00:00+03:00,0,0,0,False
2,2026-07-31T23:00:00Z,2026-08-01T02:00:00+03:00,0,0,0,False
2,2026-08-01T00:00:00Z,2026-08-01T03:00:00+03:00,0,0,0,False
2,2026-08-01T01:00:00Z,2026-08-01T04:00:00+03:00,0,0,0,False
2,2026-08-01T02:00:00Z,2026-08-01T05:00:00+03:00,0,0,0,False
2,2026-08-01T03:00:00Z,2026-08-01T06:00:00+03:00,0,0,0,False
2,2026-08-01T04:00:00Z,2026-08-01T07:00:00+03:00,0,0,0,False
2,2026-08-01T05:00:00Z,2026-08-01T08:00:00+03:00,0,0,0,False
2,2026-08-01T06:00:00Z,2026-08-01T09:00:00+03:00,2,2,4,False
2,2026-08-01T07:00:00Z,2026-08-01T10:00:00+03:00,4,4,8,False
2,2026-08-01T08:00:00Z,2026-08-01T11:00:00+03:00,15,9,24,False
2,2026-08-01T09:00:00Z,2026-08-01T12:00:00+03:00,21,11,32,False
2,2026-08-01T10:00:00Z,2026-08-01T13:00:00+03:00,21,16,37,False
2,2026-08-01T11:00:00Z,2026-08-01T14:00:00+03:00,18,24,42,False
2,2026-08-01T12:00:00Z,2026-08-01T15:00:00+03:00,18,14,32,False
2,2026-08-01T13:00:00Z,2026-08-01T16:00:00+03:00,9,16,25,False
2,2026-08-01T14:00:00Z,2026-08-01T17:00:00+03:00,1,3,4,False
2,2026-08-01T15:00:00Z,2026-08-01T18:00:00+03:00,0,0,0,False
2,2026-08-01T16:00:00Z,2026-08-01T19:00:00+03:00,0,0,0,False
2,2026-08-01T17:00:00Z,2026-08-01T20:00:00+03:00,0,0,0,False
2,2026-08-01T18:00:00Z,2026-08-01T21:00:00+03:00,0,0,0,False
2,2026-08-01T19:00:00Z,2026-08-01T22:00:00+03:00,0,0,0,False
2,2026-08-01T20:00:00Z,2026-08-01T23:00:00+03:00,0,0,0,False
2,2026-08-01T21:00:00Z,2026-08-02T00:00:00+03:00,0,0,0,False
2,2026-08-01T22:00:00Z,2026-08-02T01:00:00+03:00,0,0,0,False
2,2026-08-01T23:00:00Z,2026-08-02T02:00:00+03:00,0,0,0,False
2,2026-08-02T00:00:00Z,2026-08-02T03:00:00+03:00,0,0,0,False
2,2026-08-02T01:00:00Z,2026-08-02T04:00:00+03:00,0,0,0,False
2,2026-08-02T02:00:00Z,2026-08-02T05:00:00+03:00,0,0,0,False
2,2026-08-02T03:00:00Z,2026-08-02T06:00:00+03:00,0,0,0,False
2,2026-08-02T04:00:00Z,2026-08-02T07:00:00+03:00,0,0,0,False
2,2026-08-02T05:00:00Z,2026-08-02T08:00:00+03:00,0,0,0,False
2,2026-08-02T06:00:00Z,2026-08-02T09:00:00+03:00,0,0,0,False
2,2026-08-02T07:00:00Z,2026-08-02T10:00:00+03:00,6,5,11,False
2,2026-08-02T08:00:00Z,2026-08-02T11:00:00+03:00,19,10,29,False
2,2026-08-02T09:00:00Z,2026-08-02T12:00:00+03:00,24,11,35,False
2,2026-08-02T10:00:00Z,2026-08-02T13:00:00+03:00,7,20,27,False
2,2026-08-02T11:00:00Z,2026-08-02T14:00:00+03:00,20,14,34,False
2,2026-08-02T12:00:00Z,2026-08-02T15:00:00+03:00,3,4,7,False
2,2026-08-02T13:00:00Z,2026-08-02T16:00:00+03:00,6,9,15,False
2,2026-08-02T14:00:00Z,2026-08-02T17:00:00+03:00,0,0,0,False
2,2026-08-02T15:00:00Z,2026-08-02T18:00:00+03:00,0,0,0,False
2,2026-08-02T16:00:00Z,2026-08-02T19:00:00+03:00,0,0,0,False
2,2026-08-02T17:00:00Z,2026-08-02T20:00:00+03:00,0,0,0,False
2,2026-08-02T18:00:00Z,2026-08-02T21:00:00+03:00,0,0,0,False
2,2026-08-02T19:00:00Z,2026-08-02T22:00:00+03:00,0,0,0,False
2,2026-08-02T20:00:00Z,2026-08-02T23:00:00+03:00,0,0,0,False
2,2026-08-02T21:00:00Z,2026-08-03T00:00:00+03:00,0,0,0,False
2,2026-08-02T22:00:00Z,2026-08-03T01:00:00+03:00,0,0,0,False
2,2026-08-02T23:00:00Z,2026-08-03T02:00:00+03:00,0,0,0,False
2,2026-08-03T00:00:00Z,2026-08-03T03:00:00+03:00,0,0,0,False
2,2026-08-03T01:00:00Z,2026-08-03T04:00:00+03:00,0,0,0,False
2,2026-08-03T02:00:00Z,2026-08-03T05:00:00+03:00,0,0,0,False
2,2026-08-03T03:00:00Z,2026-08-03T06:00:00+03:00,0,0,0,False
2,2026-08-03T04:00:00Z,2026-08-03T07:00:00+03:00,0,0,0,False
2,2026-08-03T05:00:00Z,2026-08-03T08:00:00+03:00,1,1,2,False
2,2026-08-03T06:00:00Z,2026-08-03T09:00:00+03:00,4,2,6,False
2,2026-08-03T07:00:00Z,2026-08-03T10:00:00+03:00,0,0,0,False
2,2026-08-03T08:00:00Z,2026-08-03T11:00:00+03:00,0,2,2,False
2,2026-08-03T09:00:00Z,2026-08-03T12:00:00+03:00,0,1,1,False
2,2026-08-03T10:00:00Z,2026-08-03T13:00:00+03:00,2,2,4,False
2,2026-08-03T11:00:00Z,2026-08-03T14:00:00+03:00,1,2,3,False
2,2026-08-03T12:00:00Z,2026-08-03T15:00:00+03:00,0,1,1,False
2,2026-08-03T13:00:00Z,2026-08-03T16:00:00+03:00,1,2,3,False
2,2026-08-03T14:00:00Z,2026-08-03T17:00:00+03:00,0,0,0,False
2,2026-08-03T15:00:00Z,2026-08-03T18:00:00+03:00,0,0,0,False
2,2026-08-03T16:00:00Z,2026-08-03T19:00:00+03:00,0,0,0,False
2,2026-08-03T17:00:00Z,2026-08-03T20:00:00+03:00,0,0,0,False
2,2026-08-03T18:00:00Z,2026-08-03T21:00:00+03:00,0,0,0,False
2,2026-08-03T19:00:00Z,2026-08-03T22:00:00+03:00,0,0,0,False
2,2026-08-03T20:00:00Z,2026-08-03T23:00:00+03:00,0,0,0,False
2,2026-08-03T21:00:00Z,2026-08-04T00:00:00+03:00,0,0,0,False
2,2026-08-03T22:00:00Z,2026-08-04T01:00:00+03:00,0,0,0,False
2,2026-08-03T23:00:00Z,2026-08-04T02:00:00+03:00,0,0,0,False
2,2026-08-04T00:00:00Z,2026-08-04T03:00:00+03:00,0,0,0,False
2,2026-08-04T01:00:00Z,2026-08-04T04:00:00+03:00,0,0,0,False
2,2026-08-04T02:00:00Z,2026-08-04T05:00:00+03:00,0,0,0,False
2,2026-08-04T03:00:00Z,2026-08-04T06:00:00+03:00,0,0,0,False
2,2026-08-04T04:00:00Z,2026-08-04T07:00:00+03:00,0,0,0,False
2,2026-08-04T05:00:00Z,2026-08-04T08:00:00+03:00,1,0,1,False
2,2026-08-04T06:00:00Z,2026-08-04T09:00:00+03:00,1,1,2,False
2,2026-08-04T07:00:00Z,2026-08-04T10:00:00+03:00,0,0,0,False
2,2026-08-04T08:00:00Z,2026-08-04T11:00:00+03:00,1,2,3,False
2,2026-08-04T09:00:00Z,2026-08-04T12:00:00+03:00,5,4,9,False
2,2026-08-04T10:00:00Z,2026-08-04T13:00:00+03:00,48,13,61,False
2,2026-08-04T11:00:00Z,2026-08-04T14:00:00+03:00,6,8,14,False
2,2026-08-04T12:00:00Z,2026-08-04T15:00:00+03:00,12,8,20,False
2,2026-08-04T13:00:00Z,2026-08-04T16:00:00+03:00,9,11,20,False
2,2026-08-04T14:00:00Z,2026-08-04T17:00:00+03:00,37,25,62,False
2,2026-08-04T15:00:00Z,2026-08-04T18:00:00+03:00,18,27,45,False
2,2026-08-04T16:00:00Z,2026-08-04T19:00:00+03:00,4,7,11,False
2,2026-08-04T17:00:00Z,2026-08-04T20:00:00+03:00,0,0,0,False
2,2026-08-04T18:00:00Z,2026-08-04T21:00:00+03:00,0,0,0,False
2,2026-08-04T19:00:00Z,2026-08-04T22:00:00+03:00,0,0,0,False
2,2026-08-04T20:00:00Z,2026-08-04T23:00:00+03:00,0,0,0,False
2,2026-08-04T21:00:00Z,2026-08-05T00:00:00+03:00,0,0,0,False
2,2026-08-04T22:00:00Z,2026-08-05T01:00:00+03:00,0,0,0,False
2,2026-08-04T23:00:00Z,2026-08-05T02:00:00+03:00,0,0,0,False
2,2026-08-05T00:00:00Z,2026-08-05T03:00:00+03:00,0,0,0,False
2,2026-08-05T01:00:00Z,2026-08-05T04:00:00+03:00,0,0,0,False
2,2026-08-05T02:00:00Z,2026-08-05T05:00:00+03:00,0,0,0,False
2,2026-08-05T03:00:00Z,2026-08-05T06:00:00+03:00,0,0,0,False
2,2026-08-05T04:00:00Z,2026-08-05T07:00:00+03:00,0,0,0,False
2,2026-08-05T05:00:00Z,2026-08-05T08:00:00+03:00,1,0,1,False
2,2026-08-05T06:00:00Z,2026-08-05T09:00:00+03:00,8,7,15,False
2,2026-08-05T07:00:00Z,2026-08-05T10:00:00+03:00,0,0,0,False
2,2026-08-05T08:00:00Z,2026-08-05T11:00:00+03:00,0,2,2,False
2,2026-08-05T09:00:00Z,2026-08-05T12:00:00+03:00,4,3,7,False
2,2026-08-05T10:00:00Z,2026-08-05T13:00:00+03:00,24,18,42,False
2,2026-08-05T11:00:00Z,2026-08-05T14:00:00+03:00,14,6,20,False
2,2026-08-05T12:00:00Z,2026-08-05T15:00:00+03:00,18,14,32,False
2,2026-08-05T13:00:00Z,2026-08-05T16:00:00+03:00,11,9,20,False
2,2026-08-05T14:00:00Z,2026-08-05T17:00:00+03:00,0,5,5,False
2,2026-08-05T15:00:00Z,2026-08-05T18:00:00+03:00,14,15,29,False
2,2026-08-05T16:00:00Z,2026-08-05T19:00:00+03:00,0,0,0,False
2,2026-08-05T17:00:00Z,2026-08-05T20:00:00+03:00,0,0,0,False
2,2026-08-05T18:00:00Z,2026-08-05T21:00:00+03:00,0,0,0,False
2,2026-08-05T19:00:00Z,2026-08-05T22:00:00+03:00,0,0,0,False
2,2026-08-05T20:00:00Z,2026-08-05T23:00:00+03:00,0,0,0,False
2,2026-08-05T21:00:00Z,2026-08-06T00:00:00+03:00,0,0,0,False
2,2026-08-05T22:00:00Z,2026-08-06T01:00:00+03:00,0,0,0,False
2,2026-08-05T23:00:00Z,2026-08-06T02:00:00+03:00,0,0,0,False
2,2026-08-06T00:00:00Z,2026-08-06T03:00:00+03:00,0,0,0,False
2,2026-08-06T01:00:00Z,2026-08-06T04:00:00+03:00,0,0,0,False
2,2026-08-06T02:00:00Z,2026-08-06T05:00:00+03:00,0,0,0,False
2,2026-08-06T03:00:00Z,2026-08-06T06:00:00+03:00,0,0,0,False
2,2026-08-06T04:00:00Z,2026-08-06T07:00:00+03:00,3,2,5,False
2,2026-08-06T05:00:00Z,2026-08-06T08:00:00+03:00,1,1,2,False
2,2026-08-06T06:00:00Z,2026-08-06T09:00:00+03:00,0,0,0,False
2,2026-08-06T07:00:00Z,2026-08-06T10:00:00+03:00,3,0,3,False
2,2026-08-06T08:00:00Z,2026-08-06T11:00:00+03:00,0,2,2,False
2,2026-08-06T09:00:00Z,2026-08-06T12:00:00+03:00,7,6,13,False
2,2026-08-06T10:00:00Z,2026-08-06T13:00:00+03:00,17,7,24,False
2,2026-08-06T11:00:00Z,2026-08-06T14:00:00+03:00,14,14,28,False
2,2026-08-06T12:00:00Z,2026-08-06T15:00:00+03:00,25,13,38,False
2,2026-08-06T13:00:00Z,2026-08-06T16:00:00+03:00,10,23,33,False
2,2026-08-06T14:00:00Z,2026-08-06T17:00:00+03:00,3,2,5,False
2,2026-08-06T15:00:00Z,2026-08-06T18:00:00+03:00,11,9,20,False
2,2026-08-06T16:00:00Z,2026-08-06T19:00:00+03:00,0,3,3,False
2,2026-08-06T17:00:00Z,2026-08-06T20:00:00+03:00,0,0,0,False
2,2026-08-06T18:00:00Z,2026-08-06T21:00:00+03:00,0,0,0,False
2,2026-08-06T19:00:00Z,2026-08-06T22:00:00+03:00,0,0,0,False
2,2026-08-06T20:00:00Z,2026-08-06T23:00:00+03:00,0,0,0,False
2,2026-08-06T21:00:00Z,2026-08-07T00:00:00+03:00,0,0,0,False
2,2026-08-06T22:00:00Z,2026-08-07T01:00:00+03:00,0,0,0,False
2,2026-08-06T23:00:00Z,2026-08-07T02:00:00+03:00,0,0,0,False
2,2026-08-07T00:00:00Z,2026-08-07T03:00:00+03:00,0,0,0,False
2,2026-08-07T01:00:00Z,2026-08-07T04:00:00+03:00,0,0,0,False
2,2026-08-07T02:00:00Z,2026-08-07T05:00:00+03:00,0,0,0,False
2,2026-08-07T03:00:00Z,2026-08-07T06:00:00+03:00,0,0,0,False
2,2026-08-07T04:00:00Z,2026-08-07T07:00:00+03:00,0,0,0,False
2,2026-08-07T05:00:00Z,2026-08-07T08:00:00+03:00,1,1,2,False
2,2026-08-07T06:00:00Z,2026-08-07T09:00:00+03:00,1,0,1,False
2,2026-08-07T07:00:00Z,2026-08-07T10:00:00+03:00,2,2,4,False
2,2026-08-07T08:00:00Z,2026-08-07T11:00:00+03:00,0,2,2,False
2,2026-08-07T09:00:00Z,2026-08-07T12:00:00+03:00,9,8,17,False
2,2026-08-07T10:00:00Z,2026-08-07T13:00:00+03:00,26,14,40,False
2,2026-08-07T11:00:00Z,2026-08-07T14:00:00+03:00,13,13,26,False
2,2026-08-07T12:00:00Z,2026-08-07T15:00:00+03:00,10,17,27,False
2,2026-08-07T13:00:00Z,2026-08-07T16:00:00+03:00,5,6,11,False
2,2026-08-07T14:00:00Z,2026-08-07T17:00:00+03:00,16,11,27,False
2,2026-08-07T15:00:00Z,2026-08-07T18:00:00+03:00,4,5,9,False
2,2026-08-07T16:00:00Z,2026-08-07T19:00:00+03:00,0,0,0,False
2,2026-08-07T17:00:00Z,2026-08-07T20:00:00+03:00,0,0,0,False
2,2026-08-07T18:00:00Z,2026-08-07T21:00:00+03:00,0,0,0,False
2,2026-08-07T19:00:00Z,2026-08-07T22:00:00+03:00,0,0,0,False
2,2026-08-07T20:00:00Z,2026-08-07T23:00:00+03:00,0,0,0,False
2,2026-08-07T21:00:00Z,2026-08-08T00:00:00+03:00,0,0,0,False
2,2026-08-07T22:00:00Z,2026-08-08T01:00:00+03:00,0,0,0,False
2,2026-08-07T23:00:00Z,2026-08-08T02:00:00+03:00,0,0,0,False
2,2026-08-08T00:00:00Z,2026-08-08T03:00:00+03:00,0,0,0,False
2,2026-08-08T01:00:00Z,2026-08-08T04:00:00+03:00,0,0,0,False
2,2026-08-08T02:00:00Z,2026-08-08T05:00:00+03:00,0,0,0,False
2,2026-08-08T03:00:00Z,2026-08-08T06:00:00+03:00,0,0,0,False
2,2026-08-08T04:00:00Z,2026-08-08T07:00:00+03:00,0,0,0,False
2,2026-08-08T05:00:00Z,2026-08-08T08:00:00+03:00,0,0,0,False
2,2026-08-08T06:00:00Z,2026-08-08T09:00:00+03:00,2,2,4,False
2,2026-08-08T07:00:00Z,2026-08-08T10:00:00+03:00,1,1,2,False
2,2026-08-08T08:00:00Z,2026-08-08T11:00:00+03:00,17,10,27,False
2,2026-08-08T09:00:00Z,2026-08-08T12:00:00+03:00,17,16,33,False
2,2026-08-08T10:00:00Z,2026-08-08T13:00:00+03:00,26,28,54,False
2,2026-08-08T11:00:00Z,2026-08-08T14:00:00+03:00,8,8,16,False
2,2026-08-08T12:00:00Z,2026-08-08T15:00:00+03:00,8,8,16,False
2,2026-08-08T13:00:00Z,2026-08-08T16:00:00+03:00,9,10,19,False
2,2026-08-08T14:00:00Z,2026-08-08T17:00:00+03:00,0,0,0,False
2,2026-08-08T15:00:00Z,2026-08-08T18:00:00+03:00,0,0,0,False
2,2026-08-08T16:00:00Z,2026-08-08T19:00:00+03:00,0,0,0,False
2,2026-08-08T17:00:00Z,2026-08-08T20:00:00+03:00,1,1,2,False
2,2026-08-08T18:00:00Z,2026-08-08T21:00:00+03:00,0,0,0,False
2,2026-08-08T19:00:00Z,2026-08-08T22:00:00+03:00,0,0,0,False
2,2026-08-08T20:00:00Z,2026-08-08T23:00:00+03:00,0,0,0,False
2,2026-08-08T21:00:00Z,2026-08-09T00:00:00+03:00,0,0,0,False
2,2026-08-08T22:00:00Z,2026-08-09T01:00:00+03:00,0,0,0,False
2,2026-08-08T23:00:00Z,2026-08-09T02:00:00+03:00,0,0,0,False
2,2026-08-09T00:00:00Z,2026-08-09T03:00:00+03:00,0,0,0,False
2,2026-08-09T01:00:00Z,2026-08-09T04:00:00+03:00,0,0,0,False
2,2026-08-09T02:00:00Z,2026-08-09T05:00:00+03:00,0,0,0,False
2,2026-08-09T03:00:00Z,2026-08-09T06:00:00+03:00,0,0,0,False
2,2026-08-09T04:00:00Z,2026-08-09T07:00:00+03:00,0,0,0,False
2,2026-08-09T05:00:00Z,2026-08-09T08:00:00+03:00,0,0,0,False
2,2026-08-09T06:00:00Z,2026-08-09T09:00:00+03:00,1,1,2,False
2,2026-08-09T07:00:00Z,2026-08-09T10:00:00+03:00,1,0,1,False
2,2026-08-09T08:00:00Z,2026-08-09T11:00:00+03:00,11,3,14,False
2,2026-08-09T09:00:00Z,2026-08-09T12:00:00+03:00,12,9,21,False
2,2026-08-09T10:00:00Z,2026-08-09T13:00:00+03:00,16,21,37,False
2,2026-08-09T11:00:00Z,2026-08-09T14:00:00+03:00,9,13,22,False
2,2026-08-09T12:00:00Z,2026-08-09T15:00:00+03:00,6,2,8,False
2,2026-08-09T13:00:00Z,2026-08-09T16:00:00+03:00,6,11,17,False
2,2026-08-09T14:00:00Z,2026-08-09T17:00:00+03:00,1,1,2,False
2,2026-08-09T15:00:00Z,2026-08-09T18:00:00+03:00,0,0,0,False
2,2026-08-09T16:00:00Z,2026-08-09T19:00:00+03:00,0,0,0,False
2,2026-08-09T17:00:00Z,2026-08-09T20:00:00+03:00,0,0,0,False
2,2026-08-09T18:00:00Z,2026-08-09T21:00:00+03:00,0,0,0,False
2,2026-08-09T19:00:00Z,2026-08-09T22:00:00+03:00,0,0,0,False
2,2026-08-09T20:00:00Z,2026-08-09T23:00:00+03:00,0,0,0,False
2,2026-08-09T21:00:00Z,2026-08-10T00:00:00+03:00,0,0,0,False
2,2026-08-09T22:00:00Z,2026-08-10T01:00:00+03:00,0,0,0,False
2,2026-08-09T23:00:00Z,2026-08-10T02:00:00+03:00,0,0,0,False
2,2026-08-10T00:00:00Z,2026-08-10T03:00:00+03:00,0,0,0,False
2,2026-08-10T01:00:00Z,2026-08-10T04:00:00+03:00,0,0,0,False
2,2026-08-10T02:00:00Z,2026-08-10T05:00:00+03:00,0,0,0,False
2,2026-08-10T03:00:00Z,2026-08-10T06:00:00+03:00,0,0,0,False
2,2026-08-10T04:00:00Z,2026-08-10T07:00:00+03:00,0,0,0,False
2,2026-08-10T05:00:00Z,2026-08-10T08:00:00+03:00,2,3,5,False
2,2026-08-10T06:00:00Z,2026-08-10T09:00:00+03:00,0,0,0,False
2,2026-08-10T07:00:00Z,2026-08-10T10:00:00+03:00,5,5,10,False
2,2026-08-10T08:00:00Z,2026-08-10T11:00:00+03:00,3,6,9,False
2,2026-08-10T09:00:00Z,2026-08-10T12:00:00+03:00,2,4,6,False
2,2026-08-10T10:00:00Z,2026-08-10T13:00:00+03:00,1,1,2,False
2,2026-08-10T11:00:00Z,2026-08-10T14:00:00+03:00,1,3,4,False
2,2026-08-10T12:00:00Z,2026-08-10T15:00:00+03:00,0,0,0,False
2,2026-08-10T13:00:00Z,2026-08-10T16:00:00+03:00,1,6,7,False
2,2026-08-10T14:00:00Z,2026-08-10T17:00:00+03:00,0,0,0,False
2,2026-08-10T15:00:00Z,2026-08-10T18:00:00+03:00,0,0,0,False
2,2026-08-10T16:00:00Z,2026-08-10T19:00:00+03:00,0,0,0,False
2,2026-08-10T17:00:00Z,2026-08-10T20:00:00+03:00,0,0,0,False
2,2026-08-10T18:00:00Z,2026-08-10T21:00:00+03:00,0,0,0,False
2,2026-08-10T19:00:00Z,2026-08-10T22:00:00+03:00,0,0,0,False
2,2026-08-10T20:00:00Z,2026-08-10T23:00:00+03:00,0,0,0,False
2,2026-08-10T21:00:00Z,2026-08-11T00:00:00+03:00,0,0,0,False
2,2026-08-10T22:00:00Z,2026-08-11T01:00:00+03:00,0,0,0,False
2,2026-08-10T23:00:00Z,2026-08-11T02:00:00+03:00,0,0,0,False
2,2026-08-11T00:00:00Z,2026-08-11T03:00:00+03:00,0,0,0,False
2,2026-08-11T01:00:00Z,2026-08-11T04:00:00+03:00,0,0,0,False
2,2026-08-11T02:00:00Z,2026-08-11T05:00:00+03:00,0,0,0,False
2,2026-08-11T03:00:00Z,2026-08-11T06:00:00+03:00,0,0,0,False
2,2026-08-11T04:00:00Z,2026-08-11T07:00:00+03:00,0,0,0,False
2,2026-08-11T05:00:00Z,2026-08-11T08:00:00+03:00,2,1,3,False
2,2026-08-11T06:00:00Z,2026-08-11T09:00:00+03:00,0,0,0,False
2,2026-08-11T07:00:00Z,2026-08-11T10:00:00+03:00,1,0,1,False
2,2026-08-11T08:00:00Z,2026-08-11T11:00:00+03:00,0,3,3,False
2,2026-08-11T09:00:00Z,2026-08-11T12:00:00+03:00,1,2,3,False
2,2026-08-11T10:00:00Z,2026-08-11T13:00:00+03:00,35,10,45,False
2,2026-08-11T11:00:00Z,2026-08-11T14:00:00+03:00,24,26,50,False
2,2026-08-11T12:00:00Z,2026-08-11T15:00:00+03:00,20,31,51,False
2,2026-08-11T13:00:00Z,2026-08-11T16:00:00+03:00,10,18,28,False
2,2026-08-11T14:00:00Z,2026-08-11T17:00:00+03:00,7,3,10,False
2,2026-08-11T15:00:00Z,2026-08-11T18:00:00+03:00,14,17,31,False
2,2026-08-11T16:00:00Z,2026-08-11T19:00:00+03:00,0,0,0,False
2,2026-08-11T17:00:00Z,2026-08-11T20:00:00+03:00,0,0,0,False
2,2026-08-11T18:00:00Z,2026-08-11T21:00:00+03:00,0,0,0,False
2,2026-08-11T19:00:00Z,2026-08-11T22:00:00+03:00,0,0,0,False
2,2026-08-11T20:00:00Z,2026-08-11T23:00:00+03:00,0,0,0,False
2,2026-08-11T21:00:00Z,2026-08-12T00:00:00+03:00,0,0,0,False
2,2026-08-11T22:00:00Z,2026-08-12T01:00:00+03:00,0,0,0,False
2,2026-08-11T23:00:00Z,2026-08-12T02:00:00+03:00,0,0,0,False
2,2026-08-12T00:00:00Z,2026-08-12T03:00:00+03:00,0,0,0,False
2,2026-08-12T01:00:00Z,2026-08-12T04:00:00+03:00,0,0,0,False
2,2026-08-12T02:00:00Z,2026-08-12T05:00:00+03:00,0,0,0,False
2,2026-08-12T03:00:00Z,2026-08-12T06:00:00+03:00,0,0,0,False
2,2026-08-12T04:00:00Z,2026-08-12T07:00:00+03:00,1,0,1,False
2,2026-08-12T05:00:00Z,2026-08-12T08:00:00+03:00,1,1,2,False
2,2026-08-12T06:00:00Z,2026-08-12T09:00:00+03:00,1,2,3,False
2,2026-08-12T07:00:00Z,2026-08-12T10:00:00+03:00,6,1,7,False
2,2026-08-12T08:00:00Z,2026-08-12T11:00:00+03:00,2,9,11,False
2,2026-08-12T09:00:00Z,2026-08-12T12:00:00+03:00,11,9,20,False
2,2026-08-12T10:00:00Z,2026-08-12T13:00:00+03:00,15,10,25,False
2,2026-08-12T11:00:00Z,2026-08-12T14:00:00+03:00,6,6,12,False
2,2026-08-12T12:00:00Z,2026-08-12T15:00:00+03:00,14,13,27,False
2,2026-08-12T13:00:00Z,2026-08-12T16:00:00+03:00,20,10,30,False
2,2026-08-12T14:00:00Z,2026-08-12T17:00:00+03:00,9,22,31,False
2,2026-08-12T15:00:00Z,2026-08-12T18:00:00+03:00,8,8,16,False
2,2026-08-12T16:00:00Z,2026-08-12T19:00:00+03:00,0,0,0,False
2,2026-08-12T17:00:00Z,2026-08-12T20:00:00+03:00,0,0,0,False
2,2026-08-12T18:00:00Z,2026-08-12T21:00:00+03:00,0,0,0,False
2,2026-08-12T19:00:00Z,2026-08-12T22:00:00+03:00,0,0,0,False
2,2026-08-12T20:00:00Z,2026-08-12T23:00:00+03:00,0,0,0,False
2,2026-08-12T21:00:00Z,2026-08-13T00:00:00+03:00,0,0,0,False
2,2026-08-12T22:00:00Z,2026-08-13T01:00:00+03:00,0,0,0,False
2,2026-08-12T23:00:00Z,2026-08-13T02:00:00+03:00,0,0,0,False
2,2026-08-13T00:00:00Z,2026-08-13T03:00:00+03:00,0,0,0,False
2,2026-08-13T01:00:00Z,2026-08-13T04:00:00+03:00,0,0,0,False
2,2026-08-13T02:00:00Z,2026-08-13T05:00:00+03:00,0,0,0,False
2,2026-08-13T03:00:00Z,2026-08-13T06:00:00+03:00,0,0,0,False
2,2026-08-13T04:00:00Z,2026-08-13T07:00:00+03:00,0,0,0,False
2,2026-08-13T05:00:00Z,2026-08-13T08:00:00+03:00,0,0,0,False
2,2026-08-13T06:00:00Z,2026-08-13T09:00:00+03:00,3,2,5,False
2,2026-08-13T07:00:00Z,2026-08-13T10:00:00+03:00,11,6,17,False
2,2026-08-13T08:00:00Z,2026-08-13T11:00:00+03:00,3,10,13,False
2,2026-08-13T09:00:00Z,2026-08-13T12:00:00+03:00,9,10,19,False
2,2026-08-13T10:00:00Z,2026-08-13T13:00:00+03:00,66,32,98,False
2,2026-08-13T11:00:00Z,2026-08-13T14:00:00+03:00,19,43,62,False
2,2026-08-13T12:00:00Z,2026-08-13T15:00:00+03:00,12,13,25,False
2,2026-08-13T13:00:00Z,2026-08-13T16:00:00+03:00,13,12,25,False
2,2026-08-13T14:00:00Z,2026-08-13T17:00:00+03:00,3,8,11,False
2,2026-08-13T15:00:00Z,2026-08-13T18:00:00+03:00,3,4,7,False
2,2026-08-13T16:00:00Z,2026-08-13T19:00:00+03:00,1,0,1,False
2,2026-08-13T17:00:00Z,2026-08-13T20:00:00+03:00,0,0,0,False
2,2026-08-13T18:00:00Z,2026-08-13T21:00:00+03:00,0,0,0,False
2,2026-08-13T19:00:00Z,2026-08-13T22:00:00+03:00,0,1,1,False
2,2026-08-13T20:00:00Z,2026-08-13T23:00:00+03:00,0,0,0,False
2,2026-08-13T21:00:00Z,2026-08-14T00:00:00+03:00,0,0,0,False
2,2026-08-13T22:00:00Z,2026-08-14T01:00:00+03:00,0,0,0,False
2,2026-08-13T23:00:00Z,2026-08-14T02:00:00+03:00,0,0,0,False
2,2026-08-14T00:00:00Z,2026-08-14T03:00:00+03:00,0,0,0,False
2,2026-08-14T01:00:00Z,2026-08-14T04:00:00+03:00,0,0,0,False
2,2026-08-14T02:00:00Z,2026-08-14T05:00:00+03:00,0,0,0,False
2,2026-08-14T03:00:00Z,2026-08-14T06:00:00+03:00,0,0,0,False
2,2026-08-14T04:00:00Z,2026-08-14T07:00:00+03:00,0,0,0,False
2,2026-08-14T05:00:00Z,2026-08-14T08:00:00+03:00,1,1,2,False
2,2026-08-14T06:00:00Z,2026-08-14T09:00:00+03:00,1,1,2,False
2,2026-08-14T07:00:00Z,2026-08-14T10:00:00+03:00,0,1,1,False
2,2026-08-14T08:00:00Z,2026-08-14T11:00:00+03:00,1,0,1,False
2,2026-08-14T09:00:00Z,2026-08-14T12:00:00+03:00,4,6,10,False
2,2026-08-14T10:00:00Z,2026-08-14T13:00:00+03:00,6,4,10,False
2,2026-08-14T11:00:00Z,2026-08-14T14:00:00+03:00,36,17,53,False
2,2026-08-14T12:00:00Z,2026-08-14T15:00:00+03:00,24,20,44,False
2,2026-08-14T13:00:00Z,2026-08-14T16:00:00+03:00,5,20,25,False
2,2026-08-14T14:00:00Z,2026-08-14T17:00:00+03:00,17,11,28,False
2,2026-08-14T15:00:00Z,2026-08-14T18:00:00+03:00,6,15,21,False
2,2026-08-14T16:00:00Z,2026-08-14T19:00:00+03:00,0,0,0,False
2,2026-08-14T17:00:00Z,2026-08-14T20:00:00+03:00,0,0,0,False
2,2026-08-14T18:00:00Z,2026-08-14T21:00:00+03:00,0,0,0,False
2,2026-08-14T19:00:00Z,2026-08-14T22:00:00+03:00,0,0,0,False
2,2026-08-14T20:00:00Z,2026-08-14T23:00:00+03:00,0,0,0,False
2,2026-08-14T21:00:00Z,2026-08-15T00:00:00+03:00,0,0,0,False
2,2026-08-14T22:00:00Z,2026-08-15T01:00:00+03:00,0,0,0,False
2,2026-08-14T23:00:00Z,2026-08-15T02:00:00+03:00,0,0,0,False
2,2026-08-15T00:00:00Z,2026-08-15T03:00:00+03:00,0,0,0,False
2,2026-08-15T01:00:00Z,2026-08-15T04:00:00+03:00,0,0,0,False
2,2026-08-15T02:00:00Z,2026-08-15T05:00:00+03:00,0,0,0,False
2,2026-08-15T03:00:00Z,2026-08-15T06:00:00+03:00,0,0,0,False
2,2026-08-15T04:00:00Z,2026-08-15T07:00:00+03:00,0,0,0,False
2,2026-08-15T05:00:00Z,2026-08-15T08:00:00+03:00,0,0,0,False
2,2026-08-15T06:00:00Z,2026-08-15T09:00:00+03:00,0,0,0,False
2,2026-08-15T07:00:00Z,2026-08-15T10:00:00+03:00,2,3,5,False
2,2026-08-15T08:00:00Z,2026-08-15T11:00:00+03:00,30,25,55,False
2,2026-08-15T09:00:00Z,2026-08-15T12:00:00+03:00,14,16,30,False
2,2026-08-15T10:00:00Z,2026-08-15T13:00:00+03:00,25,21,46,False
2,2026-08-15T11:00:00Z,2026-08-15T14:00:00+03:00,40,33,73,False
2,2026-08-15T12:00:00Z,2026-08-15T15:00:00+03:00,30,39,69,False
2,2026-08-15T13:00:00Z,2026-08-15T16:00:00+03:00,13,3,16,False
2,2026-08-15T14:00:00Z,2026-08-15T17:00:00+03:00,10,12,22,False
2,2026-08-15T15:00:00Z,2026-08-15T18:00:00+03:00,14,15,29,False
2,2026-08-15T16:00:00Z,2026-08-15T19:00:00+03:00,9,15,24,False
2,2026-08-15T17:00:00Z,2026-08-15T20:00:00+03:00,1,1,2,False
2,2026-08-15T18:00:00Z,2026-08-15T21:00:00+03:00,0,0,0,False
2,2026-08-15T19:00:00Z,2026-08-15T22:00:00+03:00,0,0,0,False
2,2026-08-15T20:00:00Z,2026-08-15T23:00:00+03:00,0,0,0,False
2,2026-08-15T21:00:00Z,2026-08-16T00:00:00+03:00,0,0,0,False
2,2026-08-15T22:00:00Z,2026-08-16T01:00:00+03:00,0,0,0,False
2,2026-08-15T23:00:00Z,2026-08-16T02:00:00+03:00,0,0,0,False
2,2026-08-16T00:00:00Z,2026-08-16T03:00:00+03:00,0,0,0,False
2,2026-08-16T01:00:00Z,2026-08-16T04:00:00+03:00,0,0,0,False
2,2026-08-16T02:00:00Z,2026-08-16T05:00:00+03:00,0,0,0,False
2,2026-08-16T03:00:00Z,2026-08-16T06:00:00+03:00,0,0,0,False
2,2026-08-16T04:00:00Z,2026-08-16T07:00:00+03:00,0,0,0,False
2,2026-08-16T05:00:00Z,2026-08-16T08:00:00+03:00,0,0,0,False
2,2026-08-16T06:00:00Z,2026-08-16T09:00:00+03:00,0,0,0,False
2,2026-08-16T07:00:00Z,2026-08-16T10:00:00+03:00,3,3,6,False
2,2026-08-16T08:00:00Z,2026-08-16T11:00:00+03:00,20,14,34,False
2,2026-08-16T09:00:00Z,2026-08-16T12:00:00+03:00,19,13,32,False
2,2026-08-16T10:00:00Z,2026-08-16T13:00:00+03:00,6,11,17,False
2,2026-08-16T11:00:00Z,2026-08-16T14:00:00+03:00,10,13,23,False
2,2026-08-16T12:00:00Z,2026-08-16T15:00:00+03:00,5,9,14,False
2,2026-08-16T13:00:00Z,2026-08-16T16:00:00+03:00,9,10,19,False
2,2026-08-16T14:00:00Z,2026-08-16T17:00:00+03:00,0,0,0,False
2,2026-08-16T15:00:00Z,2026-08-16T18:00:00+03:00,0,0,0,False
2,2026-08-16T16:00:00Z,2026-08-16T19:00:00+03:00,0,0,0,False
2,2026-08-16T17:00:00Z,2026-08-16T20:00:00+03:00,0,0,0,False
2,2026-08-16T18:00:00Z,2026-08-16T21:00:00+03:00,0,0,0,False
2,2026-08-16T19:00:00Z,2026-08-16T22:00:00+03:00,0,0,0,False
2,2026-08-16T20:00:00Z,2026-08-16T23:00:00+03:00,0,0,0,False
2,2026-08-16T21:00:00Z,2026-08-17T00:00:00+03:00,0,0,0,False
2,2026-08-16T22:00:00Z,2026-08-17T01:00:00+03:00,0,0,0,False
2,2026-08-16T23:00:00Z,2026-08-17T02:00:00+03:00,0,0,0,False
2,2026-08-17T00:00:00Z,2026-08-17T03:00:00+03:00,0,0,0,False
2,2026-08-17T01:00:00Z,2026-08-17T04:00:00+03:00,0,0,0,False
2,2026-08-17T02:00:00Z,2026-08-17T05:00:00+03:00,0,0,0,False
2,2026-08-17T03:00:00Z,2026-08-17T06:00:00+03:00,0,0,0,False
2,2026-08-17T04:00:00Z,2026-08-17T07:00:00+03:00,0,0,0,False
2,2026-08-17T05:00:00Z,2026-08-17T08:00:00+03:00,0,2,2,False
2,2026-08-17T06:00:00Z,2026-08-17T09:00:00+03:00,0,0,0,False
2,2026-08-17T07:00:00Z,2026-08-17T10:00:00+03:00,1,1,2,False
2,2026-08-17T08:00:00Z,2026-08-17T11:00:00+03:00,0,2,2,False
2,2026-08-17T09:00:00Z,2026-08-17T12:00:00+03:00,2,1,3,False
2,2026-08-17T10:00:00Z,2026-08-17T13:00:00+03:00,0,0,0,False
2,2026-08-17T11:00:00Z,2026-08-17T14:00:00+03:00,0,0,0,False
2,2026-08-17T12:00:00Z,2026-08-17T15:00:00+03:00,0,1,1,False
2,2026-08-17T13:00:00Z,2026-08-17T16:00:00+03:00,0,0,0,False
2,2026-08-17T14:00:00Z,2026-08-17T17:00:00+03:00,0,0,0,False
2,2026-08-17T15:00:00Z,2026-08-17T18:00:00+03:00,0,0,0,False
2,2026-08-17T16:00:00Z,2026-08-17T19:00:00+03:00,0,0,0,False
2,2026-08-17T17:00:00Z,2026-08-17T20:00:00+03:00,0,0,0,False
2,2026-08-17T18:00:00Z,2026-08-17T21:00:00+03:00,0,0,0,False
2,2026-08-17T19:00:00Z,2026-08-17T22:00:00+03:00,0,0,0,False
2,2026-08-17T20:00:00Z,2026-08-17T23:00:00+03:00,0,0,0,False
2,2026-08-17T21:00:00Z,2026-08-18T00:00:00+03:00,0,0,0,False
2,2026-08-17T22:00:00Z,2026-08-18T01:00:00+03:00,0,0,0,False
2,2026-08-17T23:00:00Z,2026-08-18T02:00:00+03:00,0,0,0,False
2,2026-08-18T00:00:00Z,2026-08-18T03:00:00+03:00,0,0,0,False
2,2026-08-18T01:00:00Z,2026-08-18T04:00:00+03:00,0,0,0,False
2,2026-08-18T02:00:00Z,2026-08-18T05:00:00+03:00,0,0,0,False
2,2026-08-18T03:00:00Z,2026-08-18T06:00:00+03:00,0,0,0,False
2,2026-08-18T04:00:00Z,2026-08-18T07:00:00+03:00,0,0,0,False
2,2026-08-18T05:00:00Z,2026-08-18T08:00:00+03:00,3,0,3,False
2,2026-08-18T06:00:00Z,2026-08-18T09:00:00+03:00,2,1,3,False
2,2026-08-18T07:00:00Z,2026-08-18T10:00:00+03:00,1,1,2,False
2,2026-08-18T08:00:00Z,2026-08-18T11:00:00+03:00,1,4,5,False
2,2026-08-18T09:00:00Z,2026-08-18T12:00:00+03:00,2,6,8,False
2,2026-08-18T10:00:00Z,2026-08-18T13:00:00+03:00,20,5,25,False
2,2026-08-18T11:00:00Z,2026-08-18T14:00:00+03:00,18,21,39,False
2,2026-08-18T12:00:00Z,2026-08-18T15:00:00+03:00,5,11,16,False
2,2026-08-18T13:00:00Z,2026-08-18T16:00:00+03:00,2,3,5,False
2,2026-08-18T14:00:00Z,2026-08-18T17:00:00+03:00,14,16,30,False
2,2026-08-18T15:00:00Z,2026-08-18T18:00:00+03:00,9,9,18,False
2,2026-08-18T16:00:00Z,2026-08-18T19:00:00+03:00,0,0,0,False
2,2026-08-18T17:00:00Z,2026-08-18T20:00:00+03:00,1,0,1,False
2,2026-08-18T18:00:00Z,2026-08-18T21:00:00+03:00,0,0,0,False
2,2026-08-18T19:00:00Z,2026-08-18T22:00:00+03:00,0,0,0,False
2,2026-08-18T20:00:00Z,2026-08-18T23:00:00+03:00,0,0,0,False
2,2026-08-18T21:00:00Z,2026-08-19T00:00:00+03:00,0,0,0,False
2,2026-08-18T22:00:00Z,2026-08-19T01:00:00+03:00,0,0,0,False
2,2026-08-18T23:00:00Z,2026-08-19T02:00:00+03:00,0,0,0,False
2,2026-08-19T00:00:00Z,2026-08-19T03:00:00+03:00,0,0,0,False
2,2026-08-19T01:00:00Z,2026-08-19T04:00:00+03:00,0,0,0,False
2,2026-08-19T02:00:00Z,2026-08-19T05:00:00+03:00,0,0,0,False
2,2026-08-19T03:00:00Z,2026-08-19T06:00:00+03:00,0,0,0,False
2,2026-08-19T04:00:00Z,2026-08-19T07:00:00+03:00,0,0,0,False
2,2026-08-19T05:00:00Z,2026-08-19T08:00:00+03:00,1,1,2,False
2,2026-08-19T06:00:00Z,2026-08-19T09:00:00+03:00,1,2,3,False
2,2026-08-19T07:00:00Z,2026-08-19T10:00:00+03:00,1,0,1,False
2,2026-08-19T08:00:00Z,2026-08-19T11:00:00+03:00,1,2,3,False
2,2026-08-19T09:00:00Z,2026-08-19T12:00:00+03:00,4,4,8,False
2,2026-08-19T10:00:00Z,2026-08-19T13:00:00+03:00,19,6,25,False
2,2026-08-19T11:00:00Z,2026-08-19T14:00:00+03:00,14,10,24,False
2,2026-08-19T12:00:00Z,2026-08-19T15:00:00+03:00,7,10,17,False
2,2026-08-19T13:00:00Z,2026-08-19T16:00:00+03:00,9,3,12,False
2,2026-08-19T14:00:00Z,2026-08-19T17:00:00+03:00,11,9,20,False
2,2026-08-19T15:00:00Z,2026-08-19T18:00:00+03:00,5,16,21,False
2,2026-08-19T16:00:00Z,2026-08-19T19:00:00+03:00,1,1,2,False
2,2026-08-19T17:00:00Z,2026-08-19T20:00:00+03:00,0,0,0,False
2,2026-08-19T18:00:00Z,2026-08-19T21:00:00+03:00,0,0,0,False
2,2026-08-19T19:00:00Z,2026-08-19T22:00:00+03:00,0,0,0,False
2,2026-08-19T20:00:00Z,2026-08-19T23:00:00+03:00,0,0,0,False
2,2026-08-19T21:00:00Z,2026-08-20T00:00:00+03:00,0,0,0,False
2,2026-08-19T22:00:00Z,2026-08-20T01:00:00+03:00,0,0,0,False
2,2026-08-19T23:00:00Z,2026-08-20T02:00:00+03:00,0,0,0,False
2,2026-08-20T00:00:00Z,2026-08-20T03:00:00+03:00,0,0,0,False
2,2026-08-20T01:00:00Z,2026-08-20T04:00:00+03:00,0,0,0,False
2,2026-08-20T02:00:00Z,2026-08-20T05:00:00+03:00,0,0,0,False
2,2026-08-20T03:00:00Z,2026-08-20T06:00:00+03:00,0,0,0,False
2,2026-08-20T04:00:00Z,2026-08-20T07:00:00+03:00,1,1,2,False
2,2026-08-20T05:00:00Z,2026-08-20T08:00:00+03:00,1,1,2,False
2,2026-08-20T06:00:00Z,2026-08-20T09:00:00+03:00,1,2,3,False
2,2026-08-20T07:00:00Z,2026-08-20T10:00:00+03:00,1,0,1,False
2,2026-08-20T08:00:00Z,2026-08-20T11:00:00+03:00,0,1,1,False
2,2026-08-20T09:00:00Z,2026-08-20T12:00:00+03:00,4,5,9,False
2,2026-08-20T10:00:00Z,2026-08-20T13:00:00+03:00,24,9,33,False
2,2026-08-20T11:00:00Z,2026-08-20T14:00:00+03:00,6,12,18,False
2,2026-08-20T12:00:00Z,2026-08-20T15:00:00+03:00,15,12,27,False
2,2026-08-20T13:00:00Z,2026-08-20T16:00:00+03:00,8,10,18,False
2,2026-08-20T14:00:00Z,2026-08-20T17:00:00+03:00,15,10,25,False
2,2026-08-20T15:00:00Z,2026-08-20T18:00:00+03:00,9,18,27,False
2,2026-08-20T16:00:00Z,2026-08-20T19:00:00+03:00,0,0,0,False
2,2026-08-20T17:00:00Z,2026-08-20T20:00:00+03:00,0,0,0,False
2,2026-08-20T18:00:00Z,2026-08-20T21:00:00+03:00,0,0,0,False
2,2026-08-20T19:00:00Z,2026-08-20T22:00:00+03:00,0,0,0,False
2,2026-08-20T20:00:00Z,2026-08-20T23:00:00+03:00,0,0,0,False
2,2026-08-20T21:00:00Z,2026-08-21T00:00:00+03:00,0,0,0,False
2,2026-08-20T22:00:00Z,2026-08-21T01:00:00+03:00,0,0,0,False
2,2026-08-20T23:00:00Z,2026-08-21T02:00:00+03:00,0,0,0,False
2,2026-08-21T00:00:00Z,2026-08-21T03:00:00+03:00,0,0,0,False
2,2026-08-21T01:00:00Z,2026-08-21T04:00:00+03:00,0,0,0,False
2,2026-08-21T02:00:00Z,2026-08-21T05:00:00+03:00,0,0,0,False
2,2026-08-21T03:00:00Z,2026-08-21T06:00:00+03:00,0,0,0,False
2,2026-08-21T04:00:00Z,2026-08-21T07:00:00+03:00,0,0,0,False
2,2026-08-21T05:00:00Z,2026-08-21T08:00:00+03:00,3,3,6,False
2,2026-08-21T06:00:00Z,2026-08-21T09:00:00+03:00,0,0,0,False
2,2026-08-21T07:00:00Z,2026-08-21T10:00:00+03:00,1,1,2,False
2,2026-08-21T08:00:00Z,2026-08-21T11:00:00+03:00,0,1,1,False
2,2026-08-21T09:00:00Z,2026-08-21T12:00:00+03:00,10,8,18,False
2,2026-08-21T10:00:00Z,2026-08-21T13:00:00+03:00,4,2,6,False
2,2026-08-21T11:00:00Z,2026-08-21T14:00:00+03:00,9,8,17,False
2,2026-08-21T12:00:00Z,2026-08-21T15:00:00+03:00,13,14,27,False
2,2026-08-21T13:00:00Z,2026-08-21T16:00:00+03:00,9,12,21,False
2,2026-08-21T14:00:00Z,2026-08-21T17:00:00+03:00,14,14,28,False
2,2026-08-21T15:00:00Z,2026-08-21T18:00:00+03:00,8,8,16,False
2,2026-08-21T16:00:00Z,2026-08-21T19:00:00+03:00,4,8,12,False
2,2026-08-21T17:00:00Z,2026-08-21T20:00:00+03:00,1,0,1,False
2,2026-08-21T18:00:00Z,2026-08-21T21:00:00+03:00,0,0,0,False
2,2026-08-21T19:00:00Z,2026-08-21T22:00:00+03:00,0,0,0,False
2,2026-08-21T20:00:00Z,2026-08-21T23:00:00+03:00,0,0,0,False
2,2026-08-21T21:00:00Z,2026-08-22T00:00:00+03:00,0,0,0,False
2,2026-08-21T22:00:00Z,2026-08-22T01:00:00+03:00,0,0,0,False
2,2026-08-21T23:00:00Z,2026-08-22T02:00:00+03:00,0,0,0,False
2,2026-08-22T00:00:00Z,2026-08-22T03:00:00+03:00,0,0,0,False
2,2026-08-22T01:00:00Z,2026-08-22T04:00:00+03:00,0,0,0,False
2,2026-08-22T02:00:00Z,2026-08-22T05:00:00+03:00,0,0,0,False
2,2026-08-22T03:00:00Z,2026-08-22T06:00:00+03:00,0,0,0,False
2,2026-08-22T04:00:00Z,2026-08-22T07:00:00+03:00,0,0,0,False
2,2026-08-22T05:00:00Z,2026-08-22T08:00:00+03:00,0,0,0,False
2,2026-08-22T06:00:00Z,2026-08-22T09:00:00+03:00,0,0,0,False
2,2026-08-22T07:00:00Z,2026-08-22T10:00:00+03:00,0,1,1,False
2,2026-08-22T08:00:00Z,2026-08-22T11:00:00+03:00,11,8,19,False
2,2026-08-22T09:00:00Z,2026-08-22T12:00:00+03:00,5,3,8,False
2,2026-08-22T10:00:00Z,2026-08-22T13:00:00+03:00,19,8,27,False
2,2026-08-22T11:00:00Z,2026-08-22T14:00:00+03:00,8,18,26,False
2,2026-08-22T12:00:00Z,2026-08-22T15:00:00+03:00,26,12,38,False
2,2026-08-22T13:00:00Z,2026-08-22T16:00:00+03:00,3,13,16,False
2,2026-08-22T14:00:00Z,2026-08-22T17:00:00+03:00,0,0,0,False
2,2026-08-22T15:00:00Z,2026-08-22T18:00:00+03:00,0,0,0,False
2,2026-08-22T16:00:00Z,2026-08-22T19:00:00+03:00,0,0,0,False
2,2026-08-22T17:00:00Z,2026-08-22T20:00:00+03:00,0,0,0,False
2,2026-08-22T18:00:00Z,2026-08-22T21:00:00+03:00,0,0,0,False
2,2026-08-22T19:00:00Z,2026-08-22T22:00:00+03:00,0,0,0,False
2,2026-08-22T20:00:00Z,2026-08-22T23:00:00+03:00,0,0,0,False
2,2026-08-22T21:00:00Z,2026-08-23T00:00:00+03:00,0,0,0,False
2,2026-08-22T22:00:00Z,2026-08-23T01:00:00+03:00,0,0,0,False
2,2026-08-22T23:00:00Z,2026-08-23T02:00:00+03:00,0,0,0,False
2,2026-08-23T00:00:00Z,2026-08-23T03:00:00+03:00,0,0,0,False
2,2026-08-23T01:00:00Z,2026-08-23T04:00:00+03:00,0,0,0,False
2,2026-08-23T02:00:00Z,2026-08-23T05:00:00+03:00,0,0,0,False
2,2026-08-23T03:00:00Z,2026-08-23T06:00:00+03:00,0,0,0,False
2,2026-08-23T04:00:00Z,2026-08-23T07:00:00+03:00,0,0,0,False
2,2026-08-23T05:00:00Z,2026-08-23T08:00:00+03:00,0,0,0,False
2,2026-08-23T06:00:00Z,2026-08-23T09:00:00+03:00,1,1,2,False
2,2026-08-23T07:00:00Z,2026-08-23T10:00:00+03:00,8,6,14,False
2,2026-08-23T08:00:00Z,2026-08-23T11:00:00+03:00,8,4,12,False
2,2026-08-23T09:00:00Z,2026-08-23T12:00:00+03:00,12,11,23,False
2,2026-08-23T10:00:00Z,2026-08-23T13:00:00+03:00,11,8,19,False
2,2026-08-23T11:00:00Z,2026-08-23T14:00:00+03:00,12,12,24,False
2,2026-08-23T12:00:00Z,2026-08-23T15:00:00+03:00,11,8,19,False
2,2026-08-23T13:00:00Z,2026-08-23T16:00:00+03:00,7,8,15,False
2,2026-08-23T14:00:00Z,2026-08-23T17:00:00+03:00,0,0,0,False
2,2026-08-23T15:00:00Z,2026-08-23T18:00:00+03:00,0,0,0,False
2,2026-08-23T16:00:00Z,2026-08-23T19:00:00+03:00,0,0,0,False
2,2026-08-23T17:00:00Z,2026-08-23T20:00:00+03:00,0,0,0,False
2,2026-08-23T18:00:00Z,2026-08-23T21:00:00+03:00,0,0,0,False
2,2026-08-23T19:00:00Z,2026-08-23T22:00:00+03:00,0,0,0,False
2,2026-08-23T20:00:00Z,2026-08-23T23:00:00+03:00,0,0,0,False
2,2026-08-23T21:00:00Z,2026-08-24T00:00:00+03:00,0,0,0,False
2,2026-08-23T22:00:00Z,2026-08-24T01:00:00+03:00,0,0,0,False
2,2026-08-23T23:00:00Z,2026-08-24T02:00:00+03:00,0,0,0,False
2,2026-08-24T00:00:00Z,2026-08-24T03:00:00+03:00,0,0,0,False
2,2026-08-24T01:00:00Z,2026-08-24T04:00:00+03:00,0,0,0,False
2,2026-08-24T02:00:00Z,2026-08-24T05:00:00+03:00,0,0,0,False
2,2026-08-24T03:00:00Z,2026-08-24T06:00:00+03:00,0,0,0,False
2,2026-08-24T04:00:00Z,2026-08-24T07:00:00+03:00,1,1,2,False
2,2026-08-24T05:00:00Z,2026-08-24T08:00:00+03:00,0,0,0,False
2,2026-08-24T06:00:00Z,2026-08-24T09:00:00+03:00,1,1,2,False
2,2026-08-24T07:00:00Z,2026-08-24T10:00:00+03:00,0,0,0,False
2,2026-08-24T08:00:00Z,2026-08-24T11:00:00+03:00,0,4,4,False
2,2026-08-24T09:00:00Z,2026-08-24T12:00:00+03:00,0,0,0,False
2,2026-08-24T10:00:00Z,2026-08-24T13:00:00+03:00,0,0,0,False
2,2026-08-24T11:00:00Z,2026-08-24T14:00:00+03:00,0,0,0,False
2,2026-08-24T12:00:00Z,2026-08-24T15:00:00+03:00,8,9,17,False
2,2026-08-24T13:00:00Z,2026-08-24T16:00:00+03:00,1,1,2,False
2,2026-08-24T14:00:00Z,2026-08-24T17:00:00+03:00,0,0,0,False
2,2026-08-24T15:00:00Z,2026-08-24T18:00:00+03:00,0,0,0,False
2,2026-08-24T16:00:00Z,2026-08-24T19:00:00+03:00,0,0,0,False
2,2026-08-24T17:00:00Z,2026-08-24T20:00:00+03:00,0,0,0,False
2,2026-08-24T18:00:00Z,2026-08-24T21:00:00+03:00,0,0,0,False
2,2026-08-24T19:00:00Z,2026-08-24T22:00:00+03:00,0,0,0,False
2,2026-08-24T20:00:00Z,2026-08-24T23:00:00+03:00,0,0,0,False
2,2026-08-24T21:00:00Z,2026-08-25T00:00:00+03:00,0,0,0,False
2,2026-08-24T22:00:00Z,2026-08-25T01:00:00+03:00,0,0,0,False
2,2026-08-24T23:00:00Z,2026-08-25T02:00:00+03:00,0,0,0,False
2,2026-08-25T00:00:00Z,2026-08-25T03:00:00+03:00,0,0,0,False
2,2026-08-25T01:00:00Z,2026-08-25T04:00:00+03:00,0,0,0,False
2,2026-08-25T02:00:00Z,2026-08-25T05:00:00+03:00,0,0,0,False
2,2026-08-25T03:00:00Z,2026-08-25T06:00:00+03:00,0,0,0,False
2,2026-08-25T04:00:00Z,2026-08-25T07:00:00+03:00,0,0,0,False
2,2026-08-25T05:00:00Z,2026-08-25T08:00:00+03:00,0,0,0,False
2,2026-08-25T06:00:00Z,2026-08-25T09:00:00+03:00,1,1,2,False
2,2026-08-25T07:00:00Z,2026-08-25T10:00:00+03:00,1,0,1,False
2,2026-08-25T08:00:00Z,2026-08-25T11:00:00+03:00,1,4,5,False
2,2026-08-25T09:00:00Z,2026-08-25T12:00:00+03:00,7,7,14,False
2,2026-08-25T10:00:00Z,2026-08-25T13:00:00+03:00,30,18,48,False
2,2026-08-25T11:00:00Z,2026-08-25T14:00:00+03:00,25,32,57,False
2,2026-08-25T12:00:00Z,2026-08-25T15:00:00+03:00,7,5,12,False
2,2026-08-25T13:00:00Z,2026-08-25T16:00:00+03:00,18,17,35,False
2,2026-08-25T14:00:00Z,2026-08-25T17:00:00+03:00,4,5,9,False
2,2026-08-25T15:00:00Z,2026-08-25T18:00:00+03:00,0,0,0,False
2,2026-08-25T16:00:00Z,2026-08-25T19:00:00+03:00,0,0,0,False
2,2026-08-25T17:00:00Z,2026-08-25T20:00:00+03:00,0,0,0,False
2,2026-08-25T18:00:00Z,2026-08-25T21:00:00+03:00,0,0,0,False
2,2026-08-25T19:00:00Z,2026-08-25T22:00:00+03:00,0,0,0,False
2,2026-08-25T20:00:00Z,2026-08-25T23:00:00+03:00,0,0,0,False
