day_of_year,hour,temp_mean,temp_min,temp_max,precip_mean,wind_mean
1,0,-1.43,-12.1,4.3,0.16,15.0
1,1,-1.42,-11.8,3.9,0.2,14.8
1,2,-1.58,-11.4,2.7,0.15,13.25
1,3,-1.63,-12.0,2.1,0.11,12.82
1,4,-1.43,-11.9,2.4,0.12,13.41
1,5,-1.64,-12.4,2.8,0.12,14.16
1,6,-2.05,-13.3,3.0,0.14,13.93
1,7,-2.17,-14.0,3.2,0.18,14.29
1,8,-2.15,-14.4,3.1,0.22,14.9
1,9,-2.13,-14.4,3.2,0.18,14.15
1,10,-2.19,-14.2,3.1,0.1,13.38
1,11,-1.94,-13.7,3.4,0.08,12.2
1,12,-1.82,-13.7,3.2,0.08,11.48
1,13,-1.73,-14.0,3.1,0.16,12.04
1,14,-1.97,-14.4,2.4,0.07,12.57
1,15,-2.58,-16.7,2.3,0.01,12.76
1,16,-3.09,-17.5,1.8,0.02,13.18
1,17,-3.3,-17.8,1.8,0.03,13.06
1,18,-3.58,-18.2,1.6,0.05,12.88
1,19,-3.77,-18.2,1.3,0.08,12.71
1,20,-3.78,-18.0,1.8,0.07,12.21
1,21,-3.79,-17.7,2.3,0.05,12.49
1,22,-3.89,-17.3,2.5,0.01,13.14
1,23,-3.83,-17.0,3.8,0.01,14.74
2,0,-3.82,-16.6,4.2,0.03,14.52
2,1,-3.95,-16.5,4.2,0.04,14.59
2,2,-4.15,-16.3,3.9,0.03,14.66
2,3,-4.58,-16.2,3.6,0.06,15.07
2,4,-4.52,-15.9,3.6,0.08,15.25
2,5,-4.67,-15.8,3.5,0.02,15.5
2,6,-4.92,-15.8,2.6,0.04,15.86
2,7,-4.7,-15.7,2.5,0.06,15.22
2,8,-4.4,-15.9,2.7,0.04,14.98
2,9,-4.43,-16.2,2.9,0.03,14.94
2,10,-4.47,-16.3,2.6,0.03,14.99
2,11,-4.41,-15.9,2.2,0.02,15.27
2,12,-4.14,-15.8,2.5,0.03,15.22
2,13,-3.81,-15.0,3.2,0.04,14.86
2,14,-3.68,-15.0,3.1,0.05,14.24
2,15,-3.71,-16.1,3.1,0.09,13.41
2,16,-3.65,-17.0,3.1,0.09,14.06
2,17,-3.84,-18.3,3.4,0.09,14.68
2,18,-4.03,-19.5,3.1,0.2,14.84
2,19,-4.04,-20.1,3.4,0.15,15.43
2,20,-4.03,-19.9,3.4,0.27,15.68
2,21,-3.95,-19.2,3.5,0.37,15.55
2,22,-3.85,-18.2,3.4,0.36,15.77
2,23,-3.86,-17.6,3.3,0.36,15.78
3,0,-3.9,-17.4,3.3,0.3,15.83
3,1,-4.11,-17.4,3.4,0.26,16.02
3,2,-4.2,-17.2,3.8,0.28,16.39
3,3,-4.38,-18.0,4.3,0.17,16.79
3,4,-4.6,-17.5,4.0,0.21,16.63
3,5,-4.6,-16.9,3.9,0.2,17.23
3,6,-4.7,-17.5,4.0,0.17,17.04
3,7,-4.76,-17.9,4.1,0.12,16.55
3,8,-4.94,-18.1,4.0,0.19,15.66
3,9,-5.11,-18.2,4.1,0.15,15.49
3,10,-5.06,-18.3,4.3,0.14,14.93
3,11,-4.92,-17.6,4.2,0.15,14.52
3,12,-4.74,-17.0,4.2,0.21,15.04
3,13,-4.65,-16.2,3.8,0.24,14.92
3,14,-4.81,-16.1,2.7,0.1,13.73
3,15,-5.19,-16.6,3.2,0.09,13.79
3,16,-5.5,-17.2,3.4,0.09,13.57
3,17,-5.76,-17.8,4.2,0.03,13.33
3,18,-6.0,-18.8,4.8,0.01,12.61
3,19,-6.44,-19.6,4.4,0.02,11.92
3,20,-6.65,-19.9,3.7,0.01,11.27
3,21,-6.84,-19.6,2.9,0.01,11.35
3,22,-7.16,-19.2,2.0,0.04,11.67
3,23,-7.07,-18.5,1.1,0.07,11.03
4,0,-6.37,-17.7,0.9,0.07,10.88
4,1,-5.78,-17.3,1.3,0.05,11.87
4,2,-5.63,-17.4,0.9,0.06,12.06
4,3,-5.31,-18.4,1.7,0.06,13.64
4,4,-5.15,-18.5,1.6,0.06,14.81
4,5,-5.2,-18.9,1.3,0.1,14.76
4,6,-5.38,-19.1,0.8,0.26,15.24
4,7,-5.45,-19.2,0.8,0.21,15.74
4,8,-5.44,-19.2,0.7,0.22,14.88
4,9,-5.33,-19.1,0.9,0.15,13.58
4,10,-5.24,-19.0,1.8,0.07,13.92
4,11,-4.87,-18.3,2.1,0.17,14.64
4,12,-4.34,-16.6,2.2,0.16,15.26
4,13,-4.16,-15.7,2.2,0.12,15.01
4,14,-4.27,-15.4,2.1,0.03,14.88
4,15,-4.77,-16.3,1.9,0.02,15.36
4,16,-5.3,-17.3,1.7,0.03,15.49
4,17,-5.66,-18.1,1.7,0.02,15.45
4,18,-5.93,-18.8,1.5,0.03,15.7
4,19,-6.12,-19.0,1.3,0.03,15.56
4,20,-6.14,-18.9,1.4,0.03,15.98
4,21,-6.16,-18.4,2.0,0.01,16.51
4,22,-6.29,-18.1,2.1,0.01,16.57
4,23,-6.46,-18.2,1.7,0.07,16.42
5,0,-6.63,-18.1,1.8,0.07,16.33
5,1,-6.74,-18.1,1.7,0.09,16.22
5,2,-6.58,-17.4,2.0,0.05,16.21
5,3,-6.82,-17.6,2.6,0.09,16.17
5,4,-6.89,-17.7,2.5,0.06,16.1
5,5,-6.86,-17.6,2.4,0.05,16.24
5,6,-6.92,-17.9,2.6,0.03,15.82
5,7,-6.96,-17.9,3.2,0.05,15.54
5,8,-7.15,-18.0,3.0,0.04,15.3
5,9,-7.35,-18.0,2.7,0.08,14.8
5,10,-7.42,-17.8,2.8,0.1,14.16
5,11,-7.34,-17.4,2.9,0.04,13.6
5,12,-7.19,-17.0,2.9,0.02,13.23
5,13,-7.12,-16.7,3.0,0.02,12.52
5,14,-7.21,-16.4,2.5,0.03,12.35
5,15,-7.87,-16.8,2.5,0.07,11.84
5,16,-8.27,-17.2,3.1,0.04,11.81
5,17,-8.48,-17.6,2.8,0.07,11.92
5,18,-8.54,-17.9,2.9,0.07,12.04
5,19,-8.56,-18.3,2.7,0.06,12.09
5,20,-8.41,-18.4,2.4,0.05,11.8
5,21,-8.33,-18.6,1.9,0.1,11.46
5,22,-8.11,-18.6,1.5,0.13,11.18
5,23,-8.1,-18.6,1.7,0.15,10.97
6,0,-8.13,-18.4,1.7,0.17,10.72
6,1,-8.23,-18.2,1.6,0.2,10.82
6,2,-8.44,-18.2,2.3,0.1,10.33
6,3,-8.71,-18.6,2.5,0.16,10.0
6,4,-8.9,-19.3,2.3,0.06,9.72
6,5,-8.87,-19.4,2.2,0.03,9.38
6,6,-9.07,-20.6,1.7,0.02,10.84
6,7,-9.41,-21.6,1.5,0.0,11.22
6,8,-9.43,-21.0,2.0,0.0,12.18
6,9,-9.48,-18.5,1.7,0.0,11.97
6,10,-9.48,-17.8,1.2,0.0,11.05
6,11,-9.04,-17.5,1.2,0.0,10.68
6,12,-8.17,-17.1,1.7,0.0,10.58
6,13,-7.7,-16.7,1.5,0.0,10.48
6,14,-7.71,-16.6,1.0,0.01,10.51
6,15,-7.74,-16.8,0.6,0.01,10.93
6,16,-7.91,-17.1,0.1,0.0,11.71
6,17,-7.74,-17.6,0.2,0.0,12.51
6,18,-7.72,-18.3,1.1,0.0,13.06
6,19,-7.81,-19.0,1.7,0.0,13.53
6,20,-7.4,-19.6,2.1,0.0,13.57
6,21,-6.95,-20.1,2.5,0.02,14.09
6,22,-6.75,-20.5,3.0,0.04,14.33
6,23,-6.68,-20.8,3.4,0.03,15.48
7,0,-6.65,-21.6,3.7,0.03,16.2
7,1,-6.63,-22.1,4.0,0.02,16.48
7,2,-6.53,-22.6,3.7,0.1,16.26
7,3,-6.53,-23.2,3.9,0.11,16.83
7,4,-7.0,-26.3,3.8,0.15,17.46
7,5,-7.04,-25.9,3.9,0.18,17.48
7,6,-7.01,-25.9,4.0,0.25,17.74
7,7,-7.1,-27.0,4.3,0.11,17.85
7,8,-7.0,-26.7,4.5,0.2,17.37
7,9,-6.97,-26.2,4.7,0.13,16.8
7,10,-6.61,-24.0,4.8,0.15,16.66
7,11,-6.34,-23.8,5.0,0.17,16.12
7,12,-5.83,-22.5,5.1,0.13,15.54
7,13,-5.45,-21.1,5.3,0.09,14.91
7,14,-5.41,-20.7,4.4,0.09,14.53
7,15,-5.61,-20.7,4.1,0.08,13.69
7,16,-5.82,-21.2,3.9,0.06,13.84
7,17,-6.0,-21.4,4.1,0.03,13.76
7,18,-5.98,-21.0,4.1,0.04,14.83
7,19,-6.07,-20.8,4.2,0.05,14.85
7,20,-6.02,-20.9,4.3,0.06,14.29
7,21,-5.96,-21.3,4.3,0.03,14.38
7,22,-5.75,-21.3,4.2,0.02,14.36
7,23,-5.63,-21.5,4.2,0.01,14.33
8,0,-5.7,-21.5,4.1,0.0,14.13
8,1,-5.82,-21.5,4.0,0.0,14.05
8,2,-5.74,-21.9,3.8,0.0,14.11
8,3,-5.6,-22.7,4.0,0.03,14.41
8,4,-5.78,-23.7,3.6,0.06,14.3
8,5,-5.97,-24.7,3.3,0.05,14.69
8,6,-6.1,-25.0,3.8,0.08,14.71
8,7,-6.14,-24.6,4.0,0.07,14.58
8,8,-6.01,-24.1,4.1,0.09,15.05
8,9,-5.71,-23.1,3.7,0.16,15.3
8,10,-5.27,-22.1,4.0,0.12,15.24
8,11,-4.48,-19.7,4.4,0.14,14.84
8,12,-3.72,-17.3,4.9,0.17,14.46
8,13,-2.98,-15.5,5.5,0.27,15.33
8,14,-2.95,-14.5,4.2,0.38,14.23
8,15,-3.0,-14.2,4.7,0.24,14.17
8,16,-2.92,-13.9,5.1,0.13,14.4
8,17,-3.11,-13.5,5.4,0.15,14.61
8,18,-2.98,-13.0,6.0,0.12,13.97
8,19,-2.8,-12.7,5.9,0.11,13.52
8,20,-2.72,-12.6,5.4,0.12,13.45
8,21,-2.52,-12.5,4.9,0.09,13.25
8,22,-2.61,-12.4,4.4,0.08,13.06
8,23,-2.47,-12.2,3.8,0.15,13.3
9,0,-2.64,-12.1,3.2,0.17,13.14
9,1,-2.62,-12.0,2.7,0.15,13.32
9,2,-2.83,-11.8,2.2,0.25,13.11
9,3,-2.9,-11.7,2.2,0.3,13.03
9,4,-2.82,-11.7,2.2,0.1,13.53
9,5,-2.82,-11.8,2.3,0.35,13.45
9,6,-2.93,-11.8,2.2,0.07,13.48
9,7,-3.02,-11.7,2.0,0.18,13.92
9,8,-3.11,-11.7,1.9,0.29,14.01
9,9,-3.14,-11.1,1.8,0.19,14.15
9,10,-3.19,-11.0,1.8,0.19,14.27
9,11,-2.79,-10.7,2.4,0.17,14.27
9,12,-2.4,-10.4,3.0,0.09,13.82
9,13,-1.95,-10.2,3.3,0.09,13.24
9,14,-2.18,-10.1,2.9,0.12,13.37
9,15,-2.44,-10.2,2.2,0.07,13.0
9,16,-2.59,-10.5,2.3,0.05,13.37
9,17,-2.8,-10.8,1.9,0.06,13.45
9,18,-2.9,-11.0,1.7,0.04,13.64
9,19,-3.02,-11.2,1.6,0.02,13.79
9,20,-3.07,-11.3,1.8,0.02,13.63
9,21,-3.14,-11.3,1.9,0.02,12.69
9,22,-3.34,-11.4,2.0,0.01,12.33
9,23,-3.5,-11.5,2.0,0.01,12.27
10,0,-3.51,-11.6,2.0,0.01,11.85
10,1,-3.54,-11.7,2.0,0.01,11.14
10,2,-3.78,-11.9,1.7,0.01,10.94
10,3,-4.0,-11.9,1.7,0.01,10.75
10,4,-4.04,-12.0,2.1,0.02,10.24
10,5,-4.25,-12.1,2.2,0.02,10.3
10,6,-4.35,-12.2,2.4,0.02,10.72
10,7,-4.33,-12.1,2.5,0.06,10.59
10,8,-4.25,-12.2,2.4,0.03,10.98
10,9,-4.07,-12.0,2.4,0.03,11.07
10,10,-4.14,-11.9,1.8,0.05,11.5
10,11,-4.0,-11.8,2.3,0.08,11.68
10,12,-3.64,-11.9,2.3,0.06,11.19
10,13,-3.42,-12.1,2.4,0.07,11.37
10,14,-3.46,-10.8,2.0,0.09,12.43
10,15,-3.69,-10.8,2.0,0.17,12.62
10,16,-3.91,-10.8,1.3,0.19,13.42
10,17,-3.85,-10.7,1.0,0.27,13.47
10,18,-3.67,-10.7,0.9,0.17,13.54
10,19,-3.33,-10.9,1.6,0.18,14.73
10,20,-3.15,-11.3,2.1,0.13,15.37
10,21,-2.95,-11.7,2.3,0.16,15.8
10,22,-2.79,-11.9,2.7,0.12,16.69
10,23,-2.64,-12.3,2.9,0.09,16.77
11,0,-2.56,-12.7,2.8,0.08,16.92
11,1,-2.5,-12.9,2.8,0.09,17.05
11,2,-2.63,-12.3,2.7,0.07,17.03
11,3,-2.95,-14.6,2.5,0.13,17.46
11,4,-2.92,-13.8,2.7,0.1,17.81
11,5,-2.97,-13.7,2.4,0.05,17.68
11,6,-3.04,-14.6,2.2,0.13,17.58
11,7,-2.94,-13.6,2.3,0.07,17.58
11,8,-2.85,-12.7,2.1,0.06,17.36
11,9,-2.77,-11.9,2.1,0.09,17.24
11,10,-2.82,-11.3,2.0,0.06,17.4
11,11,-2.55,-9.7,1.9,0.06,17.28
11,12,-2.21,-7.4,2.0,0.11,16.61
11,13,-2.11,-6.5,2.0,0.09,17.57
11,14,-2.58,-7.0,1.6,0.05,17.63
11,15,-2.83,-7.7,1.3,0.04,17.64
11,16,-2.98,-8.4,1.6,0.02,18.56
11,17,-3.0,-9.3,2.2,0.06,19.09
11,18,-3.03,-10.2,2.1,0.13,19.23
11,19,-3.11,-11.0,1.9,0.14,19.59
11,20,-3.16,-11.6,1.6,0.12,20.07
11,21,-3.17,-12.3,1.5,0.15,20.65
11,22,-3.23,-12.9,1.6,0.17,20.4
11,23,-3.2,-13.5,2.3,0.19,20.76
12,0,-3.25,-14.2,3.3,0.15,20.88
12,1,-3.31,-13.6,3.5,0.17,20.83
12,2,-3.54,-13.1,2.3,0.26,20.81
12,3,-3.28,-12.8,2.9,0.18,21.67
12,4,-3.28,-12.2,2.6,0.3,21.39
12,5,-3.26,-11.3,2.7,0.32,21.47
12,6,-3.17,-9.9,2.9,0.41,21.43
12,7,-2.88,-8.5,3.4,0.49,21.16
12,8,-2.62,-9.0,3.8,0.52,21.36
12,9,-2.46,-9.4,4.3,0.41,21.44
12,10,-2.45,-9.6,4.7,0.35,21.19
12,11,-2.3,-9.5,5.2,0.27,20.98
12,12,-2.18,-9.3,5.3,0.2,20.12
12,13,-2.05,-8.8,5.4,0.18,19.49
12,14,-2.14,-8.4,5.4,0.17,19.11
12,15,-2.28,-7.6,5.4,0.18,18.6
12,16,-2.55,-8.5,4.8,0.17,18.08
12,17,-2.78,-9.0,4.4,0.19,18.35
12,18,-3.2,-9.4,3.7,0.21,17.7
12,19,-3.66,-12.3,2.7,0.14,17.35
12,20,-3.77,-13.7,2.8,0.12,17.34
12,21,-3.71,-14.2,2.8,0.11,17.08
12,22,-3.78,-14.7,2.7,0.14,16.68
12,23,-3.89,-15.0,2.6,0.15,16.59
13,0,-3.95,-15.5,2.2,0.17,15.96
13,1,-4.04,-16.1,2.5,0.17,15.42
13,2,-4.21,-16.3,1.6,0.24,14.34
13,3,-4.0,-15.2,2.0,0.23,13.27
13,4,-3.77,-13.7,2.3,0.24,13.31
13,5,-3.49,-11.2,2.9,0.09,13.57
13,6,-3.09,-10.1,3.6,0.08,14.36
13,7,-2.96,-10.3,3.9,0.09,14.48
13,8,-2.75,-10.5,4.3,0.08,14.52
13,9,-2.45,-9.9,4.4,0.08,14.75
13,10,-2.35,-10.1,4.5,0.18,15.13
13,11,-2.16,-10.2,4.4,0.11,15.49
13,12,-2.13,-10.1,4.6,0.07,15.2
13,13,-1.99,-10.0,4.8,0.08,15.78
13,14,-2.06,-10.0,4.3,0.06,14.88
13,15,-2.04,-10.1,4.4,0.06,15.3
13,16,-2.13,-10.3,4.5,0.14,16.63
13,17,-1.99,-10.5,4.9,0.22,17.12
13,18,-2.06,-10.5,4.6,0.2,17.71
13,19,-2.12,-10.6,4.6,0.2,18.07
13,20,-2.17,-10.8,5.1,0.07,17.52
13,21,-2.16,-10.7,4.7,0.03,17.66
13,22,-2.18,-10.8,4.8,0.03,17.73
13,23,-2.15,-10.8,4.7,0.03,17.09
14,0,-2.22,-11.0,4.1,0.03,16.52
14,1,-2.24,-11.0,4.0,0.05,16.35
14,2,-2.04,-10.9,3.6,0.06,15.73
14,3,-2.15,-11.0,3.3,0.08,14.97
14,4,-2.25,-10.9,3.2,0.06,15.04
14,5,-2.26,-10.8,3.3,0.05,14.91
14,6,-2.35,-10.9,3.5,0.03,14.29
14,7,-2.55,-11.0,3.2,0.05,14.23
14,8,-2.67,-11.7,3.0,0.05,13.77
14,9,-2.8,-12.3,2.9,0.06,13.89
14,10,-2.85,-12.6,2.9,0.06,13.45
14,11,-2.63,-12.5,3.5,0.09,14.11
14,12,-2.44,-12.5,3.3,0.06,14.85
14,13,-2.51,-12.7,3.3,0.0,15.54
14,14,-2.69,-13.8,3.0,0.02,15.74
14,15,-3.05,-15.1,2.7,0.19,15.27
14,16,-3.54,-16.1,2.8,0.04,15.15
14,17,-3.78,-17.0,3.0,0.09,14.76
14,18,-4.06,-17.8,2.9,0.08,14.93
14,19,-4.25,-18.3,3.1,0.1,15.46
14,20,-4.57,-19.0,3.3,0.11,16.19
14,21,-4.88,-19.6,3.2,0.11,15.62
14,22,-5.04,-20.2,3.0,0.05,15.37
14,23,-5.29,-20.7,3.4,0.05,15.49
15,0,-5.27,-21.0,4.5,0.02,15.0
15,1,-5.22,-21.2,5.2,0.05,14.54
15,2,-5.4,-20.6,4.2,0.02,14.71
15,3,-5.38,-21.4,4.5,0.01,14.52
15,4,-5.34,-21.7,4.4,0.02,14.76
15,5,-5.43,-22.0,4.3,0.01,15.46
15,6,-5.4,-22.2,4.2,0.03,15.42
15,7,-5.31,-22.4,4.1,0.12,15.51
15,8,-5.21,-22.6,4.5,0.26,16.42
15,9,-5.03,-22.6,4.8,0.21,17.29
15,10,-4.94,-22.4,5.6,0.31,17.46
15,11,-4.81,-21.7,6.8,0.27,17.22
15,12,-4.53,-20.9,7.4,0.16,16.53
15,13,-4.3,-20.2,8.0,0.1,16.49
15,14,-4.66,-20.1,6.4,0.02,15.1
15,15,-4.68,-20.5,6.4,0.08,15.3
15,16,-5.01,-20.8,6.3,0.08,15.44
15,17,-5.15,-20.7,6.9,0.04,15.86
15,18,-5.27,-20.1,6.8,0.03,15.94
15,19,-5.23,-18.4,6.5,0.03,16.18
15,20,-5.24,-17.0,6.1,0.01,16.14
15,21,-5.14,-15.9,5.8,0.03,15.5
15,22,-5.1,-15.4,5.6,0.03,15.17
15,23,-5.15,-15.1,5.5,0.02,15.75
16,0,-5.14,-14.2,5.5,0.03,16.11
16,1,-5.19,-13.8,5.8,0.03,15.68
16,2,-5.19,-14.1,5.1,0.03,15.39
16,3,-5.19,-14.4,4.9,0.05,15.53
16,4,-5.41,-14.8,4.1,0.03,15.8
16,5,-5.68,-15.2,3.8,0.01,16.37
16,6,-5.94,-15.8,3.6,0.03,16.43
16,7,-6.13,-16.5,3.8,0.32,16.47
16,8,-6.2,-16.8,4.0,0.01,16.22
16,9,-6.24,-17.1,3.5,0.01,16.23
16,10,-6.26,-17.2,3.5,0.04,16.48
16,11,-5.77,-16.6,4.2,0.03,16.08
16,12,-5.18,-16.2,5.1,0.03,15.67
16,13,-4.8,-16.2,5.6,0.07,14.9
16,14,-4.78,-16.4,5.5,0.04,15.28
16,15,-5.03,-17.4,5.5,0.05,14.69
16,16,-5.33,-18.2,5.3,0.02,14.62
16,17,-5.5,-18.8,5.4,0.01,13.93
16,18,-5.58,-19.3,5.4,0.0,14.48
16,19,-5.63,-19.4,4.9,0.0,14.13
16,20,-5.84,-19.8,4.3,0.03,13.98
16,21,-5.97,-19.8,4.2,0.03,13.73
16,22,-6.02,-19.8,4.2,0.03,13.97
16,23,-6.02,-19.7,3.7,0.05,13.15
17,0,-6.34,-21.6,3.0,0.05,14.24
17,1,-6.14,-18.9,2.6,0.08,14.02
17,2,-6.1,-18.3,2.3,0.13,13.07
17,3,-5.9,-18.1,2.3,0.2,14.01
17,4,-5.31,-17.1,2.2,0.19,14.46
17,5,-5.05,-15.5,2.0,0.21,14.44
17,6,-5.13,-14.8,1.9,0.13,13.58
17,7,-5.16,-14.0,1.7,0.06,12.77
17,8,-4.9,-13.4,2.1,0.06,13.09
17,9,-4.74,-13.0,2.5,0.09,14.7
17,10,-4.06,-12.4,3.2,0.06,15.26
17,11,-3.49,-11.5,4.1,0.06,16.09
17,12,-3.1,-10.4,4.6,0.02,16.03
17,13,-3.0,-9.6,4.8,0.0,16.79
17,14,-3.56,-10.1,4.7,0.02,17.23
17,15,-3.75,-10.4,4.5,0.03,17.29
17,16,-3.89,-10.8,4.6,0.12,17.43
17,17,-3.92,-10.7,4.3,0.18,17.49
17,18,-4.02,-11.2,4.7,0.17,17.83
17,19,-4.08,-11.7,5.0,0.15,17.62
17,20,-4.2,-12.3,4.8,0.11,16.98
17,21,-4.46,-14.5,4.8,0.06,17.06
17,22,-4.36,-14.4,5.0,0.07,16.17
17,23,-4.3,-14.3,5.1,0.06,15.81
18,0,-4.24,-14.3,4.8,0.06,14.9
18,1,-4.23,-14.7,4.4,0.09,15.33
18,2,-4.27,-15.0,4.6,0.08,14.69
18,3,-4.22,-15.1,4.2,0.1,14.64
18,4,-4.05,-15.1,5.1,0.12,14.97
18,5,-4.14,-14.8,4.5,0.2,14.56
18,6,-4.33,-14.6,3.8,0.22,15.18
18,7,-4.31,-14.4,3.4,0.15,15.28
18,8,-4.38,-14.4,2.8,0.13,14.99
18,9,-4.11,-13.5,2.3,0.12,15.02
18,10,-4.01,-13.3,2.2,0.12,14.73
18,11,-3.7,-12.9,2.4,0.17,14.39
18,12,-3.31,-12.3,2.7,0.14,13.1
18,13,-3.09,-11.9,3.1,0.06,12.42
18,14,-2.7,-11.8,3.2,0.04,12.03
18,15,-2.77,-11.7,3.6,0.04,11.22
18,16,-2.85,-11.8,3.7,0.06,11.47
18,17,-2.75,-11.9,3.9,0.09,12.1
18,18,-2.66,-11.9,4.2,0.03,12.59
18,19,-2.85,-12.0,4.7,0.04,12.6
18,20,-2.96,-12.0,5.1,0.04,12.76
18,21,-3.05,-12.1,5.3,0.01,12.75
18,22,-3.18,-12.2,5.0,0.02,12.8
18,23,-3.31,-12.4,4.5,0.01,12.86
19,0,-3.43,-12.3,4.5,0.01,12.81
19,1,-3.73,-12.4,4.4,0.01,12.8
19,2,-3.9,-12.2,4.2,0.01,12.72
19,3,-4.05,-13.0,4.1,0.03,13.13
19,4,-4.07,-13.2,3.9,0.09,12.82
19,5,-4.12,-13.1,3.6,0.1,13.48
19,6,-4.02,-12.1,4.0,0.1,13.03
19,7,-3.94,-11.2,3.7,0.2,13.18
19,8,-3.68,-11.2,3.9,0.3,13.86
19,9,-3.35,-11.2,4.1,0.24,14.12
19,10,-3.21,-11.5,3.2,0.22,14.66
19,11,-2.98,-11.7,2.2,0.09,14.8
19,12,-2.57,-11.5,2.5,0.03,14.67
19,13,-2.19,-11.2,2.7,0.05,14.17
19,14,-1.88,-11.1,2.8,0.07,14.25
19,15,-2.08,-11.1,2.7,0.03,13.19
19,16,-2.25,-11.4,2.7,0.02,13.47
19,17,-2.32,-11.9,2.7,0.02,14.24
19,18,-2.47,-12.3,2.8,0.02,14.41
19,19,-2.63,-13.0,2.8,0.11,14.76
19,20,-2.72,-14.0,2.9,0.14,14.7
19,21,-2.96,-15.0,3.0,0.0,14.87
19,22,-3.36,-16.0,3.0,0.02,14.13
19,23,-3.77,-16.2,2.6,0.02,13.95
20,0,-3.88,-16.3,2.4,0.04,13.1
20,1,-4.53,-19.7,2.3,0.09,12.77
20,2,-4.68,-18.2,2.5,0.15,12.43
20,3,-5.08,-20.3,2.0,0.13,12.61
20,4,-5.4,-18.7,1.7,0.08,12.61
20,5,-5.65,-17.5,1.1,0.04,12.37
20,6,-5.81,-16.9,0.8,0.03,12.01
20,7,-6.02,-16.7,0.8,0.03,11.84
20,8,-6.16,-16.2,0.9,0.04,11.8
20,9,-6.44,-16.8,1.0,0.05,11.84
20,10,-6.28,-16.7,1.1,0.01,11.31
20,11,-5.67,-16.4,1.3,0.0,10.62
20,12,-5.11,-16.0,2.2,0.0,10.13
20,13,-4.68,-15.7,2.8,0.04,9.63
20,14,-4.52,-15.6,3.1,0.05,9.67
20,15,-4.76,-15.5,2.9,0.1,8.75
20,16,-4.97,-15.8,2.9,0.09,9.08
20,17,-5.07,-16.0,2.9,0.09,9.55
20,18,-5.22,-16.2,2.9,0.06,11.07
20,19,-5.54,-16.6,2.2,0.03,11.95
20,20,-5.72,-16.9,2.5,0.1,12.85
20,21,-6.08,-17.2,2.8,0.07,13.27
20,22,-6.2,-17.6,3.5,0.01,13.46
20,23,-6.21,-18.1,4.6,0.0,13.79
21,0,-6.64,-18.4,4.2,0.03,13.96
21,1,-6.68,-18.6,4.5,0.04,13.47
21,2,-6.73,-18.8,4.9,0.07,13.96
21,3,-7.0,-18.7,5.5,0.05,14.0
21,4,-6.64,-18.8,5.2,0.04,13.9
21,5,-6.59,-18.5,5.3,0.03,14.29
21,6,-6.47,-18.1,5.7,0.03,14.59
21,7,-6.37,-17.9,6.2,0.03,14.34
21,8,-6.28,-17.7,6.5,0.04,14.61
21,9,-6.08,-16.5,6.6,0.05,15.23
21,10,-5.86,-16.1,6.8,0.07,15.79
21,11,-5.47,-15.5,6.6,0.08,16.21
21,12,-5.02,-15.0,6.0,0.09,16.02
21,13,-4.82,-14.9,5.6,0.09,15.93
21,14,-4.76,-14.6,5.1,0.13,16.28
21,15,-5.25,-15.9,4.4,0.14,15.69
21,16,-5.58,-16.9,3.7,0.12,16.02
21,17,-5.69,-17.5,3.3,0.15,16.73
21,18,-5.78,-18.0,3.0,0.09,16.87
21,19,-5.9,-18.7,2.9,0.06,16.77
21,20,-5.93,-19.2,3.0,0.05,16.14
21,21,-6.19,-21.6,3.1,0.06,15.88
21,22,-6.0,-20.9,3.5,0.06,15.71
21,23,-5.81,-21.0,3.6,0.11,15.47
22,0,-5.59,-21.0,3.5,0.08,15.42
22,1,-5.32,-21.3,3.3,0.03,15.06
22,2,-5.22,-21.3,2.9,0.02,14.86
22,3,-5.49,-21.4,2.6,0.04,14.72
22,4,-5.31,-21.1,2.3,0.08,14.83
22,5,-5.17,-21.1,1.8,0.12,14.46
22,6,-5.31,-21.1,1.2,0.07,14.06
22,7,-5.42,-21.0,1.1,0.02,13.73
22,8,-5.5,-20.4,0.8,0.02,13.4
22,9,-5.43,-20.0,1.3,0.01,12.97
22,10,-5.39,-20.3,1.1,0.03,12.78
22,11,-4.98,-20.3,1.3,0.09,12.22
22,12,-4.49,-19.5,1.8,0.1,11.52
22,13,-4.16,-18.8,2.2,0.06,11.61
22,14,-4.14,-18.3,2.2,0.09,12.83
22,15,-4.53,-17.9,1.6,0.21,12.05
22,16,-4.73,-17.5,1.5,0.27,11.72
22,17,-4.96,-17.1,1.5,0.17,12.58
22,18,-4.88,-16.4,1.9,0.05,12.71
22,19,-4.87,-15.8,2.2,0.05,12.05
22,20,-4.78,-15.1,2.4,0.03,12.71
22,21,-4.66,-12.9,3.1,0.03,12.95
22,22,-4.65,-13.6,3.4,0.03,12.79
22,23,-4.54,-13.5,3.7,0.01,12.76
23,0,-4.33,-13.2,3.7,0.01,12.4
23,1,-4.3,-13.3,3.7,0.0,12.08
23,2,-4.17,-12.6,3.4,0.0,11.18
23,3,-4.17,-12.6,2.9,0.01,11.25
23,4,-4.12,-11.7,2.6,0.02,12.07
23,5,-3.53,-10.8,2.5,0.01,12.98
23,6,-3.18,-11.1,2.6,0.0,13.65
23,7,-2.86,-12.1,2.7,0.02,13.88
23,8,-2.72,-12.9,2.6,0.05,13.72
23,9,-2.66,-16.0,2.7,0.08,14.43
23,10,-2.19,-14.8,2.8,0.09,14.48
23,11,-1.46,-11.7,2.9,0.08,14.69
23,12,-0.83,-9.0,3.2,0.01,14.99
23,13,-0.34,-6.9,3.4,0.0,15.23
23,14,-0.57,-7.7,3.0,0.01,14.29
23,15,-0.47,-6.9,3.0,0.04,14.01
23,16,-0.34,-5.8,2.9,0.05,13.96
23,17,-0.35,-4.5,2.4,0.0,14.1
23,18,-0.22,-4.2,2.2,0.01,14.77
23,19,-0.38,-4.7,2.2,0.01,14.48
23,20,-0.57,-6.0,2.1,0.01,13.92
23,21,-0.32,-2.6,2.0,0.01,14.78
23,22,-0.38,-2.8,1.7,0.02,14.7
23,23,-0.55,-3.2,1.2,0.01,14.93
24,0,-0.8,-3.6,1.2,0.01,14.03
24,1,-0.88,-3.6,1.4,0.06,14.58
24,2,-0.87,-3.2,1.3,0.06,15.13
24,3,-0.82,-3.2,1.1,0.11,15.74
24,4,-0.93,-3.8,1.3,0.09,16.24
24,5,-0.93,-4.8,1.6,0.17,16.24
24,6,-1.04,-6.1,1.5,0.18,16.29
24,7,-1.34,-7.4,1.5,0.17,16.23
24,8,-1.5,-8.5,1.5,0.21,15.65
24,9,-1.55,-9.6,1.9,0.22,15.23
24,10,-1.58,-10.3,2.2,0.23,14.89
24,11,-1.31,-10.4,2.3,0.26,14.81
24,12,-0.76,-10.1,2.4,0.2,14.94
24,13,-0.61,-9.9,2.5,0.18,14.52
24,14,-0.74,-8.6,2.4,0.15,13.73
24,15,-0.8,-8.6,2.1,0.09,12.18
24,16,-0.96,-8.7,2.0,0.04,12.37
24,17,-0.98,-8.5,1.9,0.09,12.33
24,18,-0.86,-8.1,2.7,0.1,12.35
24,19,-0.75,-7.4,3.5,0.07,12.58
24,20,-0.82,-6.8,3.5,0.04,12.56
24,21,-0.99,-6.4,3.3,0.03,12.41
24,22,-1.11,-6.2,2.9,0.04,12.38
24,23,-1.17,-6.4,3.0,0.03,13.32
25,0,-1.18,-6.6,3.3,0.08,13.93
25,1,-1.01,-7.0,4.1,0.08,14.3
25,2,-1.11,-7.4,3.3,0.1,14.63
25,3,-1.09,-7.7,3.4,0.07,15.06
25,4,-1.04,-7.5,3.5,0.15,15.26
25,5,-0.9,-7.1,3.6,0.31,15.41
25,6,-0.8,-6.3,3.9,0.36,16.32
25,7,-0.89,-7.9,4.4,0.27,17.09
25,8,-0.67,-6.8,4.5,0.21,16.62
25,9,-0.43,-4.5,4.3,0.09,17.29
25,10,-0.17,-3.9,4.6,0.01,17.24
25,11,0.14,-3.8,4.5,0.01,17.41
25,12,0.32,-3.6,4.3,0.01,16.99
25,13,0.34,-4.0,4.2,0.0,17.35
25,14,0.24,-3.9,3.4,0.0,16.71
25,15,-0.06,-4.3,3.4,0.01,16.24
25,16,-0.48,-4.8,3.4,0.01,16.28
25,17,-0.87,-5.2,3.4,0.02,16.43
25,18,-1.2,-5.7,3.5,0.02,16.36
25,19,-1.28,-6.2,3.6,0.01,17.04
25,20,-1.36,-6.4,3.4,0.01,16.41
25,21,-1.53,-6.6,3.2,0.02,16.12
25,22,-1.58,-6.7,3.2,0.04,16.07
25,23,-1.64,-6.9,3.0,0.04,15.45
26,0,-1.75,-7.5,2.9,0.03,15.01
26,1,-1.72,-8.0,2.5,0.03,14.82
26,2,-1.55,-8.3,3.0,0.05,14.59
26,3,-1.4,-7.8,2.8,0.1,15.32
26,4,-1.34,-8.1,2.9,0.11,15.28
26,5,-1.11,-8.2,3.1,0.12,15.53
26,6,-1.05,-8.9,3.2,0.17,14.77
26,7,-1.06,-9.8,3.1,0.13,14.22
26,8,-1.24,-12.9,3.2,0.19,14.47
26,9,-1.13,-14.3,3.7,0.17,14.65
26,10,-0.91,-14.0,4.1,0.15,14.89
26,11,-0.62,-12.8,4.3,0.09,14.81
26,12,-0.27,-10.9,4.5,0.07,14.44
26,13,-0.07,-10.1,4.8,0.07,14.91
26,14,0.02,-9.7,4.6,0.08,14.35
26,15,0.18,-9.1,4.2,0.1,14.54
26,16,-0.19,-9.4,3.2,0.11,13.91
26,17,-0.57,-9.9,2.4,0.17,13.76
26,18,-0.6,-10.6,2.6,0.13,13.76
26,19,-0.57,-11.0,2.7,0.07,13.4
26,20,-0.65,-11.2,2.6,0.04,12.81
26,21,-0.74,-11.4,2.5,0.06,12.45
26,22,-0.78,-11.4,2.5,0.05,12.02
26,23,-0.93,-11.9,2.5,0.05,11.07
27,0,-1.15,-12.2,2.5,0.06,11.06
27,1,-1.52,-12.4,2.3,0.05,11.16
27,2,-1.64,-12.5,2.2,0.05,11.16
27,3,-1.92,-13.9,1.9,0.03,10.9
27,4,-2.1,-14.7,1.8,0.05,11.28
27,5,-2.29,-15.3,1.6,0.06,11.06
27,6,-2.36,-16.3,1.7,0.04,10.63
27,7,-2.38,-16.7,1.9,0.05,10.73
27,8,-2.43,-17.3,1.9,0.05,10.77
27,9,-2.43,-17.3,2.0,0.09,11.27
27,10,-2.3,-17.5,2.0,0.08,10.45
27,11,-1.99,-17.1,2.0,0.13,10.46
27,12,-1.62,-16.3,1.7,0.13,9.0
27,13,-1.37,-15.5,1.9,0.11,8.66
27,14,-1.2,-14.9,2.6,0.1,8.45
27,15,-2.0,-17.3,2.3,0.1,8.95
27,16,-2.21,-17.1,2.3,0.1,9.22
27,17,-2.57,-17.4,2.2,0.12,9.59
27,18,-2.5,-17.5,2.2,0.11,9.36
27,19,-2.93,-17.8,2.2,0.09,9.74
27,20,-3.1,-17.9,2.3,0.06,10.26
27,21,-3.15,-17.9,2.5,0.04,11.23
27,22,-2.97,-17.7,2.7,0.05,11.27
27,23,-2.81,-16.4,2.8,0.07,12.05
28,0,-2.46,-15.0,2.7,0.09,12.55
28,1,-2.21,-13.4,2.4,0.08,12.44
28,2,-1.8,-12.9,2.3,0.12,12.65
28,3,-1.49,-11.4,2.4,0.17,13.22
28,4,-1.32,-9.9,1.7,0.23,13.74
28,5,-1.13,-8.7,1.8,0.23,13.28
28,6,-0.84,-7.9,2.1,0.17,13.19
28,7,-0.75,-7.6,2.1,0.11,14.08
28,8,-0.59,-7.6,2.2,0.11,14.5
28,9,-0.43,-7.6,2.8,0.07,15.4
28,10,-0.29,-7.7,3.5,0.11,15.65
28,11,-0.01,-7.7,3.7,0.09,15.99
28,12,0.22,-7.6,3.6,0.08,16.34
28,13,0.32,-7.6,4.1,0.15,16.13
28,14,0.21,-6.6,3.8,0.15,16.28
28,15,-0.02,-6.5,2.8,0.21,15.43
28,16,-0.28,-6.4,2.2,0.22,14.66
28,17,-0.36,-6.2,2.1,0.24,13.53
28,18,-0.34,-6.1,2.3,0.18,12.96
28,19,-0.31,-6.0,2.4,0.18,13.84
28,20,-0.44,-5.9,2.4,0.19,14.54
28,21,-0.51,-5.6,2.3,0.16,15.73
28,22,-0.59,-5.5,2.3,0.09,15.95
28,23,-0.79,-5.3,2.2,0.06,15.42
29,0,-1.1,-5.2,1.9,0.06,15.57
29,1,-1.27,-6.2,2.1,0.06,15.63
29,2,-1.5,-6.8,2.2,0.04,15.78
29,3,-1.46,-7.7,3.0,0.06,15.35
29,4,-1.71,-9.6,2.9,0.05,15.03
29,5,-1.87,-9.3,2.9,0.03,15.52
29,6,-1.79,-8.2,2.8,0.04,15.21
29,7,-1.57,-5.5,2.8,0.05,15.15
29,8,-1.38,-5.1,2.7,0.08,15.67
29,9,-1.23,-5.1,2.8,0.2,16.24
29,10,-0.91,-4.8,2.5,0.15,16.45
29,11,-0.48,-4.6,3.0,0.12,16.88
29,12,-0.11,-4.6,3.3,0.14,16.73
29,13,0.24,-4.6,3.6,0.09,17.15
29,14,0.22,-4.8,3.7,0.04,16.51
29,15,0.1,-4.9,3.1,0.16,16.35
29,16,-0.02,-4.8,2.7,0.23,16.43
29,17,-0.11,-4.7,2.8,0.32,16.64
29,18,-0.2,-4.8,3.3,0.44,17.24
29,19,-0.15,-4.9,4.1,0.37,17.41
29,20,-0.09,-4.9,4.5,0.27,17.5
29,21,-0.19,-4.9,4.1,0.3,17.77
29,22,-0.25,-4.9,3.7,0.36,17.77
29,23,-0.29,-5.3,3.6,0.44,17.82
30,0,-0.25,-5.3,3.4,0.33,18.07
30,1,-0.14,-5.0,4.3,0.26,18.16
30,2,-0.42,-5.3,4.3,0.31,16.95
30,3,-0.45,-5.5,3.8,0.26,16.74
30,4,-0.45,-5.5,3.4,0.37,16.66
30,5,-0.82,-5.6,3.4,0.51,16.55
30,6,-0.86,-5.6,3.4,0.48,16.72
30,7,-0.97,-5.7,3.4,0.39,16.42
30,8,-1.06,-5.8,3.4,0.33,16.0
30,9,-0.97,-5.8,3.5,0.23,15.62
30,10,-0.76,-5.7,3.3,0.19,15.31
30,11,-0.67,-5.7,3.2,0.15,14.23
30,12,-0.49,-5.5,3.0,0.12,14.57
30,13,-0.39,-5.3,3.1,0.11,14.78
30,14,-0.14,-5.1,3.1,0.1,14.85
30,15,-0.1,-5.4,3.1,0.15,15.26
30,16,-0.33,-5.6,3.0,0.11,15.25
30,17,-0.48,-5.9,3.1,0.11,15.4
30,18,-0.59,-6.1,3.3,0.12,15.57
30,19,-0.76,-6.2,3.2,0.11,15.61
30,20,-0.97,-6.4,3.6,0.11,15.09
30,21,-1.2,-7.2,3.3,0.08,14.71
30,22,-1.26,-6.7,2.9,0.1,14.49
30,23,-1.29,-6.8,2.3,0.06,14.0
31,0,-1.33,-6.8,1.6,0.05,13.38
31,1,-1.36,-7.0,1.3,0.08,12.49
31,2,-1.42,-7.4,1.2,0.08,12.18
31,3,-1.53,-7.5,2.1,0.04,12.33
31,4,-1.73,-7.5,1.6,0.03,12.4
31,5,-1.79,-7.4,2.0,0.06,12.59
31,6,-2.05,-8.2,1.9,0.06,12.49
31,7,-2.18,-8.1,1.8,0.04,12.16
31,8,-2.74,-11.1,1.4,0.04,12.11
31,9,-2.55,-7.4,1.1,0.03,11.62
31,10,-2.4,-7.3,1.3,0.06,11.13
31,11,-1.9,-6.8,1.8,0.08,10.46
31,12,-1.57,-6.3,2.1,0.01,10.46
31,13,-1.14,-6.1,2.3,0.01,10.23
31,14,-0.93,-5.9,2.1,0.02,9.98
31,15,-1.21,-6.0,2.1,0.01,10.08
31,16,-1.52,-6.4,1.0,0.02,9.78
31,17,-1.87,-7.1,0.9,0.01,10.91
31,18,-1.97,-7.6,1.1,0.01,11.22
31,19,-1.99,-8.0,1.3,0.01,11.6
31,20,-2.07,-8.3,1.3,0.01,12.13
31,21,-2.35,-8.5,0.7,0.01,12.39
31,22,-2.65,-9.1,0.5,0.0,11.83
31,23,-2.74,-10.4,1.1,0.0,12.03
32,0,-2.97,-11.7,1.6,0.01,12.03
32,1,-3.23,-11.8,1.7,0.03,12.74
32,2,-3.02,-11.5,1.5,0.06,12.69
32,3,-3.28,-11.9,1.0,0.06,13.29
32,4,-3.46,-13.7,1.0,0.12,13.11
32,5,-3.47,-13.1,0.8,0.2,13.09
32,6,-3.22,-11.5,1.0,0.24,13.79
32,7,-3.34,-11.6,1.0,0.23,14.23
32,8,-3.54,-12.1,1.0,0.22,14.74
32,9,-3.7,-13.5,1.4,0.24,14.62
32,10,-3.37,-13.3,1.7,0.21,14.43
32,11,-2.81,-12.3,1.6,0.25,14.27
32,12,-2.2,-9.1,1.7,0.26,13.92
32,13,-1.85,-8.9,2.0,0.26,13.74
32,14,-1.75,-7.4,1.9,0.24,12.67
32,15,-1.96,-8.0,1.2,0.22,12.37
32,16,-2.49,-9.6,1.1,0.19,13.12
32,17,-2.74,-10.1,1.0,0.24,13.07
32,18,-2.92,-10.1,1.1,0.1,12.83
32,19,-2.71,-10.4,1.4,0.08,13.42
32,20,-2.53,-9.7,2.1,0.03,13.11
32,21,-2.41,-9.6,3.7,0.01,13.88
32,22,-2.44,-9.6,4.2,0.0,13.75
32,23,-2.47,-9.7,3.9,0.0,13.91
33,0,-2.39,-9.9,4.3,0.05,13.83
33,1,-2.49,-10.0,3.9,0.06,13.61
33,2,-2.53,-9.4,4.2,0.09,14.09
33,3,-2.82,-10.1,4.0,0.11,14.76
33,4,-2.88,-10.3,4.1,0.21,14.84
33,5,-2.78,-9.8,4.1,0.26,14.72
33,6,-2.64,-10.6,4.1,0.23,15.03
33,7,-2.47,-11.1,4.1,0.16,14.86
33,8,-2.32,-11.0,4.1,0.11,15.81
33,9,-2.46,-10.6,4.1,0.15,15.52
33,10,-2.26,-9.8,4.2,0.1,14.74
33,11,-2.04,-9.4,4.2,0.07,14.61
33,12,-1.75,-8.8,4.5,0.05,14.42
33,13,-1.38,-7.9,5.0,0.05,13.4
33,14,-1.29,-7.2,4.2,0.09,12.71
33,15,-1.57,-7.6,3.3,0.08,12.68
33,16,-1.96,-8.1,2.4,0.07,13.11
33,17,-2.36,-8.4,1.3,0.03,13.33
33,18,-2.5,-8.4,0.8,0.01,13.52
33,19,-2.47,-8.8,0.5,0.01,13.47
33,20,-2.63,-9.5,0.4,0.01,12.91
33,21,-2.84,-11.0,0.0,0.01,12.89
33,22,-2.87,-12.1,0.5,0.02,12.7
33,23,-2.83,-12.4,0.8,0.1,12.72
34,0,-2.76,-12.1,1.3,0.2,12.46
34,1,-3.09,-12.4,1.4,0.21,12.98
34,2,-3.09,-12.8,1.0,0.25,12.26
34,3,-3.08,-12.1,0.5,0.39,12.24
34,4,-3.17,-11.9,0.4,0.36,12.22
34,5,-3.18,-11.4,0.4,0.27,12.75
34,6,-3.31,-11.3,0.6,0.2,13.04
34,7,-3.43,-12.7,0.9,0.15,13.25
34,8,-3.59,-13.2,1.2,0.19,13.67
34,9,-3.71,-11.8,0.1,0.21,13.51
34,10,-3.67,-11.2,0.2,0.23,13.69
34,11,-3.31,-10.0,1.4,0.17,13.99
34,12,-2.86,-8.1,2.8,0.13,13.4
34,13,-2.68,-7.5,3.6,0.08,12.96
34,14,-2.61,-6.7,3.6,0.04,12.32
34,15,-2.98,-7.5,2.5,0.02,12.3
34,16,-3.35,-8.2,2.6,0.02,12.74
34,17,-3.81,-8.8,2.3,0.03,13.35
34,18,-4.14,-9.5,2.0,0.04,13.4
34,19,-4.57,-10.0,1.1,0.03,12.96
34,20,-4.88,-10.9,0.5,0.01,13.29
34,21,-5.28,-13.8,0.3,0.01,13.31
34,22,-5.32,-12.3,-0.3,0.0,13.05
34,23,-5.54,-11.7,-0.7,0.0,13.05
35,0,-5.72,-11.9,-0.9,0.0,12.77
35,1,-5.81,-12.2,-1.3,0.0,12.37
35,2,-5.77,-12.0,-1.3,0.01,12.34
35,3,-5.63,-13.0,-0.6,0.0,12.82
35,4,-5.38,-12.8,-0.8,0.01,13.28
35,5,-5.35,-13.0,-0.7,0.01,13.33
35,6,-5.41,-13.4,-0.6,0.0,13.21
35,7,-5.41,-13.6,-0.6,0.01,13.15
35,8,-5.43,-13.2,-0.5,0.01,13.56
35,9,-5.28,-12.8,-0.4,0.03,13.92
35,10,-5.0,-12.3,-0.1,0.01,14.59
35,11,-4.55,-11.8,0.6,0.0,14.85
35,12,-4.12,-11.2,1.2,0.01,14.28
35,13,-3.83,-10.6,1.3,0.01,14.36
35,14,-3.71,-9.5,1.1,0.01,14.86
35,15,-4.11,-10.5,0.5,0.01,14.13
35,16,-4.7,-11.6,-0.1,0.04,13.89
35,17,-5.38,-12.4,-0.4,0.12,14.08
35,18,-5.66,-12.7,-0.6,0.18,14.55
35,19,-5.78,-13.0,-0.7,0.15,14.32
35,20,-5.92,-13.1,-1.0,0.13,13.82
35,21,-5.94,-13.2,-1.0,0.16,13.76
35,22,-5.97,-13.6,-1.0,0.05,14.15
35,23,-5.97,-13.9,-1.1,0.06,13.99
36,0,-5.93,-14.1,-1.2,0.06,13.38
36,1,-5.95,-14.4,-1.4,0.1,13.25
36,2,-5.64,-15.1,-0.8,0.1,13.37
36,3,-5.47,-15.4,-0.9,0.14,13.81
36,4,-5.39,-15.3,-0.9,0.13,14.25
36,5,-5.32,-15.6,-0.6,0.13,15.18
36,6,-5.12,-15.4,-0.3,0.14,16.07
36,7,-4.73,-15.0,0.5,0.21,17.01
36,8,-4.4,-14.8,0.8,0.21,17.78
36,9,-4.24,-15.4,0.6,0.18,17.8
36,10,-3.89,-15.1,0.6,0.2,17.61
36,11,-3.36,-14.3,0.7,0.17,17.49
36,12,-3.04,-13.5,0.7,0.12,17.03
36,13,-2.87,-12.9,1.1,0.09,16.77
36,14,-2.8,-12.8,1.3,0.08,16.57
36,15,-2.98,-13.4,1.6,0.1,16.5
36,16,-3.31,-14.1,1.0,0.12,15.87
36,17,-3.85,-15.3,1.1,0.14,16.13
36,18,-4.01,-15.8,1.1,0.16,16.63
36,19,-4.18,-15.7,0.8,0.14,16.65
36,20,-4.17,-15.2,1.1,0.1,16.53
36,21,-4.11,-15.3,1.4,0.06,15.82
36,22,-4.25,-15.8,1.5,0.04,14.89
36,23,-4.39,-15.8,1.4,0.02,14.31
37,0,-4.58,-16.0,1.1,0.02,13.61
37,1,-4.83,-16.3,1.4,0.05,13.03
37,2,-4.88,-16.7,0.7,0.07,13.03
37,3,-5.13,-17.1,1.0,0.07,12.64
37,4,-5.29,-16.0,0.9,0.09,11.98
37,5,-5.43,-16.1,1.3,0.09,12.32
37,6,-5.52,-15.0,1.4,0.07,12.75
37,7,-5.6,-14.0,1.3,0.07,13.42
37,8,-5.85,-14.4,0.6,0.04,14.21
37,9,-5.88,-14.0,0.1,0.02,14.2
37,10,-5.43,-13.1,0.5,0.08,14.25
37,11,-4.81,-11.8,0.9,0.08,14.0
37,12,-4.25,-10.6,1.5,0.08,13.91
37,13,-3.91,-9.9,1.8,0.09,13.72
37,14,-3.63,-9.4,1.9,0.08,13.95
37,15,-3.71,-10.1,2.1,0.04,12.88
37,16,-4.08,-10.5,1.4,0.04,12.88
37,17,-4.65,-10.7,1.5,0.08,12.51
37,18,-5.03,-10.8,1.4,0.09,12.8
37,19,-5.35,-12.0,1.1,0.07,12.99
37,20,-5.6,-13.0,0.8,0.07,12.71
37,21,-5.71,-13.8,1.0,0.08,12.4
37,22,-5.73,-14.7,1.5,0.07,12.13
37,23,-5.68,-15.1,1.9,0.06,12.08
38,0,-5.66,-15.4,2.1,0.04,11.83
38,1,-5.65,-15.7,2.2,0.03,12.42
38,2,-5.65,-15.8,2.3,0.05,12.79
38,3,-5.67,-16.2,2.4,0.04,12.37
38,4,-5.67,-16.2,2.4,0.03,12.42
38,5,-5.58,-16.2,2.3,0.04,12.55
38,6,-5.46,-16.4,2.2,0.1,12.69
38,7,-5.34,-16.2,2.2,0.08,12.57
38,8,-5.36,-16.0,2.2,0.08,12.49
38,9,-5.42,-15.7,2.2,0.08,11.95
38,10,-5.04,-15.0,2.2,0.07,11.47
38,11,-4.06,-13.7,2.2,0.04,11.22
38,12,-3.39,-12.1,2.3,0.01,11.44
38,13,-3.08,-11.0,2.3,0.0,11.0
38,14,-3.08,-10.8,2.4,0.0,11.1
38,15,-3.2,-11.1,2.4,0.01,10.54
38,16,-3.43,-11.6,2.4,0.03,10.63
38,17,-3.59,-11.8,2.3,0.03,11.55
38,18,-3.66,-12.2,2.3,0.03,12.59
38,19,-3.67,-13.1,2.2,0.05,12.71
38,20,-3.88,-13.8,2.2,0.06,11.87
38,21,-4.06,-14.4,1.8,0.05,11.47
38,22,-4.21,-15.0,1.7,0.01,11.86
38,23,-4.35,-15.9,1.7,0.0,11.83
39,0,-4.62,-16.6,1.8,0.0,11.07
39,1,-4.75,-17.6,1.7,0.0,10.81
39,2,-5.07,-18.6,1.7,0.0,10.36
39,3,-5.18,-19.7,1.6,0.03,10.82
39,4,-5.55,-20.0,1.6,0.02,11.57
39,5,-5.43,-19.9,1.5,0.02,11.33
39,6,-5.04,-19.5,1.5,0.05,11.27
39,7,-4.9,-18.6,1.5,0.04,11.77
39,8,-4.93,-18.1,1.5,0.0,11.41
39,9,-4.91,-17.7,1.5,0.02,11.3
39,10,-4.2,-16.4,1.7,0.06,11.42
39,11,-3.31,-14.6,1.9,0.05,11.04
39,12,-2.66,-13.8,2.1,0.05,11.1
39,13,-2.38,-13.2,2.2,0.08,11.53
39,14,-2.37,-12.9,2.3,0.12,12.44
39,15,-2.4,-11.7,2.1,0.08,12.55
39,16,-2.6,-11.8,2.1,0.1,13.21
39,17,-2.93,-12.3,2.2,0.15,13.78
39,18,-3.15,-12.8,2.3,0.15,14.04
39,19,-3.56,-13.5,2.4,0.08,14.42
39,20,-3.59,-14.0,2.3,0.07,14.33
39,21,-3.72,-14.6,2.6,0.02,14.31
39,22,-3.79,-15.0,2.5,0.01,14.76
39,23,-3.86,-15.3,2.2,0.0,14.69
40,0,-4.0,-15.5,2.2,0.0,14.22
40,1,-4.23,-16.0,2.3,0.03,13.75
40,2,-4.53,-16.3,2.5,0.07,13.93
40,3,-4.67,-15.3,2.4,0.07,14.03
40,4,-4.93,-16.1,2.3,0.04,14.68
40,5,-5.15,-16.6,2.4,0.07,14.67
40,6,-5.42,-17.1,2.3,0.14,14.45
40,7,-5.63,-18.1,2.2,0.13,14.93
40,8,-5.75,-18.9,2.2,0.08,15.14
40,9,-5.77,-19.4,2.2,0.06,14.65
40,10,-5.16,-18.2,3.2,0.07,14.5
40,11,-4.32,-16.7,3.7,0.08,13.88
40,12,-3.48,-15.0,3.8,0.07,13.12
40,13,-2.98,-13.5,3.7,0.06,13.3
40,14,-2.86,-12.6,3.8,0.08,13.23
40,15,-3.01,-13.3,3.7,0.09,13.8
40,16,-3.3,-13.9,3.5,0.05,14.7
40,17,-3.66,-14.5,3.2,0.05,15.53
40,18,-3.85,-15.1,3.0,0.08,15.84
40,19,-4.13,-15.8,3.2,0.12,15.91
40,20,-4.26,-16.4,3.5,0.15,15.8
40,21,-4.39,-16.9,4.2,0.15,15.58
40,22,-4.43,-17.4,4.4,0.1,15.65
40,23,-4.43,-18.0,4.3,0.17,15.85
41,0,-4.52,-18.4,3.7,0.24,16.09
41,1,-4.72,-18.6,3.4,0.25,16.26
41,2,-4.95,-18.6,2.5,0.27,14.94
41,3,-5.04,-17.9,2.5,0.29,15.75
41,4,-5.07,-18.1,2.5,0.34,16.63
41,5,-4.89,-18.0,2.5,0.15,15.87
41,6,-5.01,-18.1,2.1,0.17,15.31
41,7,-5.18,-18.4,2.4,0.19,15.2
41,8,-5.26,-18.8,3.3,0.19,16.06
41,9,-4.98,-18.8,3.6,0.13,16.17
41,10,-4.26,-17.6,3.7,0.07,15.5
41,11,-3.46,-16.1,3.6,0.13,15.26
41,12,-2.73,-14.3,3.6,0.13,14.81
41,13,-2.1,-12.7,4.5,0.18,14.84
41,14,-2.24,-12.0,2.4,0.12,14.52
41,15,-2.21,-11.0,2.9,0.08,14.14
41,16,-2.49,-11.2,3.3,0.06,14.49
41,17,-3.08,-11.8,3.7,0.04,15.04
41,18,-3.4,-12.4,3.9,0.03,14.95
41,19,-3.7,-13.1,3.9,0.04,14.43
41,20,-3.9,-13.5,4.0,0.04,13.86
41,21,-4.02,-14.4,3.7,0.14,13.79
41,22,-4.05,-14.8,3.7,0.04,13.27
41,23,-4.06,-14.5,3.5,0.05,13.2
42,0,-4.17,-14.4,3.1,0.12,12.22
42,1,-4.18,-14.8,3.0,0.07,11.49
42,2,-4.24,-15.7,2.4,0.07,11.01
42,3,-4.48,-16.6,2.2,0.05,10.94
42,4,-4.76,-17.1,2.1,0.07,10.45
42,5,-4.85,-17.5,1.9,0.11,10.89
42,6,-4.77,-17.7,2.1,0.12,10.97
42,7,-4.85,-18.0,1.9,0.16,11.13
42,8,-4.91,-18.4,1.8,0.22,11.64
42,9,-4.87,-18.3,1.7,0.19,12.01
42,10,-4.43,-17.4,2.1,0.15,11.52
42,11,-3.84,-16.2,2.5,0.12,11.16
42,12,-3.31,-14.9,3.2,0.11,11.77
42,13,-2.97,-14.0,3.5,0.06,11.74
42,14,-2.57,-12.3,3.7,0.04,11.24
42,15,-2.87,-13.1,3.3,0.04,10.98
42,16,-3.21,-14.0,2.5,0.04,11.41
42,17,-3.73,-15.0,1.7,0.04,11.39
42,18,-3.97,-14.9,1.6,0.02,11.41
42,19,-4.03,-14.5,1.6,0.04,12.13
42,20,-4.09,-14.5,1.5,0.06,12.59
42,21,-4.4,-15.3,1.2,0.06,12.81
42,22,-4.5,-15.4,0.9,0.07,13.04
42,23,-4.57,-15.4,0.8,0.07,13.24
43,0,-4.74,-15.9,0.8,0.1,13.37
43,1,-4.79,-16.4,1.0,0.13,13.41
43,2,-4.65,-14.0,0.8,0.11,13.41
43,3,-4.7,-14.3,1.0,0.14,14.09
43,4,-4.81,-14.2,0.9,0.11,14.14
43,5,-4.75,-14.3,0.9,0.07,14.13
43,6,-4.64,-14.6,1.0,0.06,14.46
43,7,-4.46,-14.7,1.3,0.06,15.42
43,8,-4.4,-14.8,1.5,0.05,15.05
43,9,-4.31,-14.7,1.7,0.04,14.8
43,10,-3.72,-13.6,2.0,0.04,14.15
43,11,-2.93,-12.0,2.5,0.06,15.35
43,12,-2.34,-10.6,2.8,0.08,15.89
43,13,-1.93,-9.8,3.0,0.08,15.94
43,14,-1.75,-10.4,3.6,0.08,16.06
43,15,-1.76,-10.8,3.4,0.1,16.24
43,16,-1.88,-10.8,3.1,0.06,16.13
43,17,-2.28,-11.1,2.4,0.03,16.62
43,18,-2.48,-10.8,1.8,0.03,17.0
43,19,-2.5,-10.0,1.9,0.05,16.95
43,20,-2.35,-9.0,1.9,0.04,17.06
43,21,-2.41,-8.8,1.5,0.04,16.85
43,22,-2.47,-8.5,1.8,0.05,16.06
43,23,-2.47,-8.6,1.8,0.05,15.47
44,0,-2.51,-8.7,2.0,0.03,14.92
44,1,-2.62,-8.8,2.2,0.09,14.26
44,2,-2.63,-10.3,2.5,0.07,15.25
44,3,-2.51,-9.5,2.6,0.1,16.03
44,4,-2.35,-8.9,3.1,0.08,15.73
44,5,-2.3,-8.7,3.0,0.09,16.02
44,6,-2.11,-8.9,3.4,0.13,17.36
44,7,-1.95,-9.1,4.2,0.08,18.73
44,8,-1.93,-9.5,4.7,0.03,18.92
44,9,-1.86,-9.9,5.1,0.07,19.18
44,10,-1.59,-10.5,5.5,0.06,18.21
44,11,-1.21,-10.6,5.6,0.07,18.81
44,12,-0.75,-10.5,5.7,0.04,19.19
44,13,-0.37,-10.2,5.7,0.04,18.79
44,14,-0.18,-9.7,6.1,0.02,18.5
44,15,-0.1,-8.6,5.5,0.03,16.95
44,16,-0.25,-8.4,5.1,0.03,16.28
44,17,-0.54,-7.6,4.4,0.04,16.52
44,18,-0.83,-7.3,4.0,0.09,16.71
44,19,-1.26,-7.3,3.4,0.09,16.76
44,20,-1.59,-7.2,3.1,0.08,16.97
44,21,-1.6,-7.6,2.7,0.11,17.13
44,22,-1.61,-8.1,2.4,0.1,17.14
44,23,-1.41,-8.6,2.4,0.12,17.32
45,0,-1.35,-8.6,2.7,0.11,17.05
45,1,-1.21,-8.2,2.9,0.09,16.6
45,2,-1.16,-8.5,4.4,0.08,16.62
45,3,-1.53,-9.0,3.4,0.03,16.2
45,4,-1.55,-8.8,2.9,0.03,16.43
45,5,-1.6,-8.6,2.5,0.06,16.24
45,6,-1.71,-8.4,2.2,0.08,15.72
45,7,-1.82,-8.3,2.0,0.12,15.1
45,8,-1.95,-8.2,1.8,0.1,14.01
45,9,-1.85,-8.3,1.7,0.08,13.03
45,10,-1.42,-8.4,2.4,0.06,12.35
45,11,-0.91,-8.4,3.2,0.04,12.41
45,12,-0.39,-8.1,3.9,0.03,11.95
45,13,-0.05,-8.0,4.3,0.04,11.79
45,14,0.01,-7.8,4.9,0.04,11.76
45,15,-0.29,-7.4,4.0,0.09,10.91
45,16,-0.57,-7.4,3.0,0.19,11.49
45,17,-1.18,-7.7,1.3,0.23,11.34
45,18,-1.41,-7.7,1.1,0.16,11.67
45,19,-1.57,-7.7,1.8,0.1,10.95
45,20,-1.47,-7.6,2.3,0.07,10.86
45,21,-1.52,-7.7,2.7,0.07,10.81
45,22,-1.61,-8.0,2.7,0.04,10.03
45,23,-1.81,-8.2,2.3,0.04,9.08
46,0,-2.06,-8.6,2.2,0.04,8.74
46,1,-2.24,-8.7,2.1,0.03,9.15
46,2,-2.17,-8.7,2.2,0.05,9.39
46,3,-2.17,-9.3,2.5,0.02,9.72
46,4,-2.22,-9.5,3.7,0.01,9.58
46,5,-2.46,-10.7,4.2,0.0,9.76
46,6,-2.54,-10.1,4.0,0.0,10.01
46,7,-2.81,-10.2,4.1,0.0,10.46
46,8,-2.9,-10.7,4.3,0.0,10.79
46,9,-2.84,-11.0,4.8,0.0,11.38
46,10,-1.77,-10.7,5.4,0.01,11.4
46,11,-1.08,-10.0,5.7,0.01,11.7
46,12,-0.68,-9.1,6.1,0.03,11.6
46,13,-0.48,-8.0,5.9,0.03,11.72
46,14,-0.58,-7.8,6.1,0.04,12.67
46,15,-0.95,-7.1,5.0,0.15,13.43
46,16,-1.33,-7.5,4.4,0.23,14.49
46,17,-1.62,-7.9,4.1,0.19,14.13
46,18,-1.7,-7.8,3.3,0.13,13.87
46,19,-1.51,-7.8,2.4,0.08,13.99
46,20,-1.52,-8.0,2.3,0.02,13.82
46,21,-1.57,-8.4,2.7,0.0,14.1
46,22,-1.65,-9.2,2.7,0.02,14.11
46,23,-1.81,-9.4,2.7,0.03,13.57
47,0,-1.96,-9.5,2.5,0.02,13.03
47,1,-2.01,-9.6,2.6,0.04,12.85
47,2,-1.93,-9.9,3.2,0.01,12.89
47,3,-2.25,-11.2,3.3,0.0,12.8
47,4,-2.4,-11.7,3.3,0.01,13.29
47,5,-2.43,-12.6,3.2,0.01,13.32
47,6,-2.59,-13.5,3.2,0.02,13.3
47,7,-2.65,-13.6,3.0,0.1,13.66
47,8,-2.8,-13.1,2.4,0.15,13.73
47,9,-2.71,-12.4,2.6,0.16,13.61
47,10,-2.2,-11.7,3.5,0.13,13.27
47,11,-1.65,-11.1,4.3,0.07,13.45
47,12,-1.12,-10.4,4.8,0.05,14.99
47,13,-0.85,-9.7,4.8,0.08,14.76
47,14,-0.6,-8.8,5.4,0.26,14.75
47,15,-0.63,-7.3,4.4,0.43,15.22
47,16,-0.78,-7.0,3.7,0.44,15.32
47,17,-1.2,-6.8,3.1,0.49,14.8
47,18,-1.22,-6.6,3.4,0.54,14.8
47,19,-1.06,-7.2,4.0,0.56,15.02
47,20,-1.13,-7.8,4.7,0.74,15.41
47,21,-1.18,-8.4,5.1,0.39,15.93
47,22,-1.28,-8.7,5.5,0.31,15.32
47,23,-1.39,-8.9,5.8,0.24,14.92
48,0,-1.5,-9.5,5.9,0.14,14.57
48,1,-1.63,-10.0,5.8,0.24,14.79
48,2,-1.88,-11.3,4.5,0.34,14.74
48,3,-2.11,-12.4,4.4,0.54,14.14
48,4,-2.25,-12.8,4.1,0.68,14.26
48,5,-2.34,-13.2,4.1,0.37,14.27
48,6,-2.28,-13.3,4.4,0.39,14.57
48,7,-2.3,-13.2,3.9,0.31,14.66
48,8,-2.46,-13.5,2.6,0.28,13.87
48,9,-2.01,-13.4,3.5,0.05,14.25
48,10,-1.48,-12.7,3.9,0.09,14.95
48,11,-1.08,-12.3,4.4,0.14,14.91
48,12,-0.77,-12.0,4.7,0.21,14.72
48,13,-0.59,-11.8,5.2,0.21,14.6
48,14,-0.55,-11.6,4.8,0.13,14.8
48,15,-0.81,-12.0,4.9,0.15,14.56
48,16,-1.37,-12.5,4.9,0.1,13.42
48,17,-2.1,-14.0,4.6,0.13,13.16
48,18,-2.59,-15.3,4.6,0.15,14.28
48,19,-2.86,-16.0,5.0,0.16,15.26
48,20,-3.09,-16.7,5.3,0.12,15.83
48,21,-3.2,-17.3,5.3,0.13,16.14
48,22,-3.4,-17.7,5.0,0.11,16.5
48,23,-3.71,-18.0,5.1,0.1,16.83
49,0,-3.84,-18.2,5.2,0.06,16.6
49,1,-4.41,-18.6,5.0,0.06,16.6
49,2,-4.87,-19.9,4.1,0.11,15.61
49,3,-5.19,-21.2,4.4,0.14,15.26
49,4,-5.38,-21.6,4.6,0.11,15.62
49,5,-5.36,-21.7,4.8,0.06,15.5
49,6,-5.23,-21.1,4.6,0.07,15.05
49,7,-5.04,-20.6,4.6,0.06,14.85
49,8,-5.02,-21.0,4.7,0.06,14.95
49,9,-4.48,-18.9,4.9,0.07,14.97
49,10,-3.3,-14.6,5.6,0.03,14.98
49,11,-2.47,-12.9,6.2,0.03,15.5
49,12,-1.72,-10.6,6.5,0.06,15.76
49,13,-1.25,-10.1,6.7,0.05,16.83
49,14,-1.03,-9.5,6.3,0.07,15.99
49,15,-0.96,-9.8,6.1,0.03,14.63
49,16,-1.54,-10.2,5.5,0.02,14.14
49,17,-2.17,-11.0,4.9,0.08,14.27
49,18,-2.46,-10.7,4.8,0.07,14.09
49,19,-2.56,-9.7,4.9,0.04,13.85
49,20,-2.95,-10.0,4.7,0.05,14.27
49,21,-2.93,-9.7,4.7,0.07,14.15
49,22,-2.96,-9.4,4.5,0.05,13.61
49,23,-3.29,-11.0,4.4,0.05,13.21
50,0,-3.68,-12.5,4.2,0.08,13.0
50,1,-3.37,-9.8,4.1,0.06,12.49
50,2,-3.09,-10.8,4.4,0.06,12.42
50,3,-2.99,-11.1,3.8,0.08,13.3
50,4,-3.05,-11.4,2.9,0.06,12.95
50,5,-3.1,-11.9,2.6,0.06,12.88
50,6,-3.06,-12.3,2.4,0.05,12.58
50,7,-3.13,-12.2,2.4,0.09,12.16
50,8,-3.12,-11.7,2.6,0.07,12.37
50,9,-2.75,-10.7,2.9,0.07,12.17
50,10,-2.2,-9.8,3.8,0.12,12.27
50,11,-1.66,-8.6,4.6,0.08,12.13
50,12,-1.09,-7.5,5.0,0.09,12.41
50,13,-0.67,-6.7,5.2,0.13,12.42
50,14,-0.65,-6.9,4.9,0.13,12.48
50,15,-0.68,-6.9,4.7,0.14,11.79
50,16,-0.95,-7.1,4.3,0.24,11.22
50,17,-1.63,-8.1,3.8,0.13,11.15
50,18,-2.08,-9.0,3.3,0.1,11.71
50,19,-2.35,-10.1,2.9,0.08,11.55
50,20,-2.55,-10.9,2.8,0.04,11.43
50,21,-2.81,-11.5,2.2,0.04,11.49
50,22,-3.21,-12.1,1.8,0.04,11.26
50,23,-3.49,-12.6,1.5,0.06,11.25
51,0,-3.7,-13.1,1.5,0.04,11.04
51,1,-3.75,-13.5,1.7,0.04,10.69
51,2,-3.71,-14.2,2.1,0.05,10.41
51,3,-4.41,-15.2,1.9,0.05,9.66
51,4,-4.6,-15.3,1.9,0.07,9.23
51,5,-4.71,-15.2,1.5,0.09,9.34
51,6,-4.7,-15.2,1.0,0.09,9.5
51,7,-4.72,-15.2,0.6,0.07,9.6
51,8,-4.6,-15.7,0.1,0.07,9.99
51,9,-3.89,-15.3,0.8,0.08,10.02
51,10,-3.04,-13.8,1.2,0.09,9.63
51,11,-2.48,-12.2,0.1,0.11,10.94
51,12,-2.13,-11.1,0.6,0.06,11.44
51,13,-1.77,-10.3,0.6,0.04,11.43
51,14,-1.57,-7.7,0.7,0.04,11.56
51,15,-1.59,-7.6,1.1,0.06,11.83
51,16,-1.89,-8.0,1.0,0.09,11.54
51,17,-2.13,-8.1,0.8,0.12,12.21
51,18,-2.35,-8.4,0.8,0.16,13.17
51,19,-2.79,-9.3,0.2,0.2,14.57
51,20,-2.88,-9.8,0.4,0.2,14.15
51,21,-2.75,-10.2,0.8,0.14,14.83
51,22,-2.57,-9.9,1.5,0.15,15.55
51,23,-2.37,-9.8,2.2,0.14,15.35
52,0,-2.32,-10.0,2.6,0.14,14.85
52,1,-2.38,-10.3,2.6,0.1,14.91
52,2,-2.8,-14.0,2.5,0.05,15.05
52,3,-2.93,-14.8,2.2,0.01,15.5
52,4,-3.11,-14.9,2.4,0.03,15.99
52,5,-3.39,-14.9,2.4,0.07,16.27
52,6,-3.54,-14.4,2.3,0.13,16.35
52,7,-3.68,-14.2,1.8,0.14,16.71
52,8,-3.8,-14.1,1.9,0.14,17.24
52,9,-3.65,-13.7,1.9,0.13,17.16
52,10,-3.2,-12.6,2.2,0.1,16.23
52,11,-2.71,-10.7,2.4,0.06,15.52
52,12,-2.26,-9.1,2.2,0.02,16.08
52,13,-1.87,-8.0,3.2,0.01,15.47
52,14,-1.82,-9.1,2.9,0.09,16.03
52,15,-2.07,-9.6,2.3,0.3,15.38
52,16,-2.21,-8.8,1.8,0.35,14.14
52,17,-2.79,-9.1,2.3,0.32,16.26
52,18,-3.34,-9.9,3.0,0.28,16.5
52,19,-4.09,-14.5,2.9,0.45,16.69
52,20,-4.25,-13.9,2.6,0.33,16.1
52,21,-4.46,-14.0,2.6,0.23,15.37
52,22,-4.54,-14.0,3.1,0.21,14.3
52,23,-4.68,-13.8,3.3,0.21,13.22
53,0,-5.03,-14.0,3.6,0.2,13.41
53,1,-5.15,-14.5,3.9,0.19,12.88
53,2,-5.46,-16.9,3.6,0.23,12.27
53,3,-5.47,-18.3,3.7,0.3,11.57
53,4,-5.63,-19.4,4.0,0.21,11.83
53,5,-5.78,-19.3,4.1,0.12,12.65
53,6,-6.11,-20.1,3.9,0.1,13.51
53,7,-5.82,-20.1,3.8,0.09,13.64
53,8,-5.78,-20.4,3.4,0.11,14.07
53,9,-5.45,-19.9,3.6,0.15,13.83
53,10,-4.64,-16.2,3.7,0.18,14.03
53,11,-3.98,-12.7,3.6,0.21,13.53
53,12,-3.48,-10.6,3.6,0.19,13.49
53,13,-3.13,-10.0,2.9,0.27,13.63
53,14,-3.18,-8.6,1.7,0.26,13.22
53,15,-3.33,-8.4,1.6,0.23,12.97
53,16,-3.61,-8.7,1.5,0.32,13.24
53,17,-4.06,-9.3,1.7,0.26,14.42
53,18,-4.39,-10.2,2.4,0.29,14.44
53,19,-4.84,-15.2,3.6,0.31,14.87
53,20,-4.92,-16.6,4.5,0.16,15.03
53,21,-5.04,-16.4,4.2,0.2,15.21
53,22,-4.76,-16.7,4.1,0.07,15.14
53,23,-4.96,-17.5,2.4,0.08,15.35
54,0,-4.45,-18.2,3.4,0.04,15.28
54,1,-4.12,-18.7,3.8,0.03,15.25
54,2,-4.16,-17.9,2.5,0.06,15.28
54,3,-4.25,-18.5,2.6,0.17,15.72
54,4,-4.24,-18.8,2.3,0.14,16.21
54,5,-4.19,-18.4,2.0,0.12,16.12
54,6,-4.19,-18.6,1.7,0.06,15.99
54,7,-4.19,-18.3,1.3,0.06,15.39
54,8,-4.09,-17.5,1.5,0.12,15.45
54,9,-3.62,-15.9,2.0,0.12,15.08
54,10,-3.02,-13.6,3.2,0.12,14.77
54,11,-2.34,-11.6,4.6,0.14,16.19
54,12,-1.64,-9.8,5.1,0.13,15.62
54,13,-0.91,-8.4,5.4,0.11,15.4
54,14,-0.8,-8.9,5.2,0.1,15.39
54,15,-0.91,-8.7,5.1,0.14,14.65
54,16,-0.88,-8.9,4.9,0.14,13.77
54,17,-1.16,-9.3,4.5,0.17,14.02
54,18,-1.49,-10.4,4.1,0.17,14.21
54,19,-1.53,-11.0,3.6,0.06,13.92
54,20,-1.6,-12.0,3.3,0.06,13.58
54,21,-1.7,-12.8,2.8,0.05,13.7
54,22,-1.94,-13.4,2.4,0.05,13.99
54,23,-2.16,-14.0,1.9,0.04,13.83
55,0,-2.48,-14.6,1.4,0.08,12.7
55,1,-2.72,-14.8,0.9,0.06,12.52
55,2,-2.85,-15.0,0.8,0.02,11.86
55,3,-3.07,-15.5,0.7,0.01,11.81
55,4,-2.68,-16.0,0.8,0.01,13.06
55,5,-2.73,-16.8,0.8,0.0,13.14
55,6,-3.01,-17.4,0.8,0.0,13.82
55,7,-3.11,-17.7,1.0,0.01,14.03
55,8,-3.19,-17.9,1.2,0.01,14.31
55,9,-2.65,-17.1,1.7,0.0,13.46
55,10,-1.93,-15.8,2.4,0.01,13.33
55,11,-1.19,-14.4,3.0,0.01,14.08
55,12,-0.65,-13.0,3.4,0.0,15.25
55,13,-0.24,-11.8,3.6,0.0,16.19
55,14,-0.42,-11.2,3.2,0.04,16.13
55,15,-0.41,-11.0,3.4,0.08,16.26
55,16,-0.45,-11.3,3.4,0.14,15.55
55,17,-0.8,-12.6,3.3,0.23,15.37
55,18,-1.03,-13.7,3.7,0.33,15.74
55,19,-1.39,-14.4,4.1,0.3,15.64
55,20,-1.64,-15.1,4.3,0.21,15.66
55,21,-1.68,-15.7,4.4,0.13,15.75
55,22,-1.75,-16.1,4.7,0.26,16.03
55,23,-2.03,-16.5,4.6,0.21,15.44
56,0,-2.28,-16.8,4.4,0.2,15.57
56,1,-2.68,-17.2,4.0,0.04,16.61
56,2,-2.87,-17.7,4.1,0.01,16.48
56,3,-3.1,-18.4,3.5,0.02,16.14
56,4,-3.21,-18.5,3.4,0.01,15.86
56,5,-3.32,-18.4,3.3,0.04,15.72
56,6,-3.45,-18.4,3.4,0.01,15.74
56,7,-3.52,-18.4,3.4,0.04,15.88
56,8,-3.38,-17.8,3.3,0.08,15.83
56,9,-2.63,-16.3,3.5,0.11,14.98
56,10,-1.61,-13.9,4.0,0.1,14.72
56,11,-0.84,-11.8,4.6,0.12,14.43
56,12,-0.15,-10.0,4.9,0.2,13.7
56,13,0.38,-8.5,5.2,0.15,13.87
56,14,0.64,-7.6,6.1,0.06,14.17
56,15,0.53,-7.5,5.3,0.03,12.9
56,16,0.23,-7.5,4.6,0.07,12.31
56,17,-0.47,-7.9,3.6,0.18,12.99
56,18,-0.83,-8.0,3.8,0.14,14.24
56,19,-0.93,-8.0,3.9,0.06,14.64
56,20,-1.19,-7.9,3.9,0.07,14.82
56,21,-1.42,-8.2,4.6,0.06,15.16
56,22,-1.6,-8.5,4.9,0.05,14.75
56,23,-1.75,-9.3,4.8,0.07,14.71
57,0,-1.9,-9.7,4.4,0.05,14.37
57,1,-2.08,-10.0,4.0,0.04,14.31
57,2,-1.95,-9.5,4.6,0.07,14.0
57,3,-2.31,-9.8,4.1,0.07,13.71
57,4,-2.27,-9.7,3.6,0.03,13.71
57,5,-2.37,-9.3,3.3,0.02,14.54
57,6,-2.42,-9.3,3.0,0.03,14.87
57,7,-2.37,-9.3,2.8,0.07,14.57
57,8,-2.41,-9.6,2.6,0.07,15.13
57,9,-2.08,-9.3,2.5,0.11,14.38
57,10,-1.57,-8.6,2.8,0.14,14.76
57,11,-1.09,-8.0,3.4,0.1,15.29
57,12,-0.61,-7.0,3.9,0.08,15.13
57,13,-0.28,-7.1,4.4,0.09,15.05
57,14,-0.33,-8.6,4.2,0.07,14.26
57,15,-0.38,-9.1,4.0,0.12,13.24
57,16,-0.69,-9.8,3.4,0.04,12.04
57,17,-1.39,-10.6,2.4,0.02,10.9
57,18,-2.24,-11.5,1.6,0.02,11.32
57,19,-2.57,-11.3,1.5,0.02,12.26
57,20,-2.85,-12.1,1.5,0.0,11.97
57,21,-3.1,-12.5,2.2,0.0,11.75
57,22,-3.46,-13.0,2.6,0.0,11.68
57,23,-4.08,-13.2,2.1,0.0,11.65
58,0,-4.7,-14.5,1.6,0.0,12.1
58,1,-5.21,-15.4,1.4,0.0,12.49
58,2,-5.05,-16.2,1.4,0.0,12.53
58,3,-5.22,-16.7,0.9,0.0,11.94
58,4,-5.32,-17.4,0.9,0.0,12.05
58,5,-5.37,-17.9,0.8,0.0,12.43
58,6,-5.43,-18.4,0.8,0.0,12.35
58,7,-5.44,-18.8,1.0,0.0,13.01
58,8,-5.44,-18.9,1.4,0.0,12.63
58,9,-4.69,-18.5,1.9,0.0,12.27
58,10,-3.69,-18.1,2.6,0.0,12.51
58,11,-2.9,-17.3,3.2,0.0,12.22
58,12,-2.08,-16.7,4.0,0.0,12.58
58,13,-1.26,-16.3,5.2,0.0,11.88
58,14,-0.79,-16.6,5.7,0.0,12.48
58,15,-0.68,-16.5,5.2,0.0,12.19
58,16,-0.83,-16.4,4.6,0.0,12.27
58,17,-1.42,-16.8,3.4,0.0,12.24
58,18,-2.07,-17.7,2.7,0.01,13.27
58,19,-2.24,-18.3,2.8,0.01,13.91
58,20,-2.21,-18.7,2.9,0.0,14.08
58,21,-2.16,-19.0,3.5,0.0,14.55
58,22,-2.23,-19.1,3.9,0.02,14.39
58,23,-2.18,-19.1,3.7,0.02,14.45
59,0,-2.385,-18.9,3.0,0.008,13.531
59,1,-2.415,-18.7,2.5,0.015,13.469
59,2,-2.485,-18.7,2.4,0.038,12.792
59,3,-2.785,-18.8,2.3,0.038,12.7
59,4,-2.931,-19.1,2.2,0.031,12.592
59,5,-2.992,-19.7,2.6,0.023,12.962
59,6,-3.077,-20.1,2.6,0.0,12.669
59,7,-3.2,-20.6,2.5,0.0,12.377
59,8,-3.223,-21.1,2.5,0.008,12.538
59,9,-2.415,-20.8,3.2,0.008,12.038
59,10,-1.392,-19.8,4.1,0.0,11.292
59,11,-0.438,-18.3,4.8,0.008,11.492
59,12,0.115,-16.8,5.5,0.031,11.538
59,13,0.408,-15.6,6.0,0.015,11.577
59,14,0.662,-15.2,7.0,0.0,11.362
59,15,0.792,-14.6,6.3,0.0,11.085
59,16,0.538,-14.3,5.5,0.015,10.677
59,17,-0.323,-15.1,3.7,0.0,10.662
59,18,-1.323,-16.1,2.4,0.008,11.423
59,19,-1.762,-16.5,2.7,0.085,11.446
59,20,-2.131,-16.9,2.4,0.123,11.077
59,21,-2.292,-17.3,2.6,0.031,11.838
59,22,-2.515,-17.7,2.8,0.046,12.377
59,23,-2.646,-17.8,2.7,0.031,12.431
60,0,-2.49,-17.7,2.7,0.1,13.71
60,1,-2.81,-17.8,1.3,0.22,13.94
60,2,-2.7,-17.8,0.9,0.24,13.49
60,3,-2.93,-18.4,1.0,0.01,12.84
60,4,-3.13,-18.6,1.4,0.0,13.06
60,5,-3.24,-18.7,1.7,0.0,13.21
60,6,-3.47,-19.0,1.1,0.02,13.44
60,7,-3.59,-19.4,1.1,0.05,13.8
60,8,-3.54,-19.4,1.0,0.08,13.37
60,9,-2.98,-18.5,1.8,0.06,12.71
60,10,-2.2,-16.5,2.6,0.05,12.03
60,11,-1.41,-14.4,3.6,0.04,12.83
60,12,-0.69,-12.7,4.7,0.1,12.67
60,13,-0.21,-11.4,4.8,0.14,11.49
60,14,0.45,-10.0,5.5,0.12,11.18
60,15,0.31,-9.7,5.1,0.08,12.36
60,16,0.09,-10.1,4.7,0.05,12.76
60,17,-0.68,-12.7,4.5,0.06,13.21
60,18,-1.49,-14.6,3.7,0.06,13.54
60,19,-1.75,-13.0,3.3,0.1,13.35
60,20,-2.09,-13.7,2.9,0.1,12.9
60,21,-2.3,-14.3,2.5,0.12,13.31
60,22,-2.34,-14.7,2.8,0.1,14.14
60,23,-2.38,-15.6,2.9,0.04,13.99
61,0,-2.46,-16.2,3.4,0.0,13.87
61,1,-2.45,-16.6,3.1,0.01,13.1
61,2,-2.32,-17.2,2.9,0.02,13.16
61,3,-2.28,-18.2,2.7,0.04,13.55
61,4,-2.27,-18.3,2.8,0.03,14.57
61,5,-2.23,-18.5,2.7,0.03,15.08
61,6,-2.34,-18.2,2.5,0.04,15.38
61,7,-2.41,-17.4,2.2,0.03,15.1
61,8,-2.28,-16.5,2.4,0.01,15.15
61,9,-1.45,-14.3,3.0,0.01,15.55
61,10,-0.63,-12.4,3.5,0.01,14.72
61,11,0.21,-10.7,4.5,0.01,15.29
61,12,0.91,-9.2,5.2,0.03,16.39
61,13,1.34,-8.2,5.4,0.04,16.96
61,14,1.42,-8.1,4.9,0.01,16.92
61,15,1.01,-7.7,5.0,0.01,17.23
61,16,0.74,-7.8,4.7,0.01,16.65
61,17,0.19,-8.6,3.5,0.03,16.4
61,18,-0.58,-10.2,2.4,0.03,16.65
61,19,-0.96,-10.9,2.2,0.0,16.21
61,20,-1.25,-11.6,1.8,0.0,15.86
61,21,-1.32,-12.3,1.5,0.0,15.68
61,22,-1.5,-12.8,1.7,0.0,14.48
61,23,-1.88,-13.0,1.0,0.0,13.38
62,0,-2.19,-12.7,0.8,0.0,11.89
62,1,-2.53,-12.4,0.8,0.0,11.26
62,2,-2.47,-12.7,0.5,0.0,11.91
62,3,-2.48,-13.1,0.4,0.0,11.89
62,4,-2.62,-13.2,0.7,0.0,11.93
62,5,-2.63,-13.2,1.7,0.01,12.02
62,6,-2.79,-13.2,2.1,0.01,12.11
62,7,-2.95,-13.2,2.1,0.01,12.34
62,8,-2.93,-13.1,1.8,0.0,12.37
62,9,-2.29,-12.2,2.2,0.0,12.55
62,10,-1.55,-11.0,2.1,0.0,11.54
62,11,-0.76,-10.0,3.1,0.0,11.9
62,12,0.01,-9.1,4.9,0.0,11.8
62,13,0.44,-8.4,5.5,0.02,11.56
62,14,1.07,-7.0,6.3,0.08,12.18
62,15,0.53,-7.0,5.1,0.1,13.1
62,16,0.11,-7.1,4.6,0.14,12.4
62,17,-0.53,-9.1,3.9,0.13,12.82
62,18,-1.38,-11.4,3.4,0.14,13.16
62,19,-1.62,-12.2,3.0,0.07,13.4
62,20,-1.75,-11.9,2.1,0.0,13.54
62,21,-2.14,-12.7,1.4,0.0,13.57
62,22,-2.45,-13.7,1.7,0.19,13.23
62,23,-2.56,-14.2,1.9,0.01,12.26
63,0,-3.0,-14.7,1.8,0.01,12.13
63,1,-3.16,-15.3,1.9,0.02,12.39
63,2,-3.52,-15.3,1.5,0.02,12.44
63,3,-3.78,-16.0,1.3,0.0,12.11
63,4,-4.02,-16.3,1.1,0.0,12.53
63,5,-4.08,-16.7,1.6,0.0,13.47
63,6,-4.19,-16.6,1.7,0.0,13.89
63,7,-4.23,-16.7,1.9,0.0,14.61
63,8,-4.18,-17.0,2.2,0.02,14.79
63,9,-3.54,-15.4,2.7,0.05,14.87
63,10,-2.62,-13.3,3.3,0.18,15.61
63,11,-1.58,-11.4,4.3,0.07,15.36
63,12,-0.81,-9.8,4.7,0.15,15.15
63,13,-0.36,-8.6,4.9,0.3,15.11
63,14,-0.18,-8.1,4.9,0.39,14.74
63,15,-0.26,-7.5,4.6,0.2,13.92
63,16,-0.5,-7.6,4.1,0.11,12.82
63,17,-1.18,-7.3,3.0,0.14,12.46
63,18,-1.88,-7.8,2.1,0.08,13.61
63,19,-2.68,-11.5,1.9,0.04,13.51
63,20,-2.95,-11.5,2.9,0.01,13.33
63,21,-3.15,-11.7,3.2,0.0,13.6
63,22,-3.54,-12.4,3.2,0.01,12.42
63,23,-3.85,-13.0,3.1,0.0,12.1
64,0,-4.11,-13.6,2.8,0.0,12.24
64,1,-4.36,-14.3,2.8,0.0,11.37
64,2,-4.5,-14.8,2.5,0.02,11.12
64,3,-4.64,-15.5,2.6,0.07,11.36
64,4,-4.97,-15.6,2.6,0.14,12.4
64,5,-5.07,-15.8,2.6,0.18,12.57
64,6,-5.3,-15.9,2.6,0.11,12.69
64,7,-5.5,-16.2,2.6,0.07,12.65
64,8,-5.31,-16.1,2.8,0.09,12.26
64,9,-4.26,-13.8,3.5,0.06,11.67
64,10,-3.1,-10.8,3.9,0.04,11.74
64,11,-2.04,-8.7,4.8,0.05,11.67
64,12,-1.28,-7.9,5.4,0.02,11.79
64,13,-0.77,-7.2,6.3,0.01,12.54
64,14,-0.4,-6.6,7.4,0.01,13.33
64,15,-0.34,-6.1,7.3,0.01,12.64
64,16,-0.57,-5.8,7.1,0.03,12.17
64,17,-1.46,-6.0,5.9,0.01,11.45
64,18,-2.8,-7.2,4.7,0.0,13.03
64,19,-3.51,-7.9,4.1,0.0,13.25
64,20,-3.67,-8.9,4.0,0.0,12.73
64,21,-4.0,-9.8,4.1,0.01,13.09
64,22,-4.34,-10.7,3.8,0.02,12.64
64,23,-4.59,-11.3,3.4,0.01,12.24
65,0,-4.86,-11.9,3.1,0.0,12.06
65,1,-5.28,-12.5,2.5,0.0,12.16
65,2,-4.98,-12.5,2.7,0.01,12.04
65,3,-5.14,-13.3,3.3,0.06,11.29
65,4,-5.36,-14.0,3.5,0.02,11.11
65,5,-5.5,-14.7,3.4,0.0,11.39
65,6,-5.56,-15.5,3.7,0.0,12.02
65,7,-5.48,-16.0,4.1,0.0,12.62
65,8,-5.15,-15.6,4.6,0.0,13.23
65,9,-3.93,-13.5,5.6,0.01,13.05
65,10,-2.47,-10.4,7.1,0.02,13.26
65,11,-1.42,-8.1,8.5,0.04,13.32
65,12,-0.67,-6.6,9.6,0.02,13.8
65,13,0.05,-5.5,9.8,0.0,14.35
65,14,0.54,-5.4,10.2,0.0,15.0
65,15,0.52,-5.5,10.1,0.01,14.96
65,16,0.39,-5.6,10.1,0.03,14.66
65,17,-0.18,-5.5,9.4,0.05,14.18
65,18,-0.88,-5.7,8.3,0.01,15.06
65,19,-1.26,-5.5,7.4,0.02,14.9
65,20,-1.53,-6.0,6.7,0.03,15.2
65,21,-1.89,-6.7,5.8,0.03,15.33
65,22,-2.32,-7.1,5.1,0.02,15.55
65,23,-2.72,-7.4,4.5,0.02,14.92
66,0,-3.24,-7.9,4.2,0.01,15.14
66,1,-3.49,-8.7,4.9,0.01,14.85
66,2,-3.73,-10.3,4.4,0.03,15.02
66,3,-3.74,-12.0,4.5,0.03,14.47
66,4,-4.17,-13.3,3.7,0.02,14.49
66,5,-4.45,-14.3,2.6,0.02,13.9
66,6,-4.63,-15.7,1.4,0.02,13.24
66,7,-4.62,-16.3,0.7,0.04,13.03
66,8,-4.46,-16.1,0.6,0.07,12.56
66,9,-3.53,-13.7,1.6,0.05,12.67
66,10,-2.34,-9.7,2.8,0.08,12.45
66,11,-1.56,-7.7,3.4,0.11,12.76
66,12,-0.91,-6.5,3.6,0.14,13.06
66,13,-0.51,-5.9,4.7,0.12,13.19
66,14,-0.19,-4.6,5.1,0.1,13.3
66,15,-0.32,-4.6,5.9,0.08,13.92
66,16,-0.45,-4.9,5.3,0.09,12.78
66,17,-1.08,-5.8,3.9,0.1,12.25
66,18,-2.1,-6.8,1.8,0.08,13.0
66,19,-2.29,-7.3,2.3,0.05,13.54
66,20,-2.27,-7.5,3.3,0.06,13.67
66,21,-2.34,-7.7,3.7,0.06,13.66
66,22,-2.44,-8.0,3.8,0.08,12.83
66,23,-2.39,-8.1,2.2,0.11,13.03
67,0,-2.48,-8.2,1.6,0.14,13.41
67,1,-2.45,-8.0,2.0,0.15,13.21
67,2,-2.34,-7.6,1.9,0.13,13.33
67,3,-2.52,-7.9,2.3,0.11,13.54
67,4,-2.46,-8.0,2.4,0.1,13.75
67,5,-2.31,-7.6,2.9,0.13,14.22
67,6,-2.25,-7.2,3.2,0.13,14.25
67,7,-2.25,-7.3,3.5,0.09,14.01
67,8,-1.91,-7.6,4.0,0.12,13.52
67,9,-1.25,-7.6,5.2,0.09,13.81
67,10,-0.71,-7.4,6.7,0.1,13.71
67,11,-0.32,-6.9,7.8,0.13,13.97
67,12,0.14,-6.2,9.2,0.1,14.92
67,13,0.42,-5.5,9.7,0.1,15.66
67,14,0.66,-4.3,9.9,0.05,15.21
67,15,0.36,-4.3,9.9,0.05,14.78
67,16,0.22,-4.5,9.5,0.06,14.65
67,17,-0.28,-6.2,8.3,0.1,14.04
67,18,-0.89,-7.6,6.4,0.1,14.12
67,19,-1.34,-8.7,4.8,0.1,13.88
67,20,-1.86,-11.6,3.8,0.12,14.02
67,21,-2.12,-11.9,3.0,0.1,13.82
67,22,-2.38,-10.8,2.3,0.11,13.43
67,23,-2.24,-9.1,1.8,0.11,12.75
68,0,-2.28,-8.7,1.3,0.1,12.64
68,1,-2.37,-9.0,1.5,0.13,12.0
68,2,-2.52,-9.4,2.1,0.14,13.07
68,3,-2.54,-10.4,2.4,0.14,12.66
68,4,-2.78,-10.9,2.6,0.17,14.91
68,5,-2.94,-11.4,2.6,0.11,14.21
68,6,-3.24,-12.0,2.7,0.08,14.32
68,7,-3.02,-12.6,2.8,0.06,14.07
68,8,-2.59,-12.4,3.1,0.05,14.62
68,9,-1.95,-11.5,3.5,0.07,13.38
68,10,-1.19,-10.0,4.0,0.03,13.39
68,11,-0.66,-8.7,4.5,0.04,13.58
68,12,-0.22,-7.3,6.1,0.05,13.51
68,13,0.15,-6.1,7.3,0.06,13.62
68,14,0.37,-5.4,7.9,0.07,14.03
68,15,0.04,-5.8,6.9,0.11,13.45
68,16,-0.21,-6.5,6.4,0.13,13.03
68,17,-0.95,-8.8,5.1,0.11,12.04
68,18,-1.83,-11.3,3.7,0.13,11.77
68,19,-1.95,-10.1,3.5,0.11,12.27
68,20,-2.13,-10.2,3.5,0.04,12.32
68,21,-2.3,-11.0,3.4,0.06,12.03
68,22,-2.51,-11.4,3.4,0.03,12.41
68,23,-2.7,-12.1,3.4,0.04,11.96
69,0,-2.64,-12.6,3.2,0.09,11.62
69,1,-2.8,-13.4,2.9,0.09,11.62
69,2,-2.76,-13.2,3.1,0.08,11.23
69,3,-2.89,-13.7,2.9,0.09,11.16
69,4,-3.08,-14.0,2.9,0.07,11.49
69,5,-3.2,-14.5,2.8,0.06,11.51
69,6,-3.32,-14.9,2.6,0.06,11.38
69,7,-3.25,-15.2,2.4,0.07,12.12
69,8,-2.92,-14.9,2.5,0.06,12.21
69,9,-2.14,-13.8,2.5,0.06,11.85
69,10,-1.38,-12.3,3.0,0.05,11.8
69,11,-0.72,-11.1,4.1,0.06,11.96
69,12,-0.18,-10.8,4.7,0.09,12.3
69,13,0.09,-10.6,5.1,0.07,11.93
69,14,0.36,-9.0,5.5,0.03,12.68
69,15,0.19,-9.2,5.7,0.02,11.58
69,16,-0.0,-9.3,5.2,0.01,11.4
69,17,-0.46,-9.7,4.1,0.01,9.83
69,18,-1.32,-10.2,3.2,0.0,9.98
69,19,-1.68,-10.0,3.2,0.01,10.28
69,20,-1.91,-9.6,3.0,0.03,10.49
69,21,-2.02,-9.4,2.8,0.03,10.79
69,22,-2.25,-9.4,2.4,0.05,10.38
69,23,-2.4,-9.5,2.5,0.03,10.8
70,0,-2.63,-9.8,2.2,0.01,10.23
70,1,-3.04,-9.9,1.8,0.0,9.59
70,2,-2.93,-9.4,2.7,0.0,9.79
70,3,-3.23,-9.4,2.8,0.0,9.72
70,4,-3.56,-9.3,2.5,0.01,10.35
70,5,-3.61,-9.2,2.6,0.01,11.02
70,6,-3.77,-9.5,2.0,0.09,11.29
70,7,-3.87,-10.1,2.2,0.03,11.04
70,8,-3.44,-9.0,2.2,0.06,11.18
70,9,-2.51,-7.5,2.3,0.09,11.99
70,10,-1.66,-6.8,2.5,0.07,12.33
70,11,-0.99,-6.6,2.7,0.06,13.21
70,12,-0.42,-6.6,2.9,0.13,13.21
70,13,-0.05,-6.5,3.2,0.15,12.69
70,14,0.23,-5.1,3.9,0.15,13.13
70,15,0.07,-5.3,3.3,0.1,12.01
70,16,-0.06,-5.6,2.9,0.11,10.52
70,17,-0.74,-6.0,2.3,0.08,9.24
70,18,-1.72,-6.3,2.2,0.05,9.32
70,19,-2.34,-6.5,2.3,0.04,10.0
70,20,-2.76,-6.8,2.4,0.03,10.15
70,21,-3.02,-7.2,1.9,0.03,11.02
70,22,-3.23,-7.4,1.3,0.04,12.19
70,23,-3.37,-7.7,1.4,0.03,12.06
71,0,-3.52,-7.5,1.4,0.03,12.18
71,1,-3.71,-8.2,1.6,0.04,12.35
71,2,-3.76,-8.4,2.2,0.08,11.77
71,3,-3.87,-8.8,2.3,0.05,11.65
71,4,-3.99,-9.7,2.3,0.04,12.03
71,5,-3.97,-9.8,2.2,0.03,11.38
71,6,-4.13,-9.8,1.6,0.02,11.44
71,7,-4.22,-9.4,0.7,0.03,11.64
71,8,-3.48,-7.8,1.6,0.03,11.85
71,9,-2.33,-6.3,2.8,0.07,11.26
71,10,-1.36,-5.3,2.3,0.13,11.2
71,11,-0.35,-4.4,3.9,0.03,12.56
71,12,0.32,-3.4,5.0,0.05,13.55
71,13,0.53,-2.7,5.5,0.04,13.98
71,14,0.97,-2.6,6.7,0.06,13.96
71,15,0.66,-2.7,6.2,0.05,14.01
71,16,0.42,-2.6,4.8,0.05,12.49
71,17,-0.0,-2.7,4.6,0.02,11.1
71,18,-0.93,-3.6,2.9,0.07,11.35
71,19,-1.43,-4.6,2.7,0.14,10.95
71,20,-2.14,-5.1,1.9,0.29,11.65
71,21,-2.28,-5.7,1.2,0.24,11.58
71,22,-2.14,-6.2,1.1,0.19,10.61
71,23,-2.29,-6.9,1.4,0.08,10.23
72,0,-2.47,-7.5,1.5,0.11,10.11
72,1,-2.67,-7.8,1.6,0.1,9.69
72,2,-2.73,-8.7,1.2,0.11,9.59
72,3,-3.14,-8.2,1.1,0.11,10.26
72,4,-3.2,-8.4,1.1,0.09,10.38
72,5,-3.44,-10.8,1.1,0.06,11.05
72,6,-3.46,-11.0,1.5,0.07,11.51
72,7,-3.17,-8.9,1.6,0.05,11.53
72,8,-2.3,-7.5,1.8,0.04,11.18
72,9,-1.13,-5.4,2.1,0.03,10.25
72,10,0.01,-3.5,2.4,0.02,10.25
72,11,0.79,-2.2,2.8,0.04,10.82
72,12,1.33,-1.8,3.9,0.01,11.32
72,13,1.72,-1.6,5.0,0.0,11.95
72,14,1.97,-1.4,7.2,0.03,12.68
72,15,1.58,-1.4,6.1,0.09,13.25
72,16,1.32,-1.1,5.7,0.02,12.63
72,17,0.92,-1.3,4.5,0.02,13.31
72,18,0.36,-1.4,2.4,0.04,13.8
72,19,0.07,-1.7,1.9,0.06,14.8
72,20,-0.18,-2.0,1.4,0.11,14.82
72,21,-0.31,-2.3,2.5,0.17,14.56
72,22,-0.55,-3.0,1.8,0.24,14.88
72,23,-0.7,-3.8,1.7,0.25,15.17
73,0,-0.83,-4.5,1.2,0.25,14.69
73,1,-0.84,-5.2,1.2,0.19,14.22
73,2,-0.93,-5.7,1.2,0.18,14.19
73,3,-1.0,-5.5,2.3,0.19,13.98
73,4,-1.01,-5.6,3.5,0.15,14.5
73,5,-1.07,-6.0,4.1,0.17,15.31
73,6,-1.12,-6.6,4.2,0.09,15.84
73,7,-1.12,-7.1,4.7,0.11,15.88
73,8,-0.8,-6.9,5.0,0.05,15.53
73,9,-0.1,-6.0,5.3,0.01,16.52
73,10,0.51,-4.5,5.3,0.01,17.52
73,11,1.05,-2.8,5.8,0.03,17.45
73,12,1.61,-1.5,6.0,0.08,17.63
73,13,2.04,-1.7,6.0,0.09,18.47
73,14,2.38,-2.3,9.4,0.12,18.1
73,15,2.07,-2.2,6.6,0.12,17.32
73,16,1.94,-1.8,5.8,0.15,17.56
73,17,1.65,-2.2,4.4,0.17,16.54
73,18,1.13,-3.0,3.3,0.17,15.94
73,19,0.65,-3.6,3.3,0.21,15.83
73,20,0.36,-4.0,3.7,0.21,16.26
73,21,0.02,-4.4,3.8,0.25,16.22
73,22,-0.28,-4.9,3.9,0.4,15.82
73,23,-0.61,-5.5,4.0,0.29,15.43
74,0,-0.97,-6.2,3.5,0.27,14.31
74,1,-1.23,-7.4,3.2,0.28,13.32
74,2,-1.26,-8.9,3.2,0.11,13.02
74,3,-1.55,-9.8,3.0,0.16,12.53
74,4,-1.68,-10.3,2.9,0.08,12.77
74,5,-1.78,-10.5,3.0,0.06,12.6
74,6,-1.65,-10.7,3.1,0.04,13.07
74,7,-1.52,-10.9,3.1,0.02,13.33
74,8,-0.9,-10.4,3.3,0.02,13.17
74,9,0.02,-9.1,3.2,0.03,12.99
74,10,0.92,-8.1,3.7,0.05,13.99
74,11,1.62,-7.0,4.0,0.03,14.67
74,12,2.27,-5.7,4.4,0.01,15.55
74,13,2.57,-4.6,4.7,0.03,15.83
74,14,2.89,-4.6,7.9,0.02,16.24
74,15,2.4,-4.7,4.8,0.1,16.44
74,16,2.14,-4.9,5.0,0.04,16.74
74,17,1.56,-6.2,4.3,0.06,17.0
74,18,0.64,-7.5,3.2,0.02,16.72
74,19,0.42,-8.7,3.4,0.04,16.2
74,20,0.33,-9.4,3.7,0.01,15.99
74,21,-0.39,-10.1,3.8,0.04,16.06
74,22,-0.61,-10.8,4.0,0.02,16.7
74,23,-0.59,-11.0,4.2,0.03,16.79
75,0,-0.74,-11.1,4.1,0.05,16.02
75,1,-0.96,-11.4,4.3,0.06,15.71
75,2,-1.07,-12.0,4.2,0.11,14.55
75,3,-1.36,-12.5,4.0,0.12,14.75
75,4,-1.42,-12.9,3.9,0.14,15.12
75,5,-1.46,-13.2,3.6,0.16,15.12
75,6,-1.46,-13.5,3.7,0.17,15.23
75,7,-1.56,-13.8,3.8,0.18,14.62
75,8,-1.29,-12.9,4.0,0.14,13.87
75,9,-0.37,-11.0,4.4,0.07,12.79
75,10,0.57,-9.0,5.0,0.02,12.2
75,11,1.22,-7.9,4.9,0.04,11.46
75,12,1.73,-6.7,5.2,0.02,11.21
75,13,2.18,-5.8,5.7,0.0,11.11
75,14,2.78,-5.5,5.9,0.01,12.14
75,15,2.41,-5.3,5.7,0.03,11.07
75,16,2.06,-5.1,5.5,0.03,10.84
75,17,1.22,-6.0,4.8,0.04,9.25
75,18,-0.33,-7.8,3.6,0.03,9.32
75,19,-1.09,-8.8,3.0,0.04,10.75
75,20,-1.45,-8.6,3.0,0.06,10.99
75,21,-1.82,-8.9,2.9,0.02,10.62
75,22,-2.24,-9.3,2.8,0.02,10.6
75,23,-2.47,-9.6,2.2,0.03,10.99
76,0,-2.45,-10.0,3.5,0.04,10.84
76,1,-2.88,-10.6,2.3,0.05,10.75
76,2,-2.9,-10.9,2.1,0.12,11.29
76,3,-3.14,-11.5,1.2,0.31,11.8
76,4,-3.51,-11.9,1.3,0.3,13.0
76,5,-3.65,-12.2,1.5,0.1,13.29
76,6,-3.49,-12.5,1.9,0.07,13.72
76,7,-3.33,-12.7,2.2,0.17,14.25
76,8,-2.69,-11.8,2.4,0.19,13.72
76,9,-1.41,-10.2,2.6,0.13,13.45
76,10,-0.32,-8.3,3.1,0.09,14.52
76,11,0.35,-6.6,3.6,0.13,15.67
76,12,1.01,-5.1,4.3,0.13,16.07
76,13,1.36,-4.0,4.8,0.08,15.44
76,14,1.56,-3.5,6.9,0.03,15.56
76,15,1.35,-3.4,5.3,0.14,15.53
76,16,1.13,-3.7,4.6,0.12,16.41
76,17,0.57,-4.4,4.2,0.12,16.48
76,18,-0.18,-5.9,3.6,0.15,16.75
76,19,-0.6,-7.1,3.1,0.19,16.91
76,20,-0.55,-7.6,3.4,0.16,16.84
76,21,-0.82,-7.9,3.6,0.13,16.39
76,22,-0.7,-8.3,3.8,0.14,15.23
76,23,-0.88,-8.5,3.8,0.22,14.35
77,0,-1.01,-8.4,3.5,0.14,14.43
77,1,-1.14,-8.4,3.5,0.05,14.96
77,2,-0.82,-8.4,4.3,0.05,15.44
77,3,-1.05,-8.1,4.2,0.05,15.31
77,4,-1.2,-8.6,4.4,0.07,15.35
77,5,-1.24,-9.1,4.7,0.04,15.61
77,6,-1.58,-9.4,4.6,0.03,16.0
77,7,-1.62,-9.6,4.7,0.04,16.19
77,8,-1.05,-8.8,4.8,0.02,15.95
77,9,-0.13,-7.6,5.3,0.02,16.1
77,10,0.58,-6.1,5.6,0.02,17.25
77,11,1.19,-4.7,5.8,0.02,17.49
77,12,1.88,-3.6,6.6,0.02,17.72
77,13,2.2,-3.3,7.0,0.03,17.57
77,14,2.26,-3.0,7.2,0.05,17.18
77,15,2.08,-2.7,7.2,0.04,15.48
77,16,1.71,-2.5,7.4,0.1,15.74
77,17,1.21,-2.7,6.5,0.09,14.68
77,18,0.37,-4.3,4.7,0.04,14.25
77,19,-0.39,-5.8,3.1,0.06,15.09
77,20,-0.88,-6.1,2.7,0.13,14.92
77,21,-1.11,-6.3,2.8,0.13,14.26
77,22,-1.17,-6.6,2.9,0.1,13.59
77,23,-1.14,-7.3,3.6,0.05,13.98
78,0,-1.16,-7.9,3.9,0.05,13.84
78,1,-1.3,-8.4,4.4,0.09,13.73
78,2,-1.19,-8.0,4.5,0.07,13.68
78,3,-1.21,-8.4,5.3,0.09,12.84
78,4,-1.39,-8.8,4.6,0.04,12.0
78,5,-1.61,-9.0,4.3,0.08,11.63
78,6,-1.91,-9.1,4.1,0.03,11.3
78,7,-2.04,-9.0,3.9,0.02,10.7
78,8,-1.49,-8.0,4.5,0.02,10.57
78,9,-0.41,-7.1,5.0,0.03,9.97
78,10,0.49,-6.5,5.4,0.07,10.32
78,11,1.33,-6.1,5.9,0.03,9.82
78,12,2.08,-5.7,6.9,0.01,9.83
78,13,2.57,-5.2,7.6,0.04,10.12
78,14,3.03,-3.5,7.2,0.05,10.81
78,15,2.4,-3.5,7.0,0.09,11.44
78,16,2.06,-3.7,6.6,0.1,11.52
78,17,1.58,-4.3,5.7,0.04,11.01
78,18,0.41,-7.6,4.8,0.01,11.21
78,19,-0.58,-9.5,3.8,0.0,11.31
78,20,-1.41,-10.6,2.8,0.0,11.29
78,21,-1.76,-11.8,2.1,0.0,10.28
78,22,-2.33,-12.8,0.8,0.0,9.65
78,23,-2.69,-13.5,0.9,0.0,9.38
79,0,-2.88,-12.9,1.6,0.0,9.34
79,1,-3.14,-11.3,0.4,0.0,9.36
79,2,-3.04,-9.9,0.6,0.0,9.66
79,3,-3.35,-9.5,0.3,0.02,9.2
79,4,-3.63,-8.7,0.2,0.02,9.56
79,5,-3.45,-8.2,0.1,0.01,9.8
79,6,-3.47,-8.8,-0.1,0.02,9.84
79,7,-3.12,-9.3,0.2,0.02,10.58
79,8,-1.99,-6.8,2.0,0.04,10.82
79,9,-0.85,-4.3,4.0,0.05,10.8
79,10,0.31,-3.5,5.5,0.03,11.59
79,11,1.25,-2.8,7.1,0.01,12.22
79,12,2.0,-1.5,8.2,0.01,12.54
79,13,2.3,-1.4,8.9,0.02,13.45
79,14,2.63,-2.3,12.2,0.06,14.04
79,15,1.89,-2.5,9.8,0.16,13.73
79,16,1.48,-3.4,8.6,0.2,14.0
79,17,1.06,-4.1,7.0,0.14,12.78
79,18,0.21,-5.3,4.9,0.07,11.68
79,19,-0.4,-6.2,3.5,0.04,12.08
79,20,-0.69,-6.6,2.8,0.03,11.69
79,21,-1.36,-7.5,2.2,0.02,10.89
79,22,-1.59,-8.1,1.5,0.02,10.31
79,23,-1.66,-8.9,1.4,0.02,10.39
80,0,-1.63,-9.6,1.7,0.03,10.86
80,1,-1.73,-10.2,1.9,0.04,10.63
80,2,-1.89,-11.1,1.7,0.08,10.68
80,3,-2.22,-12.6,1.7,0.02,10.68
80,4,-2.52,-13.4,1.5,0.03,11.06
80,5,-2.69,-14.2,1.8,0.02,11.51
80,6,-2.98,-14.7,1.0,0.01,11.58
80,7,-3.1,-15.1,0.9,0.02,11.35
80,8,-2.04,-13.4,1.9,0.01,10.64
80,9,-0.41,-9.6,3.6,0.01,10.01
80,10,0.92,-7.2,5.3,0.03,10.91
80,11,1.92,-5.8,6.6,0.02,12.7
80,12,2.27,-4.6,7.3,0.04,13.35
80,13,2.62,-3.8,7.8,0.06,13.82
80,14,2.64,-3.8,10.3,0.14,14.46
80,15,2.48,-3.1,8.2,0.11,13.73
80,16,2.42,-2.9,7.1,0.09,13.35
80,17,1.89,-2.2,5.6,0.09,12.96
80,18,0.9,-1.5,3.4,0.06,12.85
80,19,-0.24,-2.5,2.5,0.03,12.23
80,20,-0.64,-3.3,2.4,0.02,12.29
80,21,-0.91,-4.2,2.7,0.01,13.08
80,22,-0.97,-5.0,3.7,0.01,13.63
80,23,-1.14,-5.8,3.7,0.01,13.15
81,0,-1.39,-6.4,3.3,0.0,13.07
81,1,-1.71,-6.9,2.0,0.0,12.97
81,2,-1.77,-7.4,2.0,0.06,13.51
81,3,-2.19,-7.9,1.2,0.05,13.17
81,4,-2.32,-8.4,1.3,0.12,13.25
81,5,-2.37,-8.8,1.8,0.01,13.79
81,6,-2.48,-9.1,1.5,0.03,13.77
81,7,-2.44,-9.2,0.7,0.1,13.87
81,8,-1.47,-8.4,1.2,0.1,13.86
81,9,-0.28,-6.3,2.0,0.1,12.87
81,10,0.74,-4.5,3.7,0.08,13.75
81,11,1.49,-3.0,4.9,0.1,14.28
81,12,1.88,-2.1,5.8,0.14,13.93
81,13,2.16,-1.5,6.4,0.22,14.11
81,14,2.42,-1.1,8.0,0.21,14.5
81,15,2.22,-1.0,6.7,0.22,14.02
81,16,2.2,-1.2,6.0,0.09,14.0
81,17,1.7,-1.7,4.6,0.03,12.78
81,18,0.64,-2.6,2.5,0.02,13.01
81,19,-0.1,-3.6,2.5,0.09,12.63
81,20,-0.66,-4.1,2.4,0.12,11.96
81,21,-0.99,-5.2,2.5,0.11,12.12
81,22,-0.83,-4.3,2.6,0.07,11.6
81,23,-0.9,-4.3,2.9,0.14,12.02
82,0,-1.03,-4.3,3.1,0.09,11.98
82,1,-1.5,-7.1,3.1,0.12,12.38
82,2,-1.29,-6.2,3.1,0.04,11.96
82,3,-1.46,-6.3,3.3,0.05,12.31
82,4,-1.37,-6.1,3.6,0.11,12.52
82,5,-1.44,-5.5,4.0,0.02,13.06
82,6,-1.47,-5.6,4.1,0.01,13.34
82,7,-1.23,-5.3,2.8,0.0,13.89
82,8,-0.17,-4.6,3.0,0.0,14.06
82,9,0.86,-3.9,3.9,0.0,14.22
82,10,1.7,-3.0,4.6,0.0,14.67
82,11,2.31,-2.3,5.1,0.0,14.16
82,12,3.03,-1.9,5.9,0.02,14.35
82,13,3.58,-1.5,6.3,0.05,14.61
82,14,3.81,-1.5,6.5,0.11,14.66
82,15,3.59,-1.1,6.5,0.02,13.59
82,16,3.4,-0.9,6.4,0.0,13.04
82,17,2.77,-1.6,5.9,0.0,12.14
82,18,1.69,-1.6,4.1,0.0,12.0
82,19,0.29,-4.6,2.8,0.0,12.71
82,20,-0.16,-5.0,2.3,0.0,12.43
82,21,-0.4,-5.0,1.7,0.0,12.38
82,22,-0.79,-5.6,1.1,0.0,12.11
82,23,-0.92,-5.6,1.0,0.01,11.87
83,0,-1.07,-5.8,1.4,0.02,11.26
83,1,-1.28,-6.3,1.0,0.02,11.25
83,2,-1.14,-6.5,1.7,0.01,11.59
83,3,-1.15,-5.9,1.6,0.0,12.09
83,4,-1.13,-5.4,1.2,0.0,12.22
83,5,-1.04,-5.0,1.8,0.0,12.65
83,6,-0.93,-4.5,1.9,0.0,12.79
83,7,-0.67,-4.1,2.2,0.0,13.41
83,8,0.28,-3.3,2.7,0.01,13.74
83,9,1.41,-2.2,3.6,0.0,13.91
83,10,2.38,-1.2,5.3,0.0,15.85
83,11,3.15,-0.3,6.8,0.0,16.75
83,12,3.68,0.6,7.9,0.0,17.62
83,13,3.91,0.7,8.6,0.0,18.21
83,14,4.02,1.0,9.7,0.04,18.85
83,15,3.34,0.5,7.8,0.03,17.43
83,16,2.86,-0.1,6.1,0.04,15.88
83,17,2.59,-0.2,5.0,0.01,15.23
83,18,2.01,0.1,4.1,0.02,14.41
83,19,1.3,-1.2,3.6,0.04,13.83
83,20,1.13,-2.1,4.1,0.13,13.85
83,21,0.98,-2.6,4.2,0.14,14.18
83,22,0.81,-3.0,4.2,0.32,13.29
83,23,0.53,-3.3,3.9,0.19,13.43
84,0,0.45,-3.3,3.8,0.06,13.49
84,1,0.48,-3.5,4.3,0.01,13.8
84,2,0.68,-2.3,4.3,0.0,13.39
84,3,0.889,-2.0,4.0,0.011,13.756
84,4,0.94,-2.1,4.0,0.0,14.47
84,5,0.99,-2.4,3.7,0.05,14.49
84,6,0.84,-2.4,3.4,0.12,13.92
84,7,0.87,-2.2,3.5,0.02,13.41
84,8,1.61,-1.2,4.3,0.04,13.79
84,9,2.34,-0.5,5.2,0.05,14.59
84,10,2.96,0.3,5.9,0.02,15.87
84,11,3.49,1.0,6.5,0.04,16.23
84,12,4.08,1.5,6.8,0.03,16.93
84,13,4.37,1.6,7.1,0.05,15.74
84,14,4.24,1.8,7.1,0.03,15.44
84,15,4.14,1.5,6.9,0.03,15.15
84,16,4.02,1.4,6.4,0.0,13.49
84,17,3.5,1.2,5.7,0.0,12.95
84,18,2.62,0.6,5.0,0.02,13.15
84,19,1.53,-1.0,4.6,0.06,13.5
84,20,1.02,-1.5,4.7,0.24,12.65
84,21,0.67,-2.6,4.8,0.19,12.85
84,22,0.36,-3.9,5.0,0.17,12.76
84,23,0.04,-4.8,5.0,0.06,13.21
85,0,-0.13,-4.9,4.9,0.05,12.59
85,1,-0.4,-4.9,4.5,0.04,12.6
85,2,-0.7,-5.1,3.6,0.04,12.51
85,3,-0.063,-3.5,3.3,0.062,14.2
85,4,-0.76,-4.1,3.0,0.04,12.63
85,5,-1.08,-4.9,2.4,0.01,12.33
85,6,-1.38,-5.5,2.1,0.01,12.41
85,7,-1.25,-5.7,2.6,0.0,12.38
85,8,-0.23,-5.9,4.2,0.0,12.06
85,9,0.9,-6.2,5.8,0.01,12.59
85,10,1.64,-5.9,7.1,0.06,13.95
85,11,2.26,-4.9,8.3,0.05,14.37
85,12,2.69,-3.5,9.0,0.04,14.7
85,13,3.16,-2.4,9.4,0.02,15.29
85,14,3.51,-1.5,8.6,0.01,16.51
85,15,3.33,-0.8,7.6,0.0,16.39
85,16,2.96,-1.1,8.2,0.01,15.98
85,17,2.5,-1.5,8.7,0.02,15.67
85,18,1.68,-2.1,9.0,0.01,14.84
85,19,0.35,-3.7,8.1,0.01,14.76
85,20,-0.34,-5.9,7.1,0.01,14.82
85,21,-0.65,-7.0,6.3,0.01,14.69
85,22,-0.97,-7.8,5.4,0.01,14.19
85,23,-1.33,-8.3,4.5,0.01,13.72
86,0,-1.61,-8.8,3.8,0.03,13.58
86,1,-1.88,-9.6,3.2,0.01,13.49
86,2,-1.85,-10.4,2.7,0.03,13.22
86,3,-2.362,-10.3,2.9,0.1,11.812
86,4,-2.45,-11.1,2.1,0.11,12.86
86,5,-2.57,-11.7,1.6,0.09,12.95
86,6,-2.77,-12.3,1.6,0.09,13.07
86,7,-2.57,-12.9,1.5,0.1,12.9
86,8,-1.69,-12.5,3.1,0.09,12.19
86,9,-0.41,-10.4,5.0,0.04,11.58
86,10,0.92,-7.6,6.6,0.03,11.68
86,11,2.07,-4.9,8.2,0.02,11.96
86,12,2.81,-3.2,8.7,0.03,12.79
86,13,3.29,-3.0,8.2,0.03,13.77
86,14,3.65,-2.8,8.7,0.05,14.33
86,15,3.25,-2.4,7.0,0.1,13.57
86,16,2.82,-2.5,6.4,0.12,13.3
86,17,2.61,-2.8,7.4,0.08,14.46
86,18,2.25,-3.1,8.6,0.09,14.98
86,19,1.69,-4.7,8.1,0.06,14.85
86,20,1.07,-7.4,6.9,0.09,15.7
86,21,0.79,-8.9,5.8,0.11,14.9
86,22,0.67,-8.7,4.7,0.1,14.17
86,23,0.5,-9.6,4.1,0.1,13.92
87,0,0.42,-9.9,3.5,0.06,13.48
87,1,0.29,-10.3,3.1,0.01,13.22
87,2,0.29,-11.0,3.5,0.01,13.38
87,3,-0.089,-10.9,3.4,0.0,13.222
87,4,0.07,-11.3,3.5,0.02,13.34
87,5,-0.14,-11.4,3.6,0.01,13.86
87,6,-0.3,-11.6,4.0,0.0,14.06
87,7,-0.15,-11.7,4.5,0.0,14.27
87,8,0.52,-10.7,4.8,0.01,14.04
87,9,1.66,-8.0,5.7,0.01,14.11
87,10,2.65,-5.2,6.3,0.03,14.05
87,11,3.45,-3.1,7.5,0.05,13.98
87,12,4.28,-1.5,9.3,0.01,14.71
87,13,4.85,-0.4,10.3,0.0,15.01
87,14,5.11,0.1,9.9,0.0,15.99
87,15,4.74,-0.1,9.6,0.01,15.0
87,16,4.6,-0.3,9.2,0.02,14.82
87,17,4.21,-0.5,8.0,0.02,13.99
87,18,3.42,-0.8,6.4,0.02,14.49
87,19,2.39,-2.6,5.0,0.01,13.55
87,20,1.45,-4.7,5.1,0.0,13.72
87,21,0.93,-6.1,4.9,0.01,14.25
87,22,0.45,-6.2,4.0,0.01,13.65
87,23,-0.07,-6.5,3.6,0.0,12.85
88,0,-0.47,-7.0,3.7,0.0,12.64
88,1,-0.7,-6.8,3.8,0.0,13.02
88,2,-0.77,-7.0,3.8,0.01,13.62
88,3,-0.889,-7.1,3.6,0.011,13.122
88,4,-1.17,-7.8,3.1,0.01,13.12
88,5,-1.48,-8.5,2.8,0.0,12.78
88,6,-1.8,-10.7,2.6,0.0,12.18
88,7,-1.94,-12.1,3.1,0.02,11.98
88,8,-1.35,-10.8,4.7,0.04,11.88
88,9,-0.21,-8.1,6.1,0.05,11.73
88,10,1.16,-4.8,7.3,0.04,11.83
88,11,2.18,-3.4,8.5,0.03,12.88
88,12,2.84,-2.5,9.4,0.02,13.48
88,13,3.45,-2.2,10.3,0.01,13.76
88,14,3.79,-1.9,10.8,0.02,13.89
88,15,3.66,-2.0,11.9,0.04,13.91
88,16,3.38,-2.1,11.6,0.04,13.99
88,17,3.0,-2.4,10.3,0.04,14.09
88,18,2.45,-2.7,8.6,0.07,13.36
88,19,1.48,-3.7,6.6,0.15,12.03
88,20,0.08,-5.9,5.6,0.13,12.38
88,21,-0.4,-6.4,5.2,0.08,12.77
88,22,-0.6,-6.5,4.5,0.05,13.06
88,23,-0.93,-6.8,3.9,0.03,12.96
89,0,-1.26,-7.2,3.7,0.03,12.32
89,1,-1.83,-9.9,3.9,0.01,11.79
89,2,-1.98,-8.3,4.1,0.0,10.79
89,3,-2.489,-8.5,4.5,0.0,10.444
89,4,-2.26,-11.0,4.4,0.0,10.25
89,5,-2.68,-12.6,4.1,0.01,9.86
89,6,-2.72,-11.3,3.9,0.03,9.48
89,7,-3.03,-11.6,2.9,0.02,9.15
89,8,-2.45,-10.7,3.2,0.03,8.6
89,9,-0.86,-8.3,4.3,0.04,7.36
89,10,1.1,-5.3,5.9,0.0,7.3
89,11,2.54,-3.6,8.0,0.0,8.48
89,12,3.44,-3.0,9.2,0.0,9.4
89,13,3.95,-2.4,9.7,0.01,9.89
89,14,4.35,-1.9,10.0,0.0,10.05
89,15,3.64,-1.2,9.9,0.0,10.03
89,16,3.38,-1.3,9.2,0.01,9.06
89,17,2.97,-1.4,8.4,0.0,9.16
89,18,2.29,-2.0,7.5,0.01,8.15
89,19,1.01,-3.4,6.3,0.01,8.62
89,20,-0.19,-5.5,5.5,0.05,9.21
89,21,-0.72,-6.0,5.4,0.01,9.27
89,22,-1.19,-7.3,4.9,0.02,8.81
89,23,-1.48,-6.3,4.7,0.03,9.38
90,0,-1.72,-6.9,5.3,0.07,9.6
90,1,-1.95,-7.6,5.1,0.01,9.71
90,2,-2.09,-8.4,4.9,0.01,9.29
90,3,-2.788,-9.1,4.8,0.025,8.662
90,4,-2.09,-9.4,5.0,0.1,8.18
90,5,-2.33,-10.0,5.1,0.13,7.91
90,6,-2.71,-10.1,4.6,0.15,7.55
90,7,-2.85,-10.0,4.2,0.13,7.99
90,8,-2.43,-9.6,4.6,0.13,8.41
90,9,-1.36,-7.2,5.8,0.11,8.22
90,10,0.03,-5.3,6.8,0.03,8.74
90,11,1.31,-2.8,7.6,0.03,9.19
90,12,2.21,-1.5,8.6,0.03,9.7
90,13,2.95,-0.5,9.8,0.05,10.32
90,14,3.41,0.1,10.9,0.03,10.7
90,15,3.39,-0.1,11.9,0.01,10.6
90,16,3.34,-0.1,10.1,0.05,10.51
90,17,3.39,-0.5,10.5,0.03,11.21
90,18,2.89,-0.6,9.9,0.02,10.03
90,19,1.54,-2.9,8.7,0.01,11.36
90,20,-0.08,-5.1,6.3,0.0,11.91
90,21,-0.33,-6.4,5.4,0.0,12.0
90,22,-0.73,-5.6,5.1,0.03,12.35
90,23,-0.69,-5.9,5.8,0.03,12.03
91,0,-0.93,-6.6,5.6,0.0,11.29
91,1,-1.18,-7.1,4.8,0.01,10.88
91,2,-1.45,-7.6,4.1,0.0,10.92
91,3,-1.31,-7.3,3.7,0.0,12.04
91,4,-1.95,-7.8,4.0,0.0,11.31
91,5,-2.34,-7.9,4.1,0.0,11.32
91,6,-2.44,-8.1,4.1,0.0,11.27
91,7,-2.69,-8.3,3.5,0.0,11.66
91,8,-1.85,-7.8,3.1,0.0,11.43
91,9,-0.38,-6.2,4.6,0.0,10.44
91,10,1.29,-3.9,7.2,0.02,10.23
91,11,2.8,-2.2,9.4,0.04,10.15
91,12,4.02,-1.2,11.1,0.06,10.99
91,13,4.83,-0.1,12.1,0.02,12.11
91,14,5.03,0.7,12.9,0.13,12.21
91,15,5.45,1.1,13.4,0.04,12.92
91,16,5.42,1.1,13.2,0.06,13.08
91,17,5.55,0.8,13.1,0.04,12.55
91,18,4.68,-0.2,12.7,0.08,12.12
91,19,3.91,-0.4,11.2,0.1,11.75
91,20,2.2,-3.4,8.2,0.0,12.88
91,21,1.12,-4.6,7.1,0.0,13.43
91,22,0.42,-7.0,6.5,0.0,13.55
91,23,0.08,-7.1,5.6,0.0,13.28
92,0,-0.25,-7.0,4.7,0.0,12.64
92,1,-0.69,-6.8,4.2,0.0,12.62
92,2,-0.68,-7.1,3.9,0.0,12.66
92,3,-0.17,-6.4,4.0,0.0,13.39
92,4,-0.31,-7.1,3.6,0.02,13.0
92,5,-0.5,-7.6,3.4,0.05,13.06
92,6,-0.63,-7.9,3.3,0.09,13.24
92,7,-0.8,-8.0,3.4,0.17,13.29
92,8,-0.3,-6.8,4.6,0.09,13.1
92,9,0.85,-4.5,6.7,0.08,11.42
92,10,2.17,-3.2,9.0,0.05,12.05
92,11,3.25,-1.6,11.4,0.07,12.87
92,12,4.11,-0.5,13.2,0.11,14.09
92,13,4.82,-0.3,14.2,0.13,14.37
92,14,5.29,-0.1,15.0,0.13,15.19
92,15,5.26,-0.1,15.7,0.13,15.06
92,16,5.13,-0.2,17.1,0.12,14.86
92,17,4.88,-0.3,17.0,0.23,15.82
92,18,4.3,-0.4,16.1,0.22,14.89
92,19,3.27,-1.1,14.5,0.3,14.13
92,20,2.16,-3.9,12.4,0.39,15.58
92,21,1.33,-5.8,10.9,0.4,15.08
92,22,1.15,-4.6,9.7,0.33,15.83
92,23,0.84,-4.8,8.7,0.28,16.57
93,0,0.38,-5.3,7.5,0.28,16.38
93,1,0.02,-5.5,6.4,0.27,15.63
93,2,-0.27,-5.5,5.6,0.29,14.52
93,3,-0.21,-4.9,5.2,0.32,14.35
93,4,-0.34,-4.9,5.6,0.06,14.55
93,5,-0.69,-4.9,5.1,0.07,13.93
93,6,-0.98,-5.2,4.6,0.1,14.0
93,7,-1.22,-5.7,4.3,0.05,14.1
93,8,-0.75,-5.3,5.5,0.07,13.97
93,9,0.28,-4.3,7.6,0.1,12.23
93,10,1.36,-3.0,10.4,0.1,12.83
93,11,2.4,-2.5,13.1,0.09,13.07
93,12,3.2,-2.0,14.9,0.06,12.37
93,13,4.04,-1.1,16.1,0.02,13.54
93,14,4.65,-0.5,16.3,0.02,14.49
93,15,4.97,-0.3,15.6,0.0,14.87
93,16,4.48,-0.4,14.6,0.01,13.82
93,17,4.05,-0.7,13.4,0.01,13.11
93,18,3.41,-1.1,12.7,0.0,13.43
93,19,2.5,-1.5,11.5,0.0,12.47
93,20,1.33,-2.7,10.4,0.0,12.45
93,21,0.71,-4.0,10.2,0.0,13.18
93,22,0.18,-4.8,9.6,0.0,13.38
93,23,-0.57,-5.4,7.6,0.0,12.75
94,0,-1.15,-5.8,6.4,0.0,12.07
94,1,-1.67,-7.1,5.7,0.0,11.85
94,2,-1.63,-6.8,5.3,0.0,12.1
94,3,-1.24,-7.1,4.9,0.0,12.34
94,4,-1.51,-7.6,4.6,0.0,11.87
94,5,-1.88,-8.0,4.0,0.0,12.14
94,6,-1.73,-8.3,3.6,0.0,12.38
94,7,-1.85,-8.6,3.0,0.0,12.81
94,8,-1.09,-7.8,3.4,0.0,13.25
94,9,0.08,-6.2,4.4,0.01,12.92
94,10,1.26,-5.0,5.5,0.01,13.45
94,11,2.33,-4.1,6.8,0.03,14.49
94,12,3.33,-3.1,8.3,0.03,14.9
94,13,4.04,-2.1,9.2,0.06,15.42
94,14,4.46,-1.2,9.5,0.03,15.76
94,15,4.71,-0.5,10.3,0.09,15.94
94,16,4.27,-0.8,9.7,0.04,14.64
94,17,3.96,-1.1,9.5,0.02,14.33
94,18,3.3,-2.1,8.9,0.04,14.06
94,19,2.51,-3.5,7.7,0.12,14.62
94,20,1.87,-3.8,5.9,0.11,14.72
94,21,1.19,-4.1,5.3,0.27,14.51
94,22,0.46,-4.9,3.3,0.2,14.81
94,23,0.44,-4.3,3.7,0.13,15.44
95,0,0.47,-4.4,4.5,0.2,15.77
95,1,0.92,-3.7,4.3,0.14,16.04
95,2,0.46,-3.0,4.1,0.11,16.19
95,3,0.27,-2.7,3.0,0.1,15.66
95,4,-0.15,-2.6,2.3,0.17,15.55
95,5,-0.44,-3.0,2.5,0.21,15.87
95,6,-0.47,-3.2,2.5,0.2,16.2
95,7,-0.51,-3.2,2.5,0.23,16.4
95,8,0.03,-1.8,2.4,0.23,16.2
95,9,0.88,-1.8,2.8,0.23,16.4
95,10,1.43,-1.9,3.7,0.29,16.07
95,11,2.09,-1.8,5.6,0.24,16.42
95,12,2.55,-1.7,6.7,0.26,16.1
95,13,2.94,-2.1,7.1,0.3,15.28
95,14,3.52,-2.4,7.3,0.32,17.49
95,15,3.17,-2.4,9.7,0.34,18.41
95,16,2.97,-2.5,7.2,0.25,18.1
95,17,2.85,-2.7,6.5,0.12,18.18
95,18,2.55,-2.5,5.5,0.13,17.36
95,19,2.37,-2.2,6.1,0.1,16.29
95,20,1.63,-2.4,5.3,0.07,15.19
95,21,1.15,-2.6,5.2,0.05,15.23
95,22,0.73,-2.9,4.7,0.04,14.25
95,23,0.55,-3.2,4.4,0.01,13.39
96,0,0.29,-3.4,4.0,0.02,12.5
96,1,-0.0,-3.8,3.8,0.04,11.94
96,2,-0.18,-4.3,3.6,0.01,11.44
96,3,-0.25,-4.9,3.6,0.02,11.14
96,4,-0.79,-5.6,3.5,0.1,11.68
96,5,-1.01,-5.8,3.1,0.07,11.76
96,6,-1.16,-6.2,3.0,0.04,11.17
96,7,-1.06,-6.4,2.9,0.03,11.21
96,8,0.0,-5.5,3.4,0.03,11.25
96,9,1.19,-4.0,4.3,0.05,10.54
96,10,2.59,-2.2,6.0,0.06,11.96
96,11,3.58,-1.5,7.9,0.05,12.98
96,12,4.17,-1.1,9.1,0.04,13.22
96,13,4.83,-0.7,10.3,0.01,13.84
96,14,5.3,-0.9,10.7,0.02,14.21
96,15,5.53,0.3,10.7,0.03,14.75
96,16,5.1,0.1,11.1,0.03,15.28
96,17,4.8,0.3,11.0,0.06,15.17
96,18,4.24,0.1,9.3,0.11,14.02
96,19,3.31,-0.4,7.2,0.05,12.69
96,20,1.99,-1.6,5.1,0.0,13.15
96,21,1.51,-2.4,4.2,0.01,13.54
96,22,1.13,-4.2,4.3,0.01,13.96
96,23,0.94,-6.0,4.2,0.01,14.78
97,0,0.77,-5.7,4.1,0.01,14.43
97,1,0.9,-4.4,3.9,0.0,13.64
97,2,0.84,-3.3,3.7,0.0,12.75
97,3,0.77,-3.0,4.4,0.0,13.02
97,4,0.24,-4.1,4.5,0.0,13.45
97,5,-0.15,-6.0,5.0,0.03,13.62
97,6,0.04,-1.9,4.9,0.01,13.13
97,7,0.21,-1.9,4.8,0.0,13.11
97,8,1.11,-1.3,5.8,0.01,13.36
97,9,2.36,-0.2,7.1,0.01,12.87
97,10,3.45,0.2,8.2,0.01,14.74
97,11,4.34,0.3,9.1,0.01,15.85
97,12,5.1,0.1,9.9,0.01,15.85
97,13,5.74,0.3,10.6,0.01,15.78
97,14,5.95,0.3,11.1,0.05,15.45
97,15,6.64,0.8,11.7,0.1,15.92
97,16,6.28,0.6,11.5,0.01,15.66
97,17,5.84,0.4,10.0,0.1,15.42
97,18,5.04,0.5,7.9,0.12,14.19
97,19,3.83,0.3,6.0,0.18,13.44
97,20,2.97,0.1,6.0,0.05,14.12
97,21,2.41,0.0,6.0,0.04,14.59
97,22,1.99,-0.6,5.7,0.05,14.97
97,23,1.81,-0.9,5.3,0.03,15.41
98,0,1.81,-1.1,5.8,0.02,15.08
98,1,1.5,-1.4,5.7,0.01,14.75
98,2,1.07,-2.0,5.2,0.05,14.02
98,3,0.98,-2.4,5.0,0.03,14.74
98,4,0.71,-2.5,5.0,0.14,14.3
98,5,0.63,-3.1,5.3,0.14,13.73
98,6,0.44,-3.4,4.8,0.06,13.59
98,7,0.29,-3.2,4.6,0.11,13.42
98,8,1.08,-2.3,5.3,0.15,12.96
98,9,2.18,0.1,6.6,0.15,10.9
98,10,3.48,1.6,8.3,0.03,10.59
98,11,4.51,1.6,9.4,0.02,11.35
98,12,5.44,1.7,10.4,0.03,12.17
98,13,6.14,1.7,10.4,0.06,12.79
98,14,6.57,1.5,10.2,0.08,13.09
98,15,6.68,1.9,10.0,0.08,13.38
98,16,6.36,2.3,10.1,0.07,13.01
98,17,6.34,2.8,10.1,0.02,12.75
98,18,5.35,2.5,7.9,0.07,12.61
98,19,4.36,1.3,7.2,0.0,11.91
98,20,3.12,0.2,6.2,0.0,11.98
98,21,1.86,-2.3,5.2,0.0,12.59
98,22,1.8,-1.7,5.2,0.0,12.63
98,23,1.47,-2.8,5.2,0.0,12.35
99,0,1.21,-3.6,5.1,0.0,11.9
99,1,0.99,-4.0,5.2,0.01,11.58
99,2,0.87,-3.3,5.5,0.02,11.45
99,3,1.35,-0.6,5.2,0.02,11.79
99,4,1.19,-0.2,5.3,0.04,12.28
99,5,1.22,-0.5,5.7,0.09,12.37
99,6,1.33,-0.7,5.9,0.08,12.52
99,7,1.33,-0.8,5.1,0.05,12.39
99,8,2.13,-0.3,5.5,0.04,12.99
99,9,2.96,0.3,5.1,0.04,13.44
99,10,3.93,1.1,6.5,0.1,13.44
99,11,4.96,1.3,9.5,0.08,14.04
99,12,5.86,1.7,11.3,0.13,15.03
99,13,6.07,2.1,12.0,0.19,15.38
99,14,5.92,1.6,10.9,0.31,15.54
99,15,5.62,1.3,11.4,0.19,14.69
99,16,5.43,1.1,11.2,0.15,14.44
99,17,5.21,1.1,10.9,0.2,15.53
99,18,4.63,1.2,9.6,0.12,16.49
99,19,3.77,1.1,7.8,0.05,15.54
99,20,3.11,0.4,5.7,0.06,15.06
99,21,2.56,-0.3,4.4,0.04,15.26
99,22,1.96,-0.6,3.9,0.06,16.01
99,23,1.39,-1.8,4.1,0.09,16.25
100,0,1.11,-1.1,3.8,0.15,15.75
100,1,0.86,-1.6,3.8,0.17,14.98
100,2,0.55,-2.3,3.5,0.17,14.05
100,3,0.51,-2.2,3.7,0.1,13.71
100,4,0.32,-2.1,4.5,0.09,13.46
100,5,-0.12,-5.2,4.3,0.05,13.95
100,6,-0.23,-5.3,4.7,0.0,14.11
100,7,-0.26,-5.9,5.0,0.01,14.65
100,8,0.7,-3.2,6.2,0.03,14.99
100,9,1.82,-2.6,7.7,0.04,15.09
100,10,2.96,-1.7,9.8,0.03,14.7
100,11,4.22,-0.4,12.3,0.03,15.23
100,12,5.1,-0.1,14.5,0.08,15.48
100,13,5.57,0.6,11.3,0.01,16.05
100,14,5.7,1.1,10.1,0.0,16.11
100,15,6.25,0.2,11.4,0.02,14.95
100,16,5.81,0.1,10.2,0.02,15.18
100,17,5.41,-0.2,9.8,0.01,15.01
100,18,5.0,-0.3,8.2,0.0,15.22
100,19,4.12,-0.4,7.5,0.04,15.35
100,20,3.1,-1.2,6.3,0.05,14.95
100,21,2.09,-2.0,5.8,0.07,15.08
100,22,1.5,-3.5,5.8,0.06,15.62
100,23,1.48,-4.4,6.1,0.08,15.5
101,0,1.26,-4.7,6.1,0.07,15.82
101,1,0.68,-4.7,6.5,0.05,15.32
101,2,0.31,-5.0,6.6,0.04,15.21
101,3,0.56,-5.3,6.6,0.0,14.53
101,4,0.39,-5.4,6.1,0.0,13.9
101,5,0.14,-5.5,5.5,0.0,13.66
101,6,-0.05,-5.1,4.9,0.0,13.51
101,7,-0.06,-5.1,4.6,0.0,14.09
101,8,0.71,-4.0,5.1,0.0,12.86
101,9,2.29,-2.5,6.1,0.0,11.59
101,10,3.75,-1.1,7.4,0.0,12.58
101,11,4.69,-0.2,8.9,0.02,14.36
101,12,5.29,0.1,9.4,0.01,14.59
101,13,5.82,0.7,9.4,0.0,14.33
101,14,6.03,1.5,9.0,0.01,14.25
101,15,6.29,2.1,8.9,0.0,15.27
101,16,5.68,1.5,8.5,0.0,14.02
101,17,5.29,1.8,7.6,0.01,12.56
101,18,4.67,1.9,6.9,0.01,11.71
101,19,3.53,0.4,6.0,0.06,10.39
101,20,1.95,-2.2,4.9,0.06,10.14
101,21,0.81,-3.6,4.7,0.01,10.58
101,22,0.81,-4.2,5.0,0.03,9.87
101,23,0.24,-4.8,5.6,0.03,9.52
102,0,-0.4,-7.7,6.8,0.03,9.28
102,1,-0.65,-8.5,7.1,0.03,9.9
102,2,-0.68,-8.7,7.0,0.01,10.67
102,3,-0.24,-6.6,5.6,0.0,10.94
102,4,-0.39,-8.1,4.9,0.01,10.81
102,5,-0.53,-8.4,4.7,0.02,10.63
102,6,-0.9,-8.8,4.7,0.03,11.25
102,7,-0.74,-8.4,4.8,0.05,11.7
102,8,0.57,-5.0,5.7,0.12,11.0
102,9,2.53,-0.6,6.8,0.09,10.07
102,10,4.2,1.0,7.9,0.1,9.68
102,11,5.34,2.1,8.9,0.11,10.94
102,12,6.3,3.0,9.6,0.11,10.89
102,13,6.81,3.9,9.9,0.1,10.89
102,14,7.35,4.1,11.0,0.1,10.21
102,15,8.35,4.4,11.7,0.07,11.99
102,16,7.72,3.9,12.7,0.03,10.22
102,17,7.58,4.9,12.7,0.03,10.12
102,18,7.04,4.0,12.3,0.02,10.03
102,19,5.65,1.6,11.0,0.1,10.45
102,20,4.17,0.4,8.5,0.09,10.69
102,21,3.06,-0.5,7.0,0.02,11.18
102,22,2.55,-2.5,5.8,0.02,10.82
102,23,2.21,-1.6,5.0,0.04,10.56
103,0,1.74,-2.6,5.2,0.0,10.49
103,1,1.32,-3.3,4.7,0.01,10.49
103,2,0.77,-5.1,4.4,0.01,10.07
103,3,0.82,-3.0,4.3,0.01,10.58
103,4,0.83,-3.0,4.1,0.02,9.74
103,5,0.65,-2.8,4.0,0.05,10.1
103,6,0.42,-3.2,3.5,0.03,11.03
103,7,0.36,-2.9,3.1,0.04,11.64
103,8,1.36,-1.1,3.8,0.02,11.54
103,9,2.72,0.4,5.6,0.02,10.38
103,10,4.12,1.4,8.1,0.02,10.5
103,11,5.39,2.0,10.1,0.02,10.76
103,12,6.17,2.9,11.5,0.01,11.42
103,13,6.78,3.6,12.2,0.01,12.42
103,14,6.88,3.8,12.4,0.0,12.56
103,15,7.47,3.2,12.2,0.02,12.67
103,16,6.82,4.0,12.2,0.02,11.98
103,17,6.17,2.6,12.1,0.14,12.1
103,18,5.61,2.8,11.7,0.03,11.05
103,19,4.71,1.9,10.5,0.01,10.47
103,20,3.28,0.3,7.4,0.05,11.02
103,21,2.24,-0.4,5.9,0.03,11.08
103,22,1.93,0.0,5.2,0.01,11.63
103,23,1.87,-0.9,5.4,0.0,12.35
104,0,1.68,-2.3,5.9,0.0,12.43
104,1,1.36,-2.9,5.3,0.01,12.27
104,2,0.97,-3.2,4.7,0.02,12.04
104,3,0.78,-2.2,4.3,0.0,11.97
104,4,0.75,-2.4,5.0,0.0,11.06
104,5,0.43,-2.7,4.9,0.02,11.34
104,6,0.41,-3.8,4.7,0.02,11.49
104,7,0.5,-4.1,5.4,0.04,12.03
104,8,1.39,-2.9,6.4,0.02,11.55
104,9,2.49,-1.6,7.5,0.01,11.98
104,10,3.5,-0.2,8.3,0.02,12.52
104,11,4.31,0.8,9.4,0.09,12.86
104,12,4.8,1.3,9.9,0.04,12.34
104,13,5.37,1.7,11.8,0.15,12.45
104,14,5.58,1.9,12.2,0.22,12.39
104,15,5.86,1.4,12.3,0.22,13.13
104,16,5.19,1.3,12.7,0.27,12.16
104,17,4.94,1.3,12.3,0.05,12.27
104,18,4.57,1.5,11.7,0.02,12.79
104,19,3.77,1.0,10.3,0.01,11.88
104,20,2.68,0.1,8.4,0.0,11.86
104,21,1.68,-1.7,7.5,0.0,11.19
104,22,1.22,-2.8,6.0,0.0,10.35
104,23,0.63,-3.1,5.2,0.0,10.42
105,0,0.43,-3.7,4.7,0.0,10.38
105,1,0.08,-4.1,4.7,0.0,10.41
105,2,-0.26,-4.6,4.6,0.0,10.13
105,3,-0.36,-4.7,4.2,0.02,10.12
105,4,-0.74,-4.9,3.7,0.04,10.21
105,5,-0.69,-5.3,3.8,0.06,10.47
105,6,-0.62,-5.5,4.3,0.04,11.4
105,7,-0.4,-4.8,3.5,0.03,11.14
105,8,0.89,-2.5,5.5,0.09,10.66
105,9,2.57,-1.0,8.1,0.13,10.45
105,10,4.05,-0.7,11.0,0.05,10.63
105,11,5.2,-0.3,13.1,0.0,11.18
105,12,6.07,0.7,14.4,0.0,10.97
105,13,6.84,0.7,15.1,0.0,12.4
105,14,7.41,0.8,15.3,0.03,13.04
105,15,7.78,0.6,15.2,0.01,12.79
105,16,7.55,1.6,15.6,0.0,11.68
105,17,7.13,1.7,15.3,0.01,11.68
105,18,6.77,1.5,14.4,0.0,10.28
105,19,5.94,0.8,12.8,0.0,9.07
105,20,4.38,-0.4,9.9,0.0,7.97
105,21,2.21,-3.9,6.4,0.0,9.04
105,22,1.64,-3.6,5.6,0.0,10.09
105,23,1.53,-3.8,6.1,0.01,10.09
106,0,1.06,-4.8,5.7,0.02,10.32
106,1,0.85,-5.1,5.9,0.04,9.91
106,2,0.68,-5.0,6.2,0.1,9.45
106,3,0.66,-4.8,5.9,0.16,10.48
106,4,0.33,-5.2,5.4,0.22,10.6
106,5,0.16,-5.6,5.2,0.3,10.73
106,6,0.15,-5.6,5.1,0.28,11.33
106,7,0.54,-5.0,5.8,0.08,10.62
106,8,1.84,-3.9,7.7,0.04,10.01
106,9,3.42,-2.4,9.6,0.04,9.41
106,10,4.82,-0.8,11.0,0.11,10.03
106,11,5.86,0.4,12.1,0.18,10.8
106,12,6.96,0.5,13.5,0.26,11.0
106,13,7.29,0.9,14.2,0.15,11.29
106,14,8.25,1.5,14.5,0.09,10.55
106,15,8.66,0.1,15.6,0.07,11.62
106,16,8.64,0.8,17.0,0.03,10.99
106,17,8.25,1.1,16.2,0.04,11.02
106,18,7.21,0.8,14.5,0.01,10.17
106,19,6.55,0.8,12.9,0.01,9.28
106,20,4.57,-0.2,11.1,0.01,10.7
106,21,3.7,-1.8,9.3,0.02,10.81
106,22,3.28,-2.7,9.7,0.0,10.56
106,23,2.69,-3.6,8.9,0.0,9.6
107,0,1.67,-3.9,7.6,0.05,10.17
107,1,1.44,-4.4,8.1,0.02,10.92
107,2,1.55,-4.4,8.0,0.0,11.16
107,3,1.84,-3.7,7.8,0.0,10.69
107,4,2.07,-3.7,8.3,0.02,11.23
107,5,1.62,-4.0,8.0,0.01,10.88
107,6,1.01,-5.6,7.9,0.0,11.08
107,7,1.42,-3.8,8.0,0.0,10.97
107,8,2.98,-1.3,8.3,0.03,9.88
107,9,4.66,0.2,8.7,0.0,9.76
107,10,5.78,1.7,9.5,0.07,10.4
107,11,6.85,2.1,11.0,0.09,10.34
107,12,7.76,2.8,11.6,0.11,10.31
107,13,8.26,3.0,12.6,0.14,9.82
107,14,8.71,2.8,13.2,0.11,10.77
107,15,8.54,2.1,14.9,0.04,11.38
107,16,8.27,1.8,14.9,0.03,10.77
107,17,7.85,1.5,14.3,0.03,10.54
107,18,7.26,1.5,12.6,0.02,9.76
107,19,6.36,1.3,10.7,0.02,9.4
107,20,5.19,0.5,8.7,0.01,8.7
107,21,3.99,-1.0,7.0,0.0,9.32
107,22,3.16,-2.0,6.2,0.0,9.29
107,23,2.72,-2.5,6.1,0.05,10.22
108,0,2.39,-3.1,5.9,0.08,10.59
108,1,2.16,-3.0,5.9,0.06,10.29
108,2,1.83,-3.5,5.9,0.03,10.72
108,3,2.1,-3.4,6.0,0.04,11.79
108,4,1.81,-3.7,7.5,0.0,11.78
108,5,1.52,-4.2,7.4,0.0,11.69
108,6,1.35,-4.3,7.1,0.0,11.55
108,7,1.68,-3.5,7.0,0.0,11.47
108,8,2.8,-2.0,7.2,0.0,11.1
108,9,4.15,-0.5,7.5,0.0,10.89
108,10,5.65,0.5,9.6,0.0,10.78
108,11,7.01,1.0,12.4,0.0,11.25
108,12,8.06,0.9,14.2,0.0,11.43
108,13,8.84,1.0,15.3,0.01,11.73
108,14,9.23,0.7,15.9,0.0,12.72
108,15,9.82,0.3,16.1,0.01,11.84
108,16,9.23,1.4,16.1,0.0,11.49
108,17,9.09,1.2,15.8,0.0,11.32
108,18,8.45,0.8,15.1,0.03,10.72
108,19,7.3,-0.1,13.3,0.01,10.91
108,20,5.71,-1.3,10.2,0.0,11.4
108,21,4.32,-2.4,8.4,0.0,10.17
108,22,3.54,-2.2,7.6,0.0,10.04
108,23,2.93,-2.6,7.4,0.0,9.83
109,0,2.56,-3.2,8.4,0.0,10.43
109,1,2.46,-3.3,9.3,0.0,10.76
109,2,2.36,-3.6,9.2,0.01,11.55
109,3,2.3,-4.6,9.0,0.01,12.07
109,4,1.98,-5.0,9.5,0.03,11.7
109,5,1.68,-5.2,9.1,0.19,11.92
109,6,1.54,-4.6,9.2,1.41,11.79
109,7,2.08,-4.0,9.0,1.17,11.91
109,8,3.48,-2.5,9.8,0.37,11.46
109,9,5.02,-1.2,10.5,0.18,11.38
109,10,6.58,-0.2,12.2,0.41,11.23
109,11,8.0,0.5,14.5,0.02,11.95
109,12,8.99,0.7,17.2,0.04,12.38
109,13,9.45,1.1,17.9,0.03,12.42
109,14,9.94,1.5,19.0,0.05,12.37
109,15,10.22,1.7,19.2,0.02,12.31
109,16,9.2,-0.3,17.1,0.03,11.65
109,17,8.99,-0.5,15.9,0.18,10.8
109,18,8.37,-0.8,15.4,0.16,9.98
109,19,7.85,-1.1,14.4,0.02,9.87
109,20,6.38,-1.4,13.3,0.02,9.41
109,21,4.78,-2.0,11.1,0.03,9.35
109,22,3.94,-2.0,10.8,0.04,10.37
109,23,3.43,-2.3,10.8,0.02,11.05
110,0,3.09,-2.3,10.5,0.01,10.94
110,1,2.72,-2.7,10.1,0.01,10.36
110,2,2.23,-2.7,9.9,0.01,10.83
110,3,2.36,-2.7,9.7,0.01,10.28
110,4,2.09,-3.0,9.7,0.09,9.98
110,5,1.69,-3.0,9.5,0.13,10.17
110,6,1.52,-3.2,9.3,0.19,10.23
110,7,2.23,-2.8,9.1,0.23,10.61
110,8,3.63,-1.9,8.8,0.29,10.32
110,9,4.93,-1.5,8.4,0.35,10.55
110,10,6.36,-0.8,9.4,0.33,11.29
110,11,7.29,-0.4,10.7,0.25,12.16
110,12,8.1,-0.1,12.1,0.17,12.78
110,13,8.7,0.9,12.6,0.08,13.35
110,14,9.06,1.0,14.0,0.02,13.78
110,15,9.34,1.1,15.3,0.04,13.48
110,16,9.46,0.6,16.3,0.01,12.67
110,17,9.24,0.5,16.1,0.01,12.15
110,18,8.77,0.3,14.8,0.01,11.28
110,19,8.01,0.2,13.3,0.0,10.88
110,20,6.79,-0.4,11.8,0.03,11.5
110,21,5.66,-1.6,10.5,0.09,11.55
110,22,4.93,-1.6,8.6,0.09,11.73
110,23,4.48,-2.7,8.3,0.09,12.54
111,0,4.03,-3.1,8.1,0.06,11.73
111,1,3.6,-3.2,6.6,0.11,11.15
111,2,3.31,-2.9,6.4,0.05,10.86
111,3,3.42,-2.8,5.9,0.08,11.95
111,4,3.16,-2.9,5.8,0.26,11.68
111,5,2.79,-2.7,5.7,0.22,11.92
111,6,2.59,-2.5,6.5,0.08,11.98
111,7,2.91,-2.3,6.4,0.09,12.54
111,8,3.89,-2.1,6.5,0.13,13.76
111,9,4.95,-1.7,8.0,0.02,12.94
111,10,6.08,-1.4,10.5,0.1,12.98
111,11,7.01,-0.5,12.8,0.11,13.34
111,12,8.0,0.2,14.8,0.08,13.53
111,13,8.94,0.8,15.9,0.08,13.81
111,14,9.73,2.5,16.5,0.07,14.02
111,15,10.19,3.9,17.3,0.03,13.96
111,16,9.92,2.4,17.2,0.03,13.78
111,17,9.65,2.3,16.7,0.0,13.78
111,18,9.1,2.4,16.2,0.0,13.0
111,19,8.21,2.3,15.5,0.0,11.21
111,20,6.73,1.8,11.4,0.0,10.28
111,21,4.85,0.6,8.0,0.0,10.03
111,22,4.27,-0.4,7.6,0.0,10.58
111,23,3.86,-1.0,6.7,0.0,10.57
112,0,3.13,-1.7,5.6,0.0,10.72
112,1,2.64,-2.2,5.3,0.0,10.84
112,2,2.51,-2.1,4.9,0.0,11.05
112,3,2.72,-2.2,6.0,0.0,10.65
112,4,2.52,-2.0,5.6,0.0,11.4
112,5,2.0,-2.1,5.6,0.0,10.84
112,6,1.54,-2.0,5.5,0.0,10.77
112,7,2.13,-1.7,6.0,0.0,10.99
112,8,3.73,-1.3,7.1,0.0,10.29
112,9,5.21,-0.8,8.7,0.0,10.11
112,10,6.53,0.6,11.6,0.01,10.62
112,11,7.3,2.2,13.5,0.02,10.98
112,12,7.84,1.5,14.8,0.03,11.28
112,13,8.29,1.4,15.6,0.07,11.56
112,14,8.38,1.1,16.2,0.08,11.07
112,15,8.55,0.9,16.6,0.12,10.32
112,16,8.05,1.1,16.7,0.19,11.5
112,17,7.89,1.3,16.5,0.14,10.81
112,18,7.51,1.2,15.7,0.1,9.64
112,19,6.69,1.0,14.2,0.05,9.62
112,20,5.64,0.3,11.5,0.01,10.21
112,21,4.75,-0.3,9.2,0.05,9.22
112,22,3.99,-0.8,8.0,0.03,9.17
112,23,3.31,-1.1,7.2,0.15,8.94
113,0,2.76,-1.3,6.7,0.07,9.3
113,1,2.45,-1.4,6.6,0.17,9.76
113,2,2.32,-1.5,6.6,0.15,9.56
113,3,2.22,-1.5,6.0,0.07,10.04
113,4,1.96,-1.2,5.9,0.28,9.62
113,5,1.77,-1.4,5.4,0.15,9.8
113,6,1.61,-1.4,5.2,0.14,9.28
113,7,2.2,-1.3,5.7,0.07,9.49
113,8,3.55,-1.1,8.1,0.05,8.17
113,9,5.0,-0.9,10.3,0.03,8.36
113,10,6.18,-0.6,12.5,0.09,8.5
113,11,7.17,-0.5,14.4,0.11,9.26
113,12,7.98,-0.3,15.9,0.14,10.0
113,13,8.35,-0.2,16.8,0.18,10.3
113,14,8.53,-0.4,17.3,0.14,10.71
113,15,8.46,-0.3,17.5,0.22,10.99
113,16,8.37,-0.4,17.4,0.25,11.99
113,17,8.2,0.1,17.0,0.09,11.24
113,18,7.81,0.2,16.3,0.06,10.49
113,19,6.8,0.2,15.0,0.03,10.04
113,20,5.63,-0.1,12.9,0.0,9.86
113,21,4.41,-0.6,10.9,0.0,9.95
113,22,3.74,-0.8,9.5,0.0,10.05
113,23,3.07,-0.9,7.1,0.0,10.99
114,0,2.87,-1.4,8.4,0.0,11.62
114,1,2.61,-2.1,8.6,0.02,11.35
114,2,2.43,-2.3,9.3,0.02,11.75
114,3,2.8,-2.4,10.6,0.04,11.9
114,4,2.6,-2.5,10.3,0.04,11.71
114,5,2.39,-2.4,9.4,0.06,11.64
114,6,2.2,-2.7,8.7,0.06,12.15
114,7,2.37,-1.1,7.5,0.19,12.32
114,8,3.38,0.6,8.8,0.08,11.08
114,9,4.6,1.6,11.6,0.03,11.1
114,10,5.91,2.2,13.4,0.03,11.53
114,11,7.01,2.5,14.7,0.04,11.6
114,12,7.85,2.9,16.0,0.06,11.99
114,13,8.51,3.2,17.1,0.04,11.78
114,14,8.81,3.5,17.6,0.07,12.49
114,15,8.55,2.9,17.5,0.13,12.26
114,16,8.51,3.4,17.3,0.03,12.12
114,17,8.09,3.1,17.0,0.02,11.61
114,18,7.56,2.5,16.1,0.03,10.44
114,19,6.68,2.0,13.9,0.07,9.62
114,20,5.38,1.0,10.9,0.08,9.86
114,21,3.99,0.5,9.3,0.23,10.98
114,22,3.38,0.1,8.7,0.19,12.34
114,23,2.87,0.1,7.7,0.22,12.4
115,0,2.58,0.4,8.2,0.27,12.74
115,1,2.55,0.1,8.4,0.17,12.88
115,2,2.53,0.1,8.2,0.11,12.72
115,3,2.53,-0.3,7.2,0.08,12.68
115,4,2.38,-1.2,7.6,0.23,12.15
115,5,2.2,-1.6,7.0,0.09,12.9
115,6,1.86,-2.1,6.6,0.05,13.89
115,7,2.36,-1.1,7.7,0.09,15.06
115,8,3.3,0.5,10.1,0.2,14.92
115,9,4.34,1.2,12.4,0.13,14.63
115,10,5.45,2.6,13.9,0.05,14.21
115,11,6.55,2.9,15.2,0.06,14.55
115,12,7.31,2.6,14.5,0.05,14.05
115,13,7.66,2.8,14.8,0.05,13.99
115,14,8.66,2.9,16.2,0.05,13.98
115,15,8.54,2.7,16.6,0.14,14.26
115,16,8.37,3.4,16.2,0.1,14.49
115,17,8.05,2.6,15.9,0.03,13.82
115,18,7.55,2.3,16.3,0.04,12.05
115,19,6.72,2.0,15.3,0.08,9.96
115,20,5.78,1.3,13.2,0.07,8.32
115,21,3.93,0.4,12.2,0.06,8.58
115,22,3.22,-0.2,10.6,0.06,8.61
115,23,3.02,-0.4,9.4,0.05,8.91
116,0,3.25,-0.7,10.4,0.03,10.02
116,1,2.96,-1.1,10.7,0.06,10.28
116,2,2.56,-1.6,10.6,0.02,10.13
116,3,2.56,-1.2,10.3,0.03,10.27
116,4,2.13,-1.5,9.4,0.07,9.72
116,5,1.57,-1.5,8.4,0.06,10.36
116,6,1.69,-1.6,8.5,0.02,10.77
116,7,2.36,-0.1,8.6,0.02,11.18
116,8,3.36,1.6,9.2,0.03,10.68
116,9,4.59,2.0,10.5,0.09,10.58
116,10,5.69,2.3,11.3,0.06,12.1
116,11,6.38,2.0,11.4,0.17,12.83
116,12,6.85,2.1,12.1,0.23,13.5
116,13,7.21,2.6,12.2,0.13,13.86
116,14,7.5,2.8,12.7,0.1,14.0
116,15,7.67,3.2,14.6,0.07,14.78
116,16,7.81,3.5,14.3,0.06,14.88
116,17,7.79,3.7,14.5,0.05,14.94
116,18,7.65,3.9,14.6,0.09,14.45
116,19,7.0,4.2,14.0,0.1,12.97
116,20,6.03,3.7,13.2,0.09,11.09
116,21,4.5,1.5,9.4,0.12,10.78
116,22,3.39,0.5,7.9,0.16,10.7
116,23,2.83,0.1,7.5,0.19,10.02
117,0,2.53,-0.4,7.0,0.24,9.28
117,1,2.45,-0.9,8.2,0.14,8.64
117,2,1.91,-1.9,8.1,0.05,8.29
117,3,1.87,-1.6,8.0,0.05,8.85
117,4,1.31,-2.4,8.3,0.03,8.2
117,5,1.13,-2.9,7.8,0.02,8.67
117,6,1.06,-3.3,7.7,0.02,9.5
117,7,2.01,-2.5,8.8,0.01,9.71
117,8,3.32,-0.6,11.4,0.0,9.83
117,9,4.66,1.2,13.7,0.0,10.05
117,10,5.87,2.4,15.5,0.0,10.43
117,11,6.92,3.2,17.1,0.0,11.57
117,12,7.74,3.8,17.7,0.0,11.89
117,13,8.12,4.2,17.9,0.0,12.09
117,14,8.53,4.9,18.0,0.0,11.79
117,15,8.09,5.0,18.7,0.01,11.22
117,16,8.24,4.7,17.0,0.0,11.0
117,17,7.72,4.8,14.6,0.02,11.21
117,18,7.35,4.2,14.3,0.02,10.86
117,19,6.7,3.5,13.8,0.0,9.87
117,20,5.66,2.0,12.5,0.0,9.6
117,21,4.57,0.6,10.6,0.01,10.62
117,22,3.95,-0.7,9.3,0.0,11.25
117,23,3.38,-1.7,9.6,0.0,11.64
118,0,3.11,-2.0,11.2,0.0,12.49
118,1,2.41,-2.5,8.8,0.0,12.26
118,2,1.89,-3.0,7.3,0.0,11.6
118,3,1.56,-3.0,6.8,0.0,11.1
118,4,1.11,-3.4,5.5,0.0,11.22
118,5,0.75,-3.7,4.9,0.0,10.96
118,6,0.61,-3.8,4.8,0.0,10.32
118,7,1.5,-3.0,5.8,0.0,9.95
118,8,3.08,-1.1,6.9,0.01,9.47
118,9,4.83,1.7,8.3,0.0,9.9
118,10,6.07,2.6,9.6,0.01,10.95
118,11,7.23,3.6,12.2,0.01,11.85
118,12,7.95,3.6,13.1,0.02,12.52
118,13,8.28,3.8,13.7,0.05,13.15
118,14,8.48,4.1,13.7,0.04,13.38
118,15,8.02,3.4,12.7,0.03,13.72
118,16,7.9,3.2,11.5,0.09,13.82
118,17,7.49,2.8,11.3,0.05,13.43
118,18,7.07,3.2,10.7,0.07,13.46
118,19,6.44,3.1,10.0,0.1,12.13
118,20,5.38,2.9,9.2,0.18,10.66
118,21,3.92,1.4,8.7,0.2,10.55
118,22,3.3,0.6,8.2,0.32,11.29
118,23,3.09,0.4,7.8,0.19,11.88
119,0,2.75,-0.6,6.9,0.04,12.87
119,1,2.32,-1.2,7.2,0.03,12.73
119,2,1.93,-1.7,6.9,0.09,12.34
119,3,1.75,-1.7,7.0,0.04,12.31
119,4,1.65,-1.2,6.7,0.04,12.15
119,5,1.48,-1.6,6.1,0.02,12.31
119,6,1.57,-1.9,6.3,0.03,12.31
119,7,2.48,-1.2,7.0,0.02,12.1
119,8,3.97,0.2,8.5,0.0,11.57
119,9,5.29,1.5,10.6,0.04,11.45
119,10,6.46,2.9,12.0,0.11,11.66
119,11,7.43,3.6,13.1,0.12,11.88
119,12,8.12,4.2,14.0,0.1,12.25
119,13,8.63,4.8,15.2,0.09,12.88
119,14,9.01,4.8,16.1,0.1,13.44
119,15,8.74,3.2,16.4,0.1,12.53
119,16,8.36,2.1,17.0,0.16,13.71
119,17,7.78,1.8,14.7,0.33,13.0
119,18,7.79,1.5,15.3,0.23,11.07
119,19,7.2,1.3,14.3,0.24,10.94
119,20,6.16,1.1,12.0,0.21,9.74
119,21,5.03,0.9,10.5,0.15,9.6
119,22,3.75,-0.4,8.7,0.14,9.57
119,23,3.08,-1.5,7.2,0.08,10.15
120,0,2.57,-1.8,7.1,0.08,10.13
120,1,2.0,-1.9,6.8,0.12,9.14
120,2,1.61,-2.1,6.4,0.17,9.62
120,3,1.35,-1.9,5.9,0.17,9.03
120,4,1.26,-2.8,5.8,0.22,8.5
120,5,1.09,-3.2,5.4,0.03,8.15
120,6,1.32,-3.4,5.4,0.02,8.18
120,7,2.24,-2.3,6.1,0.01,8.32
120,8,3.59,0.2,7.7,0.03,7.9
120,9,4.94,1.7,9.3,0.02,8.51
120,10,6.25,2.6,10.8,0.02,9.53
120,11,7.24,3.5,12.7,0.06,10.6
120,12,7.82,4.1,14.0,0.08,11.99
120,13,8.03,3.7,15.1,0.1,13.1
120,14,8.31,3.5,15.8,0.11,13.82
120,15,8.18,3.2,16.4,0.1,12.94
120,16,8.43,4.1,16.8,0.03,12.81
120,17,8.21,4.5,16.6,0.03,12.56
120,18,7.78,3.7,16.2,0.02,11.17
120,19,7.24,3.7,15.3,0.02,10.12
120,20,6.32,2.9,13.2,0.0,7.9
120,21,4.97,1.7,10.7,0.0,8.99
120,22,3.83,0.5,9.1,0.0,9.14
120,23,3.28,-0.4,8.0,0.0,9.39
121,0,3.06,-0.3,7.0,0.0,9.2
121,1,2.97,0.0,6.7,0.0,9.47
121,2,2.67,-0.1,6.5,0.0,9.9
121,3,2.5,-0.4,6.4,0.04,11.4
121,4,2.42,-1.0,6.5,0.0,11.72
121,5,2.14,-1.6,6.9,0.0,11.44
121,6,2.3,-1.6,6.7,0.01,10.82
121,7,3.28,0.3,5.6,0.14,11.0
121,8,4.78,2.1,7.4,0.29,10.14
121,9,6.44,4.6,9.1,0.18,10.24
121,10,7.9,5.7,11.1,0.03,11.52
121,11,8.78,5.2,12.0,0.02,13.05
121,12,9.58,6.1,12.4,0.01,14.36
121,13,10.06,7.4,12.8,0.01,14.21
121,14,10.37,7.8,13.3,0.01,14.06
121,15,10.37,6.9,13.4,0.05,14.49
121,16,10.2,7.4,13.5,0.01,14.62
121,17,10.12,6.8,13.6,0.01,14.19
121,18,9.53,6.3,13.5,0.0,12.07
121,19,8.83,6.3,12.6,0.0,10.22
121,20,7.54,5.2,11.1,0.06,10.19
121,21,5.9,3.0,9.9,0.13,11.1
121,22,4.78,1.5,9.4,0.14,11.42
121,23,4.51,0.7,8.5,0.12,10.94
122,0,4.16,0.0,7.8,0.1,10.22
122,1,3.67,-0.5,7.2,0.22,10.24
122,2,3.6,-0.9,6.7,0.19,11.03
122,3,3.53,-0.4,7.2,0.12,11.92
122,4,3.51,-0.4,6.4,0.07,10.36
122,5,3.04,-0.7,6.0,0.01,10.97
122,6,3.14,-0.5,6.1,0.04,11.34
122,7,4.18,0.9,6.6,0.02,11.22
122,8,5.82,2.8,7.8,0.11,9.99
122,9,7.18,4.6,10.1,0.3,9.76
122,10,8.28,5.2,12.1,0.19,10.47
122,11,9.09,5.3,13.4,0.12,11.37
122,12,9.77,5.6,14.0,0.1,12.9
122,13,10.35,6.1,14.7,0.11,13.86
122,14,10.36,5.6,14.3,0.1,13.82
122,15,10.01,4.4,14.1,0.1,13.84
122,16,10.09,4.5,14.0,0.05,15.41
122,17,9.42,4.2,13.8,0.52,15.76
122,18,8.79,4.1,13.3,0.57,16.17
122,19,7.99,3.0,12.2,0.47,16.36
122,20,6.97,2.3,11.0,0.4,14.5
122,21,5.88,1.5,9.7,0.31,13.97
122,22,5.17,1.2,9.2,0.12,12.21
122,23,4.5,1.0,7.8,0.06,11.62
123,0,4.09,-0.9,6.8,0.02,11.53
123,1,3.71,-0.3,6.4,0.01,11.39
123,2,3.58,-0.1,7.1,0.0,11.7
123,3,3.65,0.1,8.3,0.0,11.5
123,4,3.36,-0.2,8.2,0.0,11.36
123,5,3.06,-0.5,8.1,0.0,11.69
123,6,3.15,-0.4,7.8,0.0,11.68
123,7,4.02,0.2,7.5,0.0,11.42
123,8,5.14,0.1,8.2,0.0,11.37
123,9,6.51,0.7,10.2,0.0,12.23
123,10,7.95,0.8,11.6,0.0,13.07
123,11,9.02,1.4,12.5,0.03,14.3
123,12,9.72,2.0,13.1,0.0,14.87
123,13,10.32,3.1,14.6,0.01,15.2
123,14,10.48,3.9,15.6,0.03,15.2
123,15,10.46,3.6,16.0,0.04,15.31
123,16,10.5,4.2,17.0,0.06,14.83
123,17,10.11,3.7,16.6,0.05,14.61
123,18,9.34,3.4,15.4,0.02,13.94
123,19,8.69,3.4,14.0,0.12,13.08
123,20,7.71,2.6,12.7,0.08,11.56
123,21,6.51,1.3,12.3,0.01,11.06
123,22,5.49,-0.2,11.0,0.01,12.24
123,23,4.67,-1.0,9.7,0.01,12.51
124,0,4.12,-1.7,9.5,0.05,12.59
124,1,3.65,-2.3,8.9,0.12,12.5
124,2,3.23,-2.7,8.6,0.04,12.53
124,3,3.12,-2.5,8.2,0.01,12.01
124,4,2.84,-3.1,8.1,0.02,10.95
124,5,2.4,-3.2,7.5,0.02,11.2
124,6,2.31,-2.7,7.6,0.01,11.18
124,7,3.34,-1.1,8.5,0.0,11.26
124,8,4.94,0.9,9.9,0.0,10.4
124,9,6.54,2.4,11.7,0.0,10.14
124,10,7.97,3.6,13.5,0.0,11.54
124,11,8.91,4.1,15.2,0.03,12.44
124,12,9.65,4.6,16.3,0.03,12.82
124,13,10.14,5.4,16.9,0.02,12.89
124,14,10.48,5.3,17.4,0.01,12.93
124,15,10.14,1.7,17.8,0.01,11.49
124,16,10.05,2.5,18.7,0.07,13.13
124,17,9.79,2.8,18.7,0.02,12.26
124,18,9.77,3.2,18.7,0.02,11.43
124,19,8.91,2.3,17.7,0.02,11.74
124,20,7.71,1.5,16.0,0.05,11.19
124,21,6.14,1.2,13.8,0.02,10.0
124,22,5.16,0.5,12.4,0.0,10.5
124,23,4.46,-0.4,11.4,0.0,11.77
125,0,3.9,-1.0,10.5,0.0,11.17
125,1,3.41,-1.2,9.6,0.01,11.38
125,2,3.1,-1.6,8.9,0.01,11.69
125,3,3.08,-1.7,8.3,0.0,11.65
125,4,2.63,-2.1,7.7,0.0,11.58
125,5,2.32,-2.5,7.3,0.0,11.65
125,6,2.59,-2.0,7.0,0.0,11.38
125,7,3.61,-0.3,7.6,0.0,11.26
125,8,5.09,0.9,9.4,0.0,12.71
125,9,6.5,2.2,11.6,0.0,13.97
125,10,7.62,2.9,14.0,0.0,14.39
125,11,8.67,3.7,15.6,0.01,14.7
125,12,9.66,4.4,16.4,0.02,15.24
125,13,10.19,3.7,16.9,0.04,14.64
125,14,10.64,2.8,17.1,0.08,14.31
125,15,10.66,1.8,17.2,0.1,13.01
125,16,10.91,1.9,17.1,0.1,13.08
125,17,10.9,2.1,16.8,0.07,14.29
125,18,10.53,2.0,16.3,0.05,13.75
125,19,9.98,2.4,15.4,0.05,12.14
125,20,8.9,2.9,14.1,0.05,10.51
125,21,7.33,1.7,12.7,0.04,10.61
125,22,6.21,0.7,12.1,0.01,10.02
125,23,5.44,0.0,11.1,0.02,9.98
126,0,4.86,-0.6,10.3,0.02,10.02
126,1,3.93,-1.5,9.6,0.0,10.32
126,2,3.79,-1.7,9.0,0.0,10.26
126,3,3.81,-0.7,8.5,0.0,10.13
126,4,3.54,-1.1,8.0,0.14,10.32
126,5,3.26,-1.4,7.5,0.38,9.73
126,6,3.52,-1.1,7.3,0.09,10.1
126,7,4.73,0.7,7.9,0.0,10.92
126,8,6.47,3.2,9.9,0.0,10.76
126,9,8.06,5.1,12.1,0.0,10.71
126,10,9.42,6.4,13.9,0.01,11.01
126,11,10.36,7.1,14.9,0.01,11.75
126,12,10.94,7.1,15.2,0.0,12.16
126,13,10.8,5.6,15.4,0.05,12.43
126,14,11.35,6.1,15.6,0.02,12.25
126,15,11.2,5.4,15.6,0.03,13.99
126,16,11.09,4.5,15.5,0.07,13.72
126,17,10.82,4.6,15.1,0.02,13.3
126,18,10.23,4.3,14.5,0.02,12.39
126,19,9.55,4.6,13.6,0.02,11.94
126,20,8.34,4.3,12.4,0.0,11.52
126,21,6.85,3.6,11.0,0.02,10.28
126,22,5.77,2.3,10.4,0.01,10.78
126,23,5.1,1.6,9.5,0.0,10.65
127,0,4.84,1.8,8.8,0.0,10.5
127,1,4.47,1.8,8.2,0.01,10.65
127,2,4.0,1.5,7.7,0.01,9.78
127,3,3.64,0.6,7.2,0.0,10.42
127,4,3.07,-0.5,6.9,0.01,9.62
127,5,2.79,-1.1,6.6,0.0,9.58
127,6,2.82,-0.7,6.6,0.01,9.81
127,7,3.83,0.8,7.3,0.02,8.84
127,8,5.29,2.7,9.1,0.02,9.2
127,9,6.73,3.0,10.9,0.02,10.55
127,10,7.82,3.5,13.2,0.01,11.56
127,11,8.75,4.1,15.0,0.01,12.12
127,12,9.44,4.6,16.2,0.02,12.82
127,13,9.87,6.1,17.1,0.0,12.96
127,14,10.29,6.4,17.2,0.01,13.65
127,15,10.18,6.1,17.9,0.07,14.0
127,16,10.19,5.9,17.6,0.08,14.8
127,17,9.71,6.0,16.8,0.07,15.17
127,18,9.31,5.6,16.4,0.0,14.55
127,19,8.73,4.9,15.8,0.02,13.77
127,20,7.71,4.1,14.6,0.01,12.58
127,21,6.4,3.1,12.5,0.0,11.22
127,22,5.3,2.0,12.1,0.0,11.11
127,23,4.76,1.9,11.3,0.0,11.04
128,0,4.25,1.1,10.5,0.0,11.3
128,1,3.77,0.5,9.9,0.0,11.13
128,2,3.37,-0.1,9.4,0.0,10.75
128,3,3.27,-0.5,10.1,0.0,10.16
128,4,2.94,-0.9,9.3,0.0,9.69
128,5,2.44,-1.5,8.5,0.0,10.26
128,6,2.64,-1.3,8.7,0.0,11.11
128,7,3.94,-0.2,10.2,0.0,10.23
128,8,5.48,1.2,11.2,0.0,10.82
128,9,6.71,2.5,12.4,0.0,11.3
128,10,7.81,3.8,13.9,0.02,12.5
128,11,8.71,4.6,15.1,0.03,13.55
128,12,9.34,5.8,16.0,0.03,14.4
128,13,9.65,5.0,16.7,0.01,14.24
128,14,9.82,4.1,17.2,0.1,14.28
128,15,9.91,4.0,17.5,0.03,13.31
128,16,10.01,3.9,17.6,0.04,12.98
128,17,10.0,4.0,17.6,0.02,11.83
128,18,9.63,4.3,17.4,0.01,12.0
128,19,9.1,3.8,16.6,0.03,10.82
128,20,8.14,3.1,15.5,0.02,9.01
128,21,6.51,2.3,14.1,0.0,8.83
128,22,5.31,1.8,13.9,0.0,10.04
128,23,4.58,0.4,13.0,0.04,10.91
129,0,4.01,-0.2,12.1,0.0,11.26
129,1,3.53,-1.1,11.3,0.0,10.31
129,2,2.84,-1.6,10.7,0.0,10.16
129,3,2.29,-1.8,10.0,0.0,9.87
129,4,2.4,-2.1,9.5,0.0,9.83
129,5,2.23,-2.5,9.1,0.0,9.77
129,6,2.56,-2.2,9.0,0.0,9.9
129,7,4.13,-0.8,9.7,0.0,9.84
129,8,5.95,0.8,11.3,0.0,8.81
129,9,7.56,2.2,13.4,0.0,9.98
129,10,8.76,3.5,15.0,0.0,11.17
129,11,9.63,4.3,16.0,0.0,12.23
129,12,10.22,4.9,16.7,0.0,12.67
129,13,10.69,4.8,17.3,0.0,12.59
129,14,11.08,4.8,17.7,0.01,12.62
129,15,11.14,4.4,18.1,0.0,12.67
129,16,11.33,5.3,18.3,0.0,12.88
129,17,10.92,4.4,18.2,0.06,13.65
129,18,10.28,3.3,17.9,0.04,13.15
129,19,9.55,2.3,17.1,0.01,11.9
129,20,8.67,1.9,15.9,0.01,11.09
129,21,7.34,1.3,14.7,0.0,10.82
129,22,6.3,-0.2,14.1,0.0,11.54
129,23,5.78,-0.9,13.2,0.02,11.99
130,0,5.3,-1.3,12.5,0.07,11.66
130,1,4.79,-1.7,11.8,0.13,11.0
130,2,4.48,-2.1,11.2,0.13,11.31
130,3,4.33,-2.1,10.7,0.1,11.37
130,4,3.97,-2.5,10.2,0.08,11.15
130,5,3.92,-2.7,9.8,0.03,10.64
130,6,4.49,-1.8,9.6,0.01,10.9
130,7,5.92,0.2,10.5,0.0,11.3
130,8,7.46,2.0,12.4,0.0,11.36
130,9,8.87,3.4,14.4,0.01,12.3
130,10,9.89,4.6,15.7,0.04,13.13
130,11,10.71,5.4,16.7,0.04,13.64
130,12,11.34,6.1,17.4,0.04,14.17
130,13,11.78,6.3,17.9,0.02,14.54
130,14,12.39,6.2,18.1,0.03,15.14
130,15,12.03,4.7,18.0,0.13,13.96
130,16,12.1,5.1,17.6,0.12,13.49
130,17,12.02,3.5,17.2,0.08,13.41
130,18,11.73,2.2,16.8,0.14,12.26
130,19,11.23,1.7,16.1,0.08,11.4
130,20,10.47,2.1,15.1,0.01,11.77
130,21,9.4,1.3,14.2,0.0,11.43
130,22,8.62,-0.2,13.8,0.0,12.12
130,23,8.14,-1.2,13.4,0.0,12.11
131,0,7.64,-1.7,13.0,0.02,12.24
131,1,7.49,-2.0,12.4,0.0,11.86
131,2,7.25,-2.5,11.8,0.0,11.4
131,3,6.92,-3.0,12.5,0.01,10.83
131,4,6.63,-3.4,11.8,0.0,11.5
131,5,6.12,-3.6,11.1,0.02,11.51
131,6,6.18,-2.8,11.1,0.11,11.38
131,7,7.05,-0.4,12.0,0.13,11.17
131,8,8.28,1.9,12.9,0.17,10.79
131,9,9.28,3.3,14.0,0.16,12.21
131,10,10.19,4.5,15.2,0.18,13.33
131,11,10.92,3.3,16.5,0.18,13.57
131,12,11.68,2.8,17.9,0.15,13.54
131,13,12.48,2.9,19.0,0.16,13.82
131,14,12.83,2.8,19.8,0.14,13.7
131,15,12.95,3.0,20.7,0.1,13.78
131,16,13.12,3.6,21.0,0.08,12.93
131,17,13.01,4.9,20.9,0.16,12.39
131,18,12.44,4.1,20.3,0.24,12.44
131,19,11.84,3.8,19.0,0.12,11.36
131,20,10.69,3.0,16.7,0.15,10.19
131,21,9.15,2.3,14.6,0.07,10.36
131,22,8.08,0.8,14.0,0.05,11.46
131,23,7.27,-0.1,13.2,0.03,11.81
132,0,6.76,-0.8,12.5,0.02,11.78
132,1,6.28,-1.4,12.0,0.01,11.19
132,2,5.89,-1.7,11.6,0.02,10.84
132,3,5.64,-1.7,12.6,0.02,10.41
132,4,5.35,-2.3,12.2,0.02,9.84
132,5,4.93,-2.6,11.7,0.01,9.86
132,6,5.32,-2.0,11.2,0.0,9.37
132,7,6.47,-0.4,12.0,0.0,9.67
132,8,8.21,1.4,13.4,0.0,8.87
132,9,9.8,3.1,14.7,0.0,9.37
132,10,11.06,4.5,16.2,0.03,11.06
132,11,12.14,5.6,17.7,0.02,11.79
132,12,13.17,6.5,18.8,0.01,12.35
132,13,13.94,7.6,19.4,0.0,12.95
132,14,14.42,7.9,19.8,0.0,12.88
132,15,14.16,6.5,20.6,0.01,12.88
132,16,14.34,6.8,20.6,0.01,12.09
132,17,14.22,7.9,20.2,0.01,10.9
132,18,13.78,8.1,19.5,0.14,10.05
132,19,13.06,7.2,18.2,0.0,9.82
132,20,11.9,6.4,16.7,0.03,8.48
132,21,10.08,4.8,14.7,0.0,8.27
132,22,8.5,3.3,14.1,0.0,10.02
132,23,7.96,2.3,13.8,0.0,10.71
133,0,7.34,1.5,13.6,0.0,10.71
133,1,6.8,0.9,13.5,0.0,10.62
133,2,6.17,-1.0,12.4,0.0,10.21
133,3,5.83,0.3,10.1,0.0,9.37
133,4,5.17,-0.5,9.7,0.0,8.84
133,5,5.1,-0.8,9.6,0.0,9.21
133,6,5.93,0.1,11.4,0.0,9.01
133,7,7.35,2.5,13.0,0.0,8.08
133,8,9.26,5.1,15.3,0.0,7.93
133,9,10.85,4.6,17.0,0.03,8.26
133,10,12.26,3.1,19.4,0.06,8.56
133,11,13.38,2.8,20.7,0.11,9.83
133,12,14.38,4.3,21.8,0.05,9.97
133,13,15.03,5.1,22.7,0.03,10.13
133,14,15.32,6.4,23.3,0.04,10.41
133,15,14.96,5.3,23.8,0.05,10.89
133,16,15.25,6.8,23.6,0.02,11.23
133,17,14.67,5.7,23.2,0.11,11.48
133,18,14.53,6.1,22.4,0.01,10.92
133,19,13.67,6.0,20.7,0.01,10.14
133,20,12.52,5.2,19.8,0.17,8.48
133,21,11.1,3.5,19.5,0.08,8.52
133,22,10.01,2.6,17.9,0.05,10.13
133,23,8.77,-0.1,13.6,0.0,10.34
134,0,8.59,0.6,15.9,0.0,9.91
134,1,7.65,0.5,12.2,0.0,10.13
134,2,6.99,0.3,11.9,0.0,10.2
134,3,6.93,1.2,11.6,0.0,9.8
134,4,6.73,1.0,11.2,0.0,9.08
134,5,6.31,0.3,10.9,0.0,9.62
134,6,6.93,1.2,11.3,0.02,9.6
134,7,8.18,2.6,13.4,0.02,8.85
134,8,9.67,4.2,16.2,0.08,9.2
134,9,11.08,6.0,18.4,0.03,9.31
134,10,12.54,7.5,19.9,0.01,9.84
134,11,13.51,7.9,21.1,0.07,10.92
134,12,14.36,9.1,22.3,0.05,11.71
134,13,14.57,9.6,23.2,0.11,12.11
134,14,14.79,9.8,23.6,0.19,11.79
134,15,14.23,7.6,23.8,0.4,12.94
134,16,14.48,9.5,23.1,0.19,12.24
134,17,14.06,7.4,22.7,0.23,11.42
134,18,13.71,6.3,22.1,0.13,10.05
134,19,12.96,7.0,20.1,0.1,9.08
134,20,11.63,5.5,18.2,0.17,9.54
134,21,10.36,4.6,18.4,0.08,9.21
134,22,9.14,3.2,18.3,0.04,9.29
134,23,8.23,2.5,16.1,0.07,9.08
135,0,7.53,1.8,13.3,0.14,9.89
135,1,7.18,1.5,13.3,0.15,10.69
135,2,6.88,1.6,12.8,0.17,9.13
135,3,7.31,2.6,13.2,0.13,9.12
135,4,6.48,1.9,10.7,0.13,9.32
135,5,6.29,1.8,9.9,0.12,9.15
135,6,6.99,2.1,11.5,0.06,9.71
135,7,8.41,3.4,13.6,0.02,9.32
135,8,10.25,4.9,16.7,0.12,9.61
135,9,11.65,5.2,19.6,0.1,10.81
135,10,12.72,4.3,22.1,0.06,11.14
135,11,13.56,4.7,23.6,0.16,11.44
135,12,14.34,7.4,24.9,0.19,11.64
135,13,15.07,7.9,25.9,0.06,11.92
135,14,15.54,7.0,25.7,0.14,12.46
135,15,15.84,7.8,25.3,0.01,13.82
135,16,15.98,8.7,24.0,0.01,14.6
135,17,15.86,8.7,24.5,0.0,14.55
135,18,15.55,8.7,24.6,0.0,13.91
135,19,14.88,8.2,24.2,0.0,12.96
135,20,13.5,7.2,21.2,0.0,12.11
135,21,11.78,5.4,18.0,0.0,12.45
135,22,10.03,3.8,15.6,0.0,12.15
135,23,9.36,3.0,16.7,0.0,12.12
136,0,8.96,2.3,16.4,0.0,12.0
136,1,8.34,1.4,15.1,0.0,10.92
136,2,7.83,0.5,14.7,0.01,10.41
136,3,7.74,0.4,14.6,0.0,10.81
136,4,7.64,-0.2,14.2,0.02,11.28
136,5,7.26,-0.5,13.6,0.09,11.88
136,6,7.59,0.5,13.8,0.05,11.73
136,7,8.73,2.0,15.3,0.09,10.29
136,8,10.15,3.4,17.6,0.12,9.85
136,9,11.38,4.9,19.1,0.09,10.28
136,10,12.62,5.5,20.6,0.08,10.38
136,11,13.53,6.4,21.0,0.1,10.83
136,12,13.98,6.2,21.9,0.29,11.08
136,13,14.4,5.1,23.1,0.28,12.78
136,14,14.73,5.4,23.7,0.14,13.35
136,15,14.56,5.5,23.1,0.09,13.74
136,16,14.86,6.5,23.4,0.05,13.66
136,17,14.61,6.7,23.0,0.1,14.24
136,18,13.77,5.3,22.4,0.44,13.33
136,19,12.81,4.0,21.2,0.23,12.16
136,20,12.18,3.9,19.7,0.07,10.95
136,21,10.98,3.5,17.8,0.03,10.04
136,22,9.5,2.9,16.1,0.06,10.12
136,23,8.36,2.2,14.9,0.05,9.79
137,0,7.72,1.6,14.0,0.0,10.51
137,1,7.34,1.1,13.2,0.03,10.01
137,2,7.14,0.5,12.5,0.04,9.92
137,3,7.17,0.7,12.0,0.03,10.92
137,4,7.11,0.1,12.4,0.04,10.62
137,5,6.67,-0.5,11.8,0.05,10.89
137,6,7.2,0.1,11.9,0.02,10.54
137,7,8.42,2.1,13.2,0.02,10.48
137,8,9.89,4.5,15.7,0.01,10.82
137,9,11.21,5.2,17.3,0.0,10.93
137,10,12.24,5.9,19.3,0.01,10.84
137,11,13.14,6.7,20.5,0.01,10.88
137,12,13.93,7.9,21.0,0.01,12.2
137,13,13.74,6.6,20.9,0.27,11.77
137,14,13.72,6.9,21.5,0.11,12.68
137,15,13.38,5.6,21.2,0.43,13.6
137,16,13.43,7.3,20.1,0.12,13.26
137,17,13.13,5.1,20.4,0.37,12.16
137,18,12.9,3.8,20.5,0.28,12.08
137,19,12.33,4.0,19.8,0.28,11.78
137,20,11.55,4.3,18.5,0.18,10.41
137,21,10.45,3.9,17.2,0.08,9.71
137,22,9.23,3.3,16.3,0.03,9.67
137,23,8.48,3.0,15.3,0.02,9.33
138,0,7.81,2.4,15.1,0.01,9.26
138,1,7.6,2.2,14.4,0.0,9.52
138,2,7.34,2.0,13.9,0.0,10.13
138,3,6.91,1.8,12.7,0.0,9.94
138,4,6.63,1.6,12.6,0.0,10.0
138,5,6.55,1.0,12.0,0.01,10.27
138,6,7.04,1.1,10.6,0.15,11.0
138,7,8.16,2.2,11.1,0.05,10.65
138,8,9.39,3.5,13.1,0.01,10.9
138,9,10.68,5.1,15.1,0.04,11.45
138,10,12.07,6.7,16.7,0.01,12.8
138,11,13.07,8.1,17.8,0.06,13.78
138,12,13.98,8.7,18.4,0.01,13.98
138,13,14.84,10.3,18.6,0.0,13.33
138,14,15.26,10.9,18.7,0.01,13.5
138,15,15.1,10.6,19.2,0.0,13.99
138,16,15.27,10.8,19.3,0.07,14.02
138,17,15.37,11.0,19.0,0.05,13.86
138,18,15.13,11.0,18.7,0.13,13.12
138,19,14.27,8.5,18.2,0.14,11.83
138,20,13.22,8.1,17.4,0.13,10.22
138,21,11.79,6.8,16.0,0.14,9.69
138,22,10.41,5.8,14.8,0.28,10.3
138,23,9.49,4.9,13.7,0.18,11.09
139,0,9.08,3.7,12.9,0.24,10.91
139,1,8.59,2.7,12.1,0.15,10.56
139,2,7.81,1.9,11.4,0.05,10.18
139,3,7.98,1.9,12.0,0.06,10.5
139,4,7.63,1.1,11.7,0.04,10.25
139,5,7.17,0.8,11.6,0.04,10.09
139,6,7.92,1.5,11.7,0.01,8.66
139,7,9.36,3.6,12.4,0.04,7.89
139,8,11.08,5.8,15.3,0.06,7.56
139,9,12.55,7.5,17.6,0.21,8.19
139,10,13.68,8.8,19.8,0.23,8.9
139,11,14.7,10.0,21.1,0.22,9.85
139,12,15.27,10.4,21.6,0.08,10.5
139,13,15.67,8.4,22.1,0.14,11.82
139,14,15.93,7.6,22.2,0.11,12.86
139,15,16.1,7.8,22.2,0.01,12.8
139,16,16.16,7.7,21.5,0.03,12.95
139,17,15.75,7.5,21.3,0.03,13.84
139,18,15.34,8.4,21.0,0.02,13.14
139,19,14.6,8.0,20.3,0.04,12.28
139,20,13.65,6.9,19.1,0.02,10.83
139,21,12.48,6.0,17.5,0.01,10.93
139,22,11.25,4.5,15.6,0.01,11.71
139,23,10.49,3.7,14.5,0.01,11.73
140,0,9.9,3.4,13.9,0.01,12.06
140,1,9.32,2.8,13.0,0.01,11.43
140,2,8.92,2.2,12.4,0.03,11.6
140,3,8.96,2.2,13.9,0.01,11.2
140,4,8.52,1.8,13.3,0.02,11.22
140,5,8.23,1.7,12.6,0.01,11.32
140,6,8.71,2.8,13.2,0.03,10.77
140,7,9.96,4.2,14.7,0.04,10.84
140,8,11.36,5.5,16.2,0.01,9.99
140,9,12.7,7.0,17.6,0.0,9.86
140,10,13.77,8.2,18.8,0.0,10.0
140,11,14.82,9.5,20.1,0.0,10.19
140,12,15.66,9.9,21.4,0.0,10.07
140,13,16.32,10.3,22.4,0.0,11.13
140,14,16.78,10.7,22.7,0.0,11.43
140,15,17.07,9.6,22.7,0.0,12.16
140,16,16.75,9.7,22.7,0.05,13.08
140,17,16.35,9.9,20.8,0.04,12.2
140,18,15.86,10.0,19.0,0.01,11.27
140,19,15.02,10.2,17.7,0.03,11.31
140,20,14.13,9.6,17.4,0.06,10.11
140,21,12.67,8.3,16.8,0.06,10.07
140,22,11.29,6.6,15.7,0.08,10.46
140,23,10.82,5.6,16.4,0.09,11.7
141,0,10.24,5.1,16.0,0.07,11.25
141,1,9.52,4.7,15.0,0.11,11.31
141,2,9.05,4.6,14.9,0.09,11.49
141,3,8.61,5.2,14.5,0.11,11.3
141,4,8.04,4.2,14.2,0.08,11.19
141,5,7.58,3.5,13.7,0.07,11.07
141,6,8.17,4.0,14.4,0.12,11.1
141,7,9.53,5.5,15.5,0.12,10.08
141,8,11.18,7.4,16.2,0.15,10.19
141,9,12.69,7.0,17.3,0.16,10.77
141,10,13.77,6.8,18.3,0.13,10.96
141,11,14.75,7.6,18.9,0.1,11.06
141,12,15.73,9.0,22.1,0.08,12.0
141,13,16.13,10.0,23.2,0.07,13.87
141,14,16.57,10.8,23.3,0.05,14.31
141,15,16.77,11.3,22.3,0.06,14.41
141,16,16.71,11.0,22.2,0.05,15.55
141,17,16.51,11.9,21.0,0.01,14.38
141,18,16.26,12.3,21.5,0.0,13.42
141,19,15.49,10.9,21.3,0.02,12.06
141,20,14.27,10.0,18.9,0.0,10.37
141,21,12.79,9.1,17.3,0.01,10.67
141,22,11.36,8.1,15.1,0.01,11.61
141,23,10.77,7.0,13.9,0.0,11.3
142,0,10.41,7.2,13.6,0.0,10.9
142,1,9.73,6.4,12.7,0.0,10.13
142,2,9.23,5.8,12.8,0.09,10.1
142,3,8.72,5.2,14.6,0.03,10.28
142,4,8.15,4.3,14.1,0.04,10.25
142,5,8.18,4.0,13.7,0.03,9.35
142,6,9.01,4.7,14.3,0.0,9.18
142,7,10.42,6.1,15.8,0.0,9.02
142,8,11.95,7.8,17.5,0.0,8.64
142,9,13.27,9.2,19.2,0.0,8.94
142,10,14.41,10.1,19.5,0.0,9.59
142,11,15.47,10.9,20.4,0.0,10.28
142,12,16.25,11.4,20.7,0.0,11.32
142,13,16.68,11.8,21.1,0.02,12.29
142,14,16.9,12.0,21.1,0.05,11.77
142,15,17.17,11.7,21.5,0.06,11.46
142,16,17.2,11.9,21.9,0.03,11.56
142,17,17.0,11.9,21.1,0.0,11.59
142,18,16.52,11.9,19.9,0.0,11.02
142,19,15.57,11.6,18.6,0.0,10.28
142,20,14.23,10.7,16.9,0.0,9.78
142,21,12.64,9.1,15.6,0.09,7.76
142,22,11.44,7.3,14.1,0.03,8.79
142,23,10.83,6.3,13.1,0.02,8.67
143,0,10.25,6.2,12.9,0.0,8.02
143,1,10.06,6.1,13.7,0.0,8.53
143,2,9.85,6.0,15.0,0.0,8.7
143,3,9.64,4.9,15.1,0.01,9.5
143,4,9.41,4.8,15.1,0.05,9.0
143,5,9.05,3.8,14.9,0.1,7.83
143,6,9.7,5.4,15.1,0.1,7.46
143,7,11.01,8.0,15.1,0.15,7.84
143,8,12.45,8.9,16.0,0.29,7.86
143,9,13.77,9.4,17.5,0.06,8.72
143,10,14.79,10.0,19.1,0.03,10.01
143,11,15.62,10.7,20.6,0.01,10.76
143,12,16.29,10.8,21.5,0.01,10.95
143,13,16.71,10.3,22.6,0.01,11.35
143,14,17.12,9.8,23.6,0.02,11.26
143,15,16.86,10.5,23.0,0.01,11.66
143,16,16.97,11.9,23.3,0.02,12.39
143,17,16.69,11.9,23.4,0.02,12.4
143,18,16.11,11.6,23.2,0.06,12.12
143,19,15.48,11.0,22.3,0.05,11.34
143,20,14.43,10.4,20.4,0.02,10.06
143,21,13.05,9.3,18.6,0.0,10.02
143,22,11.49,7.8,17.0,0.0,11.22
143,23,10.79,7.2,15.8,0.0,11.19
144,0,10.0,6.3,14.5,0.0,10.53
144,1,9.5,5.6,13.1,0.0,10.25
144,2,9.31,7.0,13.1,0.0,9.93
144,3,9.22,7.4,13.0,0.0,11.1
144,4,8.56,6.3,11.2,0.01,10.58
144,5,8.23,6.1,11.0,0.14,9.96
144,6,8.9,6.5,13.3,0.27,8.59
144,7,10.28,7.6,15.1,0.11,8.16
144,8,11.98,8.6,16.9,0.07,8.44
144,9,13.4,8.9,18.4,0.11,8.55
144,10,14.32,9.3,19.3,0.09,8.37
144,11,15.13,9.4,20.6,0.07,8.93
144,12,15.86,9.7,21.9,0.03,9.63
144,13,16.5,10.0,22.9,0.02,10.41
144,14,16.97,10.2,24.0,0.02,10.47
144,15,16.62,9.4,24.5,0.01,11.3
144,16,16.73,10.1,24.3,0.01,11.02
144,17,16.59,9.7,24.6,0.02,9.82
144,18,16.42,9.7,24.2,0.02,8.88
144,19,15.76,8.9,23.3,0.02,7.7
144,20,14.78,8.4,21.9,0.02,6.61
144,21,13.3,7.7,19.9,0.02,6.3
144,22,11.72,7.5,18.3,0.03,6.73
144,23,10.77,7.4,17.3,0.0,7.27
145,0,10.21,7.3,16.6,0.0,7.53
145,1,9.98,7.1,15.9,0.0,7.82
145,2,9.82,7.0,15.4,0.0,8.36
145,3,9.23,5.8,14.8,0.01,8.91
145,4,9.14,5.1,14.6,0.07,8.44
145,5,8.95,4.1,13.7,0.06,8.57
145,6,9.83,5.4,15.2,0.04,8.55
145,7,11.45,7.3,17.2,0.02,7.22
145,8,12.89,7.9,19.1,0.07,7.02
145,9,13.95,8.8,20.4,0.12,8.02
145,10,14.88,9.8,22.6,0.03,8.51
145,11,15.99,11.1,24.3,0.01,9.49
145,12,16.66,11.9,24.9,0.06,10.13
145,13,17.11,11.1,24.7,0.01,10.26
145,14,17.74,12.1,24.4,0.06,11.04
145,15,17.6,11.9,25.0,0.01,12.73
145,16,17.56,12.3,24.0,0.02,13.05
145,17,17.42,13.0,25.5,0.04,12.88
145,18,17.01,12.5,25.0,0.02,13.06
145,19,16.17,11.7,24.5,0.01,11.81
145,20,15.24,10.7,23.4,0.0,10.73
145,21,14.04,10.0,22.6,0.0,10.02
145,22,12.65,9.3,19.0,0.0,9.67
145,23,11.51,8.8,16.6,0.0,10.31
146,0,10.96,8.7,16.6,0.01,10.53
146,1,10.52,8.6,15.9,0.09,10.23
146,2,10.43,7.6,15.6,0.13,10.0
146,3,9.92,6.8,15.6,0.07,9.59
146,4,9.13,6.3,14.3,0.12,9.99
146,5,8.88,6.2,14.7,0.04,9.82
146,6,9.61,6.7,15.2,0.09,9.46
146,7,11.05,7.6,16.6,0.06,8.08
146,8,12.51,8.9,19.2,0.09,8.15
146,9,13.75,9.7,20.8,0.11,8.34
146,10,14.74,10.0,21.7,0.15,10.11
146,11,15.02,8.9,21.9,0.51,11.01
146,12,15.19,9.1,20.6,0.58,10.84
146,13,15.76,9.3,21.2,0.37,12.14
146,14,15.74,9.3,21.1,0.31,13.48
146,15,15.36,9.1,21.2,0.74,13.95
146,16,14.61,8.4,21.6,0.8,15.56
146,17,14.41,8.2,21.7,0.54,14.48
146,18,14.26,7.9,21.4,0.59,12.75
146,19,14.0,7.7,21.0,0.28,12.86
146,20,13.47,7.5,20.0,0.29,11.44
146,21,12.49,7.6,18.4,0.29,11.49
146,22,11.51,7.7,17.2,0.18,11.5
146,23,10.74,7.7,16.4,0.11,12.34
147,0,10.26,7.5,15.6,0.07,12.21
147,1,10.1,6.5,14.6,0.01,11.01
147,2,9.52,5.7,13.6,0.0,11.03
147,3,9.41,5.5,13.8,0.0,11.67
147,4,8.96,4.8,13.1,0.09,11.07
147,5,8.71,4.5,13.0,0.03,10.47
147,6,9.2,5.5,13.7,0.01,10.3
147,7,10.26,7.1,15.5,0.01,9.45
147,8,11.54,8.2,17.7,0.01,9.38
147,9,12.91,9.5,19.7,0.01,9.39
147,10,13.97,9.9,21.5,0.03,10.08
147,11,14.88,10.8,22.8,0.05,10.56
147,12,15.46,10.8,23.8,0.05,11.19
147,13,16.01,11.7,24.5,0.05,11.27
147,14,16.21,11.7,24.8,0.04,12.5
147,15,15.26,9.6,23.8,0.02,12.6
147,16,15.24,9.7,22.6,0.1,11.73
147,17,15.33,9.4,23.3,0.11,10.52
147,18,15.08,9.3,23.8,0.08,10.42
147,19,14.72,9.8,22.6,0.06,9.08
147,20,14.02,9.5,20.7,0.07,7.21
147,21,12.91,9.0,18.7,0.15,7.26
147,22,11.65,8.7,16.7,0.17,7.02
147,23,10.51,6.9,14.6,0.11,7.94
148,0,10.03,5.7,14.7,0.06,8.13
148,1,9.44,5.5,13.9,0.05,7.82
148,2,9.24,5.6,13.5,0.08,8.09
148,3,9.05,6.2,13.5,0.08,7.73
148,4,9.2,6.4,15.2,0.23,8.17
148,5,9.38,6.6,15.0,0.24,9.13
148,6,9.9,7.7,15.9,0.16,10.0
148,7,11.02,8.7,18.0,0.12,9.73
148,8,12.06,9.3,20.1,0.02,10.63
148,9,13.04,9.7,21.7,0.01,11.74
148,10,13.83,9.3,22.6,0.0,12.84
148,11,14.95,12.2,23.6,0.01,13.32
148,12,15.36,10.6,24.1,0.15,13.92
148,13,16.17,10.7,24.1,0.09,14.07
148,14,16.86,11.9,24.7,0.08,13.44
148,15,16.59,10.4,25.1,0.25,13.58
148,16,16.9,10.9,25.4,0.08,13.77
148,17,16.71,12.0,25.4,0.02,12.53
148,18,16.47,12.0,25.2,0.01,12.09
148,19,15.8,12.1,24.6,0.02,10.98
148,20,15.03,11.1,23.0,0.03,10.48
148,21,13.99,10.9,19.9,0.03,9.35
148,22,12.54,9.7,17.0,0.03,9.3
148,23,11.71,9.3,15.6,0.02,9.1
149,0,11.24,8.7,14.8,0.05,9.36
149,1,10.83,8.3,14.8,0.09,9.66
149,2,10.73,7.6,16.6,0.1,9.55
149,3,10.3,6.2,16.3,0.23,8.46
149,4,9.78,5.9,13.4,0.23,9.05
149,5,9.85,6.0,13.6,0.13,8.73
149,6,10.35,6.6,14.9,0.07,9.2
149,7,11.68,8.2,17.2,0.07,8.66
149,8,12.94,9.7,19.5,0.03,9.02
149,9,14.27,10.9,21.6,0.01,9.69
149,10,15.44,11.9,22.6,0.04,10.35
149,11,16.43,12.8,22.9,0.01,11.16
149,12,17.18,13.3,23.6,0.0,11.79
149,13,17.6,13.8,24.5,0.01,12.85
149,14,17.77,14.3,24.8,0.01,13.21
149,15,17.71,13.8,25.2,0.0,12.95
149,16,17.67,14.2,25.3,0.0,12.84
149,17,17.39,13.7,25.2,0.0,12.59
149,18,16.98,12.9,24.6,0.0,12.38
149,19,16.4,12.4,23.6,0.0,12.62
149,20,15.34,11.6,22.3,0.0,11.95
149,21,14.11,10.6,20.8,0.0,9.63
149,22,12.53,9.1,19.3,0.0,9.58
149,23,11.25,6.6,18.1,0.0,10.0
150,0,10.77,6.4,17.5,0.0,10.2
150,1,10.42,5.8,17.1,0.0,10.79
150,2,10.14,5.2,16.3,0.0,9.83
150,3,9.67,5.0,15.6,0.0,9.86
150,4,9.13,3.7,14.2,0.08,9.12
150,5,9.03,4.0,14.6,0.01,9.35
150,6,9.9,5.6,15.5,0.03,8.68
150,7,11.22,7.3,16.1,0.0,8.23
150,8,12.55,8.1,17.2,0.33,8.48
150,9,14.06,9.3,18.9,0.0,8.7
150,10,15.29,11.3,20.5,0.01,10.77
150,11,16.19,11.7,22.1,0.01,11.64
150,12,16.85,11.8,23.2,0.02,12.55
150,13,17.34,12.2,24.0,0.01,13.59
150,14,17.71,12.5,24.3,0.0,13.85
150,15,17.53,11.7,24.3,0.0,13.64
150,16,17.69,11.5,24.0,0.0,13.38
150,17,17.51,10.5,23.9,0.0,12.74
150,18,16.98,10.1,22.9,0.0,12.52
150,19,16.28,9.5,22.5,0.01,12.05
150,20,15.29,9.0,21.9,0.02,10.59
150,21,13.97,8.3,19.9,0.06,10.55
150,22,12.63,7.0,18.2,0.32,12.15
150,23,11.96,7.7,17.4,0.1,12.82
151,0,11.53,7.5,16.8,0.11,12.89
151,1,11.08,7.0,16.2,0.04,12.86
151,2,10.79,6.6,15.7,0.02,12.84
151,3,10.52,6.3,15.2,0.07,13.4
151,4,10.22,5.7,14.8,0.12,12.63
151,5,10.08,5.9,14.7,0.08,13.09
151,6,10.51,7.3,15.5,0.14,13.41
151,7,11.74,8.1,17.9,0.17,13.14
151,8,12.91,8.6,20.4,0.23,13.97
151,9,14.09,9.0,22.6,0.07,13.38
151,10,14.92,9.5,24.0,0.07,14.17
151,11,15.67,10.0,24.4,0.06,15.4
151,12,16.3,10.1,24.6,0.04,15.51
151,13,16.42,10.5,24.7,0.14,15.19
151,14,16.74,10.8,25.1,0.09,16.45
151,15,16.94,12.0,25.5,0.08,16.16
151,16,17.24,12.2,25.3,0.03,17.33
151,17,17.05,11.9,24.6,0.01,17.3
151,18,16.56,11.2,24.2,0.04,15.65
151,19,15.93,10.3,24.4,0.06,14.75
151,20,15.24,9.9,23.6,0.06,13.78
151,21,14.07,9.2,22.3,0.15,12.17
151,22,12.88,9.2,20.4,0.09,12.56
151,23,12.24,8.7,19.0,0.11,13.44
152,0,11.76,8.0,18.7,0.13,14.42
152,1,11.04,6.5,18.0,0.07,14.12
152,2,10.28,5.3,17.2,0.03,13.43
152,3,9.97,4.6,16.9,0.03,13.68
152,4,9.34,3.8,16.5,0.04,13.59
152,5,9.23,3.9,16.5,0.01,13.01
152,6,10.03,4.9,17.6,0.0,12.55
152,7,11.31,6.4,19.3,0.0,12.17
152,8,12.71,7.6,20.8,0.0,12.86
152,9,14.01,8.6,21.9,0.0,13.2
152,10,15.2,8.9,23.4,0.0,13.73
152,11,15.95,9.1,24.2,0.01,14.96
152,12,16.08,8.7,23.3,0.04,16.07
152,13,16.24,10.0,23.8,0.02,16.4
152,14,16.31,9.4,23.6,0.06,15.46
152,15,16.17,9.1,23.6,0.17,14.31
152,16,16.08,6.1,25.1,0.12,14.16
152,17,15.93,5.9,25.0,0.04,13.93
152,18,15.66,6.2,23.3,0.01,13.74
152,19,15.14,7.3,22.3,0.01,12.45
152,20,14.49,7.2,22.0,0.0,11.48
152,21,13.4,6.6,20.6,0.02,10.52
152,22,12.14,5.8,19.1,0.05,10.39
152,23,11.11,5.2,16.9,0.04,10.21
153,0,10.59,4.6,16.1,0.06,9.91
153,1,10.17,4.1,16.5,0.13,9.95
153,2,10.04,3.6,16.2,0.1,10.75
153,3,9.7,3.5,16.1,0.22,11.56
153,4,9.27,3.1,16.1,0.13,11.57
153,5,9.29,3.1,16.3,0.18,11.51
153,6,10.1,3.7,16.3,0.39,11.48
153,7,11.35,4.8,17.5,0.49,11.91
153,8,12.62,5.8,18.7,0.33,12.93
153,9,13.67,6.0,20.1,0.07,13.08
153,10,14.66,6.9,21.1,0.14,12.49
153,11,15.49,8.3,22.4,0.13,14.4
153,12,15.87,8.1,23.7,0.19,14.57
153,13,15.82,8.4,24.1,0.21,15.07
153,14,16.11,9.3,24.0,0.11,16.07
153,15,15.63,7.7,23.9,0.1,15.67
153,16,15.62,7.7,23.5,0.46,15.2
153,17,15.73,8.2,23.1,0.06,14.57
153,18,15.7,7.2,23.3,0.02,14.14
153,19,15.59,7.9,22.7,0.04,12.65
153,20,15.16,7.9,21.9,0.01,11.93
153,21,14.03,7.6,20.2,0.13,11.08
153,22,12.83,6.6,20.4,0.15,11.04
153,23,11.81,5.5,19.3,0.01,10.96
154,0,10.74,4.6,17.8,0.06,11.3
154,1,10.68,4.0,16.6,0.01,10.92
154,2,10.32,3.3,15.7,0.0,10.66
154,3,10.02,3.7,15.9,0.0,10.74
154,4,9.73,3.5,16.8,0.02,11.22
154,5,9.53,3.6,16.5,0.03,10.97
154,6,10.26,4.5,16.3,0.02,10.38
154,7,11.68,5.9,17.8,0.0,9.16
154,8,13.25,7.0,19.4,0.0,10.09
154,9,14.65,8.1,20.8,0.0,11.13
154,10,15.72,9.1,22.2,0.0,11.65
154,11,16.82,11.0,23.7,0.01,12.94
154,12,17.36,11.8,23.8,0.09,14.73
154,13,17.58,13.2,23.8,0.38,15.64
154,14,17.92,13.6,24.4,0.05,16.48
154,15,17.83,12.5,24.6,0.04,15.89
154,16,18.18,12.4,24.4,0.01,15.37
154,17,17.66,13.8,23.9,0.22,15.49
154,18,17.26,13.7,23.2,0.04,14.68
154,19,16.9,13.4,22.0,0.0,13.35
154,20,16.25,12.3,21.3,0.0,11.71
154,21,15.08,11.4,20.6,0.04,10.16
154,22,13.67,8.5,19.3,0.0,11.51
154,23,12.72,6.8,18.3,0.06,12.48
155,0,12.35,7.4,17.3,0.05,12.22
155,1,11.68,7.0,16.2,0.01,12.12
155,2,11.34,6.5,15.3,0.0,11.72
155,3,11.34,6.1,15.2,0.0,12.24
155,4,10.86,4.4,15.1,0.0,11.57
155,5,10.76,4.2,15.7,0.0,11.07
155,6,11.4,5.0,16.4,0.0,10.63
155,7,12.55,6.4,17.8,0.0,10.26
155,8,13.62,8.0,19.0,0.01,10.68
155,9,14.69,9.3,20.2,0.0,11.36
155,10,16.02,10.2,22.3,0.0,12.93
155,11,16.78,11.0,23.3,0.01,14.87
155,12,17.21,11.8,23.7,0.06,16.45
155,13,17.44,12.5,24.1,0.04,15.22
155,14,17.7,13.2,24.3,0.03,14.6
155,15,17.22,13.3,24.3,0.02,14.5
155,16,17.34,13.8,24.6,0.39,14.08
155,17,17.46,13.7,24.5,0.01,13.98
155,18,17.46,13.6,24.1,0.01,13.44
155,19,16.92,13.3,23.4,0.0,12.08
155,20,15.95,11.8,22.3,0.02,12.06
155,21,14.72,10.2,20.4,0.05,10.81
155,22,13.33,8.7,18.1,0.03,10.69
155,23,12.33,8.3,16.5,0.02,11.13
156,0,11.82,8.1,15.5,0.01,10.87
156,1,11.32,7.2,14.7,0.02,11.8
156,2,11.05,7.7,14.2,0.03,11.92
156,3,10.81,8.0,13.8,0.07,12.45
156,4,10.42,6.5,13.7,0.09,12.19
156,5,10.37,6.4,13.6,0.03,11.7
156,6,10.98,7.8,13.8,0.02,11.89
156,7,11.79,8.2,15.2,0.08,11.12
156,8,12.97,9.4,17.0,0.11,11.8
156,9,13.96,9.8,19.0,0.23,11.82
156,10,14.98,9.9,20.6,0.05,11.91
156,11,15.85,10.7,21.7,0.1,12.15
156,12,16.31,10.9,22.5,0.11,13.3
156,13,16.7,10.7,22.5,0.06,13.58
156,14,17.2,11.0,23.0,0.04,13.75
156,15,17.09,11.1,23.0,0.03,13.4
156,16,17.5,10.9,23.6,0.06,14.02
156,17,17.46,10.4,23.6,0.07,14.6
156,18,17.23,10.2,22.7,0.12,15.06
156,19,16.85,10.6,22.0,0.02,14.73
156,20,15.84,10.5,20.9,0.02,13.76
156,21,14.78,10.1,19.4,0.03,11.32
156,22,13.28,9.4,16.8,0.0,10.35
156,23,12.17,9.1,15.8,0.0,9.69
157,0,11.26,7.8,15.0,0.0,10.29
157,1,10.62,7.1,14.3,0.0,10.24
157,2,10.14,6.7,13.6,0.0,10.43
157,3,10.01,6.5,13.6,0.0,10.44
157,4,9.68,5.4,13.6,0.0,9.88
157,5,9.73,5.4,13.7,0.0,9.92
157,6,10.81,6.7,15.5,0.0,9.8
157,7,12.2,8.4,18.1,0.1,8.69
157,8,13.72,9.6,20.8,0.2,8.82
157,9,15.13,10.7,22.2,0.31,10.09
157,10,16.13,11.1,23.1,0.17,11.56
157,11,16.66,11.5,23.7,0.04,12.05
157,12,17.35,11.8,24.4,0.03,11.77
157,13,17.9,12.2,25.1,0.07,11.54
157,14,18.17,12.5,25.6,0.06,11.07
157,15,17.46,12.1,26.0,0.0,11.85
157,16,16.94,11.3,25.1,0.4,13.25
157,17,16.84,11.7,24.0,0.12,12.5
157,18,16.71,12.3,23.1,0.0,11.85
157,19,16.64,12.2,22.5,0.01,11.53
157,20,15.95,12.2,21.2,0.01,10.13
157,21,14.91,11.6,19.6,0.0,9.37
157,22,13.78,10.8,18.3,0.0,10.17
157,23,12.8,9.7,17.3,0.01,11.56
158,0,11.78,8.1,16.5,0.02,11.05
158,1,11.16,7.1,16.0,0.0,10.89
158,2,10.61,5.9,15.6,0.0,10.74
158,3,10.24,5.3,15.7,0.01,11.1
158,4,9.88,4.1,15.9,0.16,11.11
158,5,10.01,4.1,16.3,0.0,11.14
158,6,10.93,5.5,17.3,0.0,10.77
158,7,12.45,7.1,18.7,0.0,10.15
158,8,13.87,8.8,20.1,0.0,11.31
158,9,15.14,10.1,21.5,0.0,12.17
158,10,16.22,11.6,22.8,0.01,13.4
158,11,17.15,13.6,24.2,0.01,14.02
158,12,17.83,14.6,24.6,0.02,14.87
158,13,18.39,14.7,25.0,0.0,15.57
158,14,18.89,15.8,25.6,0.0,16.03
158,15,18.72,14.7,25.2,0.08,15.56
158,16,18.72,15.3,24.7,0.02,15.06
158,17,18.32,13.8,25.0,0.01,13.98
158,18,17.87,14.0,24.2,0.01,13.68
158,19,17.35,14.2,23.3,0.01,12.57
158,20,16.49,13.7,21.2,0.0,11.39
158,21,15.37,12.9,20.2,0.0,10.21
158,22,13.96,12.1,19.0,0.0,10.7
158,23,13.11,11.0,18.1,0.0,10.64
159,0,12.55,10.4,17.8,0.0,10.5
159,1,12.14,9.0,17.4,0.0,10.09
159,2,11.88,8.0,17.1,0.0,9.92
159,3,10.97,7.3,16.4,0.0,9.25
159,4,10.57,6.1,15.4,0.06,8.53
159,5,10.7,6.1,16.1,0.05,8.53
159,6,11.62,7.2,17.0,0.11,8.16
159,7,12.76,8.7,18.3,0.14,7.22
159,8,13.81,9.8,20.2,0.13,7.91
159,9,14.83,11.4,21.9,0.18,7.93
159,10,15.71,11.8,23.2,0.19,9.08
159,11,16.15,11.8,23.9,0.23,10.32
159,12,16.54,11.9,24.5,0.18,11.84
159,13,16.65,12.0,24.7,0.19,11.75
159,14,16.72,11.8,25.0,0.28,12.29
159,15,17.09,12.0,25.1,0.33,13.01
159,16,16.89,12.4,24.3,0.34,12.81
159,17,16.11,12.5,24.7,0.54,14.04
159,18,16.0,12.1,24.5,0.19,13.53
159,19,15.71,12.3,23.6,0.19,13.04
159,20,15.25,12.0,22.7,0.15,11.39
159,21,14.55,11.7,21.0,0.11,10.4
159,22,13.36,11.1,18.7,0.03,9.54
159,23,12.12,9.5,17.2,0.0,8.89
160,0,11.37,9.4,16.0,0.0,9.09
160,1,10.87,8.9,15.9,0.0,9.37
160,2,10.52,8.2,16.2,0.0,9.75
160,3,10.63,7.2,16.4,0.0,10.32
160,4,10.12,6.7,15.8,0.01,10.77
160,5,10.17,6.5,15.4,0.01,12.31
160,6,10.74,7.5,14.1,0.01,12.28
160,7,11.78,9.1,15.5,0.01,12.73
160,8,12.85,9.7,17.4,0.06,12.94
160,9,13.84,10.0,19.0,0.08,12.71
160,10,14.81,10.2,20.2,0.12,13.52
160,11,15.59,10.8,20.9,0.12,14.45
160,12,16.12,11.3,20.9,0.27,15.42
160,13,16.46,11.6,20.6,0.38,15.81
160,14,16.76,11.7,20.7,0.15,14.42
160,15,16.52,11.5,20.6,0.19,14.88
160,16,16.71,11.4,20.6,0.13,14.83
160,17,16.53,11.2,20.4,0.19,14.34
160,18,16.33,11.1,20.3,0.15,14.28
160,19,15.97,11.0,20.0,0.1,13.29
160,20,15.31,11.0,19.3,0.11,12.82
160,21,14.29,10.6,17.9,0.12,12.38
160,22,13.05,9.9,15.3,0.05,11.28
160,23,12.07,9.2,14.7,0.05,11.21
161,0,11.56,8.8,14.4,0.01,10.79
161,1,11.09,8.4,13.9,0.0,10.05
161,2,10.62,8.2,13.6,0.0,10.54
161,3,10.13,6.4,12.7,0.03,10.57
161,4,9.25,4.6,12.1,0.23,10.48
161,5,9.59,5.7,12.2,0.1,9.45
161,6,10.59,7.1,13.4,0.03,9.25
161,7,12.12,8.3,15.6,0.0,7.84
161,8,13.58,9.3,17.7,0.0,7.66
161,9,15.03,10.3,19.3,0.0,8.24
161,10,16.31,10.9,20.5,0.02,8.89
161,11,17.47,11.7,21.1,0.0,9.47
161,12,18.16,12.0,21.7,0.04,11.37
161,13,18.53,12.1,22.5,0.08,12.77
161,14,18.68,11.8,22.9,0.07,13.04
161,15,18.16,11.6,23.2,0.31,13.96
161,16,17.94,12.1,22.5,0.03,13.09
161,17,17.82,12.3,22.3,0.02,11.7
161,18,17.68,12.4,21.8,0.04,11.03
161,19,17.24,12.1,21.6,0.01,10.41
161,20,16.48,11.7,20.5,0.0,9.83
161,21,15.31,11.1,18.7,0.0,9.1
161,22,13.95,10.0,17.1,0.0,8.56
161,23,13.08,9.4,16.3,0.0,10.07
162,0,12.1,7.8,15.3,0.0,10.25
162,1,11.48,7.9,14.5,0.03,10.65
162,2,11.08,7.5,14.1,0.03,10.59
162,3,10.84,6.0,14.4,0.08,9.85
162,4,10.71,6.7,13.9,0.0,9.09
162,5,10.67,5.5,13.5,0.01,9.49
162,6,11.72,7.5,13.9,0.03,8.89
162,7,13.19,8.7,16.1,0.02,8.18
162,8,14.76,10.0,18.1,0.02,8.63
162,9,16.11,11.3,19.7,0.03,9.48
162,10,17.16,11.2,20.7,0.06,10.49
162,11,18.04,11.4,22.1,0.04,11.65
162,12,18.69,11.8,22.9,0.02,12.41
162,13,19.15,12.0,23.5,0.02,12.7
162,14,19.45,12.7,24.0,0.03,13.87
162,15,18.57,12.1,23.1,0.05,14.11
162,16,18.56,12.7,23.0,0.04,14.07
162,17,18.53,12.6,23.6,0.01,13.43
162,18,18.11,12.3,22.2,0.03,12.08
162,19,17.37,12.8,21.3,0.03,11.73
162,20,16.46,12.4,20.4,0.02,11.5
162,21,15.35,11.8,18.5,0.03,10.53
162,22,13.88,11.4,17.5,0.02,10.06
162,23,12.73,9.1,16.5,0.08,10.51
163,0,12.19,7.9,15.9,0.05,10.82
163,1,11.69,7.2,14.9,0.01,11.14
163,2,11.4,7.2,14.3,0.0,11.38
163,3,11.58,8.3,13.8,0.0,10.75
163,4,11.38,7.7,14.5,0.16,10.71
163,5,11.26,5.8,14.7,0.18,10.88
163,6,11.95,8.1,15.3,0.17,10.49
163,7,12.77,9.5,16.7,0.13,11.59
163,8,13.71,10.3,17.6,0.18,11.55
163,9,14.74,11.4,18.6,0.19,12.27
163,10,15.81,12.1,19.5,0.15,12.78
163,11,16.64,12.1,20.5,0.12,13.45
163,12,17.2,12.2,21.1,0.24,14.05
163,13,17.23,12.0,20.7,0.54,14.12
163,14,17.52,12.5,20.3,0.37,14.63
163,15,17.45,12.7,20.6,0.34,15.2
163,16,17.36,13.2,20.4,0.44,15.65
163,17,17.31,13.6,20.3,0.32,15.94
163,18,17.17,13.6,20.1,0.11,14.83
163,19,16.66,14.0,19.8,0.07,15.0
163,20,15.95,13.8,19.0,0.07,12.51
163,21,15.18,13.5,16.9,0.07,11.52
163,22,14.1,12.6,15.8,0.05,11.4
163,23,13.06,12.0,14.8,0.09,11.4
164,0,12.41,11.2,14.4,0.11,11.62
164,1,11.68,9.4,14.0,0.13,12.03
164,2,11.25,8.5,13.7,0.12,11.68
164,3,11.07,8.8,13.5,0.08,11.68
164,4,10.64,7.1,13.2,0.09,11.08
164,5,10.83,8.7,13.1,0.09,10.93
164,6,11.56,10.1,13.3,0.02,11.28
164,7,12.75,10.8,14.8,0.02,11.33
164,8,13.9,12.0,16.9,0.04,12.92
164,9,15.0,13.2,18.6,0.07,13.51
164,10,15.93,13.5,20.1,0.05,14.36
164,11,16.66,14.3,20.8,0.03,15.64
164,12,17.17,14.9,21.4,0.04,16.62
164,13,17.67,15.3,22.1,0.04,16.58
164,14,18.08,15.6,22.5,0.03,16.46
164,15,17.73,14.4,22.6,0.04,15.19
164,16,17.72,13.5,22.8,0.42,16.63
164,17,17.55,12.6,22.7,0.03,16.68
164,18,17.37,12.6,22.2,0.09,16.17
164,19,16.74,11.8,21.5,0.32,15.41
164,20,16.17,11.2,20.5,0.12,13.76
164,21,15.24,11.0,18.6,0.03,12.49
164,22,13.86,10.9,16.6,0.06,11.76
164,23,12.6,10.2,15.3,0.02,11.04
165,0,12.09,9.5,14.8,0.0,9.97
165,1,11.67,8.9,14.7,0.0,10.06
165,2,10.83,8.1,14.7,0.0,8.73
165,3,10.58,7.8,14.5,0.0,8.69
165,4,9.96,7.4,14.7,0.01,8.05
165,5,10.19,7.6,14.7,0.0,8.25
165,6,11.13,8.9,15.1,0.01,7.73
165,7,12.67,10.7,15.4,0.0,6.41
165,8,14.5,12.6,16.6,0.0,6.07
165,9,16.03,14.0,18.7,0.0,6.87
165,10,17.02,15.1,20.3,0.0,7.5
165,11,17.94,15.6,21.6,0.01,8.71
165,12,18.51,15.4,22.6,0.02,10.71
165,13,18.92,15.8,23.2,0.01,11.46
165,14,19.3,16.2,23.4,0.01,12.01
165,15,19.02,16.0,24.7,0.0,12.3
165,16,19.23,16.3,25.1,0.01,12.59
165,17,19.0,15.4,24.0,0.0,12.92
165,18,18.58,15.4,23.2,0.0,11.99
165,19,18.32,14.6,22.3,0.0,10.45
165,20,17.71,13.9,21.1,0.0,8.6
165,21,16.59,13.0,19.5,0.0,8.17
165,22,15.29,11.7,17.6,0.0,9.57
165,23,13.94,10.4,16.1,0.0,10.97
166,0,13.42,9.9,15.6,0.0,10.99
166,1,12.9,9.7,14.7,0.02,9.86
166,2,11.97,9.5,14.3,0.01,11.38
166,3,11.59,8.7,13.7,0.01,11.4
166,4,11.18,8.1,13.7,0.1,12.38
166,5,11.42,8.7,14.2,0.02,11.44
166,6,12.25,9.8,13.9,0.01,11.72
166,7,13.84,11.2,15.9,0.0,10.44
166,8,15.58,13.0,18.7,0.0,10.42
166,9,17.19,14.4,21.1,0.0,11.45
166,10,18.37,15.3,22.7,0.0,12.96
166,11,19.36,16.0,23.8,0.0,14.74
166,12,20.03,16.4,24.9,0.01,15.18
166,13,20.49,16.6,25.7,0.03,15.73
166,14,20.86,17.0,26.5,0.0,15.52
166,15,20.34,17.5,24.7,0.01,15.85
166,16,20.46,17.7,25.0,0.01,16.0
166,17,20.48,17.4,24.7,0.01,15.63
166,18,20.07,16.9,24.0,0.01,14.7
166,19,19.47,16.0,23.5,0.0,13.23
166,20,18.7,15.2,22.7,0.0,11.46
166,21,17.54,14.0,20.8,0.01,9.65
166,22,16.28,12.5,19.4,0.0,10.06
166,23,15.03,11.9,18.4,0.0,11.0
167,0,14.39,11.9,17.5,0.0,10.98
167,1,13.71,11.6,16.9,0.16,11.09
167,2,13.01,11.1,16.1,0.19,10.65
167,3,12.77,11.0,15.8,0.16,10.52
167,4,12.29,10.2,15.8,0.28,10.77
167,5,12.33,10.3,15.9,0.21,10.47
167,6,13.27,11.5,17.2,0.17,9.92
167,7,14.78,13.0,19.0,0.1,8.65
167,8,16.2,14.0,20.4,0.05,7.92
167,9,17.54,14.8,21.8,0.03,8.2
167,10,18.61,13.9,23.5,0.14,9.14
167,11,19.73,14.1,25.0,0.08,10.29
167,12,20.41,14.6,25.9,0.18,11.88
167,13,20.73,15.1,26.5,0.17,12.74
167,14,20.96,16.2,26.6,0.04,13.39
167,15,20.71,16.4,24.7,0.03,13.96
167,16,20.92,16.1,24.2,0.04,13.68
167,17,20.74,15.9,23.7,0.01,14.21
167,18,20.18,15.3,23.0,0.04,13.45
167,19,19.61,14.9,23.2,0.02,11.3
167,20,18.92,15.1,23.3,0.0,8.88
167,21,17.82,14.9,21.3,0.0,7.4
167,22,16.5,13.9,19.0,0.0,7.49
167,23,15.4,13.2,18.6,0.09,9.01
168,0,14.57,12.5,16.5,0.16,8.2
168,1,13.97,11.8,16.5,0.06,8.74
168,2,13.49,11.2,15.0,0.07,8.38
168,3,13.25,11.1,14.9,0.15,8.79
168,4,12.89,11.1,14.8,0.15,8.89
168,5,13.21,11.3,14.6,0.18,8.76
168,6,14.04,12.3,15.4,0.13,8.23
168,7,15.31,12.6,17.6,0.08,6.95
168,8,16.65,12.7,19.6,0.04,7.39
168,9,17.82,12.6,21.5,0.02,8.24
168,10,19.05,13.3,23.2,0.04,9.46
168,11,19.91,13.6,24.5,0.04,11.27
168,12,20.5,13.8,25.2,0.06,12.53
168,13,21.06,14.7,25.2,0.05,13.16
168,14,21.58,15.6,25.5,0.03,13.71
168,15,21.37,16.8,26.2,0.12,14.64
168,16,21.35,17.7,26.7,0.04,12.88
168,17,21.29,18.2,25.5,0.0,12.47
168,18,20.7,18.0,23.7,0.03,12.14
168,19,20.05,16.5,23.1,0.1,12.21
168,20,19.04,15.0,22.6,0.2,11.61
168,21,18.0,15.3,21.4,0.15,10.31
168,22,16.57,15.0,19.9,0.26,9.43
168,23,15.4,13.7,19.0,0.24,10.37
169,0,14.79,12.0,18.6,0.21,9.89
169,1,14.32,11.1,18.4,0.3,10.08
169,2,14.33,11.9,18.3,0.41,10.21
169,3,14.42,11.6,17.8,0.3,11.22
169,4,14.26,11.6,17.1,1.11,11.3
169,5,14.5,12.0,16.8,1.21,10.86
169,6,15.23,12.8,17.3,0.62,10.69
169,7,16.14,13.9,18.0,0.03,11.37
169,8,16.98,15.1,19.0,0.09,11.83
169,9,17.85,15.2,20.6,0.06,13.0
169,10,18.44,14.3,21.9,0.11,13.93
169,11,18.98,13.6,22.9,0.14,14.26
169,12,19.45,13.4,23.5,0.2,14.3
169,13,19.82,13.1,24.3,0.24,14.92
169,14,19.91,13.0,24.7,0.53,16.65
169,15,19.81,13.5,24.5,0.04,17.9
169,16,19.48,13.1,24.7,0.19,18.38
169,17,19.31,12.9,24.4,0.08,18.44
169,18,18.94,12.7,23.9,0.03,18.14
169,19,18.54,12.5,23.1,0.01,17.59
169,20,17.88,11.8,22.4,0.0,16.06
169,21,17.05,11.4,21.2,0.02,15.57
169,22,16.15,11.5,20.1,0.03,15.53
169,23,15.16,11.4,19.2,0.03,14.37
170,0,14.7,11.3,18.4,0.07,14.3
170,1,14.16,11.3,17.7,0.09,14.16
170,2,13.72,11.2,17.0,0.04,13.78
170,3,13.75,11.2,17.1,0.03,14.49
170,4,13.33,11.0,16.6,0.03,13.97
170,5,13.31,10.8,16.5,0.04,13.64
170,6,14.0,10.9,17.4,0.05,13.44
170,7,14.92,10.9,18.8,0.05,14.29
170,8,15.99,10.9,20.4,0.06,14.78
170,9,17.0,11.0,22.0,0.05,14.97
170,10,17.72,12.1,23.4,0.06,15.26
170,11,18.38,14.0,24.6,0.25,16.46
170,12,18.99,14.2,25.7,0.38,17.08
170,13,19.14,13.5,26.6,0.27,17.11
170,14,19.51,13.2,27.0,0.12,17.08
170,15,19.13,13.7,26.6,0.03,16.38
170,16,19.28,14.1,26.6,0.1,17.51
170,17,19.43,13.6,26.1,0.22,17.13
170,18,19.11,12.5,25.9,0.13,16.35
170,19,18.89,12.2,25.6,0.15,15.87
170,20,18.21,12.2,24.2,0.1,14.63
170,21,17.24,12.1,22.2,0.08,12.79
170,22,16.13,12.0,20.3,0.12,12.98
170,23,15.22,12.0,20.0,0.16,13.12
171,0,14.57,12.2,18.8,0.15,12.56
171,1,13.86,11.4,17.9,0.1,12.69
171,2,13.71,10.4,17.3,0.05,12.28
171,3,13.89,10.8,19.2,0.01,12.17
171,4,13.55,10.6,18.8,0.0,11.38
171,5,13.19,10.7,18.6,0.06,11.44
171,6,13.75,10.4,19.1,0.28,11.77
171,7,14.89,10.6,20.8,0.14,12.42
171,8,16.09,10.6,22.1,0.46,14.39
171,9,17.19,10.6,23.4,0.15,14.18
171,10,18.11,11.1,24.8,0.02,15.29
171,11,18.74,11.9,25.9,0.06,14.91
171,12,19.46,12.9,27.0,0.05,14.39
171,13,20.2,13.7,28.1,0.02,14.55
171,14,20.91,16.3,28.5,0.03,15.63
171,15,20.43,14.5,28.6,0.06,16.2
171,16,20.21,13.0,28.6,0.14,15.56
171,17,20.18,13.3,28.5,0.05,15.7
171,18,19.67,12.0,27.9,0.05,15.31
171,19,19.03,12.1,27.0,0.04,14.39
171,20,18.2,12.1,26.1,0.17,11.84
171,21,17.34,11.5,24.2,0.01,10.13
171,22,16.28,11.2,22.5,0.01,9.69
171,23,15.32,11.1,20.3,0.01,9.64
172,0,14.33,9.8,19.3,0.0,9.61
172,1,13.47,9.2,18.0,0.0,9.8
172,2,13.26,9.2,19.0,0.0,9.26
172,3,13.07,9.2,19.2,0.0,9.41
172,4,12.32,7.2,19.3,0.0,8.38
172,5,12.56,7.9,19.4,0.0,7.34
172,6,13.54,9.0,20.5,0.0,6.95
172,7,15.23,11.1,22.0,0.0,6.99
172,8,16.71,12.0,23.4,0.0,7.55
172,9,17.74,12.9,24.4,0.02,8.89
172,10,18.52,12.6,25.4,0.04,10.45
172,11,19.17,12.0,26.8,0.1,12.74
172,12,19.57,12.0,27.5,0.07,13.46
172,13,20.15,14.0,27.8,0.08,14.85
172,14,20.23,14.1,28.5,0.06,15.54
172,15,20.04,13.5,28.9,0.08,15.19
172,16,20.15,13.0,29.2,0.15,15.37
172,17,19.47,12.0,28.9,0.34,15.1
172,18,19.3,12.5,28.3,0.03,14.1
172,19,18.8,12.6,27.3,0.03,13.87
172,20,18.06,11.0,26.3,0.02,11.43
172,21,17.23,11.2,25.2,0.02,10.01
172,22,15.97,11.0,23.5,0.01,10.27
172,23,14.67,10.8,20.6,0.06,11.5
173,0,14.04,10.2,20.8,0.4,11.43
173,1,14.02,10.3,20.8,0.4,11.36
173,2,13.66,9.5,21.0,0.71,12.54
173,3,12.96,8.6,19.6,0.14,11.09
173,4,12.41,8.0,19.0,0.08,11.68
173,5,12.59,8.2,20.2,0.0,12.01
173,6,13.49,9.2,21.5,0.0,11.84
173,7,14.89,10.7,23.0,0.01,11.3
173,8,16.11,12.1,24.2,0.07,12.06
173,9,17.05,13.0,25.1,0.03,12.68
173,10,17.7,13.5,25.9,0.2,13.26
173,11,18.36,13.6,26.8,0.04,14.14
173,12,18.96,13.8,27.3,0.03,14.57
173,13,19.42,13.0,28.6,0.14,15.39
173,14,19.11,12.1,28.4,0.27,16.53
173,15,18.99,11.7,28.1,0.26,16.45
173,16,19.33,13.0,28.8,0.16,15.77
173,17,18.95,12.2,28.6,0.37,15.52
173,18,18.97,12.7,28.8,0.04,13.87
173,19,18.87,12.3,28.2,0.0,12.75
173,20,18.27,12.3,26.8,0.02,11.44
173,21,17.33,11.9,25.3,0.01,10.54
173,22,15.84,11.6,23.9,0.0,11.07
173,23,14.76,10.7,22.2,0.0,10.67
174,0,13.66,9.6,21.0,0.0,10.02
174,1,13.05,8.5,20.1,0.0,9.7
174,2,12.8,8.1,19.4,0.0,9.1
174,3,12.52,7.2,18.8,0.0,9.66
174,4,11.77,6.6,18.8,0.01,8.55
174,5,12.0,6.6,19.2,0.03,8.36
174,6,12.96,7.5,19.9,0.03,8.37
174,7,14.47,8.5,20.5,0.1,9.39
174,8,16.03,9.7,21.8,0.0,9.81
174,9,17.25,10.9,23.5,0.02,10.97
174,10,18.18,12.0,24.5,0.02,11.74
174,11,18.96,12.2,26.8,0.05,12.33
174,12,19.57,12.9,27.6,0.04,13.4
174,13,19.83,13.0,26.5,0.11,13.34
174,14,19.88,13.0,26.2,0.17,14.04
174,15,19.25,12.4,26.3,0.14,13.39
174,16,19.36,12.5,26.1,0.9,12.84
174,17,19.19,13.2,25.6,0.18,12.53
174,18,19.07,13.6,25.2,0.08,12.71
174,19,18.74,13.2,24.6,0.02,11.47
174,20,18.33,13.5,23.8,0.01,10.56
174,21,17.33,12.4,22.5,0.03,9.6
174,22,16.39,12.1,20.7,0.01,9.57
174,23,15.28,10.8,19.2,0.07,10.23
175,0,14.56,10.0,18.0,0.05,10.07
175,1,13.94,9.1,17.0,0.03,9.79
175,2,13.38,8.6,16.8,0.04,9.51
175,3,13.28,8.7,17.7,0.0,9.66
175,4,12.83,7.8,17.4,0.0,8.63
175,5,12.86,8.0,17.3,0.0,8.87
175,6,13.68,8.9,17.4,0.05,8.37
175,7,14.84,10.5,18.2,0.11,8.25
175,8,15.97,11.9,20.3,0.01,8.42
175,9,17.16,13.1,22.7,0.04,8.66
175,10,18.38,13.7,25.1,0.06,8.72
175,11,19.29,13.1,26.9,0.1,9.49
175,12,19.99,12.9,27.8,0.13,10.54
175,13,20.21,13.1,28.3,0.16,11.44
175,14,20.41,13.3,28.4,0.11,11.61
175,15,19.75,13.2,26.1,0.04,12.2
175,16,19.83,11.8,26.5,0.06,11.75
175,17,19.81,12.2,26.7,0.14,11.46
175,18,19.51,11.9,27.0,0.25,13.09
175,19,19.17,12.3,26.9,0.12,12.92
175,20,18.65,11.8,26.1,0.04,11.57
175,21,17.85,11.4,24.5,0.09,10.83
175,22,16.73,10.9,22.5,0.08,10.35
175,23,15.75,10.8,21.0,0.05,10.72
176,0,15.14,10.9,19.8,0.03,10.83
176,1,14.59,10.9,18.8,0.12,10.09
176,2,13.82,10.9,17.8,0.25,10.03
176,3,13.39,11.3,17.4,0.29,9.34
176,4,13.04,10.8,16.3,0.11,9.66
176,5,13.07,10.7,16.0,0.1,9.85
176,6,13.83,12.0,16.9,0.03,9.43
176,7,14.94,12.5,18.8,0.05,8.82
176,8,16.26,13.6,21.1,0.03,9.04
176,9,17.4,14.4,23.3,0.06,9.72
176,10,18.45,15.2,25.2,0.42,10.16
176,11,19.45,16.1,26.5,0.26,10.32
176,12,20.16,16.2,27.5,0.08,11.04
176,13,20.69,16.1,28.2,0.04,11.36
176,14,20.91,15.9,28.4,0.3,11.24
176,15,21.08,15.8,28.4,0.26,11.76
176,16,20.95,15.5,28.2,0.04,12.06
176,17,21.25,15.3,28.0,0.01,12.61
176,18,20.67,14.0,27.5,0.04,12.31
176,19,20.29,14.2,26.6,0.03,11.18
176,20,19.75,14.1,25.4,0.0,9.94
176,21,18.84,13.1,23.7,0.0,10.14
176,22,17.46,12.1,21.5,0.02,9.85
176,23,16.26,11.5,19.9,0.03,10.52
177,0,15.48,11.3,18.8,0.02,10.19
177,1,15.04,11.3,18.0,0.01,9.23
177,2,14.23,10.3,17.2,0.0,8.86
177,3,14.11,9.8,17.6,0.0,8.49
177,4,13.65,9.8,17.3,0.0,8.68
177,5,13.64,9.6,17.1,0.0,8.78
177,6,14.4,9.8,18.0,0.0,8.99
177,7,15.7,10.3,19.6,0.0,8.77
177,8,17.12,11.1,22.0,0.01,9.47
177,9,18.32,12.1,23.7,0.28,9.63
177,10,19.46,12.1,25.1,0.49,10.79
177,11,20.39,13.0,26.2,0.01,11.41
177,12,20.96,13.3,26.9,0.02,12.58
177,13,21.46,13.6,27.6,0.05,13.26
177,14,21.82,14.1,28.1,0.06,13.71
177,15,21.72,12.6,28.8,0.16,12.77
177,16,21.63,12.9,29.0,0.59,12.94
177,17,21.5,13.2,28.9,0.42,12.16
177,18,21.17,13.1,28.0,0.23,11.5
177,19,20.5,13.2,26.6,0.24,10.5
177,20,19.59,13.1,25.6,0.11,9.51
177,21,18.47,13.0,24.4,0.25,8.55
177,22,17.28,12.1,22.6,0.17,8.76
177,23,16.29,10.8,21.2,0.07,9.35
178,0,15.71,9.9,20.6,0.01,9.98
178,1,15.18,9.4,19.9,0.0,9.76
178,2,14.75,9.3,19.1,0.01,9.15
178,3,14.45,10.3,18.5,0.01,9.28
178,4,14.0,9.9,17.9,0.03,9.1
178,5,14.14,10.1,17.9,0.04,9.22
178,6,14.91,11.0,19.2,0.01,9.51
178,7,16.21,11.8,21.8,0.01,9.14
178,8,17.46,12.3,23.9,0.03,9.55
178,9,18.7,13.1,25.6,0.04,10.8
178,10,19.65,13.7,26.8,0.03,11.42
178,11,20.27,13.8,27.7,0.13,11.62
178,12,21.01,15.2,28.0,0.16,11.95
178,13,21.34,15.8,28.4,0.23,12.1
178,14,21.91,16.1,28.6,0.21,12.57
178,15,21.43,13.3,29.2,0.18,13.65
178,16,21.7,15.0,29.0,0.12,14.09
178,17,21.56,14.8,27.9,0.06,13.65
178,18,21.45,14.8,27.3,0.08,12.17
178,19,20.89,14.5,27.0,0.17,11.67
178,20,20.3,13.9,26.3,0.12,10.84
178,21,19.35,13.8,24.9,0.04,9.83
178,22,18.1,13.4,23.2,0.07,10.75
178,23,17.12,12.3,22.2,0.03,11.76
179,0,16.5,11.5,21.4,0.02,11.51
179,1,16.0,10.9,20.8,0.01,11.56
179,2,15.39,10.4,19.8,0.0,10.93
179,3,14.81,10.3,18.6,0.0,9.97
179,4,14.47,10.4,18.9,0.07,9.73
179,5,14.4,10.9,19.4,0.09,10.27
179,6,15.22,11.7,20.4,0.09,10.15
179,7,16.52,12.5,22.1,0.02,9.28
179,8,17.92,13.5,23.4,0.0,9.04
179,9,19.18,13.9,24.3,0.01,9.79
179,10,20.12,13.8,25.3,0.02,10.74
179,11,20.98,15.1,25.9,0.03,11.84
179,12,21.64,16.4,26.0,0.05,12.91
179,13,21.86,16.8,26.4,0.01,12.79
179,14,21.99,17.3,26.7,0.0,12.99
179,15,21.95,17.6,26.9,0.02,12.98
179,16,21.88,16.3,26.7,0.03,13.48
179,17,21.81,16.9,26.4,0.01,13.93
179,18,21.57,17.5,25.1,0.02,13.42
179,19,20.92,17.0,24.5,0.0,12.57
179,20,20.15,15.8,24.6,0.0,11.03
179,21,19.0,14.0,23.8,0.0,9.94
179,22,17.74,12.6,21.8,0.0,10.81
179,23,16.76,11.5,20.4,0.0,11.69
180,0,16.15,10.5,19.8,0.0,11.8
180,1,15.76,10.0,19.3,0.04,11.47
180,2,15.66,10.1,20.1,0.14,11.44
180,3,15.09,9.4,19.8,0.01,10.82
180,4,14.76,7.5,20.1,0.33,12.23
180,5,14.78,9.2,19.5,0.21,10.26
180,6,15.15,10.1,19.7,0.13,10.22
180,7,15.89,12.0,20.8,0.07,10.54
180,8,16.89,13.3,21.9,0.01,11.74
180,9,17.91,13.7,22.9,0.03,13.05
180,10,18.78,14.7,23.6,0.05,13.28
180,11,19.28,13.3,24.0,0.17,15.51
180,12,20.33,15.2,24.2,0.03,15.55
180,13,20.52,14.3,24.8,0.06,16.43
180,14,20.57,13.6,25.4,0.02,16.44
180,15,20.54,13.9,25.4,0.01,17.64
180,16,20.2,13.3,25.5,0.1,17.34
180,17,20.21,14.4,25.6,0.02,16.43
180,18,20.12,13.9,25.4,0.1,16.11
180,19,19.71,13.4,25.0,0.14,15.73
180,20,19.15,14.2,24.2,0.29,14.73
180,21,18.2,13.7,22.4,0.28,13.58
180,22,17.2,13.0,20.7,0.06,12.38
180,23,16.46,12.0,20.0,0.01,12.48
181,0,15.95,11.5,19.6,0.0,12.26
181,1,15.4,11.1,19.2,0.0,12.25
181,2,14.92,10.6,18.9,0.0,12.24
181,3,14.55,10.2,18.5,0.05,11.86
181,4,14.31,9.6,17.5,0.04,12.31
181,5,14.35,9.5,17.3,0.05,12.58
181,6,15.0,10.3,18.2,0.1,12.47
181,7,16.01,11.4,19.6,0.17,11.83
181,8,17.04,12.7,21.1,0.21,12.48
181,9,18.03,14.1,22.8,0.3,12.98
181,10,18.86,14.3,23.7,0.32,13.99
181,11,19.62,14.4,24.8,0.38,14.84
181,12,20.19,14.7,25.5,0.16,15.54
181,13,20.71,14.6,26.0,0.12,15.66
181,14,20.9,13.5,26.4,0.11,15.64
181,15,20.41,14.2,25.1,0.12,14.66
181,16,20.55,13.9,25.8,0.26,13.8
181,17,20.46,13.9,25.9,0.15,14.3
181,18,19.92,15.2,24.0,0.05,14.8
181,19,19.45,15.4,24.3,0.02,14.12
181,20,18.77,14.3,24.5,0.03,13.89
181,21,17.93,13.8,23.0,0.04,12.99
181,22,16.84,12.9,20.7,0.11,13.7
181,23,16.22,11.9,20.3,0.17,14.58
182,0,15.67,11.3,19.4,0.12,14.39
182,1,15.32,10.9,18.6,0.18,14.44
182,2,15.01,10.6,18.4,0.34,14.31
182,3,15.06,10.8,18.1,0.07,14.44
182,4,14.76,10.2,17.5,0.06,14.0
182,5,14.78,10.2,17.7,0.09,13.03
182,6,15.38,10.8,19.0,0.02,12.9
182,7,16.28,11.8,20.6,0.01,13.05
182,8,17.27,12.9,21.9,0.04,13.99
182,9,18.29,14.1,22.5,0.04,14.71
182,10,19.18,15.2,23.2,0.08,15.64
182,11,19.84,15.7,24.2,0.07,16.02
182,12,20.17,16.8,25.2,0.21,16.88
182,13,20.2,14.8,25.8,0.31,16.73
182,14,20.23,13.9,25.7,0.17,17.01
182,15,20.43,14.8,25.8,0.19,17.15
182,16,20.14,14.3,25.4,0.05,17.43
182,17,19.71,13.8,24.9,0.13,16.45
182,18,19.25,13.6,23.6,0.1,15.32
182,19,18.97,13.9,22.9,0.08,13.94
182,20,18.46,14.2,22.7,0.16,14.2
182,21,17.8,14.5,22.5,0.05,13.7
182,22,17.03,14.3,21.7,0.01,12.9
182,23,16.26,13.0,21.1,0.0,13.0
183,0,15.72,12.5,21.6,0.01,12.13
183,1,15.34,12.2,21.2,0.0,11.9
183,2,14.89,11.9,20.5,0.0,11.8
183,3,14.8,12.1,19.5,0.0,11.33
183,4,14.51,11.8,19.2,0.01,10.65
183,5,14.41,11.6,19.4,0.04,10.36
183,6,14.95,11.8,19.9,0.0,9.58
183,7,15.96,12.2,21.1,0.0,10.09
183,8,16.85,12.1,21.9,0.02,11.13
183,9,17.85,13.0,22.9,0.01,11.6
183,10,18.49,12.9,23.0,0.06,12.76
183,11,19.12,13.1,24.6,0.23,14.06
183,12,19.54,14.1,26.0,0.18,13.92
183,13,19.99,14.2,26.4,0.07,14.48
183,14,20.53,14.6,27.5,0.14,14.67
183,15,20.17,14.9,28.3,0.25,13.76
183,16,20.23,15.4,27.6,0.67,13.8
183,17,20.36,15.3,27.3,0.03,13.67
183,18,19.88,15.0,27.6,0.09,14.05
183,19,19.21,14.8,27.0,0.18,13.21
183,20,18.53,14.3,25.8,0.19,11.98
183,21,17.78,13.7,24.8,0.12,11.28
183,22,17.09,13.2,23.1,0.08,11.29
183,23,16.23,12.3,21.7,0.07,11.09
184,0,15.59,12.0,20.9,0.08,11.28
184,1,15.07,11.6,20.1,0.04,11.35
184,2,14.61,11.4,19.7,0.11,11.44
184,3,14.18,11.2,19.3,0.02,10.91
184,4,13.87,10.5,19.4,0.04,10.29
184,5,14.0,9.8,19.1,0.12,10.32
184,6,14.48,9.9,18.9,0.16,10.73
184,7,15.16,10.5,19.2,0.16,11.23
184,8,15.94,11.4,20.4,0.12,11.5
184,9,16.65,12.6,22.4,0.17,12.79
184,10,17.38,13.2,23.6,0.19,13.05
184,11,17.83,13.0,24.2,0.42,13.43
184,12,18.21,13.6,24.4,0.28,14.34
184,13,18.31,13.9,25.2,0.45,14.4
184,14,18.29,13.3,25.8,0.23,13.47
184,15,18.28,13.6,25.5,0.23,12.87
184,16,18.82,13.8,25.8,0.1,13.74
184,17,18.99,13.6,25.9,0.07,14.89
184,18,18.42,13.6,25.5,0.09,15.49
184,19,17.75,13.7,24.6,0.08,15.61
184,20,17.0,13.3,23.4,0.05,14.28
184,21,16.1,12.7,21.9,0.07,13.47
184,22,15.08,12.6,20.1,0.01,12.65
184,23,14.24,12.0,18.3,0.02,12.7
185,0,13.81,11.4,16.9,0.03,12.2
185,1,13.43,9.8,17.5,0.04,11.69
185,2,13.04,9.5,16.9,0.06,12.46
185,3,12.65,9.4,15.6,0.08,13.16
185,4,12.44,8.9,15.4,0.12,12.79
185,5,12.53,8.7,15.5,0.15,12.95
185,6,12.97,9.2,16.2,0.18,12.39
185,7,13.89,10.5,18.3,0.12,13.25
185,8,14.93,12.4,20.4,0.15,14.07
185,9,15.93,13.6,21.7,0.05,13.98
185,10,16.72,13.9,22.5,0.06,15.36
185,11,17.25,14.2,23.2,0.05,15.96
185,12,17.71,14.7,24.0,0.09,16.13
185,13,17.92,14.2,24.5,0.18,17.3
185,14,18.23,13.7,24.8,0.22,17.82
185,15,18.09,13.9,24.8,0.1,17.67
185,16,17.9,14.2,24.9,0.14,17.46
185,17,18.04,14.7,24.9,0.09,17.13
185,18,17.74,13.8,24.8,0.11,14.62
185,19,17.37,14.5,24.3,0.13,14.62
185,20,16.73,13.9,23.4,0.15,13.21
185,21,16.08,13.1,22.1,0.08,11.35
185,22,15.05,11.7,21.0,0.13,10.25
185,23,14.38,10.5,20.1,0.13,10.74
186,0,13.98,10.5,19.5,0.22,9.95
186,1,13.57,10.8,19.1,0.24,9.89
186,2,13.42,10.1,18.7,0.31,10.37
186,3,13.29,9.4,18.6,0.54,11.18
186,4,12.74,8.2,17.7,0.69,11.38
186,5,13.02,9.4,17.3,0.75,11.93
186,6,13.5,10.6,18.4,0.44,11.87
186,7,14.2,10.3,20.2,0.21,11.69
186,8,14.98,10.8,21.9,0.07,12.46
186,9,15.63,11.9,22.9,0.09,14.15
186,10,16.3,12.4,24.0,0.23,13.71
186,11,17.34,13.0,24.6,0.06,13.53
186,12,17.72,13.8,25.1,0.6,14.97
186,13,18.19,14.3,25.3,0.18,14.53
186,14,18.7,14.9,25.7,0.08,15.94
186,15,18.24,13.9,25.9,0.29,16.93
186,16,18.06,13.7,25.9,0.21,16.43
186,17,18.09,13.2,25.7,0.11,16.64
186,18,17.64,13.0,25.8,0.15,15.88
186,19,17.04,12.7,24.9,0.23,15.22
186,20,16.29,12.6,24.0,0.45,15.17
186,21,15.67,11.7,22.6,0.42,14.89
186,22,14.96,10.3,21.4,0.55,14.29
186,23,14.54,10.1,20.9,0.46,15.17
187,0,14.32,10.5,20.9,0.32,15.9
187,1,14.07,10.6,20.8,0.19,15.47
187,2,13.79,10.0,20.2,0.17,15.09
187,3,13.68,9.0,20.6,0.11,14.76
187,4,13.14,8.4,20.2,0.1,14.25
187,5,13.07,8.1,20.2,0.06,13.01
187,6,13.63,8.9,20.8,0.02,12.74
187,7,14.41,9.9,21.6,0.1,14.07
187,8,14.95,10.7,22.1,0.08,14.14
187,9,15.66,11.3,22.6,0.08,15.49
187,10,16.71,12.6,23.1,0.05,16.14
187,11,17.29,13.2,24.0,0.13,16.89
187,12,17.88,14.2,24.4,0.13,18.64
187,13,18.09,14.8,25.7,0.18,18.79
187,14,18.02,13.7,25.7,0.23,18.17
187,15,17.73,13.7,26.0,0.12,17.76
187,16,17.62,13.7,25.8,0.3,17.91
187,17,17.58,13.3,24.5,0.13,17.3
187,18,17.5,13.3,24.0,0.08,16.56
187,19,17.27,13.3,23.9,0.08,16.06
187,20,16.89,12.6,23.0,0.05,13.89
187,21,16.22,11.9,21.4,0.05,12.39
187,22,15.29,11.1,20.5,0.07,11.89
187,23,14.48,9.5,19.0,0.09,12.02
188,0,14.11,8.6,18.9,0.04,11.96
188,1,13.9,8.2,19.2,0.01,11.75
188,2,13.74,8.0,18.6,0.0,11.8
188,3,13.43,7.9,18.9,0.02,11.93
188,4,12.99,7.3,18.1,0.12,12.98
188,5,13.37,7.2,18.4,0.03,12.15
188,6,14.09,8.2,19.5,0.04,12.92
188,7,14.97,9.8,20.4,0.09,12.78
188,8,15.83,11.7,21.4,0.22,13.78
188,9,16.46,13.5,22.5,0.3,13.55
188,10,17.17,13.1,23.5,0.4,14.1
188,11,18.02,13.3,24.2,0.29,15.33
188,12,18.72,13.5,25.4,0.19,15.63
188,13,19.29,13.5,26.2,0.25,16.13
188,14,19.45,13.6,26.5,0.44,16.48
188,15,18.9,13.8,26.5,0.14,15.94
188,16,18.94,14.5,26.1,0.19,16.27
188,17,18.83,14.5,25.6,0.25,17.25
188,18,18.36,14.4,25.6,0.1,16.42
188,19,17.9,14.2,25.5,0.09,14.63
188,20,17.37,14.0,24.8,0.08,12.92
188,21,16.64,13.6,23.8,0.11,11.52
188,22,15.58,12.8,22.3,0.2,10.64
188,23,14.74,12.2,20.7,0.28,9.89
189,0,14.22,11.9,19.4,0.31,10.06
189,1,13.91,11.7,19.6,0.44,10.37
189,2,13.8,11.0,21.2,0.29,10.28
189,3,13.56,10.7,20.1,0.16,10.62
189,4,13.44,10.1,20.7,0.29,10.87
189,5,13.48,10.2,20.8,0.62,11.24
189,6,14.09,11.0,21.2,0.57,10.45
189,7,15.1,12.5,22.1,0.19,9.48
189,8,16.02,13.1,22.4,0.15,9.96
189,9,16.89,13.4,22.4,0.12,9.79
189,10,17.78,14.4,22.4,0.09,10.79
189,11,18.45,14.9,22.8,0.05,11.95
189,12,18.54,15.9,21.6,0.1,14.27
189,13,18.48,15.0,23.1,0.11,13.21
189,14,18.52,15.4,24.3,0.1,13.02
189,15,18.55,14.9,20.9,0.26,13.13
189,16,18.74,14.7,23.5,0.12,12.5
189,17,18.65,13.9,24.4,0.11,12.12
189,18,18.6,13.3,24.8,0.02,11.51
189,19,18.36,13.9,25.1,0.04,10.03
189,20,17.7,13.6,24.5,0.09,8.45
189,21,16.86,12.9,23.2,0.07,7.83
189,22,15.62,12.0,20.6,0.09,8.37
189,23,14.64,11.2,20.4,0.06,9.51
190,0,14.0,11.1,18.9,0.04,9.8
190,1,13.63,10.9,18.1,0.03,9.56
190,2,13.25,10.8,17.5,0.03,9.63
190,3,13.0,10.3,17.1,0.02,9.15
190,4,12.67,9.3,16.2,0.0,8.28
190,5,12.38,9.7,16.1,0.02,8.52
190,6,13.17,10.3,17.1,0.02,8.84
190,7,14.35,11.4,18.2,0.02,9.09
190,8,15.41,11.9,19.4,0.04,9.29
190,9,16.3,12.0,21.0,0.03,9.77
190,10,17.08,12.9,22.4,0.05,10.73
190,11,17.94,14.0,23.2,0.03,11.46
190,12,18.34,13.2,23.5,0.06,11.66
190,13,18.23,13.9,24.1,0.76,11.58
190,14,18.51,14.5,23.6,0.19,11.13
190,15,18.52,13.4,25.5,0.13,11.03
190,16,18.96,13.6,24.3,0.07,10.83
190,17,18.62,13.5,22.5,0.05,10.95
190,18,18.47,13.9,22.7,0.03,11.02
190,19,18.27,13.6,24.0,0.05,10.16
190,20,17.73,13.2,23.9,0.0,9.69
190,21,16.85,12.8,22.4,0.01,9.44
190,22,15.63,12.4,20.3,0.0,9.28
190,23,14.88,11.5,20.8,0.0,9.42
191,0,14.14,10.7,20.6,0.02,9.48
191,1,13.49,10.2,20.1,0.0,9.6
191,2,13.11,10.3,19.8,0.0,9.31
191,3,13.13,10.4,20.8,0.0,9.07
191,4,12.72,10.3,20.8,0.0,8.62
191,5,12.54,10.1,20.5,0.02,8.31
191,6,13.66,11.8,21.2,0.0,8.67
191,7,14.91,12.2,22.0,0.0,7.92
191,8,16.18,12.9,23.0,0.05,8.0
191,9,17.29,13.9,23.4,0.01,8.55
191,10,18.27,15.5,24.9,0.03,9.17
191,11,19.05,16.0,26.0,0.0,9.7
191,12,19.7,16.5,27.7,0.04,10.67
191,13,20.15,16.8,28.6,0.1,12.06
191,14,20.5,17.5,29.0,0.06,11.22
191,15,20.7,17.2,30.4,0.0,12.13
191,16,20.63,17.3,30.1,0.07,11.5
191,17,20.42,16.9,29.9,0.08,10.18
191,18,20.2,16.6,29.5,0.03,8.92
191,19,19.86,16.2,29.0,0.02,8.9
191,20,19.19,15.5,28.2,0.0,9.27
191,21,17.93,14.4,26.4,0.03,8.28
191,22,16.29,12.6,24.4,0.1,8.54
191,23,15.16,11.6,22.4,0.08,8.22
192,0,14.79,11.5,21.8,0.01,8.82
192,1,14.51,11.8,23.3,0.0,9.22
192,2,14.27,11.7,22.8,0.0,9.67
192,3,14.19,11.5,22.9,0.0,9.74
192,4,13.86,11.1,21.4,0.01,9.76
192,5,13.85,11.7,20.5,0.11,10.34
192,6,14.43,12.3,21.0,0.09,10.13
192,7,15.35,12.3,22.0,0.2,9.5
192,8,16.43,12.5,22.3,0.26,10.9
192,9,17.27,12.7,22.7,0.23,11.15
192,10,17.72,13.1,23.1,0.34,12.16
192,11,18.36,12.8,23.5,0.18,13.33
192,12,18.87,12.6,24.0,0.08,13.31
192,13,18.56,12.6,24.4,0.33,13.2
192,14,18.79,13.0,24.8,0.2,13.68
192,15,18.78,13.1,24.2,0.53,13.86
192,16,18.79,13.3,24.1,0.1,13.31
192,17,18.62,12.6,23.8,0.26,13.31
192,18,18.08,11.4,24.4,0.37,12.78
192,19,17.74,11.8,23.0,0.38,12.16
192,20,17.41,11.6,22.7,0.07,11.61
192,21,16.95,11.1,22.0,0.1,10.67
192,22,16.02,10.4,20.5,0.17,10.31
192,23,15.25,9.4,18.9,0.35,9.97
193,0,14.73,8.4,17.9,0.35,9.87
193,1,14.58,7.5,17.8,0.13,10.34
193,2,14.37,7.5,17.4,0.25,10.08
193,3,14.1,7.8,17.2,0.19,10.4
193,4,13.79,7.4,17.4,0.1,10.03
193,5,14.08,8.0,17.5,0.03,10.15
193,6,14.69,8.8,17.7,0.0,10.07
193,7,15.73,10.2,19.5,0.0,8.3
193,8,16.83,12.1,21.0,0.0,8.98
193,9,17.93,13.4,22.1,0.02,10.38
193,10,18.76,14.5,23.4,0.03,10.74
193,11,19.57,15.4,24.6,0.01,11.52
193,12,20.17,15.7,25.6,0.06,12.48
193,13,20.65,16.3,26.2,0.08,13.14
193,14,21.17,16.5,26.7,0.03,13.09
193,15,21.13,17.6,25.9,0.03,13.19
193,16,21.29,17.8,26.5,0.1,12.6
193,17,21.34,17.4,26.6,0.05,12.25
193,18,21.02,16.8,26.3,0.08,11.77
193,19,20.47,16.3,25.8,0.27,11.09
193,20,19.64,15.7,24.8,0.56,10.46
193,21,18.49,14.7,23.1,0.04,8.97
193,22,17.16,13.3,21.5,0.0,10.1
193,23,16.1,12.3,20.0,0.18,8.82
194,0,15.51,11.8,19.2,0.02,9.71
194,1,14.99,11.4,18.5,0.02,9.9
194,2,14.7,10.9,17.5,0.0,9.36
194,3,14.69,11.1,18.1,0.0,8.61
194,4,14.48,10.2,17.7,0.08,8.13
194,5,14.47,10.0,17.9,0.51,7.53
194,6,14.95,10.7,18.0,0.06,7.36
194,7,16.12,11.7,20.1,0.05,7.89
194,8,17.51,12.7,22.8,0.43,6.89
194,9,18.78,14.0,24.5,0.08,6.49
194,10,19.55,14.9,25.6,0.06,7.51
194,11,20.24,15.7,26.3,0.38,8.66
194,12,20.91,16.8,26.9,0.1,8.87
194,13,21.3,16.5,27.6,0.05,8.9
194,14,21.58,16.0,28.0,0.1,9.98
194,15,21.42,14.1,27.6,0.37,11.1
194,16,21.12,13.9,27.8,0.28,11.82
194,17,20.69,13.4,27.4,0.18,11.73
194,18,20.06,12.9,27.1,0.14,11.61
194,19,19.5,12.6,26.3,0.07,10.17
194,20,18.88,12.2,25.3,0.07,8.58
194,21,18.05,12.1,23.9,0.12,7.72
194,22,16.81,11.9,21.8,0.21,8.35
194,23,15.87,11.1,20.2,0.21,8.97
195,0,15.4,10.6,19.2,0.07,9.71
195,1,15.02,10.3,18.6,0.01,9.49
195,2,14.8,9.9,19.1,0.02,9.89
195,3,14.47,9.6,18.5,0.02,10.33
195,4,13.98,8.7,18.9,0.02,9.9
195,5,13.91,8.3,18.6,0.02,9.59
195,6,14.36,8.9,19.0,0.03,9.59
195,7,15.59,10.6,21.4,0.19,8.33
195,8,16.9,12.6,23.6,0.01,8.28
195,9,18.2,13.8,25.5,0.14,8.77
195,10,19.24,15.2,26.8,0.1,9.27
195,11,20.09,15.9,27.4,0.11,10.16
195,12,20.94,16.1,28.2,0.01,11.11
195,13,21.22,16.4,29.0,0.3,11.83
195,14,21.41,16.6,29.6,0.08,12.21
195,15,21.38,16.6,29.8,0.02,11.67
195,16,21.36,16.7,29.9,0.02,12.51
195,17,21.19,17.0,29.4,0.01,11.72
195,18,21.14,17.4,29.0,0.02,12.04
195,19,20.71,16.9,28.1,0.0,10.44
195,20,19.78,16.1,26.6,0.0,9.59
195,21,18.62,14.7,25.2,0.0,8.21
195,22,17.05,13.3,22.9,0.0,7.29
195,23,15.95,11.9,21.2,0.0,7.52
196,0,15.6,11.3,20.7,0.0,7.51
196,1,15.01,10.6,20.9,0.0,7.27
196,2,14.45,10.1,20.1,0.0,7.95
196,3,14.11,9.3,19.3,0.0,7.52
196,4,13.67,8.7,19.3,0.0,7.37
196,5,13.57,8.4,19.4,0.0,7.57
196,6,14.39,9.8,20.0,0.0,7.26
196,7,16.07,12.0,22.5,0.02,6.54
196,8,17.6,13.9,24.6,0.14,6.46
196,9,18.89,14.2,26.3,0.08,6.31
196,10,20.04,14.9,27.7,0.16,7.1
196,11,20.95,15.9,28.9,0.12,8.56
196,12,21.35,16.7,29.3,0.49,10.47
196,13,21.64,16.6,29.4,0.34,11.16
196,14,21.72,15.6,29.6,0.98,11.17
196,15,21.66,15.5,29.2,0.2,11.65
196,16,21.95,16.8,29.8,0.11,11.45
196,17,22.13,16.5,29.9,0.11,11.33
196,18,21.99,16.6,29.7,0.22,11.08
196,19,21.51,16.1,29.3,0.42,10.89
196,20,20.69,15.0,28.7,0.27,8.79
196,21,19.36,13.8,27.5,0.29,9.0
196,22,17.99,12.5,25.6,0.07,9.64
196,23,16.94,11.5,24.2,0.0,10.54
197,0,16.38,11.0,23.3,0.0,10.36
197,1,16.05,10.7,22.6,0.03,10.3
197,2,15.62,10.6,21.8,0.02,10.0
197,3,15.17,10.4,21.2,0.2,9.8
197,4,14.58,10.2,20.8,0.02,10.87
197,5,14.32,10.0,20.9,0.01,9.92
197,6,15.06,10.9,21.5,0.07,10.06
197,7,16.24,12.2,22.2,0.15,10.1
197,8,17.51,12.8,22.8,0.21,10.48
197,9,18.75,13.1,24.4,0.23,11.11
197,10,19.97,13.6,25.9,0.1,11.34
197,11,20.95,14.5,27.0,0.03,11.48
197,12,21.68,15.5,27.7,0.03,12.68
197,13,21.96,15.8,28.3,0.03,12.53
197,14,22.19,16.0,28.9,0.05,13.45
197,15,22.03,15.3,28.0,0.1,14.39
197,16,22.32,15.2,28.2,0.01,14.64
197,17,22.3,15.4,28.0,0.01,13.77
197,18,22.02,15.4,27.6,0.04,12.45
197,19,21.31,14.9,27.0,0.28,11.55
197,20,20.42,14.5,26.1,0.24,10.13
197,21,19.06,13.7,24.6,0.21,9.93
197,22,17.59,12.5,22.3,0.02,9.63
197,23,16.7,11.9,20.5,0.0,9.62
198,0,16.1,11.7,19.8,0.0,10.07
198,1,15.73,11.6,19.5,0.0,10.45
198,2,15.51,11.6,19.5,0.0,10.76
198,3,15.38,11.7,19.2,0.04,11.65
198,4,14.88,11.7,18.6,0.02,11.1
198,5,14.81,11.8,18.6,0.01,11.12
198,6,15.4,12.1,19.0,0.0,11.59
198,7,16.61,12.8,20.5,0.0,11.56
198,8,17.88,13.4,22.6,0.03,11.21
198,9,19.11,14.0,24.7,0.03,10.81
198,10,20.28,14.9,26.7,0.02,11.48
198,11,20.86,14.6,28.1,0.06,12.04
198,12,21.15,14.1,28.2,0.24,12.36
198,13,21.4,14.8,28.0,0.07,12.96
198,14,21.79,15.1,27.9,0.02,14.39
198,15,21.45,14.1,27.6,0.21,13.32
198,16,22.1,16.0,27.6,0.08,14.43
198,17,21.61,14.7,27.6,0.18,14.92
198,18,20.97,14.7,27.5,0.36,12.65
198,19,20.51,14.6,27.2,0.17,12.07
198,20,19.93,13.8,26.5,0.04,11.07
198,21,18.96,13.2,24.9,0.0,10.12
198,22,17.8,12.2,24.0,0.0,10.92
198,23,16.81,11.2,23.5,0.0,11.14
199,0,16.2,11.2,23.2,0.0,10.98
199,1,15.61,11.2,21.9,0.18,10.11
199,2,15.28,10.5,20.9,0.02,10.46
199,3,14.9,10.6,21.0,0.0,9.5
199,4,14.7,10.6,20.0,0.05,10.19
199,5,14.53,10.7,19.2,0.03,9.85
199,6,14.96,10.5,19.5,0.0,9.85
199,7,16.29,11.7,21.2,0.01,9.61
199,8,17.74,13.2,23.0,0.03,10.29
199,9,19.03,15.1,24.5,0.02,10.55
199,10,19.99,16.0,25.7,0.02,12.12
199,11,20.76,17.0,26.3,0.08,13.77
199,12,21.27,17.9,26.4,0.04,14.62
199,13,21.32,15.3,26.6,0.07,15.46
199,14,21.79,17.5,26.9,0.01,15.38
199,15,21.09,14.5,26.0,0.07,14.69
199,16,21.43,16.7,26.0,0.04,14.91
199,17,21.16,16.3,25.6,0.03,14.49
199,18,20.86,16.9,25.1,0.02,15.04
199,19,20.11,16.4,24.8,0.02,13.58
199,20,19.36,16.1,24.2,0.07,11.52
199,21,18.34,15.1,23.3,0.05,10.45
199,22,17.23,13.3,22.2,0.14,10.26
199,23,16.5,12.6,21.6,0.01,10.23
200,0,15.96,12.3,20.9,0.0,10.67
200,1,15.44,11.8,20.2,0.03,10.22
200,2,14.85,10.6,19.3,0.0,10.39
200,3,14.47,10.3,18.7,0.0,10.63
200,4,13.84,9.6,17.7,0.0,10.37
200,5,13.77,9.6,17.2,0.01,10.3
200,6,14.37,11.0,17.9,0.02,10.58
200,7,15.46,12.3,19.3,0.02,10.21
200,8,16.78,13.7,20.7,0.01,9.81
200,9,18.16,15.1,22.0,0.03,10.67
200,10,19.33,15.4,23.3,0.05,11.36
200,11,20.26,15.4,24.8,0.02,13.09
200,12,20.82,13.6,25.7,0.04,13.28
200,13,21.25,14.4,26.0,0.0,13.56
200,14,21.26,14.9,25.7,0.14,14.05
200,15,21.1,15.1,25.0,0.22,13.3
200,16,20.61,14.8,25.3,0.44,13.76
200,17,20.53,14.9,25.4,0.35,12.57
200,18,20.33,15.0,25.2,0.2,12.76
200,19,20.02,14.6,24.7,0.02,11.15
200,20,19.4,14.2,24.1,0.0,10.21
200,21,18.37,13.8,23.1,0.02,9.94
200,22,17.44,13.0,22.1,0.0,9.75
200,23,16.31,12.2,21.9,0.0,9.97
201,0,15.68,11.7,21.3,0.0,9.9
201,1,15.31,11.6,21.1,0.0,10.36
201,2,14.89,11.3,21.0,0.0,10.73
201,3,14.48,11.4,20.3,0.0,10.3
201,4,14.16,11.5,19.5,0.0,10.74
201,5,13.85,11.3,18.9,0.0,10.63
201,6,14.21,11.7,18.9,0.02,10.22
201,7,15.27,12.3,19.4,0.06,9.56
201,8,16.68,12.8,20.0,0.04,9.21
201,9,18.11,13.6,21.1,0.04,10.1
201,10,19.12,14.5,22.6,0.18,11.52
201,11,19.73,14.6,23.8,0.18,12.01
201,12,20.42,15.1,24.5,0.14,12.53
201,13,21.13,15.7,24.9,0.1,12.17
201,14,21.28,16.6,25.1,0.49,12.76
201,15,21.04,16.9,25.2,0.42,10.37
201,16,21.42,16.8,25.0,0.16,10.5
201,17,21.05,17.3,24.5,0.32,11.02
201,18,20.73,16.3,24.4,0.4,10.54
201,19,20.48,16.7,24.2,0.34,9.71
201,20,19.63,16.0,23.4,0.15,9.48
201,21,18.77,14.9,22.6,0.03,8.63
201,22,17.45,13.1,20.7,0.05,9.37
201,23,16.46,12.6,19.0,0.03,9.31
202,0,15.94,12.0,18.8,0.02,9.49
202,1,15.28,11.4,18.5,0.01,9.78
202,2,14.89,11.0,18.4,0.05,9.92
202,3,14.87,10.4,18.3,0.08,9.42
202,4,14.31,10.0,18.1,0.05,8.98
202,5,14.19,9.9,17.8,0.13,9.03
202,6,14.69,10.6,18.1,0.05,8.73
202,7,15.96,12.1,18.6,0.02,7.82
202,8,17.33,13.4,19.6,0.02,7.49
202,9,18.56,15.1,21.2,0.09,8.98
202,10,19.46,16.3,22.8,0.19,9.97
202,11,20.18,17.1,23.8,0.35,11.13
202,12,20.82,17.8,24.3,0.6,11.64
202,13,21.29,18.2,24.7,0.24,10.97
202,14,21.75,18.5,25.0,0.03,11.55
202,15,21.17,15.7,25.5,0.15,11.68
202,16,21.68,18.5,25.8,0.07,11.9
202,17,21.86,19.0,25.6,0.03,11.39
202,18,21.54,18.2,25.1,0.05,12.1
202,19,20.59,17.4,24.2,0.21,11.6
202,20,19.83,16.6,22.7,0.0,10.06
202,21,18.65,15.6,21.7,0.01,9.99
202,22,17.13,14.2,20.8,0.0,9.9
202,23,16.24,13.0,20.2,0.0,10.16
203,0,15.59,12.2,19.0,0.01,9.71
203,1,15.33,11.5,19.0,0.01,10.19
203,2,15.07,11.0,18.5,0.0,10.39
203,3,14.84,10.7,18.2,0.0,10.46
203,4,14.51,10.1,17.1,0.01,9.88
203,5,14.4,9.8,17.0,0.02,10.11
203,6,14.88,10.4,17.2,0.07,9.76
203,7,16.12,12.5,18.3,0.09,9.14
203,8,17.51,14.7,19.8,0.07,10.22
203,9,18.83,16.3,21.7,0.05,11.07
203,10,19.84,17.0,22.6,0.03,11.46
203,11,20.53,17.7,23.8,0.03,12.42
203,12,21.08,18.2,24.5,0.01,12.72
203,13,21.58,18.7,24.8,0.03,12.92
203,14,21.84,18.7,25.1,0.01,13.61
203,15,21.3,15.1,25.4,0.02,12.96
203,16,21.98,16.8,26.1,0.03,13.03
203,17,21.72,16.8,25.8,0.05,12.71
203,18,21.39,16.8,25.2,0.02,11.7
203,19,20.83,16.4,24.6,0.05,11.34
203,20,19.86,15.6,24.2,0.0,11.12
203,21,18.89,14.8,22.7,0.0,10.75
203,22,17.69,13.8,22.1,0.0,10.78
203,23,16.89,13.2,21.1,0.0,10.38
204,0,16.27,12.6,20.6,0.0,9.53
204,1,15.8,12.1,20.0,0.0,8.98
204,2,15.36,11.6,19.2,0.02,8.7
204,3,15.13,11.1,18.6,0.01,9.76
204,4,14.87,10.7,18.0,0.06,9.9
204,5,14.66,10.3,17.7,0.13,10.01
204,6,15.0,10.7,18.1,0.27,9.91
204,7,16.22,12.5,19.4,0.07,9.33
204,8,17.51,13.6,20.9,0.0,9.16
204,9,18.58,14.8,22.1,0.01,9.57
204,10,19.58,15.6,22.8,0.07,10.05
204,11,20.32,15.8,23.7,0.05,10.15
204,12,21.03,16.3,24.9,0.04,10.09
204,13,21.29,16.8,25.2,0.07,11.43
204,14,21.6,17.1,25.4,0.15,11.56
204,15,21.21,14.9,24.9,0.43,11.12
204,16,21.37,14.7,25.0,0.06,11.91
204,17,21.19,14.2,25.0,0.06,11.26
204,18,20.65,14.0,24.9,0.39,11.27
204,19,20.28,13.8,24.6,0.0,10.09
204,20,19.66,13.1,23.7,0.0,8.45
204,21,18.77,12.4,22.3,0.08,8.22
204,22,17.54,11.8,20.7,0.0,7.75
204,23,16.71,11.5,19.6,0.0,7.86
205,0,16.06,10.8,18.7,0.0,8.0
205,1,15.61,10.7,18.5,0.0,8.17
205,2,15.08,10.7,18.3,0.0,7.99
205,3,14.97,12.1,18.1,0.0,7.89
205,4,14.59,11.4,18.3,0.0,7.6
205,5,14.56,10.9,18.2,0.01,7.82
205,6,14.98,11.5,18.5,0.03,7.7
205,7,16.25,12.5,19.6,0.02,7.19
205,8,17.63,13.0,21.2,0.02,6.95
205,9,18.74,13.1,22.8,0.09,7.02
205,10,19.82,13.8,24.1,0.12,7.37
205,11,20.91,15.0,25.2,0.05,8.21
205,12,21.34,15.7,25.8,0.11,9.35
205,13,21.76,16.3,26.2,0.06,10.08
205,14,21.96,15.6,27.0,0.04,10.39
205,15,21.24,14.8,26.5,0.04,10.44
205,16,21.35,14.9,26.9,0.1,11.42
205,17,21.14,14.9,26.7,0.21,11.6
205,18,21.14,15.7,26.0,0.07,11.58
205,19,20.83,15.8,25.8,0.0,10.17
205,20,20.28,15.6,24.7,0.0,8.5
205,21,19.24,14.8,22.7,0.0,8.11
205,22,17.95,13.6,20.9,0.0,8.38
205,23,17.02,13.1,19.9,0.02,8.84
206,0,16.67,12.8,19.7,0.02,8.76
206,1,16.18,12.4,19.4,0.01,8.01
206,2,15.72,12.3,19.1,0.0,7.88
206,3,15.52,12.4,18.7,0.0,7.44
206,4,15.28,11.6,19.2,0.14,7.3
206,5,14.96,11.5,18.9,0.05,7.08
206,6,15.48,12.8,19.4,0.01,6.99
206,7,16.62,13.1,21.0,0.02,6.02
206,8,18.01,13.3,22.3,0.02,5.91
206,9,19.24,13.5,23.7,0.02,6.32
206,10,20.28,14.1,24.6,0.01,7.54
206,11,21.25,15.6,25.1,0.01,7.95
206,12,22.02,17.2,25.6,0.04,8.17
206,13,22.55,18.6,26.1,0.04,8.65
206,14,22.8,18.4,26.6,0.02,9.22
206,15,22.37,17.1,26.8,0.07,9.87
206,16,22.53,16.6,28.2,0.03,10.86
206,17,22.29,17.4,27.7,0.01,10.72
206,18,21.91,17.1,27.5,0.06,9.97
206,19,21.38,15.8,26.7,0.04,8.67
206,20,20.6,16.0,25.2,0.01,6.74
206,21,19.49,15.3,23.5,0.02,6.3
206,22,18.11,13.3,21.4,0.01,7.39
206,23,17.74,13.1,22.0,0.0,7.1
207,0,17.43,12.2,21.4,0.0,6.97
207,1,16.87,11.5,20.8,0.0,7.21
207,2,16.14,11.2,20.6,0.07,7.38
207,3,15.96,10.1,19.3,0.0,7.94
207,4,15.43,10.4,17.8,0.02,8.01
207,5,15.64,13.0,17.5,0.35,7.19
207,6,16.12,13.0,18.7,0.05,7.33
207,7,17.38,14.4,20.5,0.12,7.11
207,8,18.9,16.0,22.0,0.21,6.33
207,9,20.41,17.9,23.5,0.0,6.92
207,10,21.62,18.9,24.8,0.0,7.99
207,11,22.45,19.5,26.0,0.01,8.97
207,12,23.07,19.6,26.7,0.02,9.67
207,13,23.37,19.5,27.2,0.07,9.77
207,14,23.53,19.9,27.4,0.07,10.82
207,15,23.24,19.0,27.0,0.11,10.3
207,16,23.3,19.7,27.1,0.07,11.41
207,17,23.32,19.3,27.1,0.11,10.55
207,18,22.98,18.4,26.9,0.08,10.23
207,19,22.57,18.0,26.5,0.05,9.12
207,20,21.58,17.4,25.4,0.07,8.07
207,21,20.25,16.5,23.7,0.0,7.92
207,22,18.84,15.2,22.2,0.0,8.49
207,23,18.07,15.0,21.4,0.0,8.8
208,0,17.85,15.2,21.3,0.0,9.25
208,1,17.55,14.7,21.2,0.0,9.37
208,2,17.13,13.8,20.6,0.0,9.09
208,3,16.37,13.2,18.5,0.01,8.85
208,4,16.15,12.7,18.4,0.01,8.3
208,5,15.91,12.4,18.1,0.01,8.61
208,6,16.18,12.9,18.6,0.0,7.87
208,7,17.56,14.3,20.5,0.0,7.31
208,8,19.24,15.9,22.5,0.01,7.16
208,9,20.6,17.2,24.5,0.03,8.57
208,10,21.62,18.0,26.0,0.03,9.51
208,11,22.43,18.3,27.1,0.02,10.83
208,12,22.98,18.7,27.9,0.05,12.16
208,13,23.37,19.0,28.3,0.07,12.68
208,14,23.24,19.3,28.2,0.07,14.53
208,15,22.84,18.0,28.0,0.03,13.98
208,16,23.06,18.4,27.7,0.03,13.92
208,17,22.84,18.1,27.5,0.02,13.31
208,18,22.38,17.3,27.2,0.01,12.78
208,19,21.82,17.1,26.9,0.0,11.0
208,20,21.1,16.6,25.7,0.01,9.52
208,21,20.06,16.2,23.9,0.0,9.14
208,22,18.97,15.0,22.4,0.0,9.33
208,23,18.28,14.3,22.0,0.01,9.59
209,0,17.88,14.2,21.7,0.26,9.42
209,1,17.52,14.0,21.6,0.11,8.85
209,2,17.2,13.2,21.4,0.14,9.22
209,3,17.04,13.0,21.4,0.19,8.45
209,4,16.8,12.5,21.0,0.22,7.96
209,5,16.71,12.1,20.7,0.41,7.38
209,6,16.84,12.7,20.8,0.42,7.85
209,7,17.7,13.9,21.7,0.36,7.99
209,8,18.81,15.0,24.2,0.38,9.19
209,9,19.68,15.7,26.7,0.22,11.24
209,10,20.33,16.2,28.3,0.44,11.76
209,11,20.87,16.7,29.2,0.17,11.8
209,12,21.36,16.4,29.6,0.13,11.7
209,13,21.89,16.8,30.0,0.25,12.13
209,14,22.43,16.9,29.9,0.09,13.26
209,15,22.04,14.5,30.6,0.25,12.32
209,16,22.24,15.8,30.1,0.54,12.48
209,17,22.01,17.1,30.1,0.26,12.67
209,18,21.65,17.3,30.0,0.09,13.14
209,19,20.49,17.1,25.7,0.08,14.47
209,20,19.86,16.6,25.4,0.2,14.64
209,21,18.97,15.6,24.7,0.21,13.86
209,22,18.18,14.1,24.1,0.28,13.01
209,23,17.64,13.2,23.9,0.07,13.04
210,0,17.34,12.6,23.8,0.0,12.59
210,1,17.07,12.1,23.0,0.07,12.44
210,2,16.87,12.0,22.4,0.08,12.66
210,3,16.87,11.6,22.7,0.05,12.98
210,4,16.64,11.2,22.3,0.22,12.56
210,5,16.53,10.8,22.0,0.31,12.5
210,6,16.67,11.5,22.0,0.03,12.8
210,7,17.16,13.2,22.1,0.17,13.63
210,8,17.79,14.2,22.5,0.4,14.34
210,9,18.53,15.2,22.9,0.18,14.87
210,10,19.19,15.8,23.7,0.13,14.7
210,11,19.99,16.2,24.3,0.1,14.57
210,12,20.37,16.5,24.7,0.18,14.73
210,13,20.64,17.0,25.0,0.18,15.51
210,14,21.07,16.6,25.1,0.1,16.17
210,15,20.75,16.8,25.1,0.36,16.01
210,16,20.46,14.8,25.8,1.5,15.44
210,17,20.61,14.8,25.7,0.1,15.59
210,18,20.54,15.5,25.7,0.08,15.49
210,19,20.19,15.0,25.4,0.09,15.22
210,20,19.53,15.3,24.8,0.1,14.29
210,21,18.62,15.6,24.4,0.04,12.82
210,22,17.77,14.5,23.9,0.0,12.17
210,23,17.13,13.6,23.8,0.0,11.58
211,0,16.86,12.7,23.5,0.02,11.61
211,1,16.65,12.4,23.4,0.01,12.2
211,2,16.43,12.1,23.0,0.0,11.98
211,3,16.07,12.1,22.8,0.01,12.5
211,4,15.47,11.4,22.3,0.03,11.51
211,5,15.37,11.0,21.9,0.03,10.69
211,6,15.72,11.3,22.1,0.0,10.68
211,7,16.25,11.9,23.0,0.0,11.29
211,8,17.08,11.9,23.5,0.02,12.07
211,9,17.97,12.4,24.0,0.05,12.81
211,10,19.04,13.9,24.6,0.04,13.4
211,11,19.66,15.4,25.0,0.04,14.14
211,12,20.3,15.7,25.3,0.03,14.01
211,13,20.64,15.5,25.6,0.06,14.56
211,14,20.92,15.6,25.7,0.03,14.77
211,15,20.4,14.5,25.7,0.07,14.38
211,16,20.64,14.5,26.4,0.26,15.0
211,17,20.48,15.3,26.5,0.73,14.33
211,18,20.1,14.8,26.2,0.29,14.05
211,19,19.65,14.8,25.8,0.34,13.56
211,20,19.01,14.1,25.0,0.11,12.29
211,21,18.1,14.1,24.0,0.1,10.75
211,22,17.0,13.5,23.0,0.09,10.8
211,23,16.45,12.3,22.3,0.02,10.48
212,0,16.02,11.5,21.8,0.01,9.87
212,1,15.72,11.6,21.7,0.0,9.8
212,2,15.46,11.6,21.5,0.0,10.28
212,3,15.16,11.2,21.3,0.01,10.18
212,4,14.98,10.6,21.0,0.1,10.53
212,5,14.9,10.3,20.7,0.01,9.81
212,6,15.17,10.5,21.1,0.05,9.91
212,7,15.96,11.7,21.9,0.01,10.47
212,8,16.94,12.4,22.8,0.08,10.72
212,9,17.9,13.7,23.5,0.0,11.9
212,10,18.91,15.2,24.1,0.01,12.7
212,11,19.78,16.7,24.6,0.0,12.56
212,12,20.56,17.7,25.1,0.1,12.44
212,13,21.12,18.6,25.4,0.13,12.22
212,14,21.72,19.0,25.3,0.05,12.56
212,15,20.99,16.7,25.0,0.08,13.71
212,16,20.63,17.2,25.5,1.26,13.25
212,17,20.79,17.4,25.2,0.08,12.21
212,18,20.74,18.0,24.9,0.14,12.51
212,19,20.07,16.6,24.1,0.1,11.94
212,20,19.36,16.6,23.4,0.04,10.23
212,21,18.17,15.9,22.4,0.0,9.5
212,22,16.77,13.5,21.4,0.0,9.19
212,23,16.2,12.9,20.9,0.0,8.84
213,0,15.69,12.8,20.8,0.0,9.83
213,1,15.29,11.7,20.6,0.0,10.15
213,2,15.13,11.2,20.4,0.0,10.33
213,3,15.18,11.6,20.3,0.0,10.12
213,4,14.72,10.4,20.7,0.06,10.91
213,5,14.55,10.2,20.6,0.04,9.59
213,6,14.79,10.9,20.2,0.05,9.33
213,7,15.78,11.4,21.9,0.19,9.52
213,8,16.8,12.4,23.1,0.31,10.41
213,9,17.81,13.5,24.1,0.14,10.04
213,10,18.59,14.9,24.9,0.04,11.44
213,11,19.33,14.7,25.7,0.11,13.23
213,12,19.76,14.6,26.1,0.27,13.83
213,13,20.14,15.2,26.6,0.1,13.88
213,14,20.26,15.9,26.3,0.16,13.34
213,15,20.24,16.8,27.0,0.15,13.38
213,16,20.2,16.2,27.4,0.3,12.59
213,17,19.88,16.3,27.2,0.14,12.17
213,18,19.54,16.9,26.9,0.1,12.11
213,19,19.11,16.5,26.5,0.08,12.02
213,20,18.52,16.0,25.5,0.03,11.5
213,21,17.68,15.5,23.9,0.01,10.92
213,22,16.92,14.7,22.5,0.04,10.69
213,23,16.43,14.1,21.8,0.06,10.69
214,0,16.07,13.4,21.3,0.09,10.04
214,1,15.51,12.2,19.2,0.12,9.55
214,2,15.38,12.5,19.2,0.1,9.86
214,3,15.28,11.8,19.5,0.2,10.82
214,4,15.03,11.6,19.5,0.1,11.45
214,5,14.86,10.9,19.1,0.14,11.51
214,6,15.06,11.8,19.0,0.34,11.24
214,7,15.74,12.7,20.8,0.67,10.87
214,8,16.58,13.3,23.1,0.69,10.49
214,9,17.55,13.9,25.0,0.32,11.47
214,10,18.69,15.1,26.6,0.09,12.37
214,11,19.58,16.1,27.5,0.22,13.12
214,12,20.1,16.9,28.0,0.13,14.34
214,13,20.47,16.8,28.6,0.18,14.34
214,14,20.58,17.1,28.7,0.07,14.82
214,15,20.48,17.7,29.1,0.07,14.37
214,16,20.27,17.0,27.7,0.14,15.0
214,17,20.02,16.5,27.9,0.12,13.63
214,18,20.09,16.9,27.7,0.05,13.2
214,19,19.68,17.1,27.1,0.02,12.14
214,20,18.96,16.0,25.9,0.0,11.0
214,21,17.84,14.5,23.7,0.0,9.88
214,22,16.69,13.8,22.1,0.01,9.84
214,23,16.11,13.3,21.4,0.0,9.82
215,0,15.62,12.6,20.3,0.02,9.82
215,1,15.18,12.3,19.4,0.0,9.31
215,2,15.02,11.5,20.6,0.01,9.42
215,3,14.8,9.8,20.2,0.0,9.61
215,4,14.44,9.7,19.9,0.02,8.55
215,5,14.22,9.3,20.4,0.01,8.89
215,6,14.58,9.4,20.7,0.06,9.67
215,7,15.57,10.6,21.4,0.08,9.68
215,8,16.47,11.9,22.6,0.07,10.18
215,9,17.38,13.4,24.1,0.08,11.42
215,10,18.17,14.3,24.5,0.22,12.08
215,11,18.93,14.8,26.0,0.11,13.71
215,12,19.49,15.4,26.9,0.08,13.62
215,13,20.04,16.2,27.4,0.07,13.83
215,14,20.32,16.4,28.0,0.15,14.59
215,15,20.07,15.8,28.6,0.08,13.95
215,16,20.1,16.1,28.5,0.06,14.16
215,17,20.07,15.5,28.7,0.09,15.04
215,18,19.71,14.7,27.8,0.04,14.91
215,19,19.21,14.3,26.3,0.02,13.77
215,20,18.53,14.0,25.3,0.11,11.33
215,21,17.48,13.3,24.1,0.33,10.96
215,22,16.5,12.6,22.7,0.05,9.94
215,23,15.96,11.6,21.0,0.01,10.66
216,0,15.53,10.5,19.6,0.0,10.64
216,1,15.15,9.9,19.4,0.0,9.92
216,2,15.01,9.5,19.8,0.06,10.53
216,3,14.65,8.3,19.6,0.23,10.51
216,4,14.42,7.9,19.3,0.34,10.81
216,5,14.29,7.8,19.0,0.43,10.82
216,6,14.5,8.1,19.2,0.12,11.41
216,7,15.37,9.7,20.1,0.18,12.65
216,8,16.36,11.3,20.9,0.26,13.27
216,9,17.22,12.3,21.5,0.32,14.21
216,10,17.95,12.6,22.2,0.21,14.33
216,11,18.8,13.6,23.3,0.16,14.17
216,12,19.48,14.2,24.4,0.36,14.14
216,13,20.06,15.4,25.3,0.36,14.83
216,14,20.36,15.6,25.1,0.25,15.0
216,15,19.64,15.6,25.1,0.11,13.75
216,16,19.45,16.1,25.5,0.17,14.26
216,17,19.6,16.1,25.0,0.22,13.22
216,18,19.34,16.4,24.1,0.11,13.98
216,19,18.97,15.8,23.2,0.11,12.37
216,20,18.33,15.3,22.1,0.09,10.47
216,21,17.42,14.0,20.8,0.08,10.06
216,22,16.56,13.3,20.0,0.02,10.06
216,23,16.11,11.9,19.7,0.03,10.36
217,0,15.66,11.4,18.8,0.08,9.92
217,1,15.46,11.1,18.7,0.05,10.72
217,2,15.22,11.2,18.5,0.02,11.12
217,3,14.92,10.0,18.5,0.05,11.95
217,4,14.58,8.9,18.3,0.09,11.76
217,5,14.17,8.3,18.0,0.03,11.24
217,6,14.14,8.3,18.0,0.01,11.01
217,7,14.93,9.7,19.3,0.01,10.79
217,8,16.13,11.8,20.8,0.02,11.0
217,9,17.4,14.2,21.8,0.04,11.34
217,10,18.61,16.5,22.6,0.03,12.0
217,11,19.53,16.9,23.4,0.04,12.88
217,12,20.39,17.5,24.4,0.05,13.56
217,13,21.0,18.2,25.0,0.04,13.92
217,14,20.92,18.1,25.4,0.04,14.53
217,15,20.46,17.9,26.0,0.48,14.55
217,16,20.52,18.0,26.3,0.1,14.55
217,17,20.15,17.5,26.2,0.11,14.43
217,18,19.77,17.4,25.6,0.47,12.63
217,19,19.33,16.9,24.6,0.32,11.78
217,20,18.76,17.0,23.7,0.03,10.75
217,21,17.6,16.2,22.4,0.05,10.53
217,22,16.59,14.8,21.2,0.04,10.29
217,23,15.93,14.0,19.7,0.08,10.08
218,0,15.43,13.4,19.4,0.0,9.76
218,1,15.15,12.7,19.4,0.0,8.9
218,2,14.96,12.2,19.1,0.0,8.69
218,3,14.81,12.0,19.4,0.02,9.64
218,4,14.57,11.2,18.9,0.05,9.33
218,5,14.57,11.0,18.7,0.31,10.07
218,6,14.6,10.8,19.3,0.12,10.17
218,7,15.42,12.1,20.4,0.17,10.2
218,8,16.33,14.1,19.7,0.24,11.78
218,9,17.15,15.9,18.6,0.26,11.28
218,10,17.7,16.5,19.3,0.16,12.99
218,11,18.44,17.1,20.5,0.09,13.66
218,12,19.09,17.0,21.7,0.03,14.88
218,13,19.47,17.1,22.6,0.1,15.92
218,14,19.7,17.0,22.6,0.09,17.08
218,15,19.3,16.3,21.3,0.06,17.72
218,16,19.05,16.1,21.1,0.3,16.98
218,17,18.96,15.7,20.9,0.08,17.07
218,18,18.84,15.7,21.1,0.06,16.57
218,19,18.64,15.5,20.9,0.01,14.4
218,20,17.91,15.2,20.9,0.02,13.57
218,21,17.03,14.3,20.6,0.03,13.01
218,22,15.95,13.7,19.8,0.08,12.21
218,23,15.56,12.8,19.3,0.05,12.36
219,0,15.32,12.4,19.1,0.03,12.49
219,1,14.91,12.3,19.1,0.01,11.65
219,2,14.67,11.8,19.4,0.07,11.61
219,3,14.52,12.0,19.4,0.07,11.67
219,4,14.21,11.7,19.4,0.43,10.51
219,5,14.12,11.8,19.4,0.14,10.4
219,6,14.3,11.9,19.6,0.12,10.35
219,7,15.03,12.8,20.4,0.15,10.5
219,8,16.09,14.3,21.4,0.08,10.73
219,9,17.21,14.7,22.5,0.05,10.94
219,10,18.11,15.2,23.6,0.18,11.51
219,11,18.96,15.7,24.6,0.31,11.59
219,12,19.48,15.5,25.5,0.28,11.95
219,13,19.97,15.6,26.0,0.11,12.47
219,14,20.27,15.6,26.2,0.12,13.03
219,15,19.97,15.4,27.1,0.17,13.35
219,16,20.09,15.1,27.0,0.15,13.05
219,17,20.12,15.2,26.6,0.29,12.7
219,18,20.01,15.4,26.1,0.11,12.95
219,19,19.51,15.3,25.3,0.15,12.07
219,20,18.79,15.1,24.6,0.07,10.59
219,21,17.56,15.0,24.3,0.05,10.66
219,22,16.81,13.4,24.4,0.06,10.9
219,23,16.11,12.9,24.0,0.04,10.97
220,0,15.72,13.1,23.1,0.0,9.72
220,1,15.32,12.2,22.5,0.0,9.52
220,2,15.2,12.0,22.5,0.0,9.45
220,3,14.63,11.0,22.3,0.0,9.38
220,4,14.27,10.5,22.3,0.01,9.69
220,5,14.07,10.0,21.7,0.0,9.73
220,6,14.29,10.9,21.3,0.02,9.11
220,7,15.51,12.0,21.3,0.16,9.52
220,8,16.91,12.9,20.5,0.12,9.88
220,9,17.9,13.1,20.2,0.1,10.91
220,10,18.66,14.3,21.8,0.12,11.18
220,11,19.29,15.2,23.6,0.06,11.81
220,12,20.03,17.2,24.9,0.06,12.5
220,13,20.55,18.2,25.7,0.03,12.9
220,14,20.88,18.8,26.1,0.03,13.6
220,15,20.41,16.0,25.9,0.29,13.85
220,16,20.33,16.1,25.8,0.14,13.49
220,17,20.21,17.0,25.4,0.05,13.17
220,18,19.88,16.4,24.7,0.03,12.34
220,19,19.32,16.4,23.8,0.01,11.08
220,20,18.47,16.2,22.2,0.01,9.2
220,21,17.09,14.7,20.4,0.0,9.24
220,22,16.36,13.8,19.1,0.0,9.79
220,23,15.82,12.1,18.3,0.06,10.18
221,0,15.67,12.7,18.6,0.05,10.51
221,1,15.53,12.3,19.0,0.03,10.15
221,2,15.24,12.0,18.7,0.02,9.78
221,3,14.88,10.7,18.2,0.06,9.03
221,4,14.48,10.5,18.1,0.08,8.88
221,5,14.47,10.0,18.4,0.06,8.93
221,6,14.63,10.0,19.0,0.06,9.67
221,7,15.73,11.4,19.9,0.04,9.77
221,8,17.07,14.4,21.2,0.15,9.55
221,9,18.31,15.3,22.3,0.01,11.64
221,10,19.23,15.9,23.4,0.02,12.48
221,11,20.01,17.1,24.5,0.03,12.45
221,12,20.51,17.2,25.2,0.04,13.32
221,13,20.85,17.4,26.0,0.01,13.41
221,14,21.42,17.2,27.0,0.06,14.53
221,15,21.64,17.0,27.5,0.11,14.49
221,16,21.49,16.9,26.7,0.12,14.54
221,17,21.17,16.6,26.7,0.07,13.78
221,18,20.7,16.5,26.4,0.03,13.98
221,19,19.97,16.5,25.8,0.17,14.0
221,20,19.1,16.3,25.2,0.05,12.73
221,21,18.11,15.9,23.8,0.0,12.03
221,22,16.8,14.2,22.0,0.01,11.16
221,23,16.47,14.6,21.2,0.05,11.49
222,0,16.02,13.6,20.8,0.0,11.22
222,1,15.73,12.5,20.2,0.01,11.74
222,2,15.27,11.8,19.7,0.07,11.32
222,3,15.31,12.7,19.6,0.05,11.44
222,4,15.03,11.8,19.6,0.09,11.61
222,5,14.81,11.8,19.7,0.07,11.83
222,6,14.74,11.1,20.0,0.04,11.59
222,7,15.49,12.7,21.1,0.12,11.98
222,8,16.67,15.0,22.4,0.27,12.14
222,9,17.79,15.5,23.4,0.36,13.16
222,10,18.84,15.8,24.3,0.06,14.2
222,11,19.41,16.1,25.4,0.2,15.14
222,12,20.06,16.5,26.4,0.04,16.27
222,13,20.12,17.0,26.9,0.21,16.22
222,14,20.49,17.2,27.6,0.06,16.34
222,15,20.52,17.4,27.0,0.06,17.05
222,16,20.17,16.4,26.8,0.34,15.98
222,17,19.77,15.8,24.9,0.03,16.16
222,18,18.97,15.0,21.7,0.2,17.12
222,19,18.38,14.6,21.3,0.07,14.38
222,20,17.67,15.0,20.8,0.06,11.92
222,21,16.54,14.5,20.5,0.06,10.3
222,22,15.79,14.1,19.9,0.03,10.37
222,23,15.63,13.7,20.1,0.04,11.45
223,0,15.4,13.6,19.3,0.03,11.89
223,1,15.19,13.6,18.9,0.04,11.33
223,2,15.03,13.2,19.1,0.03,11.51
223,3,14.79,12.5,19.5,0.0,11.45
223,4,14.59,11.6,19.7,0.03,11.44
223,5,14.39,11.3,19.2,0.0,11.1
223,6,14.17,11.2,18.6,0.03,11.15
223,7,14.91,12.3,18.4,0.02,11.67
223,8,15.83,13.9,19.1,0.05,11.9
223,9,16.8,14.3,20.1,0.04,13.06
223,10,17.88,14.5,21.1,0.05,14.31
223,11,18.68,15.3,21.9,0.14,15.41
223,12,19.27,15.9,22.4,0.14,16.37
223,13,19.39,15.8,22.7,0.18,16.02
223,14,19.57,16.2,22.7,0.1,16.8
223,15,19.44,16.0,22.3,0.03,15.78
223,16,19.33,15.9,22.2,0.03,14.82
223,17,19.32,15.6,21.8,0.01,14.83
223,18,18.93,15.2,21.0,0.01,14.69
223,19,18.3,14.9,20.3,0.03,13.73
223,20,17.59,14.6,19.5,0.01,11.77
223,21,16.37,14.0,18.4,0.02,10.77
223,22,15.34,13.1,17.2,0.08,10.51
223,23,14.63,12.5,16.4,0.1,10.67
224,0,14.56,12.3,16.1,0.0,9.96
224,1,14.2,11.9,16.2,0.0,9.29
224,2,14.0,11.6,16.1,0.0,9.14
224,3,13.7,11.4,15.7,0.0,7.81
224,4,13.53,11.1,15.9,0.02,7.37
224,5,13.42,10.7,15.7,0.02,7.64
224,6,13.33,10.9,15.3,0.05,8.09
224,7,14.11,11.4,16.6,0.16,7.72
224,8,15.49,12.5,18.6,0.22,7.95
224,9,16.46,13.1,20.2,0.26,10.2
224,10,17.15,14.0,21.6,0.19,10.17
224,11,18.05,14.8,23.0,0.27,11.09
224,12,19.01,15.2,24.1,0.09,11.55
224,13,19.67,15.8,24.7,0.1,11.8
224,14,19.26,15.9,24.6,0.54,11.1
224,15,18.94,15.9,24.2,0.32,10.45
224,16,18.83,14.0,23.7,0.29,11.78
224,17,18.78,15.2,23.8,0.06,12.42
224,18,18.66,15.9,24.3,0.02,10.73
224,19,18.16,15.7,23.2,0.14,10.68
224,20,17.22,15.2,21.4,0.19,10.3
224,21,16.12,14.2,19.9,0.0,10.04
224,22,15.41,13.5,18.9,0.04,10.69
224,23,14.93,12.9,18.5,0.21,10.99
225,0,14.74,12.8,18.0,0.16,10.67
225,1,14.55,12.3,17.4,0.09,10.98
225,2,14.4,12.2,17.7,0.06,11.11
225,3,14.24,12.0,17.1,0.01,11.87
225,4,13.75,10.9,16.9,0.0,11.79
225,5,13.36,10.6,16.3,0.0,11.97
225,6,13.35,10.8,16.0,0.07,11.9
225,7,14.18,11.7,16.3,0.03,12.88
225,8,15.3,13.1,17.7,0.06,12.81
225,9,16.59,14.4,19.3,0.06,12.52
225,10,17.68,14.5,20.8,0.17,12.75
225,11,18.55,13.9,22.1,0.11,14.0
225,12,19.33,14.3,22.7,0.15,15.01
225,13,19.68,14.8,23.0,0.16,16.03
225,14,20.12,15.3,23.3,0.04,15.4
225,15,19.68,15.9,23.5,0.01,14.81
225,16,20.0,16.7,23.1,0.01,13.99
225,17,19.94,16.7,22.8,0.1,13.8
225,18,19.54,16.3,22.4,0.0,13.82
225,19,18.81,15.7,21.8,0.0,12.85
225,20,17.8,14.9,20.3,0.0,10.74
225,21,16.29,13.6,18.1,0.0,10.18
225,22,15.24,12.6,16.8,0.0,9.61
225,23,14.82,12.1,16.8,0.0,9.77
226,0,14.5,11.5,17.4,0.0,9.63
226,1,14.22,11.1,16.8,0.0,9.7
226,2,13.86,11.0,16.6,0.0,9.87
226,3,13.78,10.9,16.8,0.1,9.9
226,4,13.32,10.3,16.4,0.02,8.74
226,5,13.28,10.1,16.6,0.05,8.85
226,6,13.25,9.8,16.2,0.14,8.89
226,7,13.98,10.8,16.5,0.21,9.15
226,8,15.26,12.6,18.2,0.18,8.7
226,9,16.42,14.5,19.3,0.29,9.06
226,10,17.53,15.7,20.2,0.12,9.31
226,11,18.53,16.6,21.2,0.16,10.55
226,12,19.26,16.7,22.1,0.13,10.99
226,13,19.93,17.3,22.6,0.1,11.31
226,14,20.47,18.2,23.2,0.09,12.44
226,15,20.26,17.8,23.5,0.09,12.69
226,16,20.2,17.1,23.8,0.37,12.56
226,17,20.11,17.3,23.7,0.04,12.5
226,18,19.83,17.3,23.2,0.0,12.49
226,19,19.17,16.8,22.4,0.01,11.59
226,20,18.08,15.8,20.9,0.0,9.94
226,21,16.65,14.7,18.8,0.0,10.11
226,22,15.68,13.9,17.3,0.0,10.51
226,23,15.13,13.2,16.8,0.05,9.81
227,0,14.77,12.6,16.5,0.03,10.38
227,1,14.43,12.2,16.2,0.03,9.98
227,2,14.19,11.8,16.2,0.04,9.93
227,3,14.27,11.9,16.0,0.13,10.33
227,4,14.07,11.7,15.8,0.24,9.47
227,5,13.73,11.7,15.6,0.14,9.06
227,6,13.72,11.7,15.4,0.21,9.48
227,7,14.34,12.2,16.1,0.06,9.53
227,8,15.6,12.7,18.2,0.02,9.63
227,9,16.81,13.5,20.3,0.04,10.05
227,10,17.89,13.9,21.7,0.03,10.22
227,11,18.63,14.7,22.6,0.03,10.54
227,12,19.31,15.5,23.6,0.01,10.94
227,13,19.95,16.1,24.2,0.01,11.45
227,14,20.47,16.4,24.3,0.02,12.08
227,15,20.34,14.9,24.2,0.03,12.12
227,16,20.54,15.2,24.4,0.18,12.66
227,17,20.47,14.8,24.3,0.2,12.43
227,18,20.13,14.0,24.2,0.28,11.56
227,19,19.44,14.0,23.8,0.12,10.49
227,20,18.23,13.6,21.9,0.11,10.75
227,21,17.03,13.1,20.7,0.03,11.98
227,22,16.36,12.8,20.1,0.04,12.02
227,23,16.24,12.8,19.8,0.01,12.18
228,0,15.98,12.1,19.7,0.01,11.63
228,1,15.64,11.9,19.8,0.45,10.85
228,2,15.49,11.9,19.5,0.59,10.89
228,3,15.25,12.0,18.8,0.09,10.23
228,4,14.96,11.2,18.3,0.18,11.57
228,5,14.72,12.0,18.0,0.19,12.31
228,6,14.7,12.1,17.7,0.25,12.13
228,7,15.43,12.7,18.9,0.15,11.38
228,8,16.66,13.7,20.8,0.05,11.25
228,9,17.89,14.2,22.6,0.01,12.61
228,10,18.75,14.7,23.3,0.01,13.78
228,11,19.49,15.1,24.3,0.06,14.51
228,12,20.1,15.2,25.4,0.07,15.19
228,13,20.32,14.9,26.2,0.14,15.56
228,14,20.38,14.9,26.5,0.11,16.36
228,15,20.39,14.8,26.6,0.16,15.79
228,16,20.16,14.1,26.7,0.08,15.43
228,17,19.91,14.2,26.1,0.05,14.76
228,18,19.51,13.8,24.7,0.05,13.53
228,19,18.82,13.0,23.7,0.16,12.8
228,20,17.9,12.5,22.6,0.11,12.87
228,21,16.85,11.9,21.4,0.21,12.7
228,22,16.37,11.5,20.8,0.28,12.66
228,23,16.12,11.4,20.7,0.16,12.37
229,0,15.91,11.1,21.0,0.04,12.11
229,1,15.77,11.2,21.1,0.04,11.9
229,2,15.54,10.9,20.9,0.01,11.58
229,3,15.25,10.8,20.8,0.05,10.88
229,4,15.02,10.6,20.3,0.05,10.41
229,5,14.81,10.2,20.1,0.04,10.43
229,6,14.59,10.0,19.7,0.01,10.01
229,7,15.22,10.5,20.2,0.01,10.08
229,8,16.11,11.5,21.6,0.05,10.56
229,9,17.05,12.6,22.9,0.06,11.39
229,10,17.93,13.7,24.1,0.05,12.53
229,11,18.77,14.6,24.5,0.04,13.69
229,12,19.75,15.6,25.0,0.02,14.35
229,13,20.27,16.0,25.0,0.15,14.96
229,14,20.35,15.7,23.0,1.2,14.69
229,15,20.55,16.1,23.0,0.34,13.6
229,16,20.52,16.9,23.1,0.24,13.6
229,17,20.35,15.7,23.0,0.46,13.17
229,18,20.1,15.2,22.6,0.31,13.22
229,19,19.71,15.8,22.2,0.29,11.48
229,20,18.73,15.8,21.3,1.2,10.17
229,21,17.41,15.3,20.1,0.22,11.54
229,22,16.45,14.8,19.5,0.0,12.12
229,23,16.16,14.2,19.5,0.04,12.65
230,0,15.68,12.1,18.7,0.01,11.97
230,1,15.34,11.2,18.3,0.0,11.32
230,2,15.01,10.9,18.2,0.0,11.36
230,3,14.74,10.1,18.0,0.0,10.98
230,4,14.42,9.5,17.5,0.77,10.48
230,5,14.24,8.2,17.6,0.03,10.49
230,6,14.21,8.7,17.5,0.08,10.48
230,7,14.75,9.2,18.1,0.03,11.31
230,8,15.83,12.4,19.5,0.05,10.51
230,9,16.97,14.4,20.6,0.06,12.1
230,10,18.04,15.2,21.8,0.07,12.22
230,11,18.78,15.6,22.8,0.04,12.81
230,12,19.52,15.7,24.3,0.11,12.64
230,13,20.04,15.1,25.4,0.11,13.16
230,14,20.21,13.8,25.8,0.14,14.09
230,15,19.97,14.0,27.4,0.21,14.56
230,16,20.06,14.3,27.5,0.1,13.98
230,17,19.99,15.4,26.9,0.03,13.53
230,18,19.56,15.0,26.1,0.07,13.38
230,19,18.84,14.1,24.5,0.14,13.03
230,20,17.81,13.2,22.8,0.15,11.9
230,21,16.94,14.1,21.4,0.2,11.59
230,22,16.41,14.0,21.2,0.2,12.75
230,23,16.1,13.9,20.8,0.05,12.03
231,0,16.03,14.1,20.4,0.0,11.89
231,1,15.83,13.7,20.5,0.09,12.31
231,2,15.43,13.0,19.7,0.07,12.05
231,3,15.4,12.7,21.3,0.08,11.86
231,4,15.31,12.5,21.3,0.26,11.89
231,5,15.21,12.3,21.0,0.24,11.87
231,6,15.09,12.3,20.5,0.27,12.32
231,7,15.27,13.1,20.8,0.37,12.77
231,8,16.03,13.7,21.9,0.25,11.59
231,9,16.71,14.0,22.7,0.18,12.67
231,10,17.37,14.3,23.1,0.27,13.99
231,11,18.05,14.9,23.9,0.17,14.47
231,12,18.97,15.4,25.0,0.07,14.93
231,13,19.72,15.8,25.7,0.05,15.83
231,14,20.26,16.5,26.6,0.05,16.34
231,15,20.11,14.8,27.4,0.05,15.84
231,16,20.07,14.6,27.9,0.17,16.84
231,17,19.71,13.8,27.4,0.06,17.21
231,18,19.31,13.5,26.9,0.04,15.56
231,19,18.68,13.6,25.6,0.01,14.37
231,20,17.68,13.6,23.8,0.02,12.77
231,21,16.6,13.1,23.2,0.0,12.13
231,22,16.1,12.9,24.0,0.02,12.47
231,23,15.83,13.0,23.8,0.02,12.49
232,0,15.61,13.0,23.3,0.0,11.83
232,1,15.31,12.5,23.0,0.0,11.45
232,2,14.92,11.7,22.3,0.0,10.7
232,3,14.39,10.9,21.7,0.0,10.02
232,4,14.06,9.4,20.9,0.0,9.93
232,5,13.88,8.9,20.4,0.0,9.61
232,6,13.39,8.5,19.9,0.0,9.78
232,7,14.23,9.2,20.2,0.0,10.41
232,8,15.46,10.5,20.9,0.0,9.88
232,9,16.71,12.0,21.5,0.01,11.18
232,10,17.58,13.5,22.1,0.01,12.02
232,11,18.36,14.3,22.9,0.06,12.68
232,12,18.95,15.0,23.6,0.1,14.02
232,13,19.32,15.4,23.8,0.12,14.99
232,14,19.5,15.6,23.9,0.06,15.15
232,15,19.07,15.4,24.2,0.04,13.96
232,16,19.03,15.1,24.0,0.26,14.67
232,17,18.85,15.1,23.8,0.24,13.91
232,18,18.51,15.1,23.8,0.16,13.12
232,19,17.9,14.7,23.4,0.08,11.93
232,20,16.9,13.9,22.8,0.13,10.64
232,21,15.75,12.3,22.3,0.27,9.34
232,22,15.26,11.4,21.8,0.24,9.34
232,23,14.93,10.8,20.8,0.19,9.15
233,0,14.46,10.4,20.1,0.13,9.2
233,1,14.18,9.7,19.7,0.04,9.42
233,2,14.25,9.3,19.6,0.0,9.19
233,3,14.01,9.0,19.4,0.0,9.21
233,4,13.79,7.4,19.3,0.03,9.97
233,5,13.88,7.4,19.2,0.01,9.5
233,6,13.45,7.3,18.8,0.0,9.26
233,7,14.05,8.1,19.0,0.05,10.0
233,8,15.08,9.6,19.9,0.01,9.89
233,9,16.1,11.4,20.3,0.1,10.39
233,10,17.07,12.9,20.9,0.03,10.74
233,11,17.97,14.1,21.6,0.06,12.12
233,12,18.56,14.9,22.3,0.05,12.83
233,13,18.91,14.3,22.7,0.17,14.54
233,14,18.57,12.2,23.1,0.89,14.24
233,15,18.37,12.8,22.1,0.07,13.83
233,16,18.54,12.7,22.5,0.15,13.98
233,17,18.57,13.4,22.4,0.03,13.13
233,18,18.51,14.0,22.5,0.02,12.76
233,19,17.94,13.4,22.2,0.31,12.37
233,20,17.1,12.6,21.5,0.03,11.21
233,21,16.11,10.4,21.3,0.0,11.36
233,22,15.69,9.9,21.0,0.0,11.86
233,23,15.4,9.9,20.8,0.0,12.71
234,0,15.05,9.7,20.4,0.0,11.95
234,1,14.51,8.6,20.0,0.0,11.58
234,2,14.21,8.2,19.5,0.0,11.2
234,3,14.41,8.3,20.1,0.0,11.08
234,4,13.94,7.9,19.6,0.05,10.4
234,5,13.74,7.7,19.2,0.28,9.91
234,6,13.52,7.2,18.4,0.32,9.65
234,7,13.84,7.9,18.5,0.05,9.79
234,8,14.52,9.1,18.7,0.13,9.61
234,9,15.33,11.1,19.0,0.19,10.35
234,10,16.26,12.4,19.2,0.21,10.34
234,11,17.36,13.4,20.3,0.16,10.98
234,12,18.05,14.2,21.2,0.16,12.01
234,13,18.26,15.1,21.9,0.23,12.22
234,14,18.35,15.7,22.2,0.21,12.32
234,15,18.22,14.3,22.5,0.12,11.92
234,16,18.23,15.1,21.3,0.32,11.36
234,17,17.97,15.4,22.3,0.67,11.62
234,18,17.62,13.5,21.9,0.33,11.61
234,19,17.04,13.5,20.4,0.12,11.7
234,20,16.07,12.4,19.2,0.23,11.08
234,21,15.09,10.7,17.8,0.21,10.99
234,22,14.65,10.3,17.3,0.35,11.76
234,23,14.39,9.7,17.6,0.28,11.57
235,0,14.12,9.6,17.9,0.06,10.61
235,1,13.9,9.7,18.2,0.01,10.87
235,2,13.59,9.3,17.8,0.02,10.68
235,3,13.7,9.0,18.1,0.01,10.45
235,4,13.31,7.0,17.9,0.12,9.98
235,5,13.21,6.7,17.2,0.04,10.16
235,6,13.19,6.5,16.7,0.06,10.74
235,7,13.47,7.2,17.2,0.15,11.3
235,8,14.24,8.5,18.0,0.13,12.1
235,9,15.22,10.5,17.9,0.16,13.47
235,10,16.45,12.3,20.2,0.06,14.92
235,11,17.35,13.4,21.3,0.06,14.85
235,12,18.06,14.1,21.4,0.06,15.32
235,13,18.56,14.3,21.5,0.04,15.26
235,14,18.95,14.8,21.9,0.08,15.66
235,15,18.28,13.8,21.6,0.07,14.83
235,16,18.17,14.2,22.5,0.22,15.09
235,17,17.76,13.7,22.4,0.45,15.52
235,18,17.35,13.5,21.1,0.22,14.49
235,19,16.89,12.7,20.3,0.13,12.68
235,20,16.23,12.2,19.7,0.06,11.85
235,21,15.45,11.5,18.2,0.07,11.55
235,22,15.01,10.8,17.6,0.12,12.05
235,23,14.68,10.3,17.4,0.04,12.71
236,0,14.42,9.7,17.3,0.08,12.77
236,1,14.16,9.7,17.0,0.12,12.67
236,2,13.87,9.2,17.0,0.07,12.41
236,3,13.54,8.3,17.6,0.08,12.02
236,4,13.42,7.9,18.0,0.09,12.02
236,5,13.18,7.6,17.9,0.09,12.7
236,6,13.07,7.3,17.7,0.08,12.67
236,7,13.38,8.0,18.1,0.06,12.87
236,8,14.3,9.5,19.3,0.01,12.07
236,9,15.28,11.1,20.3,0.06,14.02
236,10,16.22,12.1,21.6,0.01,13.95
236,11,17.14,12.9,22.4,0.02,13.66
236,12,17.8,13.6,23.4,0.07,14.24
236,13,18.16,14.1,24.1,0.33,14.4
236,14,18.65,14.3,23.9,0.09,13.42
236,15,18.08,13.5,22.3,0.03,13.87
236,16,17.98,13.8,22.6,0.11,12.64
236,17,17.87,13.5,22.7,0.2,12.08
236,18,17.62,11.9,22.5,0.15,10.68
236,19,16.94,12.0,20.1,0.13,9.76
236,20,16.03,11.1,19.1,0.14,9.16
236,21,15.03,10.1,18.4,0.08,9.27
236,22,14.28,9.8,18.0,0.08,10.02
236,23,14.0,9.5,17.8,0.27,10.49
237,0,13.75,9.3,17.4,0.32,9.27
237,1,13.23,9.1,16.4,0.26,9.13
237,2,12.89,9.2,16.4,0.34,9.65
237,3,12.72,8.8,16.3,0.18,10.13
237,4,12.54,8.7,16.6,0.12,9.81
237,5,12.5,9.2,16.6,0.05,9.95
237,6,12.3,9.1,16.4,0.08,10.81
237,7,12.55,9.3,16.5,0.14,11.1
237,8,13.42,9.8,16.3,0.19,10.64
237,9,14.36,10.4,17.1,0.32,11.79
237,10,15.21,11.1,18.3,0.26,12.45
237,11,16.26,11.5,20.2,0.29,13.36
237,12,17.2,11.8,21.7,0.34,13.86
237,13,17.81,12.3,23.2,0.4,13.22
237,14,18.31,12.6,24.4,0.44,13.87
237,15,17.41,12.2,25.2,0.46,13.02
237,16,17.44,12.3,25.6,0.7,13.46
237,17,17.32,12.0,24.9,0.6,13.4
237,18,16.97,11.8,23.2,0.45,13.1
237,19,16.36,11.6,21.0,0.28,11.76
237,20,15.59,11.6,19.9,0.11,11.42
237,21,14.72,10.8,19.0,0.09,11.18
237,22,14.2,10.4,18.2,0.08,11.71
237,23,13.77,10.0,17.2,0.06,12.0
238,0,13.5,8.8,16.7,0.06,11.45
238,1,13.27,7.8,16.1,0.2,11.61
238,2,12.79,7.3,15.6,0.3,11.54
238,3,12.65,7.2,15.6,0.37,10.83
238,4,12.1,6.7,15.5,0.27,10.34
238,5,12.3,6.8,15.5,0.25,10.3
238,6,12.26,7.3,15.4,0.28,10.63
238,7,12.59,8.2,15.4,0.25,10.79
238,8,13.66,9.9,16.3,0.15,10.29
238,9,14.81,11.4,17.7,0.08,10.87
238,10,15.84,12.5,18.6,0.06,12.18
238,11,16.63,13.1,20.1,0.01,13.2
238,12,17.36,13.8,21.5,0.05,13.49
238,13,17.76,14.1,22.5,0.09,14.34
238,14,18.02,14.5,23.0,0.05,14.95
238,15,17.26,12.3,22.7,0.05,14.42
238,16,17.18,12.1,22.8,0.22,14.48
238,17,17.27,12.7,23.3,0.1,14.36
238,18,17.03,12.8,23.1,0.16,14.01
238,19,16.46,12.5,21.9,0.2,13.1
238,20,15.61,12.0,20.4,0.15,12.39
238,21,14.71,11.3,18.7,0.08,12.67
238,22,14.42,10.7,17.8,0.06,12.95
238,23,14.08,10.3,17.4,0.07,13.02
239,0,13.88,10.0,17.4,0.04,13.23
239,1,13.63,9.6,17.5,0.03,13.13
239,2,13.56,9.5,17.7,0.02,13.26
239,3,13.33,8.4,17.9,0.01,13.41
239,4,13.01,7.9,18.1,0.02,12.98
239,5,12.88,7.9,18.2,0.01,12.89
239,6,12.86,8.1,18.3,0.02,12.64
239,7,13.12,8.5,18.2,0.01,12.25
239,8,14.1,9.4,18.0,0.01,12.0
239,9,15.18,10.4,18.4,0.01,12.23
239,10,16.16,10.9,19.7,0.02,13.4
239,11,16.83,11.7,20.6,0.07,14.86
239,12,17.47,12.4,21.2,0.04,15.43
239,13,17.9,13.7,21.7,0.07,15.78
239,14,18.16,14.5,22.2,0.1,15.13
239,15,17.91,13.3,22.0,0.05,14.69
239,16,18.0,13.1,22.4,0.03,14.72
239,17,18.01,13.2,22.1,0.03,14.56
239,18,17.61,13.0,21.6,0.04,13.64
239,19,16.94,12.7,20.6,0.04,12.53
239,20,15.8,11.9,18.8,0.01,11.36
239,21,14.51,10.7,17.2,0.0,12.08
239,22,14.0,9.9,16.9,0.0,11.44
239,23,13.19,9.3,15.5,0.0,10.75
240,0,12.81,9.0,15.5,0.0,10.51
240,1,12.67,8.9,15.0,0.0,9.87
240,2,12.52,8.8,15.5,0.0,9.31
240,3,12.72,8.4,18.5,0.0,9.51
240,4,12.03,8.2,16.3,0.5,9.12
240,5,11.91,8.1,16.5,0.0,9.01
240,6,11.98,7.3,15.5,0.02,8.31
240,7,12.56,8.4,16.1,0.0,9.49
240,8,13.65,9.9,17.0,0.0,8.48
240,9,14.95,11.0,18.4,0.02,8.69
240,10,16.19,12.6,19.7,0.1,9.79
240,11,17.11,13.9,21.0,0.28,10.58
240,12,17.84,14.9,22.2,0.36,11.02
240,13,18.24,15.3,23.2,0.28,10.98
240,14,18.84,15.6,24.0,0.16,10.74
240,15,18.69,14.4,25.5,0.18,11.02
240,16,18.74,14.5,25.1,0.86,10.93
240,17,18.58,14.9,24.3,0.73,11.28
240,18,18.16,14.5,24.3,0.11,9.36
240,19,17.21,14.0,23.2,0.01,10.93
240,20,16.05,13.1,21.1,0.0,9.57
240,21,14.87,10.8,19.3,0.0,9.57
240,22,14.24,9.7,18.6,0.0,10.02
240,23,14.09,10.5,17.9,0.0,9.95
241,0,13.87,9.1,17.9,0.0,10.47
241,1,13.63,8.9,17.4,0.0,10.07
241,2,13.21,8.4,16.9,0.0,9.51
241,3,12.97,7.9,17.1,0.0,9.88
241,4,12.47,6.1,16.4,0.0,10.16
241,5,12.49,6.9,16.0,0.52,9.98
241,6,12.34,7.5,15.6,0.5,10.32
241,7,12.78,8.4,15.6,0.5,10.36
241,8,13.97,10.4,17.0,0.08,10.9
241,9,15.3,13.2,17.8,0.11,11.38
241,10,16.3,14.1,18.6,0.15,13.31
241,11,16.92,13.6,19.9,0.3,14.57
241,12,17.3,13.3,20.8,0.63,15.65
241,13,17.41,13.2,21.4,0.72,15.76
241,14,17.59,13.1,21.6,0.46,15.51
241,15,17.3,13.0,21.6,0.33,15.3
241,16,17.4,13.3,22.0,0.16,14.67
241,17,17.47,13.6,22.1,0.0,13.57
241,18,17.3,13.8,21.7,0.01,13.02
241,19,16.78,13.9,20.8,0.0,12.0
241,20,15.78,13.7,19.7,0.04,10.95
241,21,14.91,13.1,19.0,0.13,11.68
241,22,14.62,12.3,18.5,0.11,10.9
241,23,14.51,12.4,18.2,0.1,10.42
242,0,14.4,12.1,18.2,0.23,11.36
242,1,14.16,12.2,17.9,0.24,11.62
242,2,13.9,11.9,17.8,0.17,11.69
242,3,13.47,11.4,17.8,0.17,12.38
242,4,13.28,10.6,17.3,0.23,12.48
242,5,13.32,10.4,17.2,0.24,12.81
242,6,13.38,10.2,17.1,0.3,13.08
242,7,13.6,10.5,17.2,0.19,13.01
242,8,14.39,11.4,17.7,0.09,13.05
242,9,15.28,11.6,18.6,0.33,12.86
242,10,16.1,12.3,19.4,0.08,13.33
242,11,16.7,12.5,20.3,0.09,14.83
242,12,17.31,12.8,21.6,0.07,15.23
242,13,17.91,13.2,22.8,0.05,15.03
242,14,18.18,13.6,23.7,0.15,14.4
242,15,17.95,14.1,24.4,0.37,13.06
242,16,18.18,14.4,25.1,0.1,12.11
242,17,18.22,14.9,25.4,0.11,11.93
242,18,17.87,14.4,24.3,0.14,10.95
242,19,17.28,13.8,23.4,0.09,10.09
242,20,16.33,13.2,21.7,0.04,9.97
242,21,15.61,12.7,20.4,0.06,9.77
242,22,15.07,12.5,20.6,0.03,10.39
242,23,14.76,12.1,21.0,0.0,10.06
243,0,14.24,11.2,19.8,0.0,9.5
243,1,13.89,11.1,18.6,0.0,9.4
243,2,13.81,10.6,17.6,0.0,8.36
243,3,13.43,10.0,17.3,0.13,8.62
243,4,13.28,9.4,17.5,0.04,8.38
243,5,13.1,9.1,17.1,0.18,8.47
243,6,12.85,8.6,17.1,0.28,8.75
243,7,12.91,8.7,17.4,0.42,9.19
243,8,13.62,10.3,17.7,0.31,9.39
243,9,14.66,11.1,18.0,0.09,9.72
243,10,15.71,11.9,19.0,0.16,9.75
243,11,16.37,12.5,20.1,0.27,10.57
243,12,16.99,13.2,20.8,0.34,10.7
243,13,17.56,13.2,21.1,0.19,10.83
243,14,17.97,13.2,20.9,0.07,11.96
243,15,17.72,12.2,20.4,0.21,12.82
243,16,17.62,12.2,20.3,0.16,12.49
243,17,17.43,12.1,19.9,0.06,12.61
243,18,17.03,11.8,19.6,0.06,12.58
243,19,16.26,11.6,18.7,0.09,11.89
243,20,15.44,10.9,17.2,0.16,12.09
243,21,14.7,10.3,16.8,0.03,11.95
243,22,14.26,9.7,16.7,0.05,11.99
243,23,13.79,9.1,16.4,0.01,11.78
244,0,13.45,8.5,16.8,0.0,11.43
244,1,13.13,8.3,17.2,0.0,11.29
244,2,13.12,8.1,17.5,0.0,11.59
244,3,12.84,7.9,16.7,0.04,12.15
244,4,12.82,7.7,16.8,0.02,12.18
244,5,12.83,7.5,16.9,0.02,12.45
244,6,12.87,7.6,16.6,0.0,13.24
244,7,12.89,7.8,15.7,0.0,13.65
244,8,13.49,8.5,16.2,0.0,13.62
244,9,14.23,9.4,17.2,0.04,14.68
244,10,15.13,10.9,18.2,0.03,15.58
244,11,15.87,12.2,19.2,0.04,15.15
244,12,16.65,13.1,20.0,0.03,15.48
244,13,17.19,13.8,20.6,0.03,15.4
244,14,17.43,13.8,20.8,0.02,15.5
244,15,17.12,13.8,20.7,0.02,14.3
244,16,16.93,13.8,20.5,0.04,14.1
244,17,16.74,12.9,20.4,0.04,14.02
244,18,16.35,12.2,19.6,0.01,12.91
244,19,15.69,12.0,18.5,0.0,10.54
244,20,14.67,11.3,16.9,0.0,9.49
244,21,13.4,10.2,16.3,0.0,9.64
244,22,13.0,8.9,16.4,0.0,9.44
244,23,12.9,8.3,17.3,0.0,10.2
245,0,12.48,7.8,17.0,0.01,9.41
245,1,11.99,7.3,16.8,0.02,9.21
245,2,12.07,6.9,16.6,0.05,10.26
245,3,11.7,6.9,16.7,0.06,9.67
245,4,11.27,6.1,16.1,0.13,10.16
245,5,11.09,5.7,15.8,0.18,10.09
245,6,11.06,5.5,15.6,0.13,10.03
245,7,11.27,5.8,15.7,0.28,10.53
245,8,12.47,7.0,16.9,0.02,10.24
245,9,13.76,8.6,17.7,0.04,11.43
245,10,14.61,10.0,18.5,0.07,11.69
245,11,15.35,11.6,19.4,0.31,12.81
245,12,15.98,12.7,20.2,0.11,13.82
245,13,16.6,13.5,20.8,0.05,13.82
245,14,17.07,13.7,21.6,0.04,14.34
245,15,16.53,13.3,21.4,0.09,13.97
245,16,16.49,13.2,21.1,0.14,13.85
245,17,16.21,12.7,20.7,0.4,12.95
245,18,15.72,12.3,19.2,0.28,12.71
245,19,15.06,11.6,18.9,0.24,10.71
245,20,13.97,10.2,17.0,0.14,11.02
245,21,13.38,8.7,15.4,0.18,11.55
245,22,13.22,7.8,15.0,0.05,11.9
245,23,13.06,7.1,15.4,0.01,11.97
246,0,12.81,6.7,15.7,0.0,12.36
246,1,12.66,6.4,15.5,0.0,11.38
246,2,12.29,6.1,15.3,0.0,11.22
246,3,12.29,5.9,15.1,0.0,10.91
246,4,12.05,5.4,15.0,0.03,10.85
246,5,11.58,4.7,14.9,0.0,11.02
246,6,11.13,4.2,14.5,0.0,10.81
246,7,11.26,4.4,15.6,0.0,10.75
246,8,12.27,6.0,16.2,0.0,11.24
246,9,13.38,7.3,17.4,0.0,11.96
246,10,14.34,8.7,18.2,0.0,12.65
246,11,15.24,10.7,18.9,0.01,13.75
246,12,16.01,11.5,20.7,0.17,14.27
246,13,16.33,11.6,21.4,0.2,14.01
246,14,16.45,12.3,21.8,0.16,14.7
246,15,16.05,11.8,21.7,0.09,14.71
246,16,16.14,12.4,20.5,0.2,14.44
246,17,15.97,12.0,20.1,0.2,13.97
246,18,15.6,11.5,19.8,0.2,13.72
246,19,15.0,10.3,19.5,0.23,12.51
246,20,13.98,9.2,18.0,0.4,11.79
246,21,13.29,8.6,17.1,0.11,11.71
246,22,12.78,8.0,16.6,0.12,12.03
246,23,12.55,7.5,16.0,0.07,11.24
247,0,12.02,7.1,15.3,0.03,11.02
247,1,12.15,6.5,15.7,0.02,10.35
247,2,12.06,6.1,15.7,0.0,9.97
247,3,11.99,5.7,15.5,0.01,10.42
247,4,11.73,5.1,15.9,0.03,11.34
247,5,11.63,5.0,16.0,0.04,11.38
247,6,11.54,5.3,15.9,0.09,11.26
247,7,11.65,5.5,15.9,0.04,11.41
247,8,12.34,6.8,16.3,0.05,11.69
247,9,13.25,8.5,17.0,0.04,12.62
247,10,14.45,10.0,18.5,0.03,13.59
247,11,15.45,10.9,20.5,0.04,14.24
247,12,16.22,11.7,21.7,0.06,14.22
247,13,16.87,12.2,22.6,0.02,14.89
247,14,17.08,12.3,23.3,0.08,15.33
247,15,16.8,12.3,23.5,0.04,14.79
247,16,17.11,12.5,23.6,0.07,15.77
247,17,16.59,11.9,23.0,0.04,16.44
247,18,16.1,11.6,21.7,0.01,14.91
247,19,15.42,10.8,20.1,0.01,13.16
247,20,14.22,9.5,18.5,0.05,12.37
247,21,13.43,8.3,17.8,0.06,12.35
247,22,13.01,7.3,17.7,0.02,11.81
247,23,12.75,6.7,17.6,0.01,11.48
248,0,12.26,6.3,15.7,0.01,11.18
248,1,11.93,5.7,15.2,0.01,11.19
248,2,11.93,5.3,15.7,0.01,10.91
248,3,11.62,4.7,16.2,0.01,10.71
248,4,11.49,4.0,16.4,0.0,10.27
248,5,11.64,3.7,16.5,0.0,10.8
248,6,11.55,3.4,16.5,0.01,11.46
248,7,11.69,3.5,16.6,0.0,11.54
248,8,12.57,5.0,17.4,0.01,12.25
248,9,13.65,6.8,18.5,0.01,12.34
248,10,14.85,8.8,20.7,0.01,12.66
248,11,15.99,10.3,22.7,0.0,14.12
248,12,16.67,11.0,24.0,0.02,14.75
248,13,17.11,11.4,24.5,0.03,14.59
248,14,17.42,11.6,24.4,0.0,14.52
248,15,17.05,10.7,24.1,0.01,14.09
248,16,16.89,11.0,24.1,0.16,13.3
248,17,16.33,11.3,23.4,0.33,12.52
248,18,15.98,11.3,22.7,0.15,11.72
248,19,15.35,11.0,21.2,0.1,11.08
248,20,14.31,9.7,18.1,0.1,11.34
248,21,13.83,9.3,17.7,0.07,11.02
248,22,13.42,8.5,17.7,0.02,11.04
248,23,12.68,7.9,15.7,0.0,10.29
249,0,12.15,5.3,15.1,0.0,9.58
249,1,11.93,6.2,14.7,0.01,9.68
249,2,11.69,6.0,14.7,0.03,9.86
249,3,11.4,4.6,14.9,0.03,10.41
249,4,11.0,3.8,14.0,0.01,10.35
249,5,10.85,3.8,14.2,0.0,10.0
249,6,10.74,3.8,14.3,0.02,10.51
249,7,10.79,3.8,14.4,0.02,10.19
249,8,11.71,5.6,15.5,0.01,10.46
249,9,12.93,8.2,17.7,0.01,10.41
249,10,14.19,10.7,19.3,0.05,11.28
249,11,15.24,12.0,20.0,0.02,12.0
249,12,15.9,13.0,20.4,0.24,12.78
249,13,16.47,12.6,20.6,0.08,12.75
249,14,16.97,12.8,20.6,0.09,14.09
249,15,16.95,13.7,20.5,0.0,13.04
249,16,17.09,13.1,20.8,0.02,13.86
249,17,16.84,13.0,20.4,0.0,13.22
249,18,16.41,11.9,19.8,0.02,11.9
249,19,15.49,11.4,19.1,0.02,10.33
249,20,14.26,10.9,18.2,0.03,10.94
249,21,13.53,10.5,17.4,0.01,11.33
249,22,13.13,10.7,17.0,0.0,11.48
249,23,12.5,10.1,16.7,0.12,11.28
250,0,12.25,9.4,16.8,0.0,11.31
250,1,12.02,8.5,16.8,0.0,10.87
250,2,11.58,7.7,16.6,0.0,11.29
250,3,11.7,7.4,16.6,0.03,11.83
250,4,11.51,6.6,16.0,0.0,10.95
250,5,11.06,6.2,16.1,0.0,11.65
250,6,11.28,6.0,16.1,0.0,11.62
250,7,11.33,6.3,16.0,0.0,11.36
250,8,12.52,7.7,16.9,0.0,11.6
250,9,13.79,9.2,17.7,0.01,11.6
250,10,14.84,10.5,18.6,0.01,12.9
250,11,15.74,11.4,19.6,0.01,13.18
250,12,16.59,11.7,20.5,0.01,13.25
250,13,16.8,12.0,21.3,0.31,13.71
250,14,17.01,11.7,21.7,0.03,12.89
250,15,17.2,11.1,21.9,0.03,12.73
250,16,17.21,10.9,22.2,0.04,12.59
250,17,16.8,10.4,21.8,0.1,11.64
250,18,16.44,10.0,21.1,0.09,10.12
250,19,15.58,9.6,19.6,0.07,9.82
250,20,14.43,9.4,18.1,0.04,10.48
250,21,13.69,9.1,17.3,0.03,10.17
250,22,13.31,7.9,17.2,0.02,9.92
250,23,12.98,7.0,16.5,0.0,10.05
251,0,12.89,6.5,17.2,0.07,9.67
251,1,12.57,6.0,16.2,0.0,9.45
251,2,12.28,5.5,16.1,0.0,9.85
251,3,12.26,4.7,16.3,0.0,9.55
251,4,12.07,3.7,15.9,0.0,9.67
251,5,12.04,3.5,15.8,0.0,9.63
251,6,12.14,3.4,16.0,0.0,9.71
251,7,12.17,3.4,16.1,0.0,9.89
251,8,13.08,5.0,16.8,0.0,9.7
251,9,14.14,7.3,18.1,0.0,9.63
251,10,14.99,9.5,19.3,0.14,9.87
251,11,15.78,10.5,20.0,0.1,10.78
251,12,16.42,11.5,20.5,0.09,11.72
251,13,16.99,11.9,20.8,0.1,11.24
251,14,17.41,11.7,21.0,0.15,10.82
251,15,17.13,11.7,21.9,0.08,10.17
251,16,17.21,11.9,21.5,0.13,10.0
251,17,16.99,11.7,21.4,0.21,10.08
251,18,16.44,11.3,20.8,0.2,9.43
251,19,15.69,11.0,19.4,0.04,8.82
251,20,14.51,8.6,17.7,0.01,9.63
251,21,13.83,7.3,17.2,0.01,9.38
251,22,13.43,6.0,18.1,0.0,10.26
251,23,13.06,5.6,16.6,0.0,9.38
252,0,12.84,5.2,17.6,0.0,9.36
252,1,12.71,5.4,17.2,0.02,9.02
252,2,12.78,6.5,16.9,0.01,8.81
252,3,12.46,5.3,16.5,0.01,9.02
252,4,12.21,4.4,16.2,0.03,9.12
252,5,12.17,4.2,15.9,0.08,9.52
252,6,12.11,4.2,15.7,0.1,9.24
252,7,12.23,4.6,15.5,0.09,9.4
252,8,13.17,6.9,16.4,0.1,9.5
252,9,14.46,10.1,17.4,0.17,8.54
252,10,15.53,11.7,18.2,0.25,9.54
252,11,16.39,11.8,18.8,0.36,10.83
252,12,17.01,12.2,19.6,0.39,11.44
252,13,17.48,13.3,20.5,0.26,12.56
252,14,17.71,13.7,21.3,0.07,12.75
252,15,17.34,13.6,21.9,0.03,11.79
252,16,17.38,13.5,22.3,0.09,11.92
252,17,17.08,13.0,21.9,0.06,11.39
252,18,16.7,12.5,21.2,0.04,10.78
252,19,15.86,11.1,20.5,0.05,9.91
252,20,14.89,9.8,19.9,0.04,10.11
252,21,14.63,9.7,19.6,0.09,10.2
252,22,14.48,9.7,19.3,0.25,9.64
252,23,14.39,8.2,19.0,0.3,9.57
253,0,14.26,7.5,18.7,0.2,10.32
253,1,14.21,8.7,18.6,0.18,11.07
253,2,14.23,9.7,18.6,0.15,11.5
253,3,13.87,7.8,18.4,0.04,11.37
253,4,13.45,5.6,18.3,0.09,11.32
253,5,13.22,6.1,17.9,0.06,12.01
253,6,13.24,8.1,17.6,0.03,12.15
253,7,13.22,9.0,17.4,0.04,12.64
253,8,13.65,7.9,17.5,0.07,12.89
253,9,14.77,11.0,17.8,0.07,12.37
253,10,15.69,11.9,18.5,0.03,14.64
253,11,16.4,12.9,19.2,0.08,15.4
253,12,17.02,13.7,19.9,0.12,15.82
253,13,17.52,14.2,20.8,0.15,15.71
253,14,17.88,14.6,21.7,0.04,16.07
253,15,17.65,13.7,22.1,0.06,16.11
253,16,17.73,13.9,22.2,0.09,15.62
253,17,17.46,13.8,21.8,0.12,14.92
253,18,16.87,13.3,21.0,0.11,14.1
253,19,16.12,12.4,20.2,0.05,12.92
253,20,14.92,8.7,19.6,0.02,13.02
253,21,14.57,8.4,19.1,0.03,13.13
253,22,14.47,8.9,19.1,0.11,12.42
253,23,14.27,9.3,17.8,0.11,11.34
254,0,14.06,8.6,17.7,0.08,11.15
254,1,13.64,6.1,17.5,0.03,11.5
254,2,13.6,5.8,18.0,0.01,10.99
254,3,13.43,6.8,17.3,0.02,11.04
254,4,13.27,6.3,17.3,0.01,10.66
254,5,13.08,5.9,17.0,0.06,10.71
254,6,12.8,5.7,16.8,0.16,10.75
254,7,12.7,5.9,16.6,0.25,10.18
254,8,13.38,7.5,17.2,0.23,11.02
254,9,14.34,10.2,17.8,0.18,11.37
254,10,15.21,11.4,18.3,0.12,12.16
254,11,15.91,12.7,19.1,0.06,12.54
254,12,16.51,13.5,19.8,0.14,13.47
254,13,17.14,14.2,20.5,0.32,14.66
254,14,17.27,14.5,20.8,0.19,14.7
254,15,16.72,13.8,20.8,0.21,14.17
254,16,16.72,14.1,20.7,0.16,14.09
254,17,16.75,14.6,20.3,0.09,13.98
254,18,16.21,14.0,19.6,0.18,13.21
254,19,15.41,12.6,19.2,0.14,12.52
254,20,14.59,10.9,18.9,0.23,13.4
254,21,14.35,10.6,18.7,0.16,12.49
254,22,14.02,8.1,18.5,0.15,13.68
254,23,13.9,7.9,18.3,0.13,13.28
255,0,13.68,8.1,18.0,0.25,14.27
255,1,13.77,6.9,17.7,0.15,14.23
255,2,13.69,6.5,17.4,0.38,14.21
255,3,13.57,5.9,17.1,0.47,13.52
255,4,13.44,5.6,16.4,0.09,13.71
255,5,13.26,5.5,16.1,0.13,14.62
255,6,13.15,5.4,15.9,0.28,15.39
255,7,13.09,5.2,15.9,0.51,16.32
255,8,13.42,6.5,16.4,0.69,16.68
255,9,14.04,9.4,17.0,0.69,16.25
255,10,14.79,12.3,17.6,0.46,17.39
255,11,15.31,13.3,18.5,0.27,16.69
255,12,15.85,13.4,19.1,0.25,17.16
255,13,16.35,13.9,19.6,0.19,17.51
255,14,16.52,14.1,19.2,0.16,16.84
255,15,16.12,12.9,18.8,0.34,16.37
255,16,16.12,12.7,19.0,0.41,16.95
255,17,15.87,12.5,18.9,0.29,16.84
255,18,15.55,12.4,18.3,0.3,16.21
255,19,14.81,11.6,17.5,0.17,14.44
255,20,13.87,8.9,17.4,0.11,14.65
255,21,13.68,8.9,17.4,0.13,13.54
255,22,13.6,10.8,17.2,0.12,13.27
255,23,13.4,8.7,17.1,0.12,12.37
256,0,13.26,9.5,17.2,0.22,11.95
256,1,13.06,8.1,16.9,0.24,12.01
256,2,13.15,9.9,16.8,0.05,12.85
256,3,13.0,9.8,16.8,0.05,12.66
256,4,13.05,9.6,16.8,0.11,12.86
256,5,12.92,9.6,16.7,0.4,12.89
256,6,12.72,9.7,16.7,0.1,12.03
256,7,12.71,10.0,16.6,0.18,12.37
256,8,13.03,10.7,16.9,0.22,12.92
256,9,13.61,11.7,17.3,0.18,12.7
256,10,14.13,12.2,17.9,0.22,14.5
256,11,14.75,12.1,18.5,0.18,15.1
256,12,15.38,12.3,19.0,0.25,14.87
256,13,15.83,13.1,19.7,0.15,14.96
256,14,16.19,12.9,19.5,0.48,15.06
256,15,15.47,12.6,18.4,0.24,14.88
256,16,15.59,12.3,18.5,0.27,14.8
256,17,15.31,11.5,18.6,0.27,14.6
256,18,14.91,11.6,18.2,0.17,13.58
256,19,14.11,10.9,17.9,0.03,13.28
256,20,13.13,10.2,17.2,0.04,12.84
256,21,12.68,9.9,16.6,0.06,12.35
256,22,12.31,9.2,16.6,0.2,11.82
256,23,12.03,8.7,15.7,0.1,11.92
257,0,12.02,9.1,16.0,0.11,11.94
257,1,12.0,9.3,15.8,0.39,12.38
257,2,11.87,9.4,15.7,0.39,12.19
257,3,11.51,9.0,16.0,0.37,12.19
257,4,11.38,8.9,15.9,0.21,12.8
257,5,11.23,8.7,15.9,0.2,12.41
257,6,10.99,8.4,15.6,0.12,11.6
257,7,10.84,7.9,15.7,0.15,12.68
257,8,11.21,7.9,16.2,0.22,13.1
257,9,12.02,8.6,16.9,0.65,13.49
257,10,12.89,9.2,17.2,0.61,14.55
257,11,13.66,9.9,17.2,0.36,14.84
257,12,14.32,10.6,17.5,0.29,15.62
257,13,14.81,11.4,19.2,0.21,15.53
257,14,15.02,11.9,19.4,0.11,15.54
257,15,14.82,11.9,19.0,0.25,13.68
257,16,14.95,12.1,19.0,0.12,13.61
257,17,14.91,11.8,18.8,0.05,13.86
257,18,14.61,11.4,18.7,0.12,12.41
257,19,13.65,10.3,18.2,0.32,11.13
257,20,12.68,9.3,17.2,0.41,11.75
257,21,12.35,8.4,16.8,0.13,10.94
257,22,11.89,7.6,16.4,0.26,9.92
257,23,11.52,6.7,16.4,0.17,10.05
258,0,11.26,6.1,16.8,0.12,10.36
258,1,11.13,5.6,16.9,0.1,10.34
258,2,11.03,5.4,16.7,0.14,10.38
258,3,10.8,5.3,16.1,0.06,10.55
258,4,10.72,5.0,16.1,0.13,11.03
258,5,10.78,5.2,16.2,0.08,11.23
258,6,10.53,5.3,16.5,0.18,12.95
258,7,10.48,5.3,16.0,0.24,13.26
258,8,10.8,6.2,14.5,0.26,14.39
258,9,11.4,7.4,13.8,0.28,13.85
258,10,11.91,8.7,14.3,0.4,14.31
258,11,12.64,9.4,14.8,0.47,14.84
258,12,13.13,9.7,15.1,0.42,13.64
258,13,13.69,10.1,15.4,0.26,12.89
258,14,14.34,10.4,16.6,0.26,12.86
258,15,14.08,9.4,17.2,0.1,12.33
258,16,14.0,9.3,17.5,0.26,12.99
258,17,14.09,9.2,17.8,0.12,12.94
258,18,13.63,9.3,17.3,0.09,11.85
258,19,12.7,9.1,16.5,0.24,11.34
258,20,11.96,8.4,15.4,0.13,9.91
258,21,11.42,7.8,14.4,0.01,9.49
258,22,11.27,7.7,14.1,0.01,10.22
258,23,11.25,7.2,14.6,0.01,10.32
259,0,11.0,7.3,14.5,0.0,10.59
259,1,10.71,7.5,14.2,0.0,10.97
259,2,10.67,7.4,14.2,0.02,11.53
259,3,10.92,7.1,14.7,0.01,12.72
259,4,10.25,6.6,14.5,0.15,12.9
259,5,10.02,6.3,14.5,0.12,12.65
259,6,10.01,6.3,14.4,0.06,13.1
259,7,9.96,6.3,14.4,0.08,13.4
259,8,10.6,7.0,14.6,0.19,13.37
259,9,11.67,8.0,15.4,0.31,13.72
259,10,12.62,8.6,15.9,0.04,14.93
259,11,13.39,9.0,16.3,0.19,15.8
259,12,14.13,9.0,16.9,0.19,15.81
259,13,14.37,9.3,17.0,0.13,15.72
259,14,14.45,9.5,17.8,0.28,15.03
259,15,14.28,8.7,18.2,0.21,14.66
259,16,14.03,8.7,17.1,0.23,14.03
259,17,13.93,8.6,17.2,0.06,12.89
259,18,13.53,8.5,17.2,0.16,12.33
259,19,12.83,8.0,16.7,0.23,11.39
259,20,11.92,7.5,15.5,0.04,11.96
259,21,11.35,7.2,15.3,0.02,11.75
259,22,11.0,7.3,15.5,0.01,11.9
259,23,10.64,7.2,15.6,0.25,11.56
260,0,10.46,7.1,15.6,0.04,12.31
260,1,10.33,7.1,15.8,0.03,12.24
260,2,9.95,6.7,14.6,0.01,13.24
260,3,10.07,6.5,15.7,0.18,12.72
260,4,9.86,5.9,15.5,0.03,11.64
260,5,9.71,5.5,15.0,0.32,11.59
260,6,9.54,5.2,14.9,0.24,11.97
260,7,9.41,5.1,14.6,0.07,12.39
260,8,9.59,5.5,14.6,0.12,12.61
260,9,10.28,6.7,15.6,0.23,13.05
260,10,11.2,7.8,17.5,0.28,13.57
260,11,12.25,8.8,19.0,0.37,14.61
260,12,12.94,9.2,20.3,0.53,14.5
260,13,13.13,9.5,20.9,0.26,14.79
260,14,13.48,9.5,21.0,0.07,14.63
260,15,13.23,9.1,20.8,0.05,14.23
260,16,13.25,9.3,19.1,0.13,14.36
260,17,12.94,9.6,18.6,0.18,14.76
260,18,12.55,9.4,17.9,0.01,13.11
260,19,11.89,8.9,16.9,0.0,12.35
260,20,11.06,8.3,15.8,0.0,12.22
260,21,10.71,8.1,15.3,0.0,12.33
260,22,10.33,7.9,15.0,0.0,11.96
260,23,9.99,7.6,14.3,0.0,11.59
261,0,9.51,7.0,13.4,0.0,11.36
261,1,9.16,6.6,12.9,0.0,11.05
261,2,8.75,6.3,12.3,0.0,10.02
261,3,8.27,5.3,11.0,0.0,10.34
261,4,8.32,5.2,12.2,0.01,10.21
261,5,8.14,5.0,11.8,0.03,10.28
261,6,7.82,4.8,11.7,0.0,10.37
261,7,7.63,5.0,11.9,0.0,10.14
261,8,8.34,5.9,12.4,0.0,10.24
261,9,9.54,7.2,13.5,0.0,9.95
261,10,10.86,7.6,14.5,0.0,9.78
261,11,12.14,8.5,15.6,0.0,10.43
261,12,13.12,9.5,16.7,0.02,11.49
261,13,13.74,10.3,17.3,0.04,12.39
261,14,14.07,9.9,17.8,0.01,12.65
261,15,13.53,9.5,17.8,0.19,13.51
261,16,13.31,9.6,16.3,0.05,13.11
261,17,13.1,9.7,16.5,0.01,13.63
261,18,12.68,9.5,15.5,0.02,12.98
261,19,11.92,8.5,15.2,0.0,12.13
261,20,11.12,7.2,15.3,0.0,12.13
261,21,10.67,6.0,15.2,0.0,11.93
261,22,10.68,5.2,15.2,0.04,11.6
261,23,10.29,4.7,14.6,0.36,11.66
262,0,10.03,4.5,14.3,0.15,11.42
262,1,9.76,4.0,13.7,0.27,11.1
262,2,9.58,3.7,13.6,0.39,11.24
262,3,9.45,3.3,13.4,0.29,11.64
262,4,9.2,2.9,13.2,0.01,10.61
262,5,9.05,2.7,13.3,0.0,10.45
262,6,8.97,2.6,13.6,0.0,10.37
262,7,8.87,2.2,13.8,0.0,10.73
262,8,9.4,2.8,15.0,0.01,10.94
262,9,10.56,5.1,16.9,0.0,10.1
262,10,11.72,7.4,18.3,0.01,11.62
262,11,12.59,8.8,19.0,0.03,12.35
262,12,13.47,8.8,19.8,0.01,12.69
262,13,14.14,8.3,20.3,0.08,12.89
262,14,14.63,8.3,20.1,0.0,13.13
262,15,14.24,8.9,19.4,0.03,13.57
262,16,14.24,9.1,19.0,0.11,13.66
262,17,13.97,9.2,18.6,0.13,13.4
262,18,13.51,8.8,17.6,0.09,13.05
262,19,12.56,7.4,16.5,0.08,12.72
262,20,11.71,6.2,16.3,0.02,13.27
262,21,11.1,5.6,15.8,0.01,13.91
262,22,10.56,5.0,15.4,0.0,13.92
262,23,10.28,4.6,16.0,0.0,13.81
263,0,10.0,4.1,15.6,0.0,13.21
263,1,9.7,3.7,15.3,0.0,12.85
263,2,9.44,3.0,14.7,0.0,12.14
263,3,9.3,2.7,14.9,0.0,12.42
263,4,9.03,1.9,13.9,0.03,13.57
263,5,9.09,1.5,14.3,0.05,14.78
263,6,9.27,1.1,15.1,0.04,15.62
263,7,9.36,0.9,15.5,0.05,15.68
263,8,9.72,1.9,15.9,0.19,15.49
263,9,10.58,4.5,17.3,0.1,14.43
263,10,11.73,6.9,18.1,0.03,15.29
263,11,12.72,8.1,18.5,0.02,16.46
263,12,13.72,8.7,18.9,0.03,17.5
263,13,14.23,9.0,19.2,0.12,16.91
263,14,14.49,9.6,20.1,0.04,16.62
263,15,14.59,10.3,20.4,0.02,15.72
263,16,14.64,10.2,20.3,0.01,15.34
263,17,14.45,10.0,19.9,0.01,15.35
263,18,13.89,9.3,18.8,0.01,12.99
263,19,12.83,8.1,16.7,0.0,12.3
263,20,12.05,7.3,15.9,0.01,12.97
263,21,11.81,7.0,16.0,0.04,12.97
263,22,11.6,6.8,16.0,0.07,13.29
263,23,11.31,6.7,15.9,0.12,13.5
264,0,11.06,6.4,15.8,0.08,12.89
264,1,10.86,6.4,15.8,0.01,11.85
264,2,10.6,6.5,15.6,0.0,11.16
264,3,10.34,6.0,15.5,0.01,11.41
264,4,10.12,5.5,15.8,0.03,11.04
264,5,9.97,5.0,16.0,0.08,11.1
264,6,9.83,4.7,15.8,0.12,10.91
264,7,9.73,4.7,15.7,0.03,10.95
264,8,10.15,4.7,16.1,0.01,11.53
264,9,11.34,5.9,17.0,0.01,12.23
264,10,12.42,7.2,17.7,0.02,13.32
264,11,13.37,8.2,19.2,0.03,14.43
264,12,14.33,9.1,20.2,0.03,15.23
264,13,14.82,9.4,20.2,0.03,15.03
264,14,15.15,9.4,20.3,0.0,14.69
264,15,14.62,9.2,19.7,0.01,13.7
264,16,14.48,8.6,19.5,0.03,13.69
264,17,14.25,8.1,19.3,0.03,13.38
264,18,13.9,7.9,19.2,0.0,13.35
264,19,13.27,7.0,19.1,0.0,13.33
264,20,12.77,6.3,19.6,0.05,14.63
264,21,12.49,6.1,20.2,0.48,15.86
264,22,12.22,6.2,20.4,0.08,16.16
264,23,11.97,6.1,20.5,0.11,15.92
265,0,11.68,5.9,20.5,0.04,16.09
265,1,11.31,5.2,20.3,0.08,16.11
265,2,11.0,5.0,19.9,0.1,15.39
265,3,10.42,4.0,18.6,0.07,14.52
265,4,9.75,3.1,18.1,0.09,14.46
265,5,9.34,3.0,16.9,0.01,14.02
265,6,8.88,2.9,14.9,0.04,14.2
265,7,8.58,2.7,14.8,0.05,13.99
265,8,8.91,3.0,15.2,0.05,13.75
265,9,9.91,4.6,15.9,0.02,13.93
265,10,10.89,6.6,16.6,0.08,14.95
265,11,11.77,8.2,17.2,0.04,14.93
265,12,12.52,9.0,18.2,0.01,14.81
265,13,12.93,9.5,19.0,0.0,15.25
265,14,13.26,9.8,19.6,0.02,14.97
265,15,13.13,9.3,19.7,0.02,14.26
265,16,13.24,9.5,20.0,0.0,13.89
265,17,12.93,9.1,19.8,0.01,13.73
265,18,12.42,8.4,19.6,0.0,13.4
265,19,11.43,7.1,19.4,0.0,12.99
265,20,10.55,5.5,18.8,0.06,12.96
265,21,9.93,4.8,18.1,0.06,12.58
265,22,9.74,4.1,18.1,0.0,11.46
265,23,9.53,3.6,18.3,0.07,11.49
266,0,9.45,3.2,18.5,0.0,11.51
266,1,9.43,2.6,18.8,0.0,10.98
266,2,9.0,2.4,18.7,0.0,11.19
266,3,8.74,2.6,17.5,0.0,10.89
266,4,8.75,1.6,17.4,0.1,11.49
266,5,8.69,1.3,17.5,0.0,12.09
266,6,8.73,1.1,17.4,0.02,12.59
266,7,8.72,1.0,17.1,0.03,12.77
266,8,9.02,1.6,16.8,0.07,12.69
266,9,10.02,3.6,16.5,0.12,12.03
266,10,10.92,5.4,15.8,0.15,14.04
266,11,11.57,7.0,15.5,0.11,14.17
266,12,12.04,8.4,16.4,0.14,14.51
266,13,12.49,9.0,17.2,0.05,14.69
266,14,12.82,8.8,17.8,0.04,15.16
266,15,12.48,7.7,17.9,0.08,14.25
266,16,12.4,8.5,17.9,0.11,14.94
266,17,12.06,8.2,17.7,0.18,13.13
266,18,11.66,7.3,16.8,0.16,12.46
266,19,10.93,7.3,15.5,0.11,11.9
266,20,10.51,6.8,14.7,0.09,12.34
266,21,10.24,5.8,14.6,0.14,12.72
266,22,9.97,5.6,14.3,0.2,12.81
266,23,9.58,5.6,13.8,0.25,12.22
267,0,9.37,5.2,13.6,0.2,12.24
267,1,9.33,4.8,13.5,0.18,12.13
267,2,9.29,5.0,13.3,0.17,11.86
267,3,8.88,4.3,13.6,0.12,12.17
267,4,8.75,4.0,13.4,0.17,11.93
267,5,8.56,3.6,13.3,0.13,11.79
267,6,8.34,3.4,13.3,0.11,11.91
267,7,8.23,3.1,13.3,0.08,12.44
267,8,8.56,2.7,13.6,0.05,12.14
267,9,9.77,4.9,14.5,0.05,11.92
267,10,11.07,7.1,15.7,0.03,12.25
267,11,12.03,8.4,16.8,0.02,12.17
267,12,12.66,8.9,17.8,0.01,12.44
267,13,13.07,9.0,18.4,0.01,13.3
267,14,13.27,8.6,19.1,0.01,13.35
267,15,13.11,7.0,19.7,0.03,11.33
267,16,12.95,7.2,19.6,0.17,11.79
267,17,12.65,7.0,19.2,0.1,11.34
267,18,12.0,6.5,18.0,0.04,10.56
267,19,10.97,6.5,16.7,0.05,10.02
267,20,10.42,6.7,16.3,0.05,10.13
267,21,10.1,6.6,16.6,0.03,10.8
267,22,10.03,6.3,16.3,0.01,11.0
267,23,9.84,6.0,16.3,0.04,11.02
268,0,9.67,5.7,16.3,0.07,10.99
268,1,9.46,5.2,15.7,0.18,10.31
268,2,9.34,5.0,15.6,0.28,9.94
268,3,9.12,4.2,16.5,0.06,8.65
268,4,8.89,3.1,16.7,0.13,8.86
268,5,8.9,3.7,16.5,0.03,10.0
268,6,8.88,3.7,16.7,0.01,10.73
268,7,8.81,3.7,16.2,0.01,11.13
268,8,9.09,3.9,16.0,0.01,11.21
268,9,10.11,5.0,16.3,0.01,12.05
268,10,11.19,6.3,17.1,0.02,12.97
268,11,12.13,5.8,17.8,0.01,13.7
268,12,12.83,5.7,18.0,0.01,14.79
268,13,13.22,5.8,17.5,0.03,15.27
268,14,13.57,6.1,17.7,0.04,15.67
268,15,13.48,7.4,17.6,0.1,15.17
268,16,13.57,7.5,17.2,0.03,15.45
268,17,13.43,7.1,16.8,0.02,13.7
268,18,12.74,6.7,16.2,0.09,13.12
268,19,11.64,6.3,15.6,0.08,12.93
268,20,11.04,6.6,14.6,0.02,13.49
268,21,10.56,5.6,14.3,0.04,13.93
268,22,10.47,5.4,14.7,0.03,13.75
268,23,10.4,5.5,14.6,0.03,13.72
269,0,10.27,5.6,14.5,0.07,13.39
269,1,10.14,5.9,14.3,0.11,12.8
269,2,9.9,5.7,14.4,0.04,12.69
269,3,10.08,5.8,14.6,0.03,12.96
269,4,9.65,5.0,14.0,0.01,12.33
269,5,9.57,4.3,14.4,0.0,12.35
269,6,9.6,4.2,14.6,0.08,12.31
269,7,9.44,4.4,14.0,0.1,12.11
269,8,9.78,4.8,14.5,0.21,12.33
269,9,10.64,6.5,15.1,0.38,12.62
269,10,11.77,9.0,16.0,0.43,13.89
269,11,12.61,9.6,16.8,0.21,15.26
269,12,13.26,9.7,17.3,0.14,15.18
269,13,13.82,10.0,17.4,0.25,15.63
269,14,14.2,10.2,17.7,0.25,15.04
269,15,14.16,9.0,18.1,0.15,13.99
269,16,14.23,9.3,18.0,0.05,13.93
269,17,13.99,10.0,17.5,0.1,13.82
269,18,13.34,10.1,16.6,0.01,12.62
269,19,12.33,8.9,15.8,0.01,11.92
269,20,11.63,7.4,15.3,0.0,11.47
269,21,11.33,6.5,15.1,0.0,10.94
269,22,11.09,6.1,14.9,0.0,10.69
269,23,10.84,6.1,14.7,0.04,11.46
270,0,10.83,6.3,14.4,0.0,11.53
270,1,10.61,6.1,14.0,0.0,11.61
270,2,10.37,5.8,14.3,0.0,11.72
270,3,10.23,6.0,14.6,0.0,11.62
270,4,9.87,5.7,13.5,0.12,11.69
270,5,9.45,4.9,13.5,0.33,11.96
270,6,9.47,4.8,13.4,0.29,11.84
270,7,9.37,4.7,13.9,0.13,13.11
270,8,9.59,5.0,13.7,0.03,12.57
270,9,10.79,6.7,14.3,0.04,12.37
270,10,11.89,8.8,15.4,0.13,12.47
270,11,12.68,10.2,16.2,0.1,12.81
270,12,13.3,10.9,16.7,0.05,13.44
270,13,13.82,11.5,17.3,0.15,13.48
270,14,14.25,11.6,17.8,0.04,12.85
270,15,14.43,11.4,18.6,0.03,13.96
270,16,14.2,11.0,18.3,0.09,13.56
270,17,13.65,11.0,17.4,0.09,13.08
270,18,12.86,10.1,16.2,0.12,11.89
270,19,11.88,8.5,15.5,0.08,11.9
270,20,11.44,8.0,15.0,0.12,12.22
270,21,11.17,7.8,14.7,0.04,12.21
270,22,10.99,7.6,14.7,0.01,11.92
270,23,10.74,7.3,14.9,0.02,11.81
271,0,10.58,6.9,15.5,0.03,11.85
271,1,10.39,6.6,15.3,0.04,12.0
271,2,10.11,6.3,14.7,0.05,11.8
271,3,10.12,5.8,15.0,0.04,12.14
271,4,9.63,5.6,14.8,0.16,11.3
271,5,9.25,5.2,14.3,0.04,10.91
271,6,9.19,5.2,14.0,0.01,10.83
271,7,9.0,5.1,13.5,0.0,11.06
271,8,9.12,5.0,13.2,0.0,11.41
271,9,9.97,5.8,13.6,0.01,12.06
271,10,10.84,6.8,14.0,0.01,12.14
271,11,11.52,7.8,14.7,0.08,12.58
271,12,12.04,9.0,15.6,0.08,12.99
271,13,12.65,10.0,16.8,0.05,13.61
271,14,12.89,10.5,17.3,0.05,14.51
271,15,12.6,9.8,18.5,0.05,13.91
271,16,12.46,9.7,17.9,0.11,13.91
271,17,11.98,9.0,17.1,0.16,14.18
271,18,11.3,7.9,16.0,0.1,13.71
271,19,10.56,6.6,14.8,0.12,12.96
271,20,10.11,5.4,13.7,0.12,12.96
271,21,9.99,5.1,13.9,0.03,12.77
271,22,9.81,4.9,14.1,0.04,11.98
271,23,9.82,4.2,15.6,0.02,11.11
272,0,9.62,3.3,15.4,0.0,10.3
272,1,9.44,2.7,15.6,0.0,9.57
272,2,9.39,2.2,15.7,0.0,9.94
272,3,9.25,2.2,15.5,0.04,9.88
272,4,8.67,1.9,15.5,0.04,8.86
272,5,8.57,1.3,15.4,0.05,9.44
272,6,8.5,0.7,15.2,0.08,9.62
272,7,8.43,0.3,14.9,0.1,9.39
272,8,8.46,0.3,15.0,0.05,9.82
272,9,9.24,2.1,15.8,0.07,10.24
272,10,10.08,4.3,17.0,0.1,11.34
272,11,10.82,6.2,17.4,0.07,11.96
272,12,11.37,6.6,17.7,0.09,12.62
272,13,11.81,7.0,18.2,0.06,12.74
272,14,11.9,7.1,17.8,0.04,13.58
272,15,11.58,7.5,16.8,0.09,14.41
272,16,11.76,7.8,17.0,0.08,14.43
272,17,11.35,8.1,16.4,0.16,13.27
272,18,10.9,7.8,15.8,0.21,13.17
272,19,10.16,7.0,15.2,0.2,12.86
272,20,10.05,7.0,14.9,0.18,12.64
272,21,10.14,6.8,15.2,0.19,12.21
272,22,9.97,6.3,15.0,0.17,12.44
272,23,9.88,5.9,14.7,0.37,11.99
273,0,9.67,5.7,14.6,0.6,12.52
273,1,9.39,5.3,14.1,0.28,10.88
273,2,9.3,5.1,14.2,0.05,11.64
273,3,9.24,4.9,14.2,0.0,11.73
273,4,9.17,4.5,14.2,0.0,11.87
273,5,8.88,3.9,14.8,0.05,11.52
273,6,8.82,2.9,15.6,0.07,12.34
273,7,8.65,3.2,15.1,0.07,12.79
273,8,8.77,3.4,15.1,0.12,12.8
273,9,9.44,5.7,14.8,0.12,13.29
273,10,10.33,6.7,15.2,0.11,13.19
273,11,11.09,8.0,15.0,0.04,15.39
273,12,11.62,8.6,15.4,0.08,15.34
273,13,11.98,9.5,15.6,0.05,15.02
273,14,12.24,9.7,15.5,0.04,15.17
273,15,11.9,9.6,15.7,0.01,14.62
273,16,11.76,9.6,15.2,0.02,14.29
273,17,11.58,9.3,14.9,0.01,13.45
273,18,10.91,8.0,14.2,0.05,11.23
273,19,9.98,5.9,13.2,0.03,10.56
273,20,9.54,5.3,12.9,0.0,10.86
273,21,9.29,6.1,12.6,0.0,11.59
273,22,8.82,4.1,12.1,0.01,11.76
273,23,8.76,5.4,12.0,0.01,11.36
274,0,8.85,5.0,12.0,0.01,11.87
274,1,8.76,4.6,11.8,0.04,11.36
274,2,8.5,4.5,11.6,0.06,10.84
274,3,8.45,4.4,11.4,0.18,10.32
274,4,8.51,5.4,11.2,0.18,11.03
274,5,8.54,5.9,11.0,0.1,10.81
274,6,8.16,4.0,10.9,0.08,11.48
274,7,7.95,5.0,10.8,0.16,11.77
274,8,7.79,4.7,10.8,0.03,12.53
274,9,8.72,6.2,11.1,0.02,12.9
274,10,9.75,6.8,12.2,0.0,14.31
274,11,10.54,7.7,13.1,0.0,14.83
274,12,11.17,8.8,13.8,0.01,15.36
274,13,11.7,9.6,14.3,0.01,15.63
274,14,11.88,8.3,14.8,0.01,15.25
274,15,11.41,5.1,15.2,0.0,14.41
274,16,11.39,6.2,15.0,0.03,14.19
274,17,11.07,6.6,14.2,0.03,12.89
274,18,10.37,6.2,12.9,0.02,12.16
274,19,9.33,5.8,11.9,0.0,11.27
274,20,8.98,5.3,11.3,0.0,11.29
274,21,8.72,5.4,11.0,0.02,11.48
274,22,8.42,4.9,10.8,0.01,11.11
274,23,8.16,4.5,10.8,0.01,10.56
275,0,7.99,5.1,10.8,0.0,10.15
275,1,7.9,5.4,10.6,0.01,9.89
275,2,7.77,5.8,10.5,0.05,9.85
275,3,7.74,4.5,10.4,0.05,10.35
275,4,7.62,4.7,10.1,0.05,10.23
275,5,7.52,5.1,9.8,0.22,9.77
275,6,7.36,4.7,9.7,0.12,9.77
275,7,7.36,5.3,9.6,0.05,9.74
275,8,7.66,5.4,9.7,0.04,10.54
275,9,8.17,5.6,10.9,0.05,10.78
275,10,8.85,5.2,12.7,0.14,11.21
275,11,9.73,5.2,13.8,0.12,11.53
275,12,10.42,5.1,14.5,0.07,11.52
275,13,10.84,5.7,14.7,0.06,11.47
275,14,11.2,5.9,15.4,0.05,11.82
275,15,10.81,5.6,14.9,0.04,11.71
275,16,10.87,6.8,14.6,0.02,11.99
275,17,10.58,6.9,14.1,0.0,10.98
275,18,10.08,6.8,13.1,0.0,10.45
275,19,9.29,6.7,12.4,0.05,11.45
275,20,8.99,6.7,12.1,0.04,11.75
275,21,8.68,5.9,12.9,0.03,12.49
275,22,8.47,5.5,12.4,0.07,12.68
275,23,8.2,5.3,12.1,0.06,12.37
276,0,7.9,5.0,12.9,0.01,12.4
276,1,7.54,4.6,12.6,0.05,12.45
276,2,7.48,4.2,12.7,0.0,12.49
276,3,6.98,3.1,12.6,0.0,12.67
276,4,6.58,2.8,11.9,0.07,12.86
276,5,6.35,3.4,11.0,0.18,12.98
276,6,6.35,3.5,10.4,0.22,13.49
276,7,6.36,3.8,10.4,0.24,13.78
276,8,6.56,4.0,10.6,0.22,14.24
276,9,7.2,4.6,11.9,0.23,14.8
276,10,7.97,4.9,13.1,0.24,14.76
276,11,8.77,5.5,13.7,0.26,15.24
276,12,9.42,6.0,13.8,0.27,15.96
276,13,9.84,6.2,13.6,0.29,15.1
276,14,10.18,6.1,13.7,0.25,14.75
276,15,10.07,4.2,14.2,0.1,14.81
276,16,10.05,4.1,14.3,0.12,14.09
276,17,9.76,3.9,14.1,0.11,14.04
276,18,9.24,3.6,13.6,0.12,14.6
276,19,8.65,3.3,13.4,0.2,15.18
276,20,8.42,3.1,13.5,0.38,16.16
276,21,8.32,2.7,13.6,0.45,15.76
276,22,8.15,2.6,13.6,0.49,15.95
276,23,8.0,2.6,13.6,0.4,16.44
277,0,7.78,2.4,13.4,0.35,15.95
277,1,7.63,2.4,13.2,0.24,16.12
277,2,7.52,2.3,12.6,0.14,16.61
277,3,7.23,2.3,12.1,0.21,16.77
277,4,7.01,2.2,12.2,0.15,17.14
277,5,6.87,2.0,12.0,0.27,17.14
277,6,6.68,1.9,12.1,0.18,17.34
277,7,6.47,1.7,12.0,0.19,17.87
277,8,6.32,1.7,11.8,0.22,18.0
277,9,6.77,2.0,12.0,0.16,18.23
277,10,7.43,2.4,12.0,0.25,19.13
277,11,8.14,2.9,11.9,0.25,19.21
277,12,8.76,3.6,11.7,0.23,18.87
277,13,9.49,4.2,12.1,0.09,18.49
277,14,9.76,4.1,12.5,0.21,18.44
277,15,9.6,3.6,12.8,0.05,18.29
277,16,9.77,3.2,13.1,0.17,18.4
277,17,9.67,2.9,13.1,0.07,17.11
277,18,8.99,2.2,12.8,0.03,15.73
277,19,8.37,1.4,12.7,0.02,15.0
277,20,8.04,1.1,12.9,0.11,15.4
277,21,7.56,0.6,12.7,0.0,15.26
277,22,7.24,0.2,12.6,0.0,14.84
277,23,7.03,-0.1,12.6,0.0,14.49
278,0,6.9,-0.3,12.7,0.0,13.81
278,1,6.9,-0.5,12.9,0.06,13.66
278,2,6.94,-0.6,13.2,0.01,13.65
278,3,6.52,-1.0,12.5,0.01,13.18
278,4,6.45,-1.2,12.7,0.02,12.86
278,5,6.76,-1.2,12.9,0.01,13.77
278,6,7.02,-1.2,13.4,0.01,13.89
278,7,7.09,-1.2,13.2,0.13,14.41
278,8,7.12,-1.1,13.1,0.19,14.9
278,9,7.65,0.2,13.8,0.27,14.72
278,10,8.43,1.9,14.5,0.26,15.22
278,11,9.17,3.1,15.2,0.31,14.91
278,12,9.89,4.0,15.8,0.31,14.69
278,13,10.48,4.7,16.1,0.17,14.14
278,14,10.68,4.9,16.4,0.18,13.92
278,15,10.62,4.6,16.3,0.17,12.48
278,16,10.73,4.9,16.4,0.17,12.5
278,17,10.38,4.6,15.5,0.16,11.59
278,18,9.75,4.2,13.6,0.16,11.64
278,19,8.75,3.5,12.1,0.18,12.34
278,20,8.23,2.8,11.8,0.1,12.71
278,21,8.05,2.1,11.9,0.08,12.64
278,22,7.71,1.0,12.1,0.1,12.64
278,23,7.67,0.5,12.6,0.1,12.49
279,0,7.66,0.2,13.1,0.07,12.35
279,1,7.7,0.1,13.5,0.05,12.72
279,2,7.41,0.1,13.7,0.08,12.87
279,3,7.67,-0.2,13.5,0.04,12.98
279,4,7.52,-0.5,13.6,0.56,12.83
279,5,7.45,-0.8,13.7,0.25,13.29
279,6,7.48,-0.9,13.6,0.13,14.24
279,7,7.32,-1.1,13.3,0.14,14.48
279,8,7.23,-1.2,13.0,0.09,15.13
279,9,7.83,0.2,12.1,0.13,15.8
279,10,8.79,2.2,12.3,0.24,15.94
279,11,9.63,3.9,13.0,0.07,16.82
279,12,10.43,5.2,14.7,0.05,18.07
279,13,11.15,6.4,16.1,0.02,17.31
279,14,11.54,6.2,16.1,0.02,16.88
279,15,11.31,6.1,15.4,0.1,16.25
279,16,11.27,5.4,15.1,0.09,15.83
279,17,10.93,5.1,14.8,0.02,14.65
279,18,10.31,4.4,13.8,0.03,14.57
279,19,9.63,3.2,13.3,0.01,15.07
279,20,9.15,2.6,13.2,0.11,15.2
279,21,8.99,2.2,13.2,0.12,16.21
279,22,8.52,1.7,12.7,0.37,15.51
279,23,8.29,1.4,12.4,0.42,15.44
280,0,8.15,1.1,12.3,0.64,15.68
280,1,8.08,1.7,12.3,0.18,14.67
280,2,8.02,2.0,12.1,0.18,13.35
280,3,7.95,2.0,12.3,0.06,11.81
280,4,7.91,2.1,12.2,0.02,12.69
280,5,7.7,1.9,12.0,0.0,12.53
280,6,7.47,1.6,11.4,0.0,12.47
280,7,7.31,1.7,11.1,0.02,12.38
280,8,7.27,1.8,11.1,0.03,13.02
280,9,7.77,2.5,11.8,0.03,13.77
280,10,8.51,3.7,12.7,0.07,13.97
280,11,9.01,5.0,13.1,0.1,15.57
280,12,9.49,4.5,13.8,0.14,15.34
280,13,9.96,5.2,14.2,0.08,15.73
280,14,10.3,5.8,14.4,0.08,15.82
280,15,10.02,5.8,14.0,0.23,16.49
280,16,9.8,6.2,13.9,0.13,15.22
280,17,9.54,5.6,13.5,0.05,15.18
280,18,8.85,4.6,13.1,0.03,14.97
280,19,8.23,3.6,12.8,0.01,15.85
280,20,7.9,2.8,12.7,0.01,15.85
280,21,7.7,2.5,12.6,0.01,16.62
280,22,7.57,2.3,12.4,0.01,16.22
280,23,7.44,1.8,12.4,0.08,16.02
281,0,7.26,0.7,12.6,0.07,16.49
281,1,7.19,0.3,12.3,0.12,16.91
281,2,6.97,-0.1,12.1,0.14,16.6
281,3,6.85,-0.6,12.2,0.13,17.02
281,4,6.7,-0.3,12.0,0.11,16.24
281,5,6.66,-0.6,12.1,0.11,16.07
281,6,6.47,-1.0,11.8,0.19,16.04
281,7,6.43,-1.1,11.8,0.32,16.53
281,8,6.46,-0.9,11.7,0.18,16.5
281,9,7.09,0.1,12.1,0.02,15.88
281,10,7.98,2.0,12.6,0.04,17.8
281,11,8.75,4.3,13.2,0.16,18.69
281,12,9.21,5.0,13.8,0.12,19.08
281,13,9.36,5.5,13.6,0.18,19.39
281,14,9.58,6.3,13.9,0.24,18.77
281,15,9.42,5.9,13.5,0.24,18.96
281,16,9.52,6.3,13.2,0.25,18.26
281,17,9.26,6.1,13.1,0.25,17.55
281,18,8.79,4.4,12.3,0.24,17.68
281,19,8.42,3.7,11.8,0.19,17.58
281,20,8.2,3.0,11.7,0.2,18.29
281,21,8.23,2.3,11.7,0.18,17.98
281,22,8.22,2.1,11.6,0.22,17.16
281,23,8.15,2.2,11.4,0.33,16.21
282,0,8.01,2.1,11.4,0.25,15.22
282,1,7.95,2.0,11.4,0.14,14.21
282,2,7.93,1.9,11.5,0.08,13.19
282,3,7.71,1.4,11.2,0.05,12.93
282,4,7.59,1.0,11.2,0.07,12.66
282,5,7.44,0.4,11.0,0.07,13.06
282,6,7.32,0.3,10.8,0.09,13.15
282,7,7.31,-0.1,10.8,0.09,13.13
282,8,7.26,-0.1,10.9,0.05,13.41
282,9,7.7,0.6,11.1,0.05,13.85
282,10,8.28,2.5,11.5,0.1,13.34
282,11,8.98,4.3,12.6,0.15,14.19
282,12,9.58,5.6,13.3,0.21,15.45
282,13,9.91,6.6,13.7,0.32,16.94
282,14,10.03,7.2,13.8,0.28,17.41
282,15,9.61,6.0,13.6,0.23,16.63
282,16,9.74,6.1,13.5,0.62,17.2
282,17,9.44,5.7,12.7,0.84,17.14
282,18,8.89,4.1,11.7,0.58,17.13
282,19,8.33,2.6,11.6,0.72,16.65
282,20,7.92,2.3,11.3,0.76,16.32
282,21,7.7,2.0,11.5,0.91,16.43
282,22,7.55,1.8,11.7,0.37,16.7
282,23,7.54,1.7,11.9,0.54,16.52
283,0,7.65,1.5,12.0,0.26,16.34
283,1,7.81,1.3,12.3,0.07,15.44
283,2,7.81,1.1,12.2,0.05,14.61
283,3,7.84,0.7,11.6,0.11,13.83
283,4,7.83,0.8,11.7,0.13,13.55
283,5,7.87,0.6,11.7,0.11,13.48
283,6,7.87,0.3,11.7,0.08,13.27
283,7,7.83,0.0,11.7,0.06,13.23
283,8,7.85,-0.2,11.3,0.12,13.28
283,9,8.36,0.7,12.1,0.19,14.06
283,10,9.08,2.9,12.8,0.14,14.18
283,11,9.92,5.3,13.9,0.09,15.44
283,12,10.5,6.3,14.4,0.09,15.58
283,13,10.84,7.3,14.7,0.04,16.52
283,14,11.09,8.0,15.1,0.05,16.86
283,15,10.88,7.5,15.4,0.06,15.77
283,16,10.82,7.4,15.5,0.08,16.04
283,17,10.49,7.2,14.7,0.04,14.61
283,18,9.73,7.2,12.8,0.06,13.5
283,19,9.13,6.9,11.9,0.11,14.1
283,20,8.92,5.8,12.6,0.13,14.75
283,21,8.84,5.8,13.1,0.09,15.45
283,22,8.6,4.7,13.4,0.06,16.12
283,23,8.5,4.9,13.8,0.06,15.34
284,0,8.54,5.3,14.1,0.16,15.31
284,1,8.74,6.2,14.5,0.11,14.84
284,2,8.96,6.1,14.9,0.16,15.88
284,3,8.88,4.7,15.0,0.23,16.17
284,4,8.92,5.9,14.3,0.12,15.55
284,5,8.67,4.1,14.1,0.21,16.3
284,6,8.5,3.6,13.1,0.2,16.39
284,7,8.4,3.9,12.1,0.23,16.58
284,8,8.45,4.4,12.4,0.36,17.12
284,9,8.91,5.6,12.4,0.21,17.12
284,10,9.43,5.8,12.8,0.2,16.45
284,11,9.81,6.1,12.9,0.37,17.69
284,12,10.22,6.2,13.2,0.29,18.41
284,13,10.57,6.7,13.6,0.14,18.38
284,14,10.69,6.9,13.5,0.22,18.62
284,15,10.45,6.9,12.9,0.16,17.61
284,16,10.41,6.9,12.5,0.18,17.68
284,17,10.17,6.8,12.3,0.08,17.13
284,18,9.49,6.6,12.3,0.18,16.08
284,19,8.97,6.3,12.4,0.2,15.53
284,20,8.64,6.1,12.6,0.12,15.1
284,21,8.32,6.0,12.4,0.13,14.78
284,22,7.99,5.3,10.6,0.08,14.2
284,23,7.78,5.1,10.6,0.03,12.64
285,0,7.55,5.1,10.5,0.02,11.87
285,1,7.24,5.1,10.5,0.01,11.92
285,2,6.95,4.6,10.3,0.01,11.94
285,3,6.88,3.4,9.8,0.04,10.82
285,4,6.89,3.0,10.0,0.22,10.6
285,5,6.71,2.8,10.1,0.2,10.3
285,6,6.65,2.2,9.8,0.26,10.31
285,7,6.32,1.7,9.1,0.15,10.23
285,8,6.04,2.0,9.0,0.14,10.55
285,9,6.63,3.4,9.5,0.06,11.49
285,10,7.65,5.0,10.8,0.01,12.17
285,11,8.31,5.4,11.8,0.16,13.39
285,12,8.87,5.8,12.7,0.06,13.6
285,13,9.57,6.2,13.4,0.09,14.88
285,14,9.79,6.5,13.7,0.22,15.8
285,15,9.29,6.7,11.8,0.24,14.65
285,16,9.32,6.7,11.9,0.21,15.29
285,17,9.06,6.7,12.0,0.13,14.47
285,18,8.4,6.3,11.9,0.1,13.11
285,19,7.56,5.9,10.7,0.06,12.92
285,20,7.07,5.0,10.3,0.11,13.27
285,21,6.56,4.4,10.5,0.15,13.08
285,22,6.33,3.8,10.3,0.24,12.88
285,23,6.19,3.4,10.1,0.14,11.91
286,0,6.24,3.1,10.2,0.03,11.23
286,1,5.87,1.1,10.2,0.01,10.57
286,2,5.52,0.8,10.3,0.02,11.27
286,3,5.56,1.9,11.1,0.04,11.43
286,4,5.42,0.6,10.7,0.16,12.16
286,5,5.27,0.4,10.6,0.1,13.08
286,6,5.32,1.2,10.9,0.04,12.76
286,7,5.42,1.6,11.0,0.02,12.47
286,8,5.63,1.4,10.8,0.01,12.14
286,9,6.22,1.5,11.4,0.0,12.56
286,10,7.14,1.2,12.8,0.0,12.6
286,11,8.1,1.5,13.8,0.0,14.01
286,12,8.74,1.8,14.3,0.0,14.12
286,13,9.34,2.2,14.7,0.01,13.62
286,14,9.77,2.7,15.3,0.02,13.86
286,15,9.46,3.0,14.9,0.0,13.17
286,16,9.28,3.2,14.7,0.07,12.66
286,17,8.84,3.2,13.9,0.04,12.23
286,18,8.0,3.0,13.1,0.0,11.66
286,19,7.44,2.8,12.6,0.0,11.53
286,20,6.99,2.7,12.4,0.0,11.68
286,21,6.8,2.6,12.4,0.0,11.61
286,22,6.45,2.0,12.1,0.0,11.49
286,23,6.15,2.0,12.0,0.0,11.42
287,0,5.96,2.1,12.0,0.01,11.62
287,1,5.66,2.2,12.1,0.12,12.29
287,2,5.51,2.3,12.1,0.19,11.9
287,3,5.45,2.2,12.5,0.3,11.13
287,4,5.49,2.4,12.2,0.16,10.37
287,5,5.97,2.3,12.5,0.04,11.51
287,6,6.22,2.1,12.5,0.01,11.6
287,7,6.28,1.5,11.9,0.02,11.46
287,8,6.38,1.3,11.7,0.03,11.17
287,9,6.65,1.6,12.1,0.06,10.89
287,10,7.32,2.8,13.5,0.12,11.21
287,11,8.13,3.9,14.5,0.17,11.55
287,12,8.52,4.2,15.1,0.47,11.04
287,13,8.9,4.5,15.4,0.4,12.89
287,14,8.86,4.7,15.5,0.27,14.42
287,15,8.63,5.0,15.5,0.23,14.58
287,16,8.72,5.1,15.1,0.08,14.83
287,17,8.37,5.0,14.2,0.08,14.2
287,18,7.82,4.2,12.9,0.08,13.9
287,19,7.51,3.6,11.9,0.03,13.9
287,20,7.27,3.0,11.7,0.0,13.5
287,21,7.13,2.6,11.4,0.0,14.61
287,22,6.68,2.2,11.3,0.01,14.45
287,23,6.54,2.3,11.2,0.0,14.59
288,0,6.41,1.9,11.0,0.01,14.49
288,1,6.28,1.1,11.2,0.04,14.22
288,2,6.11,0.4,11.3,0.02,13.54
288,3,5.94,-0.5,11.6,0.0,13.67
288,4,5.83,-1.9,11.2,0.02,13.67
288,5,5.58,-2.4,11.1,0.02,13.28
288,6,5.37,-2.8,11.0,0.04,13.16
288,7,5.27,-3.0,10.9,0.04,13.29
288,8,5.29,-2.8,10.7,0.02,13.14
288,9,5.81,-0.6,11.3,0.01,12.12
288,10,6.64,1.8,12.5,0.19,13.17
288,11,7.39,3.9,13.5,0.06,13.57
288,12,8.17,5.1,14.1,0.04,14.0
288,13,8.78,6.1,14.6,0.03,15.33
288,14,9.2,6.3,14.8,0.07,16.03
288,15,8.94,6.2,14.9,0.03,15.8
288,16,9.11,5.9,14.7,0.09,14.78
288,17,8.76,5.1,14.0,0.28,13.37
288,18,8.02,4.5,12.8,0.21,13.57
288,19,7.54,4.7,12.1,0.13,13.7
288,20,7.29,4.9,12.0,0.02,13.95
288,21,7.03,4.3,11.8,0.01,14.26
288,22,6.73,3.9,11.6,0.04,13.87
288,23,6.4,3.4,11.5,0.05,14.05
289,0,6.26,2.9,11.5,0.04,13.75
289,1,6.32,2.5,11.4,0.0,13.8
289,2,6.34,2.4,11.5,0.08,13.95
289,3,6.12,2.3,11.8,0.12,13.77
289,4,5.98,2.2,11.5,0.32,13.77
289,5,5.97,2.0,11.5,0.16,14.27
289,6,6.01,2.0,11.3,0.04,14.39
289,7,6.03,1.8,11.3,0.03,14.54
289,8,6.17,1.9,11.3,0.18,14.77
289,9,6.66,2.5,11.7,0.06,15.06
289,10,7.66,4.2,12.8,0.04,15.18
289,11,8.47,5.2,13.8,0.04,15.89
289,12,9.1,6.0,14.4,0.03,16.92
289,13,9.52,6.3,15.5,0.05,16.83
289,14,9.95,6.4,16.9,0.02,16.0
289,15,9.58,6.4,14.7,0.01,15.98
289,16,9.52,6.3,14.5,0.05,15.65
289,17,9.07,6.1,13.9,0.05,15.23
289,18,8.09,5.1,12.9,0.03,14.46
289,19,7.27,4.1,12.2,0.0,14.0
289,20,6.67,3.5,11.5,0.01,13.91
289,21,6.34,3.3,11.3,0.02,14.47
289,22,6.15,2.7,11.4,0.01,14.59
289,23,5.91,2.2,11.3,0.1,14.52
290,0,5.64,1.7,11.4,0.13,13.98
290,1,5.55,1.5,11.3,0.01,13.66
290,2,5.35,1.3,11.2,0.0,13.8
290,3,5.14,0.6,10.6,0.0,13.68
290,4,4.91,-0.1,10.4,0.03,13.59
290,5,4.86,0.2,10.6,0.03,13.29
290,6,4.8,0.4,10.8,0.05,13.14
290,7,4.74,0.8,10.9,0.12,13.99
290,8,4.96,0.7,10.9,0.18,13.59
290,9,5.45,0.7,10.9,0.26,13.52
290,10,6.46,1.8,11.4,0.14,13.27
290,11,7.44,3.6,11.5,0.03,13.78
290,12,8.09,4.4,11.6,0.02,14.99
290,13,8.54,4.8,12.1,0.01,15.0
290,14,8.86,5.1,12.5,0.01,14.99
290,15,8.5,4.5,12.2,0.05,14.32
290,16,8.61,4.7,13.0,0.01,13.61
290,17,8.3,4.7,12.7,0.0,12.13
290,18,7.37,3.8,11.7,0.01,12.63
290,19,6.98,2.8,11.2,0.04,13.04
290,20,6.81,2.0,11.5,0.0,13.24
290,21,6.53,1.6,11.3,0.02,13.16
290,22,6.29,1.0,11.3,0.02,12.84
290,23,6.1,0.6,11.6,0.02,12.09
291,0,6.01,0.2,11.6,0.05,12.38
291,1,6.02,-0.1,11.4,0.04,12.47
291,2,6.03,-0.4,11.2,0.02,12.31
291,3,5.76,-0.6,10.9,0.09,12.5
291,4,5.75,-1.1,11.1,0.07,12.59
291,5,5.64,-1.2,11.4,0.11,12.74
291,6,5.45,-1.3,11.5,0.11,12.57
291,7,5.23,-1.3,11.5,0.07,12.62
291,8,4.96,-1.4,11.6,0.09,12.56
291,9,5.02,-1.0,11.8,0.08,12.95
291,10,5.6,0.2,12.3,0.02,13.35
291,11,6.31,2.0,12.9,0.0,14.69
291,12,7.06,2.6,13.3,0.0,14.73
291,13,7.6,2.9,13.4,0.02,14.89
291,14,7.82,3.0,12.9,0.1,14.21
291,15,7.67,2.5,11.8,0.15,13.3
291,16,7.54,2.6,11.5,0.25,13.28
291,17,6.91,2.6,11.1,0.13,12.8
291,18,6.09,1.4,11.0,0.02,12.35
291,19,5.65,0.6,10.4,0.0,12.47
291,20,5.49,0.5,9.5,0.01,12.94
291,21,5.21,0.1,9.5,0.0,12.97
291,22,4.68,-0.9,9.8,0.0,12.83
291,23,4.38,-0.8,10.0,0.0,12.79
292,0,4.03,-0.7,9.9,0.0,12.66
292,1,3.69,-0.4,9.9,0.0,12.13
292,2,3.39,-1.0,10.0,0.0,12.08
292,3,3.52,-0.4,10.2,0.0,11.87
292,4,3.26,-1.1,10.5,0.04,11.6
292,5,3.06,-0.7,10.2,0.01,11.56
292,6,3.06,-0.8,10.2,0.06,11.87
292,7,3.07,-1.2,10.5,0.06,12.02
292,8,2.95,-1.4,10.6,0.04,12.15
292,9,3.31,-1.1,10.6,0.05,12.35
292,10,4.42,0.4,10.8,0.03,13.01
292,11,5.57,1.5,11.0,0.06,12.58
292,12,6.56,2.2,11.2,0.06,13.46
292,13,7.22,3.1,11.4,0.04,14.05
292,14,7.51,3.0,11.6,0.01,13.88
292,15,7.42,2.3,11.7,0.0,14.22
292,16,7.25,2.8,11.6,0.01,12.96
292,17,6.57,2.8,11.0,0.0,11.83
292,18,5.66,2.5,9.9,0.0,12.25
292,19,5.23,2.1,9.9,0.0,12.81
292,20,4.76,1.3,9.9,0.0,12.2
292,21,4.34,0.8,9.6,0.0,12.5
292,22,4.22,0.5,9.9,0.01,13.17
292,23,4.06,0.5,9.9,0.03,13.48
293,0,3.97,0.3,9.3,0.02,13.21
293,1,3.93,0.3,9.0,0.01,13.28
293,2,4.01,0.1,8.5,0.01,13.52
293,3,3.58,0.4,8.6,0.01,13.4
293,4,3.28,-0.1,8.7,0.04,12.97
293,5,3.16,-0.4,9.0,0.02,12.81
293,6,3.06,-0.6,8.4,0.02,12.66
293,7,2.96,-1.0,7.9,0.06,12.48
293,8,2.95,-1.2,7.6,0.15,12.6
293,9,3.33,-1.1,7.7,0.16,12.42
293,10,4.38,-0.1,9.3,0.15,12.28
293,11,5.38,0.8,10.0,0.1,12.33
293,12,6.35,1.9,10.9,0.12,12.59
293,13,7.11,2.7,11.1,0.2,12.05
293,14,7.51,3.2,10.7,0.14,12.26
293,15,7.4,2.7,10.8,0.13,11.87
293,16,7.37,2.6,10.8,0.14,11.33
293,17,6.96,2.1,11.1,0.11,10.74
293,18,6.46,1.4,11.1,0.24,10.92
293,19,6.13,0.7,11.1,0.46,11.39
293,20,5.61,0.0,11.1,0.38,11.75
293,21,5.23,-0.5,11.3,0.34,10.68
293,22,5.22,-0.8,11.4,0.32,10.55
293,23,5.38,-1.1,11.7,0.19,11.73
294,0,5.41,-1.3,11.8,0.04,11.58
294,1,5.32,-1.5,11.5,0.01,12.35
294,2,5.09,-1.8,11.5,0.01,12.16
294,3,4.78,-1.4,11.0,0.04,12.97
294,4,4.68,-1.6,10.8,0.03,12.55
294,5,4.64,-1.6,10.3,0.05,12.56
294,6,4.59,-1.9,10.0,0.07,13.09
294,7,4.56,-2.1,10.0,0.06,14.08
294,8,4.47,-2.1,10.1,0.06,14.17
294,9,4.7,-1.9,10.2,0.04,14.26
294,10,5.56,-0.8,10.7,0.02,14.82
294,11,6.28,0.7,11.0,0.01,14.68
294,12,6.93,2.3,11.4,0.02,15.18
294,13,7.35,3.6,11.7,0.05,14.79
294,14,7.73,3.6,11.9,0.03,15.32
294,15,7.52,3.7,11.8,0.05,15.89
294,16,7.41,3.6,11.1,0.04,15.21
294,17,7.03,3.5,11.5,0.01,14.56
294,18,6.32,1.0,11.7,0.02,14.81
294,19,6.29,1.1,12.1,0.03,15.2
294,20,6.28,1.0,11.7,0.51,15.44
294,21,6.28,1.0,11.6,0.33,15.84
294,22,6.11,0.7,11.7,0.07,15.77
294,23,6.15,0.4,11.9,0.05,15.65
295,0,6.2,-0.2,12.0,0.03,14.66
295,1,6.01,-0.8,11.6,0.05,14.59
295,2,5.77,-1.1,11.3,0.05,14.75
295,3,5.7,-1.0,11.2,0.09,15.34
295,4,5.79,-1.7,11.0,0.17,15.54
295,5,5.92,-1.8,10.5,0.26,16.97
295,6,5.94,-1.2,10.6,0.33,17.26
295,7,5.94,-0.8,10.9,0.24,17.45
295,8,5.91,-0.6,11.1,0.19,17.43
295,9,5.92,-0.4,10.7,0.23,17.4
295,10,6.05,0.1,9.9,0.25,17.26
295,11,6.35,1.1,10.1,0.22,16.62
295,12,6.68,2.2,10.4,0.15,16.91
295,13,7.06,3.3,10.7,0.09,16.81
295,14,7.34,3.7,11.0,0.17,17.06
295,15,7.19,2.9,10.6,0.11,16.45
295,16,7.21,2.5,11.0,0.07,15.8
295,17,6.89,2.0,10.8,0.06,15.54
295,18,6.28,0.4,10.8,0.05,14.76
295,19,6.17,-0.3,10.8,0.09,15.73
295,20,6.15,-0.7,10.8,0.1,16.06
295,21,5.93,-0.9,10.1,0.05,15.89
295,22,5.65,-0.8,9.5,0.08,15.52
295,23,5.53,-1.1,9.5,0.05,14.83
296,0,5.5,-1.3,9.5,0.1,14.12
296,1,5.43,-1.0,8.9,0.08,14.08
296,2,5.32,-1.0,9.0,0.04,14.13
296,3,5.25,-0.3,9.2,0.12,13.93
296,4,5.22,-0.4,9.5,0.18,13.35
296,5,5.15,-0.6,10.0,0.2,14.21
296,6,5.13,-1.1,10.2,0.17,14.37
296,7,5.23,-1.1,10.4,0.12,14.93
296,8,5.25,-0.7,10.1,0.07,15.54
296,9,5.31,-0.5,9.9,0.08,16.05
296,10,5.65,0.8,10.0,0.18,16.54
296,11,6.09,1.5,10.3,0.18,15.56
296,12,6.49,2.0,10.2,0.16,16.27
296,13,6.77,2.4,10.6,0.11,16.16
296,14,6.97,2.6,11.2,0.08,16.23
296,15,6.72,2.7,11.2,0.08,15.3
296,16,6.53,2.5,10.7,0.12,15.2
296,17,6.05,1.6,10.1,0.11,14.65
296,18,5.47,0.3,9.6,0.13,13.82
296,19,5.04,-0.4,9.2,0.11,13.61
296,20,4.71,-1.3,9.1,0.07,13.01
296,21,4.55,-1.8,9.5,0.05,12.6
296,22,4.42,-1.9,9.4,0.07,12.55
296,23,4.24,-1.7,9.6,0.07,13.2
297,0,3.94,-1.6,9.7,0.06,13.01
297,1,3.79,-1.7,9.8,0.06,12.98
297,2,3.63,-2.0,9.9,0.07,13.06
297,3,3.33,-1.9,9.2,0.06,12.82
297,4,3.13,-2.2,8.8,0.05,12.32
297,5,3.17,-2.6,8.9,0.06,12.33
297,6,3.19,-3.0,9.6,0.04,12.23
297,7,3.09,-3.3,9.3,0.02,12.37
297,8,2.99,-3.4,9.2,0.01,11.95
297,9,3.05,-2.7,9.4,0.01,11.66
297,10,3.8,-1.1,9.9,0.01,11.57
297,11,4.67,0.1,10.4,0.02,10.4
297,12,5.46,0.7,11.6,0.03,11.33
297,13,5.95,1.3,12.0,0.01,10.61
297,14,6.24,1.9,12.5,0.01,11.07
297,15,5.9,0.8,12.6,0.0,11.17
297,16,5.79,1.2,11.6,0.01,10.7
297,17,5.32,0.8,10.9,0.01,11.21
297,18,4.7,-0.5,9.8,0.02,12.38
297,19,4.67,-0.1,9.6,0.02,12.5
297,20,4.78,0.7,9.9,0.06,12.43
297,21,4.73,0.9,9.6,0.09,12.95
297,22,4.72,1.3,9.3,0.03,13.05
297,23,4.66,0.6,9.1,0.03,13.0
298,0,4.7,0.8,9.0,0.05,13.47
298,1,4.65,0.6,9.1,0.05,12.92
298,2,4.61,-0.7,9.1,0.07,13.05
298,3,4.409,-0.2,9.3,0.055,13.109
298,4,4.47,-0.2,9.4,0.09,12.76
298,5,4.52,0.0,9.6,0.17,12.97
298,6,4.74,0.2,9.7,0.08,12.6
298,7,4.83,0.6,9.8,0.04,12.86
298,8,4.77,0.8,9.8,0.15,13.53
298,9,4.89,0.6,9.9,0.1,13.35
298,10,5.39,1.2,10.3,0.14,13.89
298,11,5.82,1.3,10.8,0.21,14.35
298,12,6.2,1.1,11.3,0.15,14.81
298,13,6.58,1.0,11.6,0.14,14.81
298,14,6.74,1.4,11.6,0.17,14.91
298,15,6.52,1.9,10.8,0.16,15.24
298,16,6.56,1.5,11.1,0.07,15.39
298,17,6.38,1.1,10.6,0.06,15.82
298,18,6.11,0.7,10.8,0.07,16.57
298,19,6.08,0.6,11.1,0.1,17.1
298,20,5.94,0.4,10.9,0.18,17.45
298,21,5.81,0.5,10.2,0.14,17.38
298,22,5.68,0.3,10.2,0.24,17.07
298,23,5.72,0.5,10.2,0.28,17.26
299,0,5.78,0.4,10.0,0.32,16.4
299,1,5.84,0.4,10.2,0.41,16.07
299,2,5.87,0.4,10.1,0.46,16.1
299,3,6.073,0.9,10.3,0.418,15.591
299,4,5.86,1.1,10.3,0.16,15.6
299,5,5.97,1.1,10.3,0.18,15.84
299,6,5.99,1.1,10.0,0.11,15.21
299,7,5.97,1.2,9.7,0.14,14.99
299,8,5.93,1.2,9.8,0.13,14.87
299,9,6.07,1.2,10.0,0.13,14.71
299,10,6.32,1.2,10.5,0.22,14.9
299,11,6.65,1.2,10.9,0.17,15.01
299,12,6.8,1.2,11.5,0.16,14.0
299,13,6.82,1.1,11.6,0.32,12.37
299,14,6.88,1.1,11.6,0.38,12.32
299,15,6.52,0.7,11.4,0.37,13.02
299,16,6.33,0.3,11.7,0.28,13.48
299,17,6.02,0.1,11.1,0.26,12.71
299,18,5.77,-0.4,10.5,0.18,12.62
299,19,5.62,-0.9,10.2,0.09,12.58
299,20,5.4,-1.4,10.0,0.04,12.34
299,21,5.19,-1.9,10.0,0.06,11.94
299,22,4.97,-2.1,9.9,0.08,11.33
299,23,4.82,-2.3,9.8,0.15,11.08
300,0,4.73,-2.2,9.8,0.06,11.17
300,1,4.72,-2.0,9.7,0.02,11.46
300,2,4.64,-1.9,9.6,0.01,11.68
300,3,4.933,-1.7,9.7,0.033,11.617
300,4,4.57,-1.6,9.8,0.16,12.26
300,5,4.65,-1.7,9.9,0.12,13.23
300,6,4.56,-2.1,10.0,0.06,13.13
300,7,4.4,-2.1,10.2,0.12,13.5
300,8,4.38,-1.8,10.1,0.09,13.7
300,9,4.49,-2.2,10.5,0.1,14.26
300,10,4.91,-2.2,10.9,0.04,14.95
300,11,5.36,-1.3,11.3,0.09,15.41
300,12,5.72,-0.3,11.5,0.17,16.06
300,13,6.0,0.5,11.6,0.18,16.69
300,14,5.93,0.6,10.7,0.26,16.36
300,15,5.79,0.8,10.8,0.35,16.23
300,16,5.63,0.3,10.7,0.33,15.51
300,17,5.42,-0.2,10.6,0.34,15.62
300,18,5.35,-0.5,10.6,0.29,15.76
300,19,5.18,-0.7,10.3,0.14,15.29
300,20,5.25,-0.9,10.0,0.05,14.86
300,21,5.23,-1.2,9.8,0.03,14.73
300,22,5.03,-2.2,9.9,0.03,15.44
300,23,4.83,-2.6,9.8,0.14,15.75
301,0,4.69,-2.8,10.1,0.22,15.47
301,1,4.41,-3.2,9.9,0.41,15.44
301,2,4.16,-2.3,9.9,0.32,13.75
301,3,3.555,-3.5,10.1,0.1,15.191
301,4,4.02,-1.4,10.1,0.09,14.42
301,5,4.16,-1.6,9.4,0.13,14.61
301,6,4.18,-1.9,8.6,0.08,14.74
301,7,3.96,-2.7,8.5,0.02,14.33
301,8,3.87,-2.4,8.8,0.05,13.58
301,9,4.52,-0.5,9.2,0.1,13.71
301,10,5.2,-0.2,9.8,0.17,14.3
301,11,5.77,0.2,10.2,0.2,15.22
301,12,6.08,0.7,10.6,0.21,14.85
301,13,6.32,1.3,10.8,0.17,15.12
301,14,6.38,1.6,11.3,0.22,14.26
301,15,6.11,1.2,11.5,0.3,13.0
301,16,5.58,0.1,11.1,0.44,12.33
301,17,5.26,-1.3,10.8,0.14,12.89
301,18,5.02,-1.7,10.7,0.19,13.31
301,19,4.89,-2.0,10.4,0.21,14.15
301,20,4.71,-2.4,10.3,0.2,15.02
301,21,4.37,-2.6,10.5,0.13,14.92
301,22,4.23,-2.8,10.8,0.13,14.61
301,23,4.2,-2.9,10.9,0.18,13.57
302,0,4.16,-3.2,10.8,0.16,13.0
302,1,4.09,-3.4,10.6,0.14,12.65
302,2,3.83,-3.8,10.3,0.09,12.25
302,3,3.033,-4.4,10.4,0.05,10.983
302,4,3.44,-4.2,10.4,0.02,11.71
302,5,3.15,-4.2,10.3,0.03,11.6
302,6,2.99,-4.2,10.3,0.03,12.06
302,7,2.77,-4.1,10.2,0.02,12.61
302,8,2.77,-4.2,10.3,0.01,12.44
302,9,3.41,-3.0,10.4,0.02,13.4
302,10,4.32,-1.7,10.5,0.03,14.08
302,11,5.05,-0.8,10.6,0.22,14.46
302,12,5.52,-0.2,11.3,0.18,15.94
302,13,5.86,0.1,11.7,0.07,15.25
302,14,5.55,-0.1,11.8,0.07,15.42
302,15,5.42,-0.3,12.0,0.06,15.59
302,16,4.86,-2.0,11.8,0.03,14.8
302,17,4.21,-2.6,11.0,0.04,14.43
302,18,4.11,-2.2,10.4,0.02,14.36
302,19,4.16,-2.6,10.0,0.01,14.72
302,20,4.25,-2.8,9.1,0.04,15.96
302,21,4.3,-2.9,9.0,0.03,16.41
302,22,4.06,-2.8,9.0,0.02,16.25
302,23,3.9,-2.8,9.1,0.02,15.85
303,0,3.8,-2.9,9.6,0.01,16.1
303,1,3.75,-3.1,9.6,0.04,16.58
303,2,3.97,-2.9,9.4,0.01,16.16
303,3,4.033,-3.2,9.3,0.017,16.625
303,4,3.86,-3.4,9.2,0.01,15.44
303,5,3.68,-3.3,8.9,0.02,15.42
303,6,3.74,-2.8,8.7,0.02,15.84
303,7,3.73,-3.0,8.8,0.03,15.53
303,8,3.66,-3.6,8.7,0.0,15.49
303,9,3.98,-2.8,8.7,0.0,15.88
303,10,4.61,-1.5,9.1,0.0,16.92
303,11,5.09,-0.2,9.8,0.01,17.7
303,12,5.44,0.7,10.4,0.01,17.24
303,13,5.62,0.8,10.5,0.0,16.41
303,14,5.36,0.8,9.8,0.02,16.34
303,15,5.03,0.5,9.2,0.1,16.19
303,16,4.41,-1.7,8.8,0.1,15.5
303,17,4.06,-2.6,8.4,0.11,15.07
303,18,3.83,-2.3,8.3,0.09,15.33
303,19,3.64,-2.6,7.6,0.11,15.47
303,20,3.85,-0.9,7.9,0.11,15.69
303,21,3.7,-1.2,7.8,0.08,15.38
303,22,3.68,-1.4,7.7,0.12,15.6
303,23,3.67,-0.9,7.8,0.05,15.75
304,0,3.68,-1.1,7.9,0.03,15.31
304,1,3.54,-0.6,7.8,0.02,14.41
304,2,3.44,-0.6,7.8,0.01,13.82
304,3,3.964,-0.8,8.2,0.027,13.236
304,4,3.58,-0.9,7.7,0.09,14.23
304,5,3.46,-1.3,7.4,0.2,14.26
304,6,3.24,-1.3,7.2,0.14,14.15
304,7,3.18,-1.3,7.1,0.17,13.07
304,8,3.18,-1.4,6.9,0.17,13.1
304,9,3.72,-0.9,6.7,0.11,13.52
304,10,4.55,-0.1,7.5,0.17,12.96
304,11,5.4,0.6,8.3,0.05,13.93
304,12,5.92,1.1,9.2,0.03,14.55
304,13,6.27,1.3,9.8,0.05,14.24
304,14,6.06,1.5,9.3,0.06,13.04
304,15,5.93,1.1,9.3,0.09,12.69
304,16,5.62,-0.2,9.2,0.2,12.53
304,17,5.24,-1.6,9.1,0.11,12.73
304,18,5.13,-2.3,9.5,0.13,13.24
304,19,5.03,-2.9,9.9,0.33,13.62
304,20,5.0,-3.1,10.0,0.3,14.35
304,21,4.82,-3.1,9.8,0.3,14.1
304,22,4.46,-3.7,9.7,0.28,13.21
304,23,4.31,-3.7,9.3,0.21,13.39
305,0,4.09,-3.5,9.2,0.14,12.38
305,1,3.9,-3.0,8.8,0.14,11.47
305,2,4.04,-2.6,8.9,0.15,11.15
305,3,4.14,-2.4,9.1,0.15,11.12
305,4,4.27,-1.7,8.9,0.18,10.59
305,5,4.33,-1.3,8.9,0.23,11.16
305,6,4.38,-0.9,8.8,0.15,10.62
305,7,4.29,-1.0,8.8,0.16,11.04
305,8,4.49,-0.9,8.9,0.14,11.41
305,9,4.84,-0.2,9.1,0.14,11.38
305,10,5.26,1.2,9.5,0.17,10.12
305,11,5.56,1.7,9.6,0.17,11.58
305,12,5.75,1.9,9.9,0.07,11.63
305,13,5.85,1.7,10.2,0.04,11.51
305,14,5.81,1.7,10.4,0.08,11.35
305,15,5.47,1.4,10.0,0.21,11.04
305,16,4.69,0.6,9.1,0.08,10.35
305,17,4.25,-0.1,8.6,0.05,10.04
305,18,3.81,-1.2,8.5,0.11,10.71
305,19,3.69,-1.5,8.2,0.03,12.1
305,20,3.8,-1.8,7.5,0.04,12.82
305,21,3.62,-2.2,7.6,0.02,12.78
305,22,3.44,-2.3,7.5,0.02,13.11
305,23,3.42,-2.3,7.4,0.07,13.15
306,0,3.62,-2.1,7.5,0.03,13.74
306,1,3.7,-2.0,7.4,0.04,14.66
306,2,3.9,-1.0,7.3,0.08,15.24
306,3,3.99,-0.3,7.6,0.17,15.67
306,4,4.06,0.6,8.1,0.08,15.71
306,5,4.07,0.7,8.3,0.08,15.99
306,6,3.99,0.6,8.4,0.05,16.38
306,7,3.84,0.4,8.4,0.07,16.49
306,8,3.66,0.0,8.4,0.11,16.4
306,9,3.93,0.3,8.4,0.16,16.84
306,10,4.4,0.3,8.5,0.17,18.22
306,11,4.71,0.5,8.5,0.16,18.94
306,12,4.98,0.6,8.7,0.33,18.95
306,13,5.19,0.6,8.8,0.2,18.36
306,14,5.01,0.5,8.4,0.26,17.97
306,15,4.87,0.4,8.5,0.23,17.27
306,16,4.67,0.2,8.6,0.15,16.19
306,17,4.54,-0.1,9.1,0.15,16.15
306,18,4.64,-0.3,9.3,0.28,15.88
306,19,4.5,-0.4,9.7,0.17,15.43
306,20,4.31,-1.6,10.0,0.15,15.52
306,21,4.3,-0.7,9.7,0.15,16.0
306,22,4.16,-1.6,9.3,0.11,15.24
306,23,4.22,-1.0,9.9,0.09,14.42
307,0,4.28,-1.1,10.2,0.07,13.76
307,1,4.41,-1.0,10.8,0.05,13.57
307,2,4.15,-0.9,9.1,0.04,12.79
307,3,4.25,-1.2,9.5,0.08,13.17
307,4,4.2,-1.1,9.8,0.16,13.98
307,5,4.19,-0.9,10.7,0.22,14.74
307,6,4.36,-0.9,11.3,0.21,14.72
307,7,4.37,-1.3,11.5,0.07,15.46
307,8,4.31,-1.5,10.5,0.08,14.83
307,9,4.59,-1.1,10.0,0.04,14.39
307,10,5.12,-0.8,10.4,0.07,14.57
307,11,5.56,-0.5,10.9,0.12,14.81
307,12,5.78,-0.2,11.0,0.11,14.84
307,13,5.99,-0.1,10.9,0.16,14.37
307,14,5.75,-0.1,10.8,0.19,13.57
307,15,5.56,-0.3,10.5,0.15,13.4
307,16,5.05,-0.8,9.9,0.15,13.19
307,17,4.7,-1.3,9.2,0.1,12.89
307,18,4.5,-1.5,9.0,0.04,13.4
307,19,4.32,-1.6,8.6,0.02,13.38
307,20,4.28,-1.7,8.4,0.05,13.03
307,21,4.3,-1.9,8.2,0.07,13.16
307,22,4.22,-2.0,7.9,0.03,12.79
307,23,4.1,-2.2,7.6,0.05,13.03
308,0,4.09,-2.4,7.3,0.04,12.8
308,1,4.08,-2.5,7.7,0.01,12.37
308,2,4.05,-2.6,7.9,0.0,12.57
308,3,3.9,-2.6,7.5,0.01,13.07
308,4,3.8,-2.6,7.3,0.0,13.1
308,5,3.7,-2.5,7.1,0.0,12.82
308,6,3.67,-2.5,7.3,0.01,13.09
308,7,3.83,-2.4,7.3,0.02,13.24
308,8,4.11,-2.3,7.7,0.05,13.49
308,9,4.47,-1.6,8.4,0.1,14.06
308,10,5.05,-1.3,9.0,0.28,15.71
308,11,5.56,-1.0,9.3,0.19,15.9
308,12,5.93,-0.6,9.4,0.09,16.04
308,13,6.14,-0.2,9.4,0.04,16.87
308,14,6.02,-0.1,9.3,0.11,16.07
308,15,5.76,-0.3,9.1,0.28,15.73
308,16,5.22,-0.8,8.9,0.28,15.13
308,17,4.7,-1.4,8.8,0.12,15.58
308,18,4.58,-1.7,9.1,0.08,14.94
308,19,4.67,-1.9,9.5,0.17,15.34
308,20,4.74,-2.2,9.8,0.11,14.72
308,21,4.65,-1.9,10.1,0.11,14.84
308,22,4.56,-2.1,10.4,0.12,14.7
308,23,4.45,-2.4,10.7,0.12,14.96
309,0,4.32,-2.6,10.9,0.03,13.97
309,1,4.26,-2.9,11.2,0.06,13.59
309,2,4.45,-2.7,11.4,0.04,13.62
309,3,4.32,-2.8,11.4,0.07,12.82
309,4,4.37,-2.8,11.4,0.19,13.37
309,5,4.5,-2.9,11.2,0.12,13.77
309,6,4.58,-2.8,11.2,0.13,13.87
309,7,4.66,-3.0,11.1,0.18,13.72
309,8,4.8,-3.0,11.1,0.2,13.48
309,9,4.96,-3.2,10.9,0.1,14.17
309,10,5.22,-2.8,11.1,0.08,14.54
309,11,5.52,-2.3,11.2,0.03,14.79
309,12,5.79,-2.0,11.4,0.05,15.88
309,13,5.92,-1.9,11.4,0.02,16.18
309,14,5.36,-1.8,11.0,0.01,14.26
309,15,5.25,-2.0,10.7,0.06,15.55
309,16,4.94,-2.3,10.5,0.04,15.8
309,17,4.63,-2.6,10.6,0.03,15.05
309,18,4.54,-2.8,10.1,0.01,15.51
309,19,4.54,-2.9,10.4,0.0,15.47
309,20,4.53,-3.2,10.7,0.0,14.76
309,21,4.32,-3.7,10.7,0.03,14.19
309,22,4.19,-3.8,10.6,0.14,14.03
309,23,4.2,-3.9,10.5,0.16,13.94
310,0,4.22,-4.0,10.4,0.13,14.0
310,1,4.31,-4.1,10.5,0.09,14.21
310,2,4.35,-4.3,10.4,0.12,14.9
310,3,4.48,-4.4,10.5,0.15,14.78
310,4,4.47,-4.5,10.5,0.15,14.71
310,5,4.42,-4.5,9.6,0.05,14.58
310,6,4.35,-4.7,9.2,0.0,14.73
310,7,4.24,-5.0,9.0,0.0,14.44
310,8,4.17,-5.1,9.7,0.0,13.86
310,9,4.47,-4.7,10.2,0.03,13.53
310,10,5.07,-4.2,10.7,0.01,13.18
310,11,5.65,-3.3,11.1,0.03,13.37
310,12,6.18,-2.6,11.4,0.03,13.15
310,13,6.51,-2.4,11.7,0.06,12.74
310,14,6.19,-2.2,11.3,0.05,12.93
310,15,5.94,-2.3,11.1,0.1,13.03
310,16,5.38,-2.6,10.4,0.02,13.24
310,17,5.07,-2.8,10.2,0.02,13.22
310,18,4.81,-3.3,10.2,0.01,13.73
310,19,4.54,-3.6,10.0,0.02,13.89
310,20,4.44,-3.6,9.9,0.02,14.49
310,21,4.33,-4.0,10.2,0.02,15.12
310,22,4.25,-4.2,10.4,0.02,14.9
310,23,4.21,-4.2,10.0,0.07,15.01
311,0,4.07,-4.2,9.8,0.08,14.89
311,1,4.07,-4.3,9.9,0.01,14.58
311,2,4.19,-4.3,9.7,0.05,14.06
311,3,4.01,-4.3,9.7,0.05,13.3
311,4,3.82,-4.3,9.7,0.0,13.13
311,5,3.71,-4.3,9.7,0.02,13.11
311,6,3.66,-4.3,9.6,0.01,12.8
311,7,3.67,-4.3,9.7,0.0,12.61
311,8,3.75,-4.4,9.6,0.0,12.64
311,9,3.94,-4.4,9.7,0.02,12.12
311,10,4.55,-4.1,10.1,0.11,13.55
311,11,5.24,-3.8,10.5,0.06,13.55
311,12,5.69,-3.5,10.9,0.04,13.48
311,13,5.91,-3.4,11.1,0.06,13.79
311,14,5.68,-3.3,10.9,0.09,13.34
311,15,5.45,-3.3,10.6,0.26,13.67
311,16,4.96,-3.6,10.4,0.25,13.77
311,17,4.67,-3.8,10.2,0.27,13.83
311,18,4.56,-3.8,10.1,0.2,14.16
311,19,4.51,-3.9,9.7,0.09,14.21
311,20,4.41,-4.2,9.8,0.08,14.07
311,21,4.28,-4.4,9.3,0.16,13.84
311,22,4.13,-4.6,9.0,0.14,13.82
311,23,4.14,-4.7,8.6,0.11,13.46
312,0,4.08,-4.8,8.2,0.06,13.14
312,1,3.91,-5.0,7.7,0.09,12.47
312,2,3.72,-5.3,7.7,0.09,12.72
312,3,3.56,-5.5,7.9,0.27,12.72
312,4,3.42,-5.9,8.1,0.24,12.31
312,5,3.47,-6.2,8.2,0.15,12.89
312,6,3.33,-6.5,8.1,0.12,12.91
312,7,3.16,-6.6,8.2,0.14,12.64
312,8,3.04,-6.8,7.8,0.09,12.37
312,9,3.26,-6.2,8.1,0.04,12.27
312,10,3.74,-6.0,8.2,0.03,12.0
312,11,4.2,-5.9,8.6,0.03,12.81
312,12,4.44,-5.7,9.2,0.04,14.08
312,13,4.61,-5.5,9.2,0.03,13.56
312,14,4.38,-5.2,8.5,0.02,12.77
312,15,4.07,-5.1,8.3,0.02,12.68
312,16,3.42,-5.1,8.0,0.02,12.17
312,17,3.21,-5.1,7.9,0.03,11.68
312,18,2.99,-5.0,7.9,0.02,11.84
312,19,2.78,-4.6,7.8,0.04,12.39
312,20,2.94,-4.3,7.7,0.08,12.2
312,21,2.81,-4.4,7.6,0.12,11.48
312,22,2.8,-4.2,7.6,0.08,11.32
312,23,2.95,-4.0,7.9,0.05,11.28
313,0,2.89,-3.9,7.8,0.05,11.19
313,1,2.9,-3.9,7.8,0.12,11.62
313,2,2.81,-4.1,7.8,0.13,11.32
313,3,2.83,-4.4,7.5,0.11,11.25
313,4,2.96,-4.4,7.1,0.12,11.5
313,5,3.19,-4.5,7.0,0.2,11.7
313,6,3.4,-4.8,7.1,0.1,11.75
313,7,3.43,-5.7,7.1,0.14,11.53
313,8,3.61,-5.4,7.2,0.04,11.14
313,9,4.02,-4.4,8.8,0.06,12.42
313,10,4.53,-2.7,9.2,0.04,12.78
313,11,4.96,-2.3,9.3,0.09,12.9
313,12,5.31,-2.0,9.4,0.08,12.73
313,13,5.72,-1.7,9.7,0.07,13.1
313,14,5.4,-1.6,9.7,0.05,12.23
313,15,5.16,-1.7,9.7,0.07,11.97
313,16,4.79,-1.9,9.5,0.07,11.58
313,17,4.59,-1.9,9.5,0.03,11.29
313,18,4.51,-1.9,9.2,0.04,11.43
313,19,4.32,-1.8,9.2,0.08,11.82
313,20,4.41,-2.1,9.5,0.08,12.01
313,21,4.36,-2.4,9.7,0.11,12.71
313,22,4.39,-2.5,9.7,0.14,12.61
313,23,4.43,-2.6,9.5,0.12,12.99
314,0,4.38,-2.7,9.3,0.13,12.93
314,1,4.37,-2.8,9.2,0.18,12.44
314,2,4.27,-3.0,8.9,0.2,12.12
314,3,4.29,-2.8,8.8,0.23,12.29
314,4,4.39,-2.5,9.0,0.26,12.48
314,5,4.46,-2.1,9.1,0.14,12.85
314,6,4.54,-1.9,9.1,0.15,13.02
314,7,4.52,-1.9,9.2,0.14,12.56
314,8,4.39,-2.3,9.2,0.19,11.47
314,9,4.49,-2.7,9.3,0.11,11.35
314,10,4.8,-3.2,9.5,0.16,11.52
314,11,5.11,-3.3,9.8,0.16,12.37
314,12,5.35,-3.2,9.9,0.16,12.07
314,13,5.47,-2.9,9.8,0.15,12.42
314,14,5.28,-2.9,9.5,0.16,11.54
314,15,5.09,-3.2,9.6,0.17,11.72
314,16,4.79,-3.7,8.9,0.21,12.28
314,17,4.7,-4.3,8.9,0.13,12.46
314,18,4.59,-4.8,8.8,0.09,12.88
314,19,4.59,-5.2,8.8,0.06,12.71
314,20,4.44,-5.6,8.7,0.08,11.79
314,21,4.5,-5.1,8.6,0.03,11.04
314,22,4.4,-5.2,8.6,0.04,12.01
314,23,4.07,-5.6,8.4,0.04,11.71
315,0,3.96,-5.7,8.6,0.02,11.22
315,1,3.95,-5.9,8.7,0.03,11.14
315,2,3.79,-6.0,9.0,0.02,10.86
315,3,3.61,-6.1,8.5,0.03,11.54
315,4,3.69,-6.0,9.0,0.05,11.99
315,5,3.71,-6.0,9.3,0.07,11.73
315,6,3.58,-6.1,9.2,0.12,11.91
315,7,3.6,-6.2,9.4,0.06,12.05
315,8,3.54,-6.3,9.7,0.03,11.84
315,9,3.68,-6.4,10.1,0.14,12.37
315,10,4.07,-6.1,10.5,0.14,12.31
315,11,4.35,-5.8,10.9,0.19,12.33
315,12,4.62,-5.5,11.0,0.2,13.12
315,13,4.83,-5.4,11.2,0.23,13.71
315,14,4.62,-5.4,11.1,0.21,13.01
315,15,4.51,-5.5,11.3,0.3,12.22
315,16,4.35,-5.9,11.4,0.27,11.61
315,17,4.33,-6.4,11.5,0.19,11.58
315,18,4.23,-6.8,10.5,0.17,12.04
315,19,4.1,-7.1,10.0,0.1,11.99
315,20,4.09,-7.3,9.6,0.08,12.44
315,21,4.12,-6.9,9.8,0.06,12.61
315,22,4.13,-7.2,10.4,0.14,12.83
315,23,4.11,-7.4,10.4,0.19,12.95
316,0,3.97,-7.5,10.0,0.17,13.4
316,1,3.84,-7.6,10.5,0.15,13.95
316,2,3.74,-7.6,11.1,0.17,13.88
316,3,3.66,-7.6,11.3,0.08,14.17
316,4,3.63,-7.5,11.6,0.16,13.85
316,5,3.5,-7.4,11.2,0.17,12.76
316,6,3.53,-7.1,11.7,0.09,13.41
316,7,3.66,-6.7,11.8,0.05,14.34
316,8,3.96,-6.0,12.4,0.03,14.49
316,9,4.32,-4.2,12.7,0.05,14.9
316,10,4.83,-3.2,13.2,0.05,15.71
316,11,5.2,-2.1,13.3,0.09,15.8
316,12,5.37,-1.2,13.1,0.14,15.52
316,13,5.48,-0.6,12.9,0.16,15.69
316,14,5.17,-0.4,12.7,0.15,14.77
316,15,4.84,-0.6,12.1,0.14,15.44
316,16,4.47,-0.8,11.3,0.14,15.67
316,17,4.33,-1.0,10.8,0.12,16.19
316,18,4.28,-0.9,10.4,0.09,16.46
316,19,4.14,-1.0,10.1,0.07,16.29
316,20,4.04,-0.9,9.8,0.16,16.15
316,21,3.98,-1.2,9.6,0.19,15.93
316,22,3.93,-1.2,9.4,0.21,15.81
316,23,3.88,-1.2,9.1,0.4,16.03
317,0,3.83,-1.3,8.9,0.41,15.78
317,1,3.76,-1.2,8.6,0.44,15.62
317,2,3.72,-1.3,8.1,0.33,15.11
317,3,3.77,-1.1,7.8,0.16,14.92
317,4,3.64,-1.0,8.1,0.23,14.53
317,5,3.52,-1.1,8.3,0.32,14.12
317,6,3.46,-1.1,8.7,0.46,13.67
317,7,3.35,-1.2,8.7,0.21,13.28
317,8,3.32,-0.9,9.1,0.26,12.4
317,9,3.44,-0.6,9.2,0.19,12.15
317,10,3.85,-0.3,9.2,0.17,12.1
317,11,4.17,0.0,9.4,0.17,12.62
317,12,4.41,0.3,9.4,0.15,12.45
317,13,4.59,0.4,9.8,0.08,13.02
317,14,4.62,0.4,9.7,0.15,13.33
317,15,4.49,0.3,9.8,0.15,12.41
317,16,4.24,0.0,9.3,0.11,11.7
317,17,4.19,-0.2,8.9,0.1,12.04
317,18,4.01,-0.3,8.2,0.14,11.76
317,19,3.75,-0.4,6.8,0.19,11.9
317,20,3.42,-0.6,6.9,0.16,11.03
317,21,3.15,-0.7,7.0,0.16,10.26
317,22,3.11,-1.1,7.1,0.07,9.96
317,23,2.9,-1.6,7.2,0.05,9.84
318,0,2.61,-2.3,7.4,0.03,10.06
318,1,2.47,-2.9,7.5,0.04,9.91
318,2,2.35,-3.6,7.4,0.03,9.51
318,3,2.26,-3.9,7.9,0.0,9.78
318,4,2.27,-4.3,8.0,0.0,9.99
318,5,2.23,-4.6,7.9,0.0,10.1
318,6,2.3,-4.7,8.0,0.0,10.22
318,7,2.21,-4.9,8.1,0.01,10.74
318,8,2.21,-4.9,8.2,0.14,10.9
318,9,2.35,-4.4,8.2,0.18,11.16
318,10,2.97,-4.2,8.6,0.01,11.77
318,11,3.55,-3.5,8.6,0.1,11.54
318,12,3.93,-2.7,9.0,0.06,11.49
318,13,4.16,-1.9,9.4,0.02,11.55
318,14,4.11,-1.6,9.2,0.02,12.06
318,15,3.79,-1.6,9.3,0.01,11.19
318,16,3.13,-1.9,9.3,0.02,11.27
318,17,2.66,-1.8,8.7,0.02,11.89
318,18,2.14,-1.8,6.9,0.0,11.86
318,19,1.84,-2.1,6.3,0.0,11.62
318,20,1.61,-2.5,6.3,0.0,11.02
318,21,1.6,-2.7,6.2,0.0,11.65
318,22,1.67,-2.9,6.1,0.01,11.83
318,23,1.61,-3.0,6.0,0.01,10.87
319,0,1.44,-3.0,6.1,0.0,11.16
319,1,1.58,-3.0,6.2,0.01,10.73
319,2,1.57,-3.7,6.3,0.04,10.17
319,3,1.61,-4.6,6.4,0.1,10.56
319,4,1.66,-4.4,6.2,0.11,11.21
319,5,1.53,-4.2,6.1,0.02,10.9
319,6,1.4,-4.2,5.9,0.02,11.17
319,7,1.11,-4.1,5.4,0.0,11.08
319,8,1.04,-4.2,5.6,0.0,11.95
319,9,1.31,-3.0,6.0,0.0,12.23
319,10,2.05,-1.7,6.8,0.0,12.75
319,11,2.78,-0.5,7.3,0.0,13.2
319,12,3.2,-0.5,7.7,0.0,13.39
319,13,3.39,-0.6,7.8,0.0,13.21
319,14,3.0,-0.7,7.9,0.0,14.22
319,15,2.96,-0.6,7.5,0.0,14.23
319,16,2.75,-0.5,7.3,0.0,13.45
319,17,2.64,-0.5,7.3,0.0,14.24
319,18,2.69,-1.2,7.5,0.0,14.7
319,19,2.76,-2.0,7.6,0.02,14.47
319,20,2.88,-1.7,7.7,0.04,14.3
319,21,2.87,-1.3,7.7,0.07,14.13
319,22,2.92,-1.0,7.4,0.05,14.69
319,23,2.88,-0.9,7.4,0.05,15.01
320,0,2.78,-0.9,7.4,0.07,15.08
320,1,2.76,-0.8,7.5,0.08,15.12
320,2,2.65,-0.8,7.8,0.09,15.22
320,3,2.61,-2.4,7.9,0.08,14.95
320,4,2.65,-3.3,8.0,0.05,15.07
320,5,2.69,-3.4,8.1,0.03,15.24
320,6,2.68,-3.6,8.1,0.02,14.97
320,7,2.7,-4.2,8.2,0.02,15.03
320,8,2.7,-4.5,8.3,0.01,14.8
320,9,2.87,-4.4,8.3,0.03,14.58
320,10,3.16,-3.9,8.5,0.02,14.81
320,11,3.59,-3.2,8.8,0.01,15.32
320,12,3.93,-2.6,9.2,0.03,15.18
320,13,4.16,-2.3,9.5,0.05,14.77
320,14,3.8,-2.1,9.9,0.0,14.57
320,15,3.54,-2.5,9.5,0.01,14.67
320,16,3.18,-2.7,8.4,0.02,14.83
320,17,3.0,-3.0,8.3,0.01,14.5
320,18,2.96,-3.1,8.2,0.0,14.93
320,19,2.92,-3.3,7.9,0.02,14.72
320,20,2.83,-3.5,7.9,0.03,13.68
320,21,2.74,-3.7,7.7,0.02,13.18
320,22,2.81,-4.1,7.5,0.03,13.42
320,23,2.85,-4.4,7.2,0.03,13.64
321,0,2.9,-4.5,7.3,0.04,13.82
321,1,3.02,-4.7,7.4,0.04,14.13
321,2,2.82,-4.9,7.9,0.07,14.78
321,3,2.67,-6.4,7.9,0.08,14.96
321,4,2.73,-6.7,7.7,0.16,15.18
321,5,2.82,-6.9,7.4,0.17,15.07
321,6,2.83,-6.9,6.9,0.22,15.17
321,7,2.99,-6.5,6.6,0.24,15.74
321,8,3.09,-6.3,6.5,0.19,16.74
321,9,3.22,-6.0,7.2,0.24,17.03
321,10,3.61,-4.9,7.9,0.19,16.38
321,11,3.82,-3.5,7.8,0.1,16.21
321,12,4.02,-2.5,7.5,0.04,15.95
321,13,4.14,-2.0,7.5,0.05,15.24
321,14,3.8,-2.2,7.3,0.04,15.24
321,15,3.59,-3.6,7.3,0.04,14.87
321,16,3.1,-6.1,7.2,0.05,14.7
321,17,3.01,-6.3,7.3,0.03,15.27
321,18,3.01,-5.6,7.3,0.03,15.1
321,19,2.98,-5.5,7.4,0.03,15.29
321,20,2.77,-6.1,7.4,0.02,15.44
321,21,2.73,-5.6,7.4,0.03,15.34
321,22,2.5,-6.0,7.4,0.14,15.34
321,23,2.56,-4.9,7.6,0.04,15.15
322,0,2.52,-4.8,7.6,0.09,15.48
322,1,2.59,-3.1,7.5,0.24,15.1
322,2,2.67,-1.6,6.7,0.25,15.29
322,3,2.66,-1.9,6.5,0.29,15.29
322,4,2.65,-2.4,6.9,0.32,15.1
322,5,2.61,-2.7,8.0,0.29,14.92
322,6,2.46,-2.5,8.7,0.15,14.49
322,7,2.61,-2.3,9.1,0.11,13.17
322,8,2.32,-2.0,9.2,0.11,12.58
322,9,2.45,-2.0,9.1,0.09,12.45
322,10,2.93,-1.6,9.0,0.08,12.89
322,11,3.34,-1.0,9.0,0.09,13.08
322,12,3.49,-0.9,9.2,0.05,14.84
322,13,3.46,-1.3,9.3,0.01,15.67
322,14,3.2,-2.3,9.3,0.0,15.45
322,15,2.76,-2.9,9.7,0.0,15.0
322,16,2.45,-3.6,9.5,0.0,15.11
322,17,2.45,-3.8,9.5,0.03,15.54
322,18,2.39,-3.9,9.7,0.05,16.34
322,19,2.29,-3.8,9.9,0.07,16.33
322,20,2.08,-4.5,10.1,0.14,16.78
322,21,1.92,-4.9,10.2,0.14,16.75
322,22,1.81,-5.1,10.3,0.19,16.66
322,23,1.67,-5.4,10.3,0.19,16.4
323,0,1.63,-5.5,10.2,0.24,16.02
323,1,1.66,-5.5,10.1,0.28,16.53
323,2,1.38,-5.6,8.8,0.25,16.24
323,3,1.24,-5.8,8.5,0.25,15.83
323,4,1.14,-5.9,8.3,0.14,16.0
323,5,1.13,-6.1,8.3,0.11,16.02
323,6,1.02,-6.1,7.9,0.25,15.99
323,7,0.87,-6.2,8.0,0.22,15.39
323,8,0.77,-7.1,8.0,0.4,15.91
323,9,0.79,-7.4,8.2,0.18,16.28
323,10,1.33,-6.2,8.3,0.21,15.94
323,11,1.89,-4.6,8.7,0.26,15.99
323,12,2.23,-3.9,9.3,0.23,15.6
323,13,2.46,-3.1,8.8,0.16,15.43
323,14,2.24,-2.2,8.1,0.11,14.27
323,15,1.96,-2.1,7.6,0.06,13.58
323,16,1.47,-2.5,7.1,0.08,12.94
323,17,1.51,-2.4,7.3,0.08,12.86
323,18,1.31,-2.9,6.9,0.15,13.82
323,19,1.36,-2.4,6.7,0.26,12.77
323,20,1.29,-2.3,6.6,0.11,12.33
323,21,1.28,-2.7,5.4,0.06,12.45
323,22,0.94,-3.2,5.4,0.03,12.52
323,23,0.81,-3.2,5.2,0.02,12.32
324,0,0.97,-3.4,5.0,0.05,12.49
324,1,0.81,-3.5,4.8,0.08,12.41
324,2,0.68,-3.5,5.1,0.04,12.42
324,3,0.82,-3.4,5.1,0.11,13.3
324,4,0.87,-3.4,5.2,0.06,13.61
324,5,0.69,-3.6,5.4,0.1,13.63
324,6,0.62,-3.7,5.4,0.1,13.74
324,7,0.64,-3.7,5.3,0.18,14.01
324,8,0.73,-3.6,5.4,0.23,14.2
324,9,0.74,-3.2,5.4,0.29,14.75
324,10,1.04,-2.0,5.5,0.3,16.0
324,11,1.55,-0.7,5.7,0.3,17.21
324,12,1.9,-1.0,5.7,0.24,17.0
324,13,2.14,-1.0,5.9,0.31,16.06
324,14,2.02,-1.9,5.7,0.39,16.66
324,15,1.81,-2.0,5.6,0.33,15.91
324,16,1.5,-2.0,5.4,0.36,15.88
324,17,1.39,-1.9,5.3,0.45,15.57
324,18,1.37,-2.4,5.1,0.4,15.36
324,19,1.31,-2.3,5.0,0.1,13.93
324,20,1.2,-2.7,4.8,0.08,13.95
324,21,1.02,-3.0,4.6,0.02,13.76
324,22,0.79,-3.6,4.4,0.06,13.64
324,23,0.67,-3.6,4.4,0.02,13.51
325,0,0.42,-3.6,4.3,0.06,12.58
325,1,0.4,-3.6,4.2,0.0,12.94
325,2,0.47,-3.5,4.2,0.15,13.47
325,3,0.34,-3.7,4.2,0.07,13.23
325,4,0.21,-4.4,4.3,0.05,13.2
325,5,0.27,-3.9,4.5,0.08,13.0
325,6,0.42,-3.2,4.7,0.09,12.83
325,7,0.41,-3.6,5.4,0.22,13.5
325,8,0.58,-3.3,6.3,0.07,14.2
325,9,0.61,-2.5,6.3,0.09,14.34
325,10,1.06,-2.2,6.6,0.13,15.56
325,11,1.52,-2.0,6.9,0.1,15.5
325,12,1.68,-2.1,7.0,0.14,16.17
325,13,1.73,-2.1,7.1,0.17,16.76
325,14,1.36,-2.6,7.2,0.18,14.82
325,15,1.16,-3.1,7.2,0.11,15.36
325,16,0.81,-3.3,7.1,0.12,16.29
325,17,0.46,-3.7,6.8,0.19,16.89
325,18,0.41,-4.3,6.7,0.22,16.43
325,19,0.26,-4.5,6.7,0.23,16.43
325,20,0.25,-4.5,6.5,0.28,16.22
325,21,0.24,-4.9,6.2,0.4,16.39
325,22,0.2,-5.1,6.2,0.39,15.56
325,23,0.16,-5.2,6.2,0.41,14.79
326,0,0.08,-4.8,6.1,0.27,13.77
326,1,-0.11,-4.9,5.9,0.04,13.59
326,2,-0.22,-5.8,5.9,0.04,13.83
326,3,-0.2,-4.5,5.6,0.03,13.61
326,4,-0.38,-4.7,5.8,0.02,13.67
326,5,-0.63,-5.3,5.7,0.02,13.07
326,6,-0.81,-5.5,5.5,0.02,12.4
326,7,-1.02,-6.6,5.3,0.01,11.59
326,8,-0.96,-5.7,5.1,0.01,11.23
326,9,-1.18,-7.1,4.4,0.01,11.67
326,10,-0.55,-4.4,4.4,0.0,12.44
326,11,0.03,-2.8,4.9,0.0,13.31
326,12,0.59,-2.7,5.4,0.01,13.28
326,13,0.94,-2.9,5.8,0.01,13.54
326,14,0.85,-3.2,6.1,0.01,14.18
326,15,0.39,-3.6,5.6,0.03,14.09
326,16,0.03,-4.3,5.4,0.02,14.24
326,17,0.11,-3.9,5.8,0.01,14.46
326,18,0.13,-4.2,5.5,0.02,15.22
326,19,-0.02,-4.4,5.0,0.03,14.92
326,20,0.0,-4.2,4.8,0.03,15.24
326,21,0.15,-4.0,4.4,0.06,15.58
326,22,0.21,-3.9,4.2,0.11,15.17
326,23,0.25,-3.9,4.0,0.2,15.6
327,0,0.3,-4.0,4.2,0.33,15.51
327,1,0.28,-4.6,4.3,0.37,15.53
327,2,0.17,-5.7,4.3,0.38,15.07
327,3,-0.04,-8.0,4.3,0.19,12.98
327,4,-0.06,-7.6,4.2,0.13,13.09
327,5,-0.06,-7.7,4.1,0.07,13.19
327,6,0.11,-7.1,4.2,0.03,12.59
327,7,0.16,-6.5,4.4,0.02,12.12
327,8,0.27,-5.7,4.7,0.02,13.04
327,9,0.17,-5.3,4.7,0.07,13.03
327,10,0.44,-4.7,4.7,0.21,13.2
327,11,0.96,-3.6,5.1,0.23,14.06
327,12,1.27,-3.0,5.5,0.22,13.94
327,13,1.43,-2.5,5.4,0.16,14.11
327,14,1.41,-2.2,5.5,0.11,12.51
327,15,1.16,-2.5,5.5,0.1,13.26
327,16,0.98,-2.7,5.2,0.04,13.31
327,17,0.86,-3.1,5.0,0.03,13.27
327,18,0.75,-3.8,5.4,0.02,13.89
327,19,0.65,-3.8,5.5,0.0,14.65
327,20,0.56,-3.4,5.6,0.05,14.63
327,21,0.54,-3.5,5.3,0.0,14.27
327,22,0.45,-3.6,5.3,0.0,14.17
327,23,0.62,-3.6,5.4,0.0,14.46
328,0,0.92,-3.5,5.4,0.03,14.81
328,1,1.16,-3.4,5.4,0.04,15.24
328,2,0.97,-4.9,5.4,0.04,14.85
328,3,0.66,-5.2,5.4,0.07,14.56
328,4,0.74,-5.1,5.4,0.03,14.42
328,5,0.72,-4.7,5.4,0.06,14.21
328,6,0.78,-4.3,5.5,0.03,13.87
328,7,0.82,-3.9,5.2,0.08,13.82
328,8,0.82,-3.7,5.1,0.08,13.43
328,9,0.82,-3.7,5.6,0.04,13.08
328,10,1.13,-3.5,5.8,0.02,13.61
328,11,1.59,-2.5,6.3,0.03,13.06
328,12,1.87,-1.7,6.7,0.04,13.21
328,13,1.9,-1.9,7.3,0.04,12.92
328,14,1.59,-1.9,6.8,0.02,13.19
328,15,0.87,-2.3,6.3,0.06,13.49
328,16,0.5,-2.8,6.1,0.02,13.5
328,17,0.55,-3.0,6.1,0.02,13.77
328,18,0.33,-3.4,6.0,0.01,13.19
328,19,-0.05,-4.0,5.9,0.01,12.62
328,20,-0.26,-4.6,6.0,0.01,12.32
328,21,-0.23,-4.9,5.6,0.06,12.06
328,22,-0.52,-5.1,4.7,0.11,12.18
328,23,-0.47,-5.6,4.5,0.08,12.18
329,0,-0.38,-6.1,4.2,0.09,12.72
329,1,-0.33,-6.7,4.4,0.21,13.76
329,2,-0.32,-7.1,3.6,0.34,13.76
329,3,-0.44,-7.5,3.7,0.19,13.8
329,4,-0.24,-7.9,4.3,0.14,13.74
329,5,-0.0,-7.8,4.9,0.12,13.83
329,6,0.04,-7.9,5.0,0.16,13.95
329,7,0.15,-7.7,5.1,0.18,14.26
329,8,0.24,-7.3,5.3,0.14,14.36
329,9,0.4,-7.0,5.7,0.06,14.24
329,10,0.9,-6.7,6.7,0.04,14.39
329,11,1.29,-6.5,7.1,0.05,14.02
329,12,1.36,-6.5,7.1,0.05,13.65
329,13,1.32,-6.8,7.5,0.14,12.95
329,14,0.94,-7.1,7.6,0.13,12.17
329,15,0.53,-8.4,6.6,0.23,11.54
329,16,0.4,-8.3,6.7,0.08,11.94
329,17,0.37,-8.2,7.3,0.16,11.97
329,18,0.42,-8.4,7.2,0.08,11.55
329,19,0.45,-8.4,7.2,0.05,11.24
329,20,0.48,-8.0,7.4,0.1,12.23
329,21,0.43,-7.9,7.5,0.08,12.24
329,22,0.34,-8.1,7.6,0.03,12.43
329,23,0.08,-8.7,7.2,0.08,12.01
330,0,-0.06,-9.3,7.4,0.13,12.11
330,1,-0.2,-10.2,7.3,0.11,12.07
330,2,-0.2,-10.7,7.2,0.2,11.99
330,3,-0.32,-11.0,7.2,0.25,12.41
330,4,-0.18,-11.0,7.2,0.28,12.94
330,5,-0.15,-10.8,7.1,0.29,12.75
330,6,-0.2,-10.5,7.0,0.28,12.57
330,7,-0.18,-9.9,7.1,0.31,12.41
330,8,-0.19,-9.3,7.2,0.26,12.14
330,9,-0.04,-8.8,7.2,0.21,11.74
330,10,0.41,-8.1,7.4,0.1,11.75
330,11,0.88,-7.4,7.5,0.08,11.72
330,12,1.1,-6.9,7.4,0.04,11.41
330,13,1.14,-6.6,7.2,0.03,11.39
330,14,0.83,-6.7,6.9,0.02,10.6
330,15,0.19,-7.3,5.6,0.02,10.4
330,16,-0.31,-7.5,5.0,0.0,10.73
330,17,-0.52,-7.8,4.8,0.02,11.2
330,18,-0.8,-8.4,4.8,0.04,11.18
330,19,-0.94,-8.7,5.2,0.03,11.73
330,20,-1.02,-8.9,5.4,0.07,11.94
330,21,-1.11,-8.8,5.5,0.04,12.6
330,22,-1.11,-8.8,5.3,0.01,12.61
330,23,-1.23,-9.1,5.2,0.02,12.52
331,0,-1.38,-9.3,4.8,0.04,12.04
331,1,-1.4,-9.0,4.6,0.05,12.08
331,2,-1.66,-8.7,4.4,0.06,11.88
331,3,-1.86,-8.7,4.1,0.06,12.76
331,4,-1.83,-8.7,4.0,0.06,13.04
331,5,-1.58,-8.8,4.0,0.05,13.49
331,6,-1.5,-9.0,4.1,0.05,13.81
331,7,-1.4,-9.3,4.1,0.1,14.75
331,8,-1.4,-10.4,4.6,0.05,14.6
331,9,-1.48,-11.3,4.8,0.05,14.61
331,10,-1.33,-11.3,5.0,0.08,14.64
331,11,-1.08,-11.1,5.3,0.1,14.91
331,12,-0.9,-11.1,5.3,0.07,14.34
331,13,-0.88,-11.3,5.2,0.1,14.6
331,14,-1.2,-11.2,5.0,0.09,14.26
331,15,-1.37,-11.3,5.1,0.09,14.97
331,16,-1.44,-11.2,3.9,0.07,15.54
331,17,-1.29,-10.2,3.6,0.07,16.08
331,18,-1.2,-9.8,3.6,0.07,16.48
331,19,-1.13,-9.8,3.8,0.09,16.91
331,20,-1.22,-9.6,3.7,0.11,17.46
331,21,-1.22,-9.5,3.5,0.14,17.54
331,22,-1.12,-9.8,3.8,0.21,16.97
331,23,-1.07,-10.3,3.8,0.13,16.38
332,0,-0.91,-9.6,4.1,0.17,16.13
332,1,-0.89,-9.0,3.7,0.15,15.55
332,2,-1.0,-8.4,4.4,0.14,14.88
332,3,-0.99,-8.0,4.7,0.21,15.1
332,4,-1.03,-7.2,4.4,0.19,14.31
332,5,-0.84,-6.7,4.7,0.04,13.91
332,6,-0.76,-6.6,4.8,0.1,14.47
332,7,-0.63,-6.5,5.1,0.08,15.04
332,8,-0.48,-6.3,5.8,0.11,14.83
332,9,-0.51,-6.3,5.9,0.08,14.67
332,10,-0.34,-5.9,6.1,0.15,14.45
332,11,0.02,-5.6,6.6,0.27,14.31
332,12,0.35,-5.3,7.0,0.22,14.23
332,13,0.5,-5.2,7.1,0.18,14.45
332,14,0.12,-6.6,7.0,0.19,14.45
332,15,-0.13,-6.6,7.1,0.17,14.52
332,16,-0.19,-6.6,7.2,0.22,14.57
332,17,-0.03,-6.5,7.3,0.19,14.94
332,18,0.24,-6.4,7.4,0.14,15.57
332,19,0.45,-6.3,7.6,0.1,15.49
332,20,0.65,-6.1,7.4,0.08,15.65
332,21,0.64,-5.7,7.2,0.11,14.97
332,22,0.77,-5.6,7.3,0.13,14.86
332,23,0.85,-5.4,7.5,0.11,14.47
333,0,0.73,-5.4,7.5,0.11,14.26
333,1,0.68,-5.2,7.5,0.13,14.44
333,2,0.54,-5.5,7.4,0.13,13.86
333,3,0.44,-5.5,7.1,0.08,14.43
333,4,0.34,-5.2,6.8,0.12,14.98
333,5,0.27,-5.0,6.7,0.16,14.82
333,6,0.18,-5.1,6.3,0.13,15.26
333,7,-0.03,-5.3,5.6,0.15,14.91
333,8,-0.09,-5.5,5.6,0.13,14.36
333,9,-0.02,-5.9,5.3,0.14,15.16
333,10,0.04,-5.9,5.0,0.38,15.36
333,11,0.09,-5.4,4.8,0.16,15.24
333,12,0.27,-4.8,4.9,0.1,15.31
333,13,0.41,-4.7,5.1,0.15,15.32
333,14,0.29,-5.3,5.2,0.19,14.59
333,15,0.36,-5.2,6.1,0.1,14.36
333,16,0.32,-5.3,6.0,0.11,15.03
333,17,0.39,-5.3,6.2,0.16,15.75
333,18,0.22,-5.4,6.4,0.2,17.48
333,19,0.28,-5.6,6.6,0.12,17.41
333,20,0.25,-5.6,6.7,0.1,17.26
333,21,0.27,-5.6,6.7,0.06,17.4
333,22,0.14,-5.7,6.7,0.07,17.25
333,23,0.13,-5.7,6.6,0.08,17.21
334,0,-0.07,-5.9,6.7,0.1,16.91
334,1,-0.36,-5.9,6.6,0.09,16.5
334,2,-0.82,-7.5,6.7,0.07,16.24
334,3,-0.73,-7.5,6.5,0.05,16.42
334,4,-0.77,-7.6,6.2,0.07,15.57
334,5,-0.8,-7.6,5.2,0.08,15.11
334,6,-0.83,-7.4,4.4,0.07,14.3
334,7,-0.97,-7.1,3.6,0.1,13.58
334,8,-0.95,-7.2,3.7,0.11,12.82
334,9,-0.81,-6.9,3.5,0.1,12.75
334,10,-0.51,-6.6,3.7,0.08,13.57
334,11,0.08,-6.1,4.8,0.06,13.85
334,12,0.48,-5.8,5.9,0.05,14.08
334,13,0.52,-5.8,6.1,0.09,14.33
334,14,0.19,-8.1,6.3,0.18,13.71
334,15,-0.15,-8.4,5.8,0.03,13.61
334,16,-0.52,-8.9,5.7,0.0,14.31
334,17,-0.53,-8.6,5.7,0.01,14.93
334,18,-0.44,-8.4,5.6,0.01,15.32
334,19,-0.59,-8.6,5.1,0.02,15.87
334,20,-0.66,-8.4,4.9,0.03,16.22
334,21,-0.69,-8.6,4.7,0.03,15.63
334,22,-0.77,-8.6,4.6,0.02,15.2
334,23,-0.86,-8.3,4.5,0.02,15.38
335,0,-0.87,-7.9,5.0,0.0,15.78
335,1,-0.9,-7.3,5.2,0.02,15.81
335,2,-1.06,-8.2,5.2,0.01,15.74
335,3,-0.93,-7.4,5.3,0.05,15.72
335,4,-0.87,-6.8,5.3,0.05,16.08
335,5,-0.86,-6.3,5.3,0.07,16.01
335,6,-0.84,-5.8,5.3,0.1,16.28
335,7,-0.72,-5.7,5.5,0.09,16.32
335,8,-0.62,-5.8,5.6,0.12,16.33
335,9,-0.67,-5.8,5.7,0.16,16.16
335,10,-0.52,-5.9,5.9,0.14,16.57
335,11,-0.29,-5.9,6.2,0.13,16.48
335,12,-0.04,-5.9,6.4,0.05,16.64
335,13,0.08,-6.0,6.7,0.05,16.14
335,14,-0.18,-6.5,6.8,0.09,15.74
335,15,-0.45,-7.2,6.4,0.09,15.07
335,16,-0.66,-7.9,6.4,0.03,14.53
335,17,-0.67,-8.3,6.6,0.03,14.63
335,18,-0.73,-8.8,6.7,0.03,14.37
335,19,-0.68,-8.5,6.5,0.02,13.53
335,20,-0.73,-7.6,6.4,0.01,13.0
335,21,-0.83,-6.9,6.4,0.01,12.7
335,22,-0.87,-6.8,6.4,0.02,12.23
335,23,-0.96,-7.7,6.3,0.02,11.85
336,0,-1.06,-7.4,6.0,0.04,11.99
336,1,-1.17,-7.1,5.9,0.04,11.78
336,2,-1.2,-7.2,5.9,0.02,11.6
336,3,-1.5,-8.1,6.1,0.02,11.47
336,4,-1.4,-7.9,5.8,0.02,12.08
336,5,-1.34,-8.1,5.4,0.02,12.15
336,6,-1.5,-8.4,5.2,0.01,12.41
336,7,-1.59,-7.9,5.2,0.01,12.54
336,8,-1.66,-8.8,5.0,0.01,13.01
336,9,-1.7,-9.1,5.1,0.0,13.07
336,10,-1.62,-8.8,5.2,0.0,13.14
336,11,-1.24,-8.1,6.1,0.0,13.32
336,12,-0.84,-7.6,6.0,0.01,14.4
336,13,-0.69,-7.7,6.0,0.0,14.21
336,14,-0.81,-7.9,6.0,0.01,14.26
336,15,-1.08,-7.6,5.6,0.01,14.48
336,16,-1.27,-7.8,5.3,0.01,14.91
336,17,-1.47,-8.0,4.8,0.02,15.52
336,18,-1.62,-8.4,4.5,0.02,15.92
336,19,-1.71,-9.0,4.2,0.03,15.91
336,20,-1.56,-9.0,4.5,0.03,16.4
336,21,-1.42,-9.0,5.2,0.01,15.74
336,22,-1.41,-8.8,5.4,0.0,15.16
336,23,-1.45,-9.1,5.6,0.01,14.81
337,0,-1.47,-9.4,5.9,0.01,15.01
337,1,-1.54,-9.6,5.9,0.03,15.28
337,2,-1.6,-10.0,5.8,0.05,15.75
337,3,-1.72,-9.9,5.7,0.03,15.84
337,4,-1.75,-9.7,6.0,0.07,15.75
337,5,-1.67,-9.5,6.1,0.1,15.72
337,6,-1.64,-9.3,6.3,0.13,15.69
337,7,-1.68,-9.2,5.4,0.11,15.48
337,8,-1.95,-9.1,4.9,0.08,15.5
337,9,-1.99,-9.2,4.5,0.08,15.07
337,10,-1.96,-9.4,4.5,0.08,15.43
337,11,-1.67,-9.0,4.5,0.13,15.58
337,12,-1.37,-8.4,4.4,0.17,15.18
337,13,-1.18,-7.9,4.4,0.18,14.4
337,14,-1.46,-7.8,4.5,0.18,13.79
337,15,-1.82,-8.7,4.4,0.16,13.71
337,16,-2.0,-9.8,4.5,0.14,14.02
337,17,-2.24,-10.1,4.5,0.17,14.34
337,18,-2.48,-10.2,4.4,0.13,14.2
337,19,-2.36,-10.0,4.4,0.1,13.74
337,20,-2.06,-9.8,4.6,0.1,13.13
337,21,-2.06,-9.8,4.4,0.06,13.0
337,22,-2.06,-9.7,4.3,0.02,12.78
337,23,-2.07,-10.2,4.2,0.01,12.31
338,0,-2.02,-10.1,4.1,0.01,12.02
338,1,-2.02,-10.0,3.9,0.02,12.02
338,2,-2.07,-9.4,3.7,0.03,12.15
338,3,-2.5,-11.3,3.4,0.03,12.63
338,4,-2.63,-11.2,3.1,0.04,12.7
338,5,-2.7,-11.3,2.8,0.04,12.56
338,6,-2.65,-10.7,2.5,0.06,12.2
338,7,-2.71,-10.2,2.4,0.05,11.6
338,8,-2.73,-9.9,2.5,0.08,11.61
338,9,-2.53,-9.8,2.8,0.07,11.75
338,10,-2.42,-9.3,3.0,0.12,11.69
338,11,-2.12,-8.9,3.4,0.09,10.9
338,12,-1.75,-8.7,4.3,0.08,10.42
338,13,-1.68,-8.7,4.7,0.09,11.08
338,14,-1.97,-8.9,4.2,0.08,11.33
338,15,-2.33,-11.4,4.3,0.03,11.4
338,16,-2.37,-11.8,4.3,0.0,12.06
338,17,-2.29,-11.6,4.2,0.0,12.41
338,18,-2.26,-11.6,4.1,0.04,12.54
338,19,-2.14,-11.3,4.4,0.03,13.37
338,20,-2.13,-11.4,3.8,0.03,13.38
338,21,-2.0,-11.3,4.2,0.09,13.66
338,22,-2.04,-11.3,3.9,0.12,13.53
338,23,-2.04,-10.6,3.6,0.06,13.59
339,0,-2.15,-11.4,3.5,0.04,13.82
339,1,-2.18,-11.9,3.5,0.04,14.19
339,2,-1.97,-12.2,3.7,0.05,14.08
339,3,-1.98,-12.6,3.8,0.07,14.52
339,4,-1.81,-13.0,4.4,0.05,14.55
339,5,-1.76,-13.4,4.3,0.06,14.67
339,6,-1.74,-13.7,4.4,0.01,15.26
339,7,-1.97,-14.0,4.3,0.01,15.33
339,8,-2.1,-15.4,4.8,0.01,15.65
339,9,-2.18,-15.3,4.3,0.05,15.98
339,10,-2.04,-15.0,4.7,0.01,16.03
339,11,-1.56,-13.9,5.1,0.02,15.34
339,12,-1.43,-13.6,5.4,0.04,14.82
339,13,-1.06,-13.4,5.6,0.01,14.52
339,14,-1.06,-13.5,6.0,0.02,14.18
339,15,-1.4,-14.4,6.1,0.06,14.4
339,16,-1.62,-14.8,5.8,0.06,14.69
339,17,-1.7,-15.2,5.9,0.04,14.86
339,18,-1.69,-15.5,5.9,0.03,14.08
339,19,-1.6,-15.7,6.1,0.04,14.16
339,20,-1.38,-15.6,5.9,0.04,14.57
339,21,-1.23,-15.2,6.0,0.03,14.83
339,22,-1.16,-14.6,6.1,0.03,14.77
339,23,-1.09,-14.5,6.1,0.02,15.29
340,0,-1.16,-14.8,5.7,0.05,15.29
340,1,-1.39,-15.1,5.3,0.06,15.34
340,2,-1.29,-13.6,5.3,0.04,15.31
340,3,-1.58,-13.4,5.3,0.05,14.89
340,4,-1.2,-13.0,5.3,0.03,15.05
340,5,-1.26,-12.8,5.1,0.04,14.81
340,6,-1.34,-12.6,4.7,0.05,14.77
340,7,-1.26,-12.0,4.6,0.08,14.97
340,8,-1.17,-11.2,4.6,0.1,15.3
340,9,-1.03,-10.6,4.6,0.14,15.33
340,10,-0.84,-10.1,4.5,0.14,15.5
340,11,-0.66,-9.4,4.5,0.15,15.24
340,12,-0.57,-9.5,4.6,0.17,14.69
340,13,-0.61,-9.8,4.8,0.18,13.59
340,14,-0.97,-10.8,5.0,0.1,12.62
340,15,-1.42,-12.1,5.2,0.06,11.97
340,16,-1.63,-13.0,5.0,0.04,12.05
340,17,-1.8,-13.6,4.9,0.08,11.82
340,18,-2.0,-14.3,4.7,0.09,11.38
340,19,-2.33,-15.1,4.4,0.12,11.46
340,20,-2.28,-15.6,4.3,0.14,11.24
340,21,-2.13,-15.7,4.2,0.07,10.65
340,22,-2.24,-16.7,4.5,0.07,10.37
340,23,-2.33,-18.7,4.6,0.06,10.41
341,0,-2.34,-19.2,4.4,0.07,9.85
341,1,-2.38,-18.8,4.4,0.04,9.48
341,2,-1.95,-15.1,4.1,0.04,9.92
341,3,-2.12,-19.1,4.0,0.04,10.54
341,4,-2.0,-19.4,3.9,0.05,10.79
341,5,-1.91,-19.5,3.9,0.03,11.34
341,6,-1.84,-19.3,4.3,0.05,11.6
341,7,-1.94,-20.6,5.2,0.13,13.05
341,8,-1.93,-20.5,5.4,0.17,13.81
341,9,-1.69,-18.3,5.3,0.19,13.87
341,10,-1.6,-18.4,5.3,0.06,14.27
341,11,-1.24,-18.1,5.3,0.08,14.58
341,12,-0.79,-16.1,5.4,0.08,14.91
341,13,-0.71,-14.1,5.4,0.11,14.74
341,14,-0.84,-13.1,4.6,0.14,14.06
341,15,-0.97,-14.3,4.9,0.18,15.02
341,16,-0.98,-14.7,5.0,0.23,15.61
341,17,-1.0,-15.1,5.3,0.2,15.96
341,18,-1.07,-15.3,5.5,0.25,16.34
341,19,-1.29,-17.3,5.9,0.27,16.01
341,20,-1.61,-19.3,5.1,0.3,15.19
341,21,-1.69,-19.7,4.6,0.28,14.47
341,22,-1.65,-18.7,4.0,0.31,14.64
341,23,-1.82,-18.6,2.1,0.27,15.39
342,0,-1.87,-18.9,2.2,0.3,15.22
342,1,-1.92,-18.7,3.1,0.36,14.14
342,2,-1.44,-14.2,4.0,0.25,13.32
342,3,-1.75,-18.6,4.4,0.19,14.17
342,4,-1.25,-13.9,4.5,0.19,13.89
342,5,-1.27,-13.8,4.5,0.18,13.94
342,6,-1.31,-13.8,4.3,0.13,13.69
342,7,-1.27,-13.9,4.4,0.13,13.7
342,8,-1.34,-15.3,4.2,0.11,13.36
342,9,-1.41,-15.0,4.0,0.05,12.79
342,10,-1.39,-14.0,3.9,0.07,12.56
342,11,-1.2,-13.4,4.0,0.08,12.51
342,12,-1.04,-12.8,4.3,0.09,12.21
342,13,-1.03,-12.4,4.9,0.14,11.54
342,14,-1.22,-13.9,4.4,0.12,10.74
342,15,-1.58,-15.3,4.4,0.19,11.91
342,16,-1.48,-13.6,4.0,0.23,12.12
342,17,-1.46,-12.9,3.9,0.24,13.22
342,18,-1.48,-12.6,3.7,0.3,13.31
342,19,-1.58,-12.5,3.6,0.35,13.35
342,20,-1.57,-12.1,3.7,0.29,12.86
342,21,-1.2,-11.2,4.5,0.21,13.57
342,22,-1.03,-10.6,5.0,0.2,14.33
342,23,-0.92,-10.1,5.8,0.23,14.66
343,0,-1.1,-9.8,6.3,0.21,14.98
343,1,-0.96,-9.2,6.5,0.18,15.5
343,2,-0.52,-7.8,5.5,0.23,14.73
343,3,-1.02,-8.3,5.3,0.22,15.53
343,4,-0.76,-8.3,5.1,0.15,16.53
343,5,-0.76,-8.3,5.6,0.22,16.4
343,6,-0.49,-7.7,6.1,0.21,17.15
343,7,-0.31,-7.0,6.2,0.08,16.7
343,8,-0.2,-6.7,6.2,0.15,16.99
343,9,-0.16,-6.7,6.2,0.09,16.19
343,10,-0.29,-6.7,6.1,0.09,16.22
343,11,0.13,-6.5,6.2,0.07,15.93
343,12,0.26,-6.4,6.1,0.08,15.78
343,13,0.21,-6.4,6.0,0.08,14.99
343,14,-0.3,-7.6,6.1,0.05,13.69
343,15,-0.52,-8.5,5.4,0.05,13.82
343,16,-0.72,-9.0,5.1,0.05,14.47
343,17,-0.85,-9.6,4.7,0.04,14.94
343,18,-0.92,-9.3,4.6,0.05,15.15
343,19,-1.07,-9.6,4.5,0.03,14.95
343,20,-1.28,-9.7,4.5,0.03,14.45
343,21,-1.42,-9.6,4.2,0.02,14.6
343,22,-1.56,-9.1,4.1,0.06,14.72
343,23,-1.51,-7.4,4.3,0.17,14.65
344,0,-1.37,-6.9,4.0,0.13,14.41
344,1,-1.41,-7.4,2.9,0.05,14.75
344,2,-1.49,-5.7,2.4,0.09,14.77
344,3,-1.52,-5.7,2.2,0.22,15.81
344,4,-1.51,-5.7,2.1,0.31,16.13
344,5,-1.38,-5.4,1.9,0.15,15.77
344,6,-1.37,-5.1,1.8,0.11,15.28
344,7,-1.44,-5.0,1.7,0.14,15.17
344,8,-1.64,-4.9,1.1,0.14,15.26
344,9,-1.73,-4.8,1.1,0.12,14.44
344,10,-1.72,-4.7,1.2,0.15,14.09
344,11,-1.52,-4.5,1.4,0.21,13.61
344,12,-1.33,-4.4,1.7,0.14,14.08
344,13,-1.22,-4.4,2.1,0.18,14.69
344,14,-1.04,-4.4,2.5,0.16,13.85
344,15,-1.17,-4.9,3.5,0.18,14.27
344,16,-1.25,-4.9,3.8,0.16,14.37
344,17,-1.22,-4.9,4.2,0.17,14.14
344,18,-1.32,-5.2,4.7,0.17,14.15
344,19,-1.25,-5.4,5.9,0.05,14.25
344,20,-1.14,-5.7,7.3,0.07,14.2
344,21,-1.2,-6.1,7.5,0.13,14.43
344,22,-1.18,-6.3,7.6,0.13,14.27
344,23,-1.16,-6.5,7.4,0.16,14.27
345,0,-1.22,-6.7,7.6,0.09,14.26
345,1,-1.0,-6.8,7.6,0.08,14.71
345,2,-1.02,-6.9,7.3,0.1,14.63
345,3,-1.17,-6.9,6.9,0.11,15.21
345,4,-1.1,-6.9,7.0,0.07,15.7
345,5,-1.1,-7.0,6.7,0.03,15.8
345,6,-1.13,-7.1,6.7,0.03,15.54
345,7,-1.2,-7.2,6.5,0.03,14.75
345,8,-1.17,-7.4,6.4,0.04,14.75
345,9,-1.22,-7.6,6.4,0.04,14.55
345,10,-1.16,-7.7,6.4,0.06,14.85
345,11,-1.03,-7.3,6.4,0.12,14.87
345,12,-0.9,-6.9,6.5,0.08,15.22
345,13,-0.82,-6.8,6.6,0.07,14.89
345,14,-0.86,-6.3,6.5,0.16,13.67
345,15,-1.03,-6.6,5.9,0.16,13.49
345,16,-1.16,-6.9,5.5,0.13,13.57
345,17,-1.13,-7.0,4.7,0.15,13.94
345,18,-1.22,-7.0,4.8,0.08,14.63
345,19,-1.34,-7.5,4.4,0.09,15.36
345,20,-1.5,-7.9,3.8,0.05,14.69
345,21,-1.53,-7.8,3.2,0.04,14.44
345,22,-1.56,-7.5,2.8,0.03,14.49
345,23,-1.64,-7.1,2.2,0.02,14.4
346,0,-1.73,-6.9,1.6,0.07,14.53
346,1,-1.8,-6.8,1.4,0.08,14.4
346,2,-1.88,-6.7,1.1,0.06,14.3
346,3,-2.03,-6.8,0.9,0.06,14.67
346,4,-2.1,-7.0,1.0,0.07,15.33
346,5,-2.19,-7.2,0.8,0.09,14.95
346,6,-2.35,-8.1,0.8,0.13,14.71
346,7,-2.4,-9.0,0.8,0.1,14.83
346,8,-2.44,-9.3,1.3,0.09,15.51
346,9,-2.66,-9.2,1.6,0.11,15.65
346,10,-2.69,-9.0,1.7,0.16,15.74
346,11,-2.58,-8.8,1.5,0.24,16.28
346,12,-2.26,-8.7,1.1,0.26,16.41
346,13,-2.18,-8.8,1.1,0.33,16.31
346,14,-2.14,-8.9,1.0,0.39,16.29
346,15,-2.49,-9.1,0.9,0.34,15.8
346,16,-2.63,-9.2,1.0,0.28,16.18
346,17,-2.71,-9.4,1.2,0.33,15.64
346,18,-2.77,-9.4,1.6,0.34,15.17
346,19,-2.62,-9.3,3.5,0.32,15.33
346,20,-2.58,-9.3,4.9,0.25,16.21
346,21,-2.58,-9.5,4.6,0.24,15.53
346,22,-2.67,-9.5,3.6,0.19,14.93
346,23,-2.82,-9.5,1.6,0.1,14.39
347,0,-2.98,-9.4,1.0,0.04,14.01
347,1,-3.15,-9.4,0.9,0.06,13.73
347,2,-3.1,-9.0,1.3,0.08,13.56
347,3,-3.28,-8.9,1.1,0.06,12.76
347,4,-3.31,-8.7,1.3,0.05,12.73
347,5,-3.35,-8.5,1.3,0.05,12.35
347,6,-3.47,-8.4,1.8,0.07,12.05
347,7,-3.61,-8.4,2.1,0.07,11.65
347,8,-3.59,-8.4,2.1,0.07,11.3
347,9,-3.56,-8.5,2.2,0.06,10.85
347,10,-3.43,-8.8,2.2,0.04,10.63
347,11,-2.95,-8.6,2.3,0.04,10.87
347,12,-2.38,-8.1,2.4,0.03,10.7
347,13,-2.04,-8.0,2.2,0.05,10.96
347,14,-1.75,-7.9,2.1,0.06,10.79
347,15,-2.0,-8.6,1.7,0.04,10.28
347,16,-1.81,-8.5,1.7,0.04,11.01
347,17,-1.5,-8.8,2.0,0.04,11.98
347,18,-1.43,-9.4,1.9,0.06,12.27
347,19,-1.46,-9.9,1.9,0.04,12.32
347,20,-1.49,-10.5,1.9,0.03,12.55
347,21,-1.55,-10.9,1.9,0.04,12.58
347,22,-1.51,-10.6,2.6,0.02,12.64
347,23,-1.7,-11.6,2.3,0.01,12.11
348,0,-1.78,-12.1,2.1,0.04,11.6
348,1,-1.81,-12.5,2.2,0.06,11.12
348,2,-1.82,-12.5,2.4,0.06,11.47
348,3,-2.11,-13.3,2.4,0.13,11.71
348,4,-2.18,-13.2,2.1,0.1,11.56
348,5,-2.09,-11.9,2.1,0.09,11.92
348,6,-2.08,-11.1,2.2,0.08,12.86
348,7,-2.05,-10.0,2.0,0.07,13.27
348,8,-2.11,-9.2,1.8,0.14,13.07
348,9,-2.11,-8.9,1.8,0.19,12.74
348,10,-2.17,-8.8,2.0,0.24,12.59
348,11,-2.31,-12.0,2.1,0.22,12.75
348,12,-1.88,-10.6,2.3,0.09,12.5
348,13,-1.52,-8.9,2.4,0.13,12.42
348,14,-1.72,-9.1,1.9,0.12,11.17
348,15,-1.89,-10.1,2.5,0.13,11.34
348,16,-1.87,-8.8,2.6,0.16,12.24
348,17,-1.7,-8.0,2.4,0.09,12.25
348,18,-1.6,-6.5,2.2,0.18,11.35
348,19,-1.23,-5.7,2.0,0.27,12.12
348,20,-1.12,-5.6,2.0,0.31,12.11
348,21,-0.83,-5.4,2.2,0.1,11.95
348,22,-0.67,-5.3,2.5,0.06,12.0
348,23,-0.87,-5.2,3.1,0.08,11.68
349,0,-1.12,-5.7,3.1,0.12,12.17
349,1,-1.25,-7.0,2.9,0.19,11.86
349,2,-1.49,-8.3,2.3,0.12,11.23
349,3,-1.76,-8.8,2.2,0.16,10.8
349,4,-1.71,-7.9,2.1,0.23,10.29
349,5,-1.79,-7.6,2.0,0.2,10.03
349,6,-1.79,-8.1,1.8,0.08,10.51
349,7,-1.93,-8.6,1.9,0.05,10.42
349,8,-1.93,-8.5,2.5,0.03,11.01
349,9,-2.03,-9.6,2.1,0.03,11.25
349,10,-1.85,-10.9,3.2,0.04,11.08
349,11,-1.51,-10.7,4.1,0.04,11.65
349,12,-1.19,-8.9,4.6,0.07,11.2
349,13,-1.27,-10.3,4.7,0.16,11.19
349,14,-1.35,-9.3,5.0,0.14,11.49
349,15,-1.32,-9.5,4.8,0.04,11.51
349,16,-1.44,-10.3,4.7,0.05,12.11
349,17,-1.47,-10.7,4.7,0.01,11.92
349,18,-1.65,-11.7,4.6,0.0,11.87
349,19,-1.77,-11.9,4.5,0.0,11.7
349,20,-1.71,-11.7,5.2,0.03,11.76
349,21,-1.74,-11.8,4.9,0.1,11.67
349,22,-1.93,-12.2,4.9,0.19,12.05
349,23,-1.77,-12.5,4.9,0.14,12.28
350,0,-1.81,-13.1,5.1,0.11,12.21
350,1,-1.44,-14.1,5.2,0.11,12.29
350,2,-1.7,-15.0,5.1,0.09,11.22
350,3,-1.26,-13.3,5.2,0.21,11.82
350,4,-0.94,-12.2,5.2,0.24,12.14
350,5,-0.93,-14.0,5.2,0.28,12.43
350,6,-0.85,-13.8,5.3,0.3,11.79
350,7,-0.54,-11.8,5.2,0.13,11.53
350,8,-0.32,-10.5,6.1,0.03,12.43
350,9,-0.13,-8.2,5.8,0.1,12.81
350,10,0.0,-6.8,5.9,0.06,12.76
350,11,0.08,-7.7,5.9,0.02,13.0
350,12,0.37,-7.8,5.9,0.07,13.91
350,13,0.48,-7.9,5.9,0.08,13.88
350,14,0.53,-8.2,6.2,0.05,14.19
350,15,0.33,-8.6,5.7,0.07,13.83
350,16,0.15,-9.0,5.3,0.02,14.01
350,17,0.42,-7.1,5.1,0.06,14.68
350,18,0.71,-4.9,5.0,0.1,14.43
350,19,0.61,-5.4,4.3,0.05,15.03
350,20,0.17,-9.6,5.1,0.05,14.25
350,21,0.18,-9.4,5.1,0.02,14.21
350,22,-0.13,-10.9,5.3,0.02,15.04
350,23,0.05,-10.7,5.2,0.05,14.88
351,0,-0.33,-10.6,5.0,0.14,15.36
351,1,-0.13,-9.9,5.1,0.22,15.6
351,2,-0.06,-10.0,5.5,0.27,15.43
351,3,0.0,-9.7,5.3,0.15,15.23
351,4,-0.14,-10.0,5.0,0.11,14.48
351,5,-0.18,-9.9,5.1,0.12,14.02
351,6,-0.25,-9.8,5.1,0.11,13.55
351,7,-0.12,-9.2,5.0,0.06,13.34
351,8,-0.03,-8.5,5.5,0.03,12.94
351,9,0.2,-6.8,5.5,0.02,12.72
351,10,0.21,-6.7,5.7,0.02,12.99
351,11,0.43,-4.9,5.8,0.02,13.71
351,12,0.53,-4.2,5.8,0.01,13.58
351,13,0.72,-2.8,5.3,0.04,13.77
351,14,0.75,-2.1,5.6,0.16,12.96
351,15,0.41,-2.5,5.3,0.1,13.32
351,16,0.18,-2.5,5.1,0.11,13.7
351,17,-0.04,-2.3,5.3,0.08,13.76
351,18,-0.23,-3.0,5.8,0.06,13.74
351,19,-0.35,-3.3,6.0,0.03,13.79
351,20,-0.48,-3.8,6.5,0.02,13.41
351,21,-0.54,-4.6,6.3,0.01,13.27
351,22,-0.6,-4.9,5.8,0.0,13.01
351,23,-0.45,-5.1,5.1,0.02,12.52
352,0,-0.19,-5.1,4.6,0.03,12.2
352,1,-0.15,-5.5,4.0,0.03,12.01
352,2,-0.17,-7.9,4.6,0.04,11.44
352,3,-0.27,-9.6,3.7,0.11,10.58
352,4,0.02,-8.7,3.5,0.17,10.95
352,5,0.1,-8.8,3.5,0.13,11.29
352,6,0.07,-9.0,3.3,0.12,11.33
352,7,-0.08,-9.1,2.9,0.14,12.02
352,8,-0.07,-9.0,2.8,0.13,12.21
352,9,0.09,-8.3,3.2,0.12,11.9
352,10,0.38,-8.3,3.5,0.18,12.16
352,11,0.94,-6.8,4.2,0.23,12.39
352,12,1.26,-5.8,5.0,0.48,11.53
352,13,1.44,-5.8,5.8,0.45,12.83
352,14,1.67,-3.6,5.6,0.3,13.53
352,15,1.87,-0.5,5.8,0.28,14.24
352,16,1.9,-0.3,5.7,0.1,14.27
352,17,1.93,-0.4,4.7,0.09,14.83
352,18,1.73,-0.5,4.7,0.05,15.42
352,19,1.82,-0.5,5.3,0.1,15.91
352,20,1.72,-0.6,5.7,0.09,16.2
352,21,1.72,-0.8,5.7,0.11,16.15
352,22,1.6,-0.5,5.4,0.19,15.91
352,23,1.59,0.1,5.4,0.26,16.58
353,0,1.73,0.1,5.8,0.23,17.68
353,1,1.72,0.1,6.2,0.12,17.3
353,2,1.52,-0.6,6.1,0.1,16.15
353,3,1.43,-1.0,6.2,0.38,15.61
353,4,1.37,-0.8,6.1,0.12,16.19
353,5,1.42,-0.6,6.2,0.08,15.79
353,6,1.4,-0.8,6.2,0.23,15.32
353,7,1.35,-1.3,6.2,0.25,14.57
353,8,1.43,-1.7,6.3,0.37,14.24
353,9,1.42,-2.1,6.3,0.21,14.42
353,10,1.5,-2.2,6.2,0.08,14.37
353,11,1.51,-2.1,5.9,0.04,14.34
353,12,1.6,-1.9,5.5,0.02,13.87
353,13,1.72,-1.6,5.3,0.02,13.44
353,14,1.67,-1.6,5.3,0.01,13.78
353,15,1.47,-1.6,5.1,0.01,12.61
353,16,1.32,-1.7,5.2,0.01,12.54
353,17,1.34,-2.0,5.3,0.07,12.61
353,18,1.36,-1.9,5.3,0.16,13.23
353,19,1.33,-1.9,5.5,0.06,13.7
353,20,1.18,-2.1,6.0,0.19,13.22
353,21,0.85,-2.9,6.2,0.12,12.9
353,22,0.68,-4.0,6.5,0.13,12.14
353,23,0.55,-4.9,6.6,0.07,12.56
354,0,0.55,-5.5,6.7,0.04,12.61
354,1,0.57,-5.6,6.7,0.02,12.3
354,2,0.81,-4.9,7.1,0.03,12.6
354,3,0.87,-5.0,7.2,0.09,13.2
354,4,0.84,-5.2,7.1,0.06,14.16
354,5,0.84,-5.8,6.9,0.05,14.5
354,6,0.85,-6.6,6.9,0.02,14.89
354,7,0.8,-7.5,6.8,0.02,15.51
354,8,0.79,-8.1,6.8,0.01,15.57
354,9,0.59,-8.6,6.8,0.01,15.77
354,10,0.57,-9.2,6.6,0.0,15.66
354,11,0.72,-9.7,6.6,0.0,15.53
354,12,0.7,-10.0,6.4,0.02,14.65
354,13,0.72,-9.8,6.2,0.05,14.02
354,14,0.3,-10.4,6.5,0.12,13.46
354,15,0.12,-10.5,6.3,0.09,14.29
354,16,0.05,-10.0,6.3,0.12,14.82
354,17,-0.02,-9.6,6.3,0.08,14.8
354,18,-0.37,-9.4,6.3,0.01,15.54
354,19,-0.17,-9.3,6.3,0.0,14.98
354,20,-0.21,-9.1,6.2,0.0,14.1
354,21,-0.38,-9.8,6.2,0.01,14.6
354,22,0.12,-8.2,6.1,0.05,14.46
354,23,0.04,-7.9,5.4,0.03,14.76
355,0,0.1,-7.9,5.3,0.03,15.45
355,1,0.01,-8.3,4.4,0.05,15.64
355,2,-0.11,-7.8,4.3,0.08,15.05
355,3,-0.05,-7.8,4.1,0.08,15.92
355,4,-0.06,-8.2,4.8,0.08,15.79
355,5,0.07,-8.5,4.9,0.06,15.94
355,6,0.23,-8.4,5.1,0.12,16.33
355,7,0.31,-8.6,5.0,0.15,16.5
355,8,0.22,-8.9,4.6,0.06,16.04
355,9,0.01,-9.7,4.1,0.07,15.44
355,10,-0.14,-10.3,3.8,0.07,15.34
355,11,-0.04,-10.4,3.9,0.04,15.43
355,12,-0.01,-10.6,3.9,0.07,15.01
355,13,-0.07,-10.6,3.8,0.13,13.64
355,14,-0.4,-11.7,3.6,0.17,13.79
355,15,-0.62,-12.0,3.3,0.18,14.2
355,16,-0.76,-12.2,2.9,0.08,14.24
355,17,-0.9,-12.3,2.7,0.05,14.28
355,18,-0.94,-12.1,2.6,0.03,14.27
355,19,-0.99,-12.0,2.7,0.04,14.59
355,20,-1.15,-11.8,2.8,0.05,14.53
355,21,-1.04,-11.3,2.9,0.04,14.53
355,22,-1.13,-11.5,3.1,0.03,14.46
355,23,-1.18,-11.7,3.3,0.03,14.77
356,0,-1.17,-11.8,3.5,0.04,14.68
356,1,-1.11,-11.8,3.6,0.03,14.98
356,2,-1.11,-10.8,3.6,0.05,15.58
356,3,-1.06,-10.9,4.1,0.14,15.81
356,4,-0.81,-11.0,4.2,0.2,16.94
356,5,-0.7,-10.9,4.2,0.18,17.43
356,6,-0.63,-10.9,4.3,0.25,17.25
356,7,-0.57,-10.9,4.3,0.27,17.13
356,8,-0.5,-10.8,4.2,0.29,17.4
356,9,-0.43,-10.6,4.1,0.23,17.43
356,10,-0.34,-10.3,4.0,0.28,17.57
356,11,-0.06,-9.7,4.0,0.26,17.18
356,12,0.08,-9.1,4.2,0.26,16.62
356,13,0.1,-8.7,4.3,0.27,16.21
356,14,0.08,-8.6,4.4,0.22,15.4
356,15,-0.01,-8.4,4.7,0.11,15.33
356,16,-0.26,-8.2,4.6,0.1,15.0
356,17,-0.44,-8.2,4.3,0.08,14.96
356,18,-0.5,-8.3,4.3,0.04,14.73
356,19,-0.58,-8.8,4.3,0.08,14.96
356,20,-0.84,-9.6,4.3,0.08,14.93
356,21,-0.94,-9.1,4.4,0.08,14.14
356,22,-1.02,-8.6,4.3,0.09,13.31
356,23,-1.08,-8.6,4.0,0.14,13.53
357,0,-1.15,-8.5,3.7,0.1,12.69
357,1,-0.91,-8.5,3.7,0.09,12.98
357,2,-0.98,-9.0,3.8,0.1,13.12
357,3,-0.95,-9.2,4.1,0.17,12.22
357,4,-0.94,-9.5,3.7,0.06,12.87
357,5,-1.03,-9.9,3.3,0.07,13.35
357,6,-1.05,-10.2,3.4,0.12,13.0
357,7,-1.03,-9.8,3.4,0.09,13.08
357,8,-0.89,-9.6,3.4,0.09,13.04
357,9,-0.86,-9.8,3.4,0.07,13.04
357,10,-0.87,-9.9,3.2,0.09,13.03
357,11,-0.63,-9.3,3.2,0.07,13.26
357,12,-0.51,-8.8,3.3,0.11,13.11
357,13,-0.32,-8.4,3.3,0.2,12.88
357,14,-0.27,-8.3,3.2,0.16,12.51
357,15,-0.3,-8.6,2.8,0.27,11.88
357,16,-0.31,-8.4,2.9,0.16,12.07
357,17,-0.52,-8.3,3.1,0.05,11.75
357,18,-0.79,-8.2,2.7,0.03,12.62
357,19,-1.08,-8.0,1.9,0.03,13.29
357,20,-1.1,-8.0,1.8,0.06,13.97
357,21,-1.18,-8.3,1.8,0.06,13.5
357,22,-1.28,-8.5,1.8,0.06,13.54
357,23,-1.34,-8.8,1.7,0.05,12.63
358,0,-1.61,-9.3,1.8,0.1,12.04
358,1,-1.97,-9.6,1.5,0.18,11.72
358,2,-1.83,-8.9,2.1,0.07,12.41
358,3,-1.95,-9.0,2.3,0.06,12.37
358,4,-2.01,-8.9,1.7,0.04,12.5
358,5,-2.07,-8.9,2.2,0.02,12.98
358,6,-2.09,-9.0,2.5,0.01,13.45
358,7,-2.16,-9.1,2.8,0.01,13.42
358,8,-2.36,-9.9,3.0,0.03,13.13
358,9,-2.66,-11.1,3.0,0.06,12.88
358,10,-2.9,-12.1,2.7,0.09,13.05
358,11,-2.59,-11.6,2.6,0.11,13.3
358,12,-2.26,-11.1,2.8,0.1,12.83
358,13,-2.04,-10.7,3.2,0.07,12.0
358,14,-2.0,-10.7,3.9,0.03,12.33
358,15,-2.12,-10.9,4.0,0.02,12.0
358,16,-2.46,-11.9,3.8,0.02,12.05
358,17,-2.63,-12.4,3.5,0.01,12.2
358,18,-2.78,-12.8,3.3,0.02,11.53
358,19,-3.0,-12.8,3.0,0.02,10.86
358,20,-3.31,-13.5,2.6,0.04,11.1
358,21,-3.36,-13.1,2.4,0.04,11.08
358,22,-3.39,-12.8,2.6,0.05,11.16
358,23,-3.26,-12.7,2.7,0.06,11.06
359,0,-3.09,-13.0,2.7,0.05,11.43
359,1,-2.7,-13.2,2.8,0.05,11.92
359,2,-2.31,-12.7,2.6,0.05,12.78
359,3,-2.08,-13.4,2.5,0.06,12.85
359,4,-1.82,-13.1,2.6,0.04,13.06
359,5,-1.58,-12.4,2.9,0.02,12.85
359,6,-1.76,-12.6,3.0,0.04,13.28
359,7,-1.83,-12.9,3.0,0.05,13.29
359,8,-1.92,-13.3,3.0,0.07,13.24
359,9,-1.79,-12.9,3.1,0.13,13.43
359,10,-1.6,-12.2,3.4,0.11,13.72
359,11,-1.15,-10.8,4.1,0.05,14.63
359,12,-0.76,-9.7,4.2,0.01,14.53
359,13,-0.52,-9.1,5.1,0.01,14.32
359,14,-0.39,-8.2,5.3,0.02,14.2
359,15,-0.49,-8.2,4.9,0.01,15.21
359,16,-0.56,-8.8,4.6,0.02,15.86
359,17,-0.37,-8.6,4.4,0.01,15.51
359,18,-0.27,-9.1,4.7,0.01,15.55
359,19,-0.22,-8.9,5.4,0.04,15.24
359,20,-0.29,-8.4,5.3,0.07,14.58
359,21,-0.39,-8.3,5.2,0.15,14.82
359,22,-0.34,-8.1,5.3,0.1,14.38
359,23,-0.24,-8.6,4.7,0.01,14.65
360,0,0.12,-8.8,4.4,0.0,14.84
360,1,-0.27,-9.6,4.4,0.01,15.26
360,2,-0.57,-11.5,4.4,0.0,15.7
360,3,-0.79,-12.5,5.3,0.0,15.51
360,4,-0.96,-13.0,5.3,0.0,15.5
360,5,-1.28,-13.6,5.3,0.0,15.5
360,6,-1.55,-14.4,5.3,0.01,15.56
360,7,-1.67,-15.1,5.3,0.0,15.58
360,8,-1.59,-15.4,5.6,0.0,15.13
360,9,-1.66,-15.3,5.6,0.0,14.93
360,10,-1.76,-14.8,5.4,0.0,14.69
360,11,-1.51,-13.9,5.2,0.0,14.36
360,12,-1.29,-12.3,5.2,0.0,13.54
360,13,-1.09,-10.6,5.1,0.0,13.45
360,14,-1.2,-10.3,4.9,0.0,13.17
360,15,-1.52,-10.7,5.7,0.01,13.08
360,16,-1.69,-10.6,5.6,0.0,13.01
360,17,-1.89,-10.9,5.3,0.0,12.87
360,18,-2.2,-11.5,4.2,0.01,12.3
360,19,-2.57,-12.0,3.1,0.02,12.34
360,20,-2.51,-12.1,2.3,0.02,12.26
360,21,-2.53,-11.6,1.8,0.05,12.22
360,22,-2.32,-11.0,2.6,0.11,11.55
360,23,-2.2,-11.0,3.5,0.04,12.5
361,0,-2.16,-11.1,2.7,0.06,12.22
361,1,-2.26,-11.5,2.3,0.12,12.71
361,2,-2.57,-12.5,2.4,0.1,12.41
361,3,-2.29,-13.9,3.3,0.05,12.72
361,4,-2.05,-11.2,3.5,0.06,12.26
361,5,-2.12,-10.9,3.2,0.14,12.47
361,6,-2.0,-10.6,2.6,0.12,12.59
361,7,-1.8,-9.8,2.3,0.15,12.51
361,8,-1.75,-10.1,2.1,0.12,13.4
361,9,-1.51,-10.7,2.4,0.14,14.54
361,10,-1.4,-10.5,3.0,0.1,14.62
361,11,-0.92,-9.1,2.8,0.05,14.06
361,12,-0.53,-7.3,3.0,0.04,14.33
361,13,-0.4,-6.9,3.3,0.01,14.43
361,14,-0.54,-7.2,2.7,0.01,14.97
361,15,-0.84,-7.5,1.8,0.05,14.78
361,16,-0.93,-8.8,1.7,0.05,14.56
361,17,-1.04,-10.1,1.8,0.02,14.58
361,18,-1.19,-11.5,2.7,0.01,14.56
361,19,-1.2,-11.3,2.9,0.01,15.04
361,20,-1.13,-11.4,2.0,0.0,15.11
361,21,-1.19,-12.1,2.3,0.03,15.04
361,22,-1.3,-12.1,2.0,0.02,15.27
361,23,-1.41,-12.1,2.4,0.02,15.6
362,0,-1.35,-11.5,3.0,0.0,16.1
362,1,-1.53,-12.3,3.0,0.0,15.97
362,2,-2.0,-13.7,2.2,0.0,15.93
362,3,-2.18,-13.2,2.4,0.01,15.16
362,4,-2.11,-11.1,1.9,0.0,14.55
362,5,-1.93,-9.2,1.5,0.0,14.36
362,6,-1.62,-6.8,0.9,0.0,14.56
362,7,-1.5,-4.5,0.7,0.0,14.97
362,8,-1.45,-5.2,1.0,0.01,15.25
362,9,-1.53,-5.8,1.1,0.02,14.69
362,10,-1.67,-6.2,1.2,0.02,14.37
362,11,-1.4,-5.7,1.5,0.01,13.69
362,12,-1.15,-5.1,1.6,0.0,13.66
362,13,-0.85,-4.9,2.0,0.01,13.94
362,14,-1.05,-5.9,2.1,0.02,13.64
362,15,-1.48,-6.9,1.7,0.03,12.37
362,16,-1.66,-7.4,2.0,0.03,12.16
362,17,-1.88,-8.3,2.0,0.02,12.0
362,18,-2.06,-8.9,2.9,0.02,12.51
362,19,-1.85,-9.6,3.1,0.01,12.56
362,20,-1.76,-9.2,3.3,0.04,11.5
362,21,-2.17,-9.9,3.2,0.11,11.74
362,22,-1.79,-7.2,3.2,0.18,12.18
362,23,-1.85,-7.4,3.0,0.1,12.54
363,0,-1.47,-5.8,3.1,0.11,12.8
363,1,-0.9,-5.4,3.4,0.06,14.02
363,2,-0.8,-4.4,3.7,0.07,14.12
363,3,-0.36,-4.2,3.2,0.05,15.07
363,4,0.02,-4.3,3.4,0.05,16.33
363,5,0.11,-4.4,3.4,0.08,16.65
363,6,0.08,-4.5,3.6,0.09,17.32
363,7,0.06,-4.3,3.8,0.09,17.76
363,8,0.18,-4.0,3.8,0.08,17.58
363,9,0.39,-3.5,3.9,0.09,18.68
363,10,0.68,-3.3,3.9,0.08,19.21
363,11,0.93,-3.4,3.9,0.09,19.19
363,12,1.13,-3.4,4.0,0.09,19.04
363,13,1.26,-3.3,4.1,0.08,18.86
363,14,1.04,-3.7,4.3,0.17,18.21
363,15,0.88,-3.8,4.4,0.2,18.44
363,16,0.83,-3.6,4.4,0.14,18.19
363,17,0.83,-3.5,4.5,0.13,18.17
363,18,0.87,-3.4,4.7,0.11,18.03
363,19,0.93,-3.4,5.0,0.18,17.58
363,20,0.96,-3.0,5.2,0.26,17.66
363,21,0.83,-3.2,4.8,0.28,16.75
363,22,0.67,-3.3,4.0,0.41,16.16
363,23,0.59,-3.4,4.4,0.47,15.95
364,0,0.54,-3.6,4.3,0.42,15.83
364,1,0.5,-4.1,4.9,0.32,15.71
364,2,0.21,-4.4,4.4,0.26,15.1
364,3,0.19,-4.0,4.5,0.41,14.88
364,4,0.23,-3.9,4.9,0.39,17.21
364,5,0.15,-4.1,4.1,0.42,16.52
364,6,0.0,-4.3,3.9,0.15,16.54
364,7,0.12,-4.4,3.9,0.15,15.44
364,8,0.01,-4.4,4.0,0.17,15.41
364,9,0.15,-4.0,4.1,0.14,15.69
364,10,0.36,-3.5,4.3,0.13,16.5
364,11,0.6,-3.3,4.5,0.12,17.75
364,12,0.73,-3.4,4.5,0.12,18.71
364,13,0.68,-3.6,4.6,0.12,17.88
364,14,0.54,-3.8,4.8,0.13,18.04
364,15,0.32,-3.8,5.2,0.09,18.13
364,16,0.12,-4.6,5.2,0.05,18.0
364,17,-0.01,-4.9,4.8,0.03,18.03
364,18,-0.08,-6.0,4.2,0.13,17.93
364,19,-0.16,-7.2,4.2,0.05,18.61
364,20,-0.22,-7.5,4.4,0.13,18.27
364,21,-0.54,-8.3,4.6,0.08,17.69
364,22,-0.93,-8.8,4.5,0.03,16.89
364,23,-0.97,-9.3,4.5,0.02,16.42
365,0,-1.14,-9.8,4.2,0.02,15.94
365,1,-1.36,-10.4,3.8,0.03,15.8
365,2,-1.49,-11.1,3.8,0.03,14.77
365,3,-1.29,-11.2,5.1,0.02,14.17
365,4,-1.33,-11.1,5.3,0.0,14.11
365,5,-1.61,-11.8,5.5,0.0,14.14
365,6,-1.86,-12.4,5.8,0.0,13.87
365,7,-2.0,-12.2,5.8,0.0,13.71
365,8,-2.13,-12.0,5.2,0.0,13.69
365,9,-2.0,-12.0,4.8,0.0,14.03
365,10,-1.98,-12.2,4.6,0.05,14.55
365,11,-1.86,-11.9,5.4,0.13,14.46
365,12,-1.51,-11.6,6.2,0.05,14.36
365,13,-1.28,-11.4,6.4,0.03,13.98
365,14,-1.2,-11.7,6.5,0.03,13.24
365,15,-1.55,-13.0,6.2,0.05,13.57
365,16,-1.92,-13.7,5.9,0.03,14.24
365,17,-1.99,-13.8,6.0,0.01,14.51
365,18,-2.15,-14.0,5.9,0.01,14.18
365,19,-2.31,-14.2,5.7,0.04,14.09
365,20,-2.58,-14.4,5.8,0.09,14.25
365,21,-2.75,-14.1,4.8,0.11,14.03
365,22,-2.71,-13.4,4.9,0.08,14.55
365,23,-1.61,-12.5,4.7,0.08,15.38
