day_of_year,hour,temp_mean,temp_min,temp_max,precip_mean,wind_mean
1,0,-3.62,-13.8,2.0,0.18,14.42
1,1,-4.0,-15.0,1.2,0.23,14.49
1,2,-4.46,-16.0,0.7,0.19,14.34
1,3,-5.09,-18.5,0.9,0.04,14.02
1,4,-5.13,-18.7,1.5,0.08,14.47
1,5,-5.1,-19.0,1.9,0.09,14.11
1,6,-5.29,-19.2,1.7,0.01,14.46
1,7,-5.58,-19.6,1.3,0.01,14.59
1,8,-5.62,-20.0,0.8,0.02,13.63
1,9,-6.07,-20.5,0.7,0.03,13.49
1,10,-6.29,-20.9,0.5,0.04,12.64
1,11,-6.48,-21.3,0.3,0.03,12.43
1,12,-6.27,-21.4,0.2,0.05,11.99
1,13,-6.21,-21.4,0.4,0.08,11.7
1,14,-6.17,-21.9,0.2,0.08,10.95
1,15,-6.46,-22.8,0.2,0.11,11.32
1,16,-6.63,-23.3,0.2,0.3,12.95
1,17,-6.68,-23.8,1.2,0.25,13.27
1,18,-6.6,-24.3,2.5,0.23,14.08
1,19,-6.61,-25.0,3.2,0.06,15.05
1,20,-6.6,-25.4,3.4,0.05,14.96
1,21,-6.58,-25.8,3.7,0.03,14.58
1,22,-6.79,-26.3,4.0,0.02,15.69
1,23,-7.06,-27.0,4.6,0.04,15.26
2,0,-7.39,-27.3,4.3,0.01,14.16
2,1,-7.8,-27.7,4.0,0.0,13.89
2,2,-8.06,-28.0,4.2,0.0,13.77
2,3,-8.33,-28.6,3.6,0.0,13.42
2,4,-8.14,-28.0,3.5,0.0,12.34
2,5,-8.33,-27.5,3.9,0.0,11.72
2,6,-8.42,-27.2,4.0,0.03,11.52
2,7,-8.44,-26.5,3.7,0.02,11.49
2,8,-8.53,-26.0,3.5,0.03,11.63
2,9,-8.73,-25.9,3.5,0.02,11.54
2,10,-8.86,-25.8,3.6,0.01,11.2
2,11,-8.94,-25.9,3.6,0.01,10.68
2,12,-8.95,-25.7,3.2,0.03,10.06
2,13,-8.92,-25.7,3.1,0.05,9.98
2,14,-9.09,-26.0,3.0,0.06,10.35
2,15,-9.32,-26.8,2.8,0.02,9.98
2,16,-9.41,-26.8,3.0,0.02,10.3
2,17,-9.37,-26.6,3.6,0.0,10.8
2,18,-9.32,-26.7,5.4,0.0,10.61
2,19,-9.59,-27.2,4.1,0.0,10.04
2,20,-9.68,-27.0,3.8,0.0,9.92
2,21,-9.69,-25.9,4.0,0.0,9.83
2,22,-9.75,-24.8,3.8,0.0,9.49
2,23,-9.67,-23.5,3.7,0.0,10.17
3,0,-9.58,-22.9,3.4,0.0,9.8
3,1,-9.53,-22.5,3.2,0.0,9.75
3,2,-9.29,-21.7,3.8,0.0,10.5
3,3,-9.41,-20.4,3.6,0.01,10.82
3,4,-9.34,-20.0,3.9,0.04,11.07
3,5,-9.31,-19.6,4.1,0.03,11.28
3,6,-9.37,-19.4,4.2,0.03,11.8
3,7,-9.52,-20.1,3.9,0.02,11.88
3,8,-9.47,-19.5,3.5,0.02,11.31
3,9,-9.64,-21.3,3.3,0.06,11.49
3,10,-9.62,-20.3,3.1,0.04,11.7
3,11,-9.67,-19.9,3.0,0.0,12.26
3,12,-9.53,-19.6,3.4,0.02,12.51
3,13,-9.44,-19.2,3.3,0.02,12.38
3,14,-9.04,-19.6,4.2,0.03,12.2
3,15,-9.37,-19.9,3.7,0.07,12.46
3,16,-9.18,-20.0,3.3,0.06,12.59
3,17,-9.14,-20.9,2.8,0.06,13.21
3,18,-9.28,-22.4,2.0,0.05,13.95
3,19,-9.67,-24.3,1.3,0.09,14.39
3,20,-10.11,-25.7,0.4,0.1,14.63
3,21,-10.36,-26.7,-0.1,0.1,14.01
3,22,-10.51,-27.3,-0.4,0.11,13.48
3,23,-10.78,-27.7,-0.8,0.05,13.06
4,0,-11.02,-28.1,-1.1,0.02,12.59
4,1,-11.37,-28.5,-1.3,0.02,12.48
4,2,-11.43,-28.9,-1.6,0.03,12.33
4,3,-12.3,-29.7,-2.3,0.02,12.1
4,4,-12.39,-29.8,-2.2,0.02,12.06
4,5,-12.45,-29.9,-1.7,0.02,11.68
4,6,-12.46,-30.0,-1.9,0.01,11.0
4,7,-12.48,-30.3,-2.1,0.03,10.14
4,8,-12.37,-30.4,-2.1,0.04,10.51
4,9,-12.38,-30.5,-2.4,0.07,10.52
4,10,-12.29,-30.5,-2.6,0.07,9.98
4,11,-12.17,-30.4,-2.4,0.03,9.29
4,12,-12.0,-30.2,-2.8,0.01,9.63
4,13,-11.92,-30.1,-3.3,0.02,10.14
4,14,-11.89,-30.0,-3.0,0.02,10.76
4,15,-12.54,-29.7,-4.7,0.0,10.98
4,16,-12.86,-29.4,-5.5,0.01,11.54
4,17,-12.95,-29.2,-4.6,0.01,11.5
4,18,-13.03,-28.8,-3.1,0.01,11.6
4,19,-13.13,-28.4,-3.3,0.03,11.39
4,20,-13.11,-28.1,-3.5,0.04,11.74
4,21,-13.14,-27.7,-3.6,0.05,12.34
4,22,-13.03,-27.5,-2.5,0.05,12.55
4,23,-13.06,-27.5,-2.4,0.03,12.81
5,0,-13.26,-27.7,-3.4,0.02,12.25
5,1,-13.58,-28.2,-4.1,0.01,11.65
5,2,-13.5,-28.8,-2.6,0.02,11.29
5,3,-14.01,-29.3,-2.9,0.01,11.35
5,4,-14.18,-29.3,-3.0,0.01,10.9
5,5,-14.15,-28.9,-2.8,0.03,10.47
5,6,-14.31,-28.5,-2.9,0.05,10.98
5,7,-13.93,-28.2,-2.8,0.03,10.08
5,8,-13.87,-27.8,-2.5,0.02,10.21
5,9,-13.78,-27.4,-2.2,0.01,10.2
5,10,-13.72,-27.2,-2.0,0.02,9.82
5,11,-13.98,-27.2,-1.8,0.03,9.44
5,12,-13.53,-26.9,-1.5,0.05,9.28
5,13,-13.26,-26.7,-1.3,0.06,9.47
5,14,-13.52,-26.9,-1.2,0.07,9.23
5,15,-13.35,-26.8,-1.0,0.05,9.66
5,16,-13.29,-26.6,-0.7,0.04,10.09
5,17,-13.27,-26.5,-0.6,0.06,10.16
5,18,-13.07,-26.5,-0.5,0.04,9.97
5,19,-12.89,-26.5,-0.2,0.05,9.44
5,20,-12.76,-26.6,0.3,0.03,9.87
5,21,-12.65,-26.7,0.6,0.02,10.09
5,22,-12.67,-26.8,0.7,0.02,10.39
5,23,-12.63,-27.3,0.5,0.03,10.63
6,0,-12.68,-27.6,0.2,0.04,10.09
6,1,-12.61,-27.9,-0.2,0.06,10.28
6,2,-12.3,-28.2,0.1,0.04,9.78
6,3,-12.43,-28.5,0.0,0.02,10.35
6,4,-12.42,-28.6,-0.3,0.05,10.06
6,5,-12.4,-28.8,0.3,0.07,9.27
6,6,-12.36,-28.9,0.7,0.02,9.7
6,7,-12.39,-28.8,0.1,0.01,10.25
6,8,-12.22,-28.7,0.5,0.04,10.07
6,9,-12.2,-28.8,0.5,0.04,10.27
6,10,-12.24,-28.7,0.5,0.03,10.16
6,11,-12.24,-28.9,0.4,0.03,9.89
6,12,-12.16,-28.9,0.5,0.05,9.88
6,13,-12.15,-28.9,0.7,0.05,9.34
6,14,-12.5,-29.1,0.4,0.06,9.07
6,15,-12.71,-28.8,-0.3,0.03,8.54
6,16,-12.6,-28.4,-0.5,0.05,8.97
6,17,-12.37,-28.0,-0.3,0.06,9.43
6,18,-12.27,-26.6,-0.2,0.05,10.79
6,19,-12.24,-26.4,-0.7,0.05,10.99
6,20,-12.07,-26.3,-0.9,0.05,11.36
6,21,-11.76,-26.5,-0.7,0.04,11.38
6,22,-11.18,-26.4,0.1,0.07,11.8
6,23,-10.68,-26.4,0.6,0.13,11.85
7,0,-10.3,-26.4,0.9,0.07,12.09
7,1,-10.16,-26.5,1.1,0.02,11.87
7,2,-10.38,-26.5,1.3,0.0,12.06
7,3,-10.31,-26.4,0.8,0.01,12.7
7,4,-10.34,-26.8,0.6,0.03,13.17
7,5,-10.27,-26.5,0.8,0.06,13.44
7,6,-9.94,-26.2,1.0,0.12,13.67
7,7,-9.59,-26.1,1.0,0.09,14.02
7,8,-9.28,-25.8,1.0,0.06,14.12
7,9,-9.14,-26.0,1.0,0.02,14.34
7,10,-9.13,-26.7,1.3,0.0,14.13
7,11,-9.03,-26.6,1.8,0.01,13.84
7,12,-8.85,-26.5,2.6,0.01,13.51
7,13,-8.79,-26.3,2.8,0.0,13.01
7,14,-8.6,-26.3,3.2,0.0,13.51
7,15,-8.56,-26.1,2.9,0.0,14.1
7,16,-8.47,-26.0,2.7,0.0,14.15
7,17,-8.47,-26.0,2.2,0.0,14.2
7,18,-8.83,-26.0,1.9,0.0,14.04
7,19,-8.88,-25.8,1.5,0.0,13.69
7,20,-8.95,-25.6,1.3,0.04,13.68
7,21,-9.05,-24.9,1.0,0.02,13.42
7,22,-9.14,-25.0,1.1,0.03,13.46
7,23,-9.23,-25.0,1.1,0.04,13.0
8,0,-9.27,-24.8,1.3,0.03,13.61
8,1,-8.96,-24.6,1.4,0.04,14.13
8,2,-8.66,-24.2,2.3,0.02,14.37
8,3,-8.71,-23.6,2.6,0.03,13.82
8,4,-8.74,-22.9,2.9,0.06,13.41
8,5,-8.72,-22.2,3.3,0.04,13.07
8,6,-8.8,-21.7,3.2,0.11,13.99
8,7,-8.66,-21.7,3.0,0.06,13.98
8,8,-8.61,-21.7,3.3,0.05,13.93
8,9,-8.45,-21.7,3.4,0.04,13.85
8,10,-8.25,-21.6,3.1,0.09,13.94
8,11,-8.1,-21.4,2.6,0.12,14.15
8,12,-7.81,-21.1,3.0,0.06,14.41
8,13,-7.82,-20.8,3.4,0.05,14.03
8,14,-7.36,-19.2,4.2,0.07,14.04
8,15,-7.25,-20.0,3.7,0.12,14.49
8,16,-7.07,-19.6,3.4,0.07,14.87
8,17,-7.09,-19.2,3.2,0.08,14.81
8,18,-6.96,-18.4,3.0,0.02,14.53
8,19,-6.78,-17.5,3.0,0.03,15.04
8,20,-6.62,-16.4,2.8,0.04,14.9
8,21,-6.57,-15.7,2.0,0.05,14.55
8,22,-6.47,-15.1,3.2,0.07,15.0
8,23,-6.37,-14.9,3.7,0.06,14.8
9,0,-6.44,-14.7,3.2,0.08,14.75
9,1,-6.55,-14.9,2.5,0.1,14.1
9,2,-6.7,-15.6,1.5,0.12,14.32
9,3,-6.96,-16.7,1.3,0.04,13.89
9,4,-6.97,-17.6,1.3,0.04,13.87
9,5,-7.12,-18.1,2.3,0.05,14.12
9,6,-7.36,-18.2,2.6,0.05,14.05
9,7,-7.37,-17.8,2.9,0.04,14.46
9,8,-7.63,-17.6,3.3,0.06,13.97
9,9,-7.51,-16.6,3.3,0.06,13.71
9,10,-7.58,-16.5,3.4,0.07,13.39
9,11,-7.63,-16.6,3.3,0.08,12.43
9,12,-7.4,-16.7,3.6,0.03,13.47
9,13,-7.51,-16.5,3.6,0.01,13.71
9,14,-7.38,-16.3,2.9,0.0,14.49
9,15,-7.79,-16.6,1.7,0.03,13.49
9,16,-8.06,-16.7,1.5,0.02,12.62
9,17,-8.33,-16.6,1.4,0.03,11.87
9,18,-8.52,-16.9,1.2,0.03,11.11
9,19,-8.56,-17.3,1.1,0.02,10.96
9,20,-8.7,-18.3,1.1,0.02,10.99
9,21,-8.69,-19.3,0.9,0.01,10.39
9,22,-8.86,-19.9,0.8,0.01,10.7
9,23,-8.96,-20.2,0.7,0.01,10.55
10,0,-8.64,-19.6,0.7,0.01,9.85
10,1,-8.38,-18.6,0.5,0.0,9.84
10,2,-8.38,-18.3,0.4,0.01,10.25
10,3,-8.28,-16.3,0.1,0.03,10.01
10,4,-7.99,-17.0,-0.2,0.03,10.45
10,5,-7.93,-17.6,-0.6,0.02,10.25
10,6,-7.96,-17.9,-0.1,0.05,9.91
10,7,-8.02,-18.0,0.2,0.09,10.28
10,8,-8.07,-17.8,0.1,0.06,9.84
10,9,-8.0,-17.5,0.2,0.02,10.36
10,10,-7.8,-17.2,0.5,0.01,11.03
10,11,-7.58,-17.0,0.8,0.01,11.44
10,12,-7.33,-16.6,1.5,0.02,12.17
10,13,-7.08,-16.5,2.3,0.01,13.0
10,14,-6.73,-14.5,2.4,0.0,13.38
10,15,-7.09,-18.3,2.1,0.09,13.9
10,16,-6.97,-18.5,2.1,0.04,14.58
10,17,-6.87,-18.8,1.9,0.04,14.63
10,18,-6.67,-18.9,1.8,0.04,14.84
10,19,-6.45,-18.8,1.7,0.05,14.82
10,20,-6.43,-18.8,1.5,0.12,14.95
10,21,-6.34,-18.6,1.2,0.08,14.99
10,22,-6.15,-18.3,1.2,0.03,14.45
10,23,-6.13,-18.2,1.1,0.04,14.18
11,0,-6.32,-18.2,1.5,0.03,14.77
11,1,-6.44,-18.1,2.0,0.02,15.15
11,2,-6.6,-18.0,2.4,0.06,14.31
11,3,-7.31,-21.8,2.3,0.04,14.81
11,4,-7.41,-21.2,2.1,0.01,15.12
11,5,-7.53,-20.5,1.5,0.01,15.48
11,6,-7.56,-20.0,1.5,0.02,15.93
11,7,-7.71,-19.6,1.4,0.0,16.58
11,8,-7.99,-19.0,1.0,0.01,16.19
11,9,-8.04,-18.5,0.9,0.02,16.11
11,10,-8.07,-18.1,0.8,0.02,15.94
11,11,-7.8,-17.5,1.0,0.03,15.64
11,12,-7.48,-16.8,1.4,0.01,15.49
11,13,-7.14,-16.0,1.8,0.02,15.17
11,14,-6.64,-15.7,1.2,0.04,15.07
11,15,-6.81,-18.6,1.1,0.05,15.08
11,16,-6.45,-18.3,1.2,0.08,16.26
11,17,-6.31,-17.9,1.6,0.03,16.69
11,18,-6.25,-17.2,1.4,0.06,16.44
11,19,-6.26,-16.6,1.3,0.11,16.62
11,20,-6.17,-16.5,1.4,0.15,16.41
11,21,-6.21,-17.0,1.4,0.15,16.27
11,22,-6.12,-18.1,1.8,0.14,17.71
11,23,-6.13,-18.6,2.1,0.13,17.74
12,0,-6.17,-19.4,2.4,0.08,17.67
12,1,-6.16,-19.3,2.6,0.12,17.47
12,2,-5.96,-19.6,3.8,0.07,17.74
12,3,-6.56,-24.4,3.6,0.03,18.81
12,4,-6.59,-24.1,3.5,0.02,19.64
12,5,-6.55,-23.6,3.2,0.02,20.34
12,6,-6.57,-22.8,3.0,0.01,20.05
12,7,-6.43,-21.1,2.8,0.01,20.08
12,8,-6.24,-18.4,2.8,0.0,19.64
12,9,-6.29,-15.2,2.8,0.01,18.73
12,10,-6.25,-15.7,2.7,0.02,18.66
12,11,-6.02,-16.2,2.6,0.01,18.85
12,12,-5.86,-16.4,2.5,0.0,19.05
12,13,-5.83,-16.7,2.3,0.0,19.35
12,14,-5.92,-17.2,2.5,0.07,19.86
12,15,-6.28,-17.5,2.2,0.03,19.78
12,16,-6.45,-17.8,2.1,0.03,19.36
12,17,-6.35,-18.0,2.1,0.05,19.54
12,18,-6.28,-17.8,2.1,0.08,19.8
12,19,-6.3,-17.5,1.9,0.11,19.78
12,20,-6.35,-17.2,2.0,0.0,19.86
12,21,-6.43,-17.3,2.0,0.0,19.19
12,22,-6.5,-17.6,2.3,0.0,18.56
12,23,-6.59,-17.9,2.4,0.0,17.61
13,0,-6.69,-17.9,2.2,0.0,16.34
13,1,-6.73,-17.8,2.1,0.0,15.77
13,2,-6.35,-17.7,2.8,0.0,16.06
13,3,-6.36,-18.3,2.4,0.01,16.26
13,4,-6.34,-18.5,2.4,0.04,15.82
13,5,-6.26,-18.7,2.5,0.0,16.4
13,6,-6.2,-19.1,2.5,0.01,17.02
13,7,-6.29,-19.3,2.2,0.02,16.85
13,8,-6.5,-19.5,1.9,0.04,16.97
13,9,-6.52,-19.8,1.8,0.06,15.89
13,10,-6.5,-20.1,1.6,0.05,15.39
13,11,-6.61,-20.1,1.5,0.04,15.39
13,12,-6.3,-19.9,1.3,0.04,15.4
13,13,-6.15,-19.8,1.2,0.06,15.75
13,14,-5.86,-19.1,1.4,0.08,15.18
13,15,-6.0,-19.9,0.8,0.07,15.06
13,16,-6.12,-20.3,0.3,0.1,15.38
13,17,-6.19,-20.7,0.2,0.17,15.82
13,18,-6.16,-21.0,0.3,0.1,15.66
13,19,-6.17,-21.3,0.5,0.09,15.02
13,20,-6.19,-21.6,0.6,0.02,14.94
13,21,-6.18,-21.9,1.1,0.01,15.7
13,22,-6.16,-22.2,1.9,0.02,16.56
13,23,-6.17,-22.5,2.6,0.03,17.1
14,0,-6.21,-23.0,3.2,0.05,16.55
14,1,-6.31,-23.4,3.4,0.06,16.23
14,2,-6.32,-23.6,3.4,0.08,17.01
14,3,-6.51,-24.7,3.1,0.12,16.58
14,4,-6.5,-25.2,3.2,0.14,16.28
14,5,-6.49,-25.7,3.1,0.06,16.08
14,6,-6.46,-26.2,2.9,0.06,15.44
14,7,-6.25,-26.4,2.7,0.1,15.88
14,8,-6.09,-26.7,2.7,0.1,15.45
14,9,-6.06,-26.9,2.7,0.07,14.99
14,10,-6.13,-26.9,2.7,0.04,15.16
14,11,-6.07,-26.7,2.6,0.03,14.79
14,12,-6.13,-26.9,1.7,0.03,14.11
14,13,-6.09,-26.7,1.3,0.02,13.59
14,14,-6.02,-27.1,1.7,0.01,13.01
14,15,-6.08,-28.1,1.5,0.0,13.36
14,16,-6.18,-28.5,1.2,0.01,13.79
14,17,-6.34,-28.6,1.2,0.02,14.05
14,18,-6.58,-29.0,1.3,0.02,13.74
14,19,-6.64,-29.0,1.3,0.08,13.51
14,20,-6.73,-29.2,1.5,0.1,13.34
14,21,-6.8,-29.2,1.6,0.08,13.02
14,22,-7.03,-29.3,1.7,0.09,12.66
14,23,-7.3,-29.2,1.9,0.06,12.65
15,0,-7.45,-28.9,2.2,0.02,12.51
15,1,-7.64,-28.1,2.3,0.02,12.48
15,2,-7.54,-27.5,3.2,0.02,12.41
15,3,-7.99,-27.1,3.0,0.01,12.13
15,4,-8.33,-26.0,2.8,0.03,11.74
15,5,-8.48,-24.8,2.8,0.05,11.86
15,6,-8.57,-23.9,2.7,0.01,11.61
15,7,-8.46,-22.9,2.5,0.01,12.17
15,8,-8.33,-21.9,2.4,0.02,12.26
15,9,-8.32,-21.3,1.8,0.02,12.55
15,10,-8.2,-20.4,1.5,0.03,12.59
15,11,-8.01,-19.7,1.6,0.02,12.51
15,12,-7.76,-18.8,1.4,0.02,12.46
15,13,-7.62,-18.1,1.4,0.03,12.15
15,14,-7.57,-17.8,1.8,0.03,12.05
15,15,-7.6,-18.5,1.6,0.03,12.93
15,16,-7.49,-18.6,1.5,0.1,13.09
15,17,-7.39,-18.0,1.4,0.26,12.53
15,18,-7.33,-17.7,1.2,0.38,12.43
15,19,-7.17,-17.6,1.8,0.31,12.05
15,20,-7.04,-16.9,2.1,0.08,12.72
15,21,-6.9,-16.7,2.4,0.06,13.03
15,22,-6.78,-17.0,2.5,0.04,13.55
15,23,-6.66,-17.5,2.9,0.03,13.64
16,0,-6.68,-18.1,3.2,0.06,13.37
16,1,-6.48,-18.0,3.5,0.1,13.47
16,2,-6.3,-17.7,3.8,0.17,13.83
16,3,-6.16,-17.8,4.4,0.08,14.64
16,4,-6.17,-17.4,4.2,0.07,13.85
16,5,-6.1,-16.8,4.3,0.02,14.13
16,6,-6.07,-16.4,4.4,0.04,14.26
16,7,-6.09,-16.3,4.6,0.04,14.19
16,8,-6.11,-16.4,4.4,0.03,13.94
16,9,-6.04,-16.6,3.8,0.02,13.52
16,10,-6.07,-17.0,4.3,0.02,13.03
16,11,-6.05,-17.3,3.9,0.01,12.82
16,12,-5.89,-17.2,3.7,0.08,13.15
16,13,-5.79,-17.0,4.0,0.07,12.94
16,14,-5.63,-16.9,3.8,0.27,12.43
16,15,-6.05,-19.6,4.1,0.04,12.19
16,16,-6.07,-20.0,3.7,0.08,12.56
16,17,-6.38,-20.0,3.4,0.14,13.24
16,18,-6.23,-17.7,2.9,0.04,12.19
16,19,-6.28,-16.6,2.5,0.02,12.91
16,20,-6.55,-15.9,2.2,0.01,13.27
16,21,-6.81,-16.6,2.0,0.03,12.56
16,22,-6.96,-17.7,1.7,0.05,13.17
16,23,-7.14,-18.7,1.5,0.02,14.2
17,0,-7.33,-19.6,1.4,0.02,14.68
17,1,-7.45,-20.2,1.5,0.04,15.59
17,2,-7.41,-20.7,1.6,0.02,14.99
17,3,-7.57,-21.2,2.3,0.01,14.73
17,4,-7.65,-21.5,1.9,0.03,15.23
17,5,-7.71,-21.8,1.5,0.04,15.15
17,6,-7.68,-21.9,1.2,0.04,14.54
17,7,-7.58,-21.9,0.9,0.02,14.15
17,8,-7.61,-21.9,0.7,0.0,13.79
17,9,-7.76,-22.9,0.9,0.0,13.8
17,10,-7.79,-23.3,1.4,0.0,13.42
17,11,-7.93,-23.6,1.9,0.01,12.8
17,12,-8.08,-23.6,2.5,0.01,12.41
17,13,-8.31,-23.4,2.8,0.02,11.66
17,14,-8.26,-23.3,2.9,0.04,12.51
17,15,-8.63,-23.5,3.6,0.01,12.67
17,16,-8.82,-23.8,3.5,0.0,12.73
17,17,-8.83,-23.8,3.8,0.0,12.86
17,18,-8.65,-23.7,3.6,0.01,13.36
17,19,-8.54,-23.6,3.2,0.01,13.73
17,20,-8.51,-23.5,2.8,0.0,13.39
17,21,-8.43,-23.8,3.0,0.01,13.39
17,22,-8.43,-23.7,2.6,0.01,13.67
17,23,-8.43,-23.5,2.8,0.03,13.42
18,0,-8.25,-23.1,3.3,0.05,13.88
18,1,-8.06,-22.8,3.8,0.04,13.62
18,2,-8.11,-22.3,4.1,0.03,12.91
18,3,-8.22,-21.7,4.7,0.04,14.81
18,4,-8.24,-21.2,4.5,0.04,14.94
18,5,-8.34,-20.6,4.1,0.08,15.08
18,6,-8.27,-20.2,3.4,0.08,15.2
18,7,-8.34,-19.9,2.4,0.05,14.61
18,8,-8.02,-19.6,1.2,0.06,13.33
18,9,-7.88,-19.4,0.6,0.05,13.31
18,10,-7.85,-20.2,0.8,0.09,13.34
18,11,-7.68,-20.8,0.8,0.05,13.07
18,12,-7.42,-20.7,0.7,0.09,12.84
18,13,-7.34,-20.3,0.6,0.16,13.58
18,14,-7.03,-20.0,0.6,0.19,13.88
18,15,-6.97,-20.8,0.6,0.13,14.13
18,16,-6.71,-20.6,0.9,0.09,14.42
18,17,-6.46,-20.8,1.9,0.08,14.48
18,18,-6.3,-21.1,2.3,0.07,14.86
18,19,-6.22,-21.0,2.5,0.09,14.92
18,20,-6.31,-21.0,2.4,0.1,14.72
18,21,-6.26,-22.0,2.3,0.07,14.12
18,22,-6.08,-22.0,2.5,0.04,14.19
18,23,-6.09,-22.0,2.8,0.05,13.77
19,0,-6.16,-21.8,3.1,0.08,13.47
19,1,-6.22,-21.8,4.0,0.05,13.2
19,2,-6.36,-21.7,4.3,0.02,12.89
19,3,-6.46,-21.5,4.1,0.04,11.74
19,4,-6.42,-21.5,3.6,0.04,10.67
19,5,-6.53,-21.5,2.7,0.06,10.42
19,6,-6.6,-21.3,2.4,0.07,10.04
19,7,-6.62,-21.3,2.5,0.05,10.18
19,8,-6.5,-21.1,2.7,0.05,10.62
19,9,-6.63,-21.4,2.7,0.05,11.39
19,10,-6.58,-21.5,3.1,0.04,12.14
19,11,-6.21,-21.4,3.2,0.11,13.61
19,12,-5.98,-21.3,3.1,0.01,14.75
19,13,-5.85,-20.9,3.3,0.02,15.07
19,14,-5.81,-20.6,3.9,0.07,14.18
19,15,-6.2,-20.4,3.5,0.03,14.73
19,16,-6.53,-20.3,2.4,0.0,15.63
19,17,-6.88,-20.3,1.8,0.0,15.73
19,18,-7.09,-20.2,1.6,0.0,14.89
19,19,-7.3,-20.2,1.4,0.0,15.35
19,20,-7.46,-20.3,0.9,0.0,15.28
19,21,-7.75,-22.4,1.2,0.0,15.03
19,22,-7.86,-22.8,0.8,0.03,14.4
19,23,-7.92,-22.6,0.4,0.05,12.63
20,0,-8.08,-22.7,0.6,0.04,13.51
20,1,-8.15,-22.6,0.6,0.0,13.6
20,2,-8.39,-22.9,-0.1,0.0,14.05
20,3,-8.71,-22.9,-0.6,0.0,13.53
20,4,-8.84,-22.6,-0.5,0.0,13.79
20,5,-8.94,-22.5,-0.4,0.02,13.98
20,6,-8.98,-22.3,-0.1,0.02,14.32
20,7,-9.04,-22.3,-0.3,0.02,14.43
20,8,-9.09,-22.3,-0.2,0.02,14.16
20,9,-9.25,-22.1,0.1,0.06,13.54
20,10,-9.41,-22.3,1.4,0.02,14.14
20,11,-9.6,-22.3,2.1,0.03,13.66
20,12,-9.45,-21.8,2.3,0.03,13.61
20,13,-9.45,-21.6,2.4,0.01,13.15
20,14,-9.56,-21.6,2.6,0.02,13.45
20,15,-9.85,-22.1,2.4,0.04,13.03
20,16,-10.14,-22.8,2.7,0.04,13.35
20,17,-10.35,-23.0,3.1,0.03,13.08
20,18,-10.46,-23.5,3.6,0.05,13.18
20,19,-10.56,-23.9,3.6,0.1,12.75
20,20,-10.62,-24.5,3.6,0.09,12.58
20,21,-10.54,-24.5,3.9,0.09,12.78
20,22,-10.52,-25.0,4.4,0.08,12.77
20,23,-10.56,-25.4,5.1,0.02,13.3
21,0,-10.38,-25.8,5.7,0.16,13.58
21,1,-10.26,-26.3,6.0,0.03,14.74
21,2,-10.2,-26.8,5.6,0.02,14.17
21,3,-10.28,-27.2,4.2,0.04,14.15
21,4,-10.68,-28.3,3.4,0.02,13.63
21,5,-10.69,-28.4,3.0,0.02,13.48
21,6,-10.83,-30.5,3.0,0.02,13.37
21,7,-10.94,-29.8,2.8,0.02,13.1
21,8,-11.26,-30.0,2.9,0.01,13.11
21,9,-11.34,-29.4,3.4,0.01,13.5
21,10,-11.33,-30.0,2.9,0.02,14.05
21,11,-11.24,-30.3,2.1,0.03,13.67
21,12,-10.93,-29.9,1.7,0.01,13.5
21,13,-10.69,-29.4,1.4,0.0,13.43
21,14,-10.07,-29.0,1.2,0.0,14.3
21,15,-9.76,-28.9,0.8,0.01,14.87
21,16,-9.75,-29.1,0.6,0.02,14.8
21,17,-9.59,-29.0,0.6,0.01,14.86
21,18,-9.57,-28.7,0.8,0.02,15.31
21,19,-9.68,-28.2,0.6,0.03,15.36
21,20,-9.72,-27.5,0.7,0.03,15.22
21,21,-9.69,-25.5,0.6,0.05,14.73
21,22,-9.82,-24.9,0.4,0.05,14.62
21,23,-9.81,-24.5,0.1,0.08,14.66
22,0,-9.73,-23.5,0.6,0.06,15.02
22,1,-9.65,-22.3,0.9,0.06,14.37
22,2,-9.12,-20.9,1.0,0.09,14.2
22,3,-9.43,-19.7,0.7,0.12,14.19
22,4,-9.35,-18.5,0.6,0.12,14.45
22,5,-9.48,-17.5,0.2,0.11,14.31
22,6,-9.66,-16.7,-0.2,0.08,14.0
22,7,-9.48,-17.4,0.4,0.06,13.22
22,8,-9.87,-18.7,0.7,0.05,13.62
22,9,-9.52,-17.2,0.8,0.03,13.26
22,10,-9.38,-17.4,0.7,0.01,13.15
22,11,-9.12,-17.4,0.6,0.01,13.22
22,12,-8.84,-17.7,0.3,0.01,12.98
22,13,-8.74,-17.9,0.2,0.02,12.77
22,14,-8.59,-19.0,0.1,0.04,12.95
22,15,-8.64,-20.4,1.0,0.11,13.27
22,16,-8.43,-21.1,1.0,0.11,14.25
22,17,-8.33,-21.6,0.9,0.08,14.38
22,18,-8.11,-21.7,0.8,0.1,14.45
22,19,-7.88,-21.9,0.7,0.09,14.48
22,20,-7.87,-22.3,0.6,0.05,14.41
22,21,-7.79,-22.4,0.4,0.12,14.59
22,22,-7.79,-22.5,0.6,0.07,14.13
22,23,-7.77,-22.2,1.0,0.05,13.87
23,0,-7.59,-21.3,1.2,0.08,13.51
23,1,-7.17,-19.8,1.5,0.1,13.62
23,2,-6.89,-17.7,2.3,0.18,14.54
23,3,-7.27,-17.8,1.9,0.16,14.51
23,4,-7.23,-16.9,2.6,0.05,14.48
23,5,-7.36,-16.7,2.9,0.08,13.84
23,6,-7.58,-16.7,3.0,0.07,13.18
23,7,-7.42,-16.4,3.0,0.03,12.52
23,8,-7.55,-16.4,3.1,0.01,12.33
23,9,-7.64,-16.5,2.7,0.05,11.93
23,10,-7.64,-16.4,2.3,0.03,11.93
23,11,-7.31,-16.1,1.8,0.04,11.8
23,12,-6.91,-15.6,1.7,0.04,12.3
23,13,-6.6,-15.1,1.3,0.06,12.63
23,14,-6.25,-14.2,1.1,0.14,13.26
23,15,-6.51,-16.4,1.1,0.24,13.05
23,16,-6.46,-18.3,1.3,0.22,12.91
23,17,-6.22,-18.7,1.7,0.17,13.14
23,18,-5.96,-19.2,1.9,0.11,12.83
23,19,-5.87,-19.6,2.1,0.04,12.91
23,20,-5.6,-19.9,2.1,0.07,12.79
23,21,-5.69,-20.2,2.5,0.04,13.21
23,22,-5.71,-22.5,2.9,0.05,13.07
23,23,-5.8,-22.9,2.8,0.1,12.54
24,0,-6.04,-23.0,3.0,0.04,11.93
24,1,-6.2,-22.5,2.6,0.04,11.83
24,2,-6.19,-22.9,3.5,0.03,11.92
24,3,-7.03,-26.5,3.0,0.03,12.27
24,4,-6.91,-24.4,3.1,0.05,12.45
24,5,-7.14,-24.6,3.1,0.01,12.33
24,6,-7.49,-26.6,2.8,0.03,12.29
24,7,-7.61,-26.9,2.3,0.03,12.0
24,8,-7.82,-28.1,1.8,0.03,12.1
24,9,-7.77,-27.5,1.6,0.03,11.88
24,10,-7.78,-29.2,1.3,0.05,11.42
24,11,-7.68,-29.3,0.9,0.05,10.83
24,12,-7.25,-28.3,1.2,0.06,9.65
24,13,-6.92,-26.9,1.6,0.07,10.18
24,14,-6.56,-24.1,2.2,0.07,10.93
24,15,-6.88,-25.2,2.0,0.07,11.52
24,16,-7.01,-25.4,1.4,0.08,11.68
24,17,-7.0,-24.9,1.1,0.05,10.93
24,18,-6.99,-24.8,1.1,0.06,11.1
24,19,-6.92,-24.6,0.5,0.08,11.02
24,20,-6.85,-24.2,-0.3,0.04,11.08
24,21,-6.63,-23.8,-0.4,0.07,11.43
24,22,-6.45,-23.3,-0.1,0.07,11.43
24,23,-6.14,-22.9,0.4,0.04,11.61
25,0,-5.94,-22.3,-0.3,0.05,12.06
25,1,-5.79,-21.9,0.1,0.05,12.37
25,2,-5.66,-21.8,1.4,0.08,13.32
25,3,-5.57,-22.0,2.2,0.12,13.87
25,4,-5.41,-21.5,2.8,0.24,14.61
25,5,-5.24,-20.8,3.2,0.19,15.1
25,6,-5.19,-20.3,3.0,0.13,15.37
25,7,-5.19,-19.6,3.3,0.07,14.91
25,8,-5.16,-18.8,4.0,0.05,15.51
25,9,-5.23,-18.3,4.0,0.12,16.05
25,10,-5.19,-17.8,4.4,0.13,15.87
25,11,-4.98,-17.3,4.6,0.07,15.98
25,12,-4.77,-16.5,4.2,0.1,15.63
25,13,-4.7,-16.2,4.2,0.09,15.16
25,14,-4.55,-16.6,4.5,0.07,14.6
25,15,-4.78,-17.2,4.0,0.47,14.65
25,16,-4.8,-17.3,3.9,0.08,15.21
25,17,-4.41,-17.2,3.7,0.1,15.5
25,18,-4.55,-16.9,3.5,0.18,15.88
25,19,-4.47,-16.4,3.6,0.02,15.6
25,20,-4.78,-16.1,3.5,0.15,15.16
25,21,-4.9,-15.9,3.3,0.16,15.18
25,22,-5.11,-16.0,2.4,0.12,14.77
25,23,-5.38,-16.1,2.3,0.07,14.47
26,0,-5.47,-16.3,2.4,0.08,14.64
26,1,-5.47,-16.7,2.3,0.07,14.95
26,2,-5.22,-16.4,3.0,0.03,14.73
26,3,-5.3,-17.2,3.0,0.0,15.23
26,4,-5.37,-17.3,3.5,0.0,14.94
26,5,-5.38,-17.4,3.8,0.02,15.19
26,6,-5.45,-17.5,3.4,0.02,14.94
26,7,-5.52,-17.7,3.3,0.05,14.44
26,8,-5.71,-18.0,3.0,0.08,13.53
26,9,-5.73,-18.1,2.7,0.08,12.55
26,10,-5.51,-18.2,2.6,0.07,11.97
26,11,-5.46,-18.3,2.5,0.07,11.84
26,12,-5.41,-18.2,2.0,0.1,11.44
26,13,-5.31,-18.0,1.6,0.11,10.58
26,14,-4.98,-16.7,1.1,0.08,10.93
26,15,-5.46,-17.7,1.4,0.04,11.49
26,16,-6.0,-17.9,1.0,0.02,11.76
26,17,-6.28,-17.9,0.7,0.01,12.36
26,18,-6.14,-17.3,0.5,0.04,12.02
26,19,-6.43,-16.7,0.1,0.02,10.99
26,20,-6.43,-17.4,-0.2,0.02,11.2
26,21,-6.51,-18.8,-0.6,0.01,11.22
26,22,-6.52,-19.0,-0.3,0.01,11.28
26,23,-6.47,-18.7,-0.1,0.0,11.27
27,0,-6.54,-18.6,-0.8,0.0,11.12
27,1,-6.7,-19.0,-1.3,0.0,10.7
27,2,-6.64,-19.5,0.5,0.0,10.41
27,3,-6.91,-20.0,0.9,0.01,10.88
27,4,-6.82,-20.3,1.3,0.03,10.75
27,5,-6.54,-20.2,1.3,0.03,10.64
27,6,-6.34,-19.2,1.4,0.03,10.59
27,7,-6.17,-18.4,1.4,0.06,10.43
27,8,-6.11,-18.2,1.4,0.02,10.48
27,9,-6.09,-18.2,1.1,0.01,10.48
27,10,-6.01,-19.0,0.8,0.03,10.63
27,11,-5.62,-18.6,0.5,0.05,10.44
27,12,-5.4,-19.6,0.6,0.06,10.61
27,13,-5.21,-19.9,0.5,0.05,10.74
27,14,-5.19,-21.4,1.1,0.05,11.32
27,15,-5.44,-22.7,0.6,0.05,11.4
27,16,-5.72,-24.4,0.3,0.04,11.53
27,17,-5.58,-23.1,0.3,0.03,11.26
27,18,-5.7,-23.6,0.3,0.02,11.82
27,19,-5.61,-23.8,0.4,0.02,11.99
27,20,-5.61,-23.5,0.4,0.01,12.09
27,21,-5.47,-22.2,0.3,0.01,12.16
27,22,-5.2,-20.7,0.3,0.01,12.18
27,23,-5.01,-19.4,0.2,0.01,12.6
28,0,-4.94,-19.3,0.2,0.01,13.12
28,1,-4.92,-19.5,0.1,0.02,13.18
28,2,-5.0,-20.4,0.2,0.01,13.4
28,3,-5.34,-20.8,0.1,0.01,12.5
28,4,-5.36,-20.6,-0.0,0.02,12.89
28,5,-5.18,-20.2,0.1,0.02,12.96
28,6,-5.14,-19.9,0.0,0.03,12.59
28,7,-5.15,-20.4,0.1,0.05,13.15
28,8,-5.11,-21.0,0.1,0.08,14.15
28,9,-5.03,-21.8,0.4,0.1,14.72
28,10,-5.0,-22.2,0.6,0.17,14.64
28,11,-4.67,-21.8,1.0,0.18,14.89
28,12,-4.38,-21.4,1.7,0.1,14.69
28,13,-4.2,-21.0,1.6,0.08,14.48
28,14,-4.17,-19.7,1.7,0.07,13.88
28,15,-4.37,-20.0,1.2,0.09,13.97
28,16,-4.44,-19.6,0.8,0.09,14.07
28,17,-4.4,-18.9,0.7,0.11,13.75
28,18,-4.49,-18.3,0.8,0.08,13.83
28,19,-4.59,-18.0,1.0,0.06,13.55
28,20,-4.58,-17.7,1.3,0.04,13.25
28,21,-4.65,-17.2,1.3,0.03,13.31
28,22,-4.89,-16.5,1.2,0.04,12.89
28,23,-4.79,-15.8,1.3,0.01,12.74
29,0,-4.9,-15.4,1.5,0.03,12.78
29,1,-4.98,-15.0,1.6,0.03,12.78
29,2,-4.75,-12.2,1.7,0.03,12.36
29,3,-5.01,-12.2,1.8,0.04,11.96
29,4,-5.22,-12.1,1.5,0.05,11.23
29,5,-5.36,-12.1,1.4,0.04,10.87
29,6,-5.39,-12.0,1.0,0.03,10.96
29,7,-5.31,-11.8,1.1,0.04,11.48
29,8,-5.07,-11.6,1.4,0.03,11.54
29,9,-5.12,-11.5,1.8,0.02,11.9
29,10,-4.82,-11.1,2.6,0.02,13.18
29,11,-4.53,-11.2,2.7,0.0,13.95
29,12,-4.12,-10.9,2.6,0.0,14.15
29,13,-3.82,-10.8,3.0,0.02,14.17
29,14,-3.56,-9.5,3.3,0.07,14.43
29,15,-3.82,-9.7,3.1,0.11,14.87
29,16,-3.94,-9.5,2.9,0.08,15.08
29,17,-3.92,-9.3,3.1,0.09,15.6
29,18,-3.93,-9.1,2.9,0.07,15.88
29,19,-3.92,-8.8,2.7,0.04,16.12
29,20,-3.9,-8.7,2.5,0.03,16.26
29,21,-3.66,-8.5,2.5,0.04,16.34
29,22,-3.42,-8.3,2.0,0.06,16.24
29,23,-3.14,-8.1,1.6,0.11,16.57
30,0,-2.93,-8.1,2.1,0.13,17.78
30,1,-2.82,-8.2,2.2,0.2,18.27
30,2,-2.77,-9.2,2.9,0.24,18.72
30,3,-2.89,-9.8,3.0,0.37,18.08
30,4,-2.93,-9.7,2.8,0.38,17.32
30,5,-2.96,-9.7,2.3,0.33,16.61
30,6,-2.98,-10.0,1.8,0.24,16.33
30,7,-3.04,-10.2,1.9,0.15,16.45
30,8,-3.1,-10.0,1.4,0.14,16.3
30,9,-3.12,-9.9,1.8,0.17,16.03
30,10,-3.14,-9.7,2.2,0.22,16.07
30,11,-2.96,-9.5,2.5,0.18,16.38
30,12,-2.86,-9.2,2.5,0.12,15.73
30,13,-2.87,-9.0,2.3,0.07,15.16
30,14,-2.83,-9.0,2.0,0.04,14.34
30,15,-3.23,-10.0,1.8,0.06,13.92
30,16,-3.52,-9.9,1.8,0.05,14.07
30,17,-3.7,-10.1,1.8,0.04,14.2
30,18,-3.87,-10.3,1.2,0.06,13.62
30,19,-3.91,-10.3,1.2,0.04,13.24
30,20,-4.08,-10.1,0.9,0.06,13.07
30,21,-4.36,-10.2,0.7,0.15,13.19
30,22,-4.61,-10.6,0.9,0.12,13.38
30,23,-4.84,-10.7,0.8,0.09,13.91
31,0,-5.16,-10.8,0.3,0.07,13.06
31,1,-5.27,-10.9,0.3,0.07,13.22
31,2,-5.46,-10.2,0.1,0.07,13.14
31,3,-5.76,-11.7,0.2,0.03,13.15
31,4,-5.96,-12.5,0.6,0.05,13.64
31,5,-6.25,-13.5,0.8,0.05,13.9
31,6,-6.39,-14.0,0.9,0.03,13.9
31,7,-6.37,-14.1,1.1,0.03,13.78
31,8,-6.41,-14.2,1.1,0.04,13.48
31,9,-6.73,-14.4,1.0,0.04,13.48
31,10,-6.82,-14.4,0.7,0.03,12.87
31,11,-6.78,-14.2,0.7,0.02,11.67
31,12,-6.71,-13.8,0.9,0.01,11.25
31,13,-6.68,-13.6,1.1,0.01,10.75
31,14,-6.46,-12.3,1.2,0.01,10.93
31,15,-6.73,-12.6,0.9,0.02,11.01
31,16,-7.03,-13.0,0.4,0.03,10.93
31,17,-7.18,-12.8,-0.1,0.02,11.03
31,18,-7.1,-12.5,-0.3,0.02,11.34
31,19,-6.91,-12.3,0.2,0.02,11.7
31,20,-6.87,-12.1,0.5,0.02,11.66
31,21,-6.71,-12.0,1.1,0.05,11.35
31,22,-6.73,-12.1,1.6,0.05,11.64
31,23,-6.82,-12.0,1.5,0.04,12.21
32,0,-6.95,-11.8,1.1,0.04,12.35
32,1,-7.08,-11.9,0.8,0.05,12.01
32,2,-6.96,-12.0,0.8,0.06,12.61
32,3,-7.18,-13.0,1.6,0.11,12.32
32,4,-7.57,-13.3,1.6,0.1,12.48
32,5,-7.74,-13.6,1.5,0.09,12.46
32,6,-7.77,-13.8,1.5,0.08,12.44
32,7,-7.73,-13.8,1.7,0.04,13.06
32,8,-7.62,-13.3,1.8,0.01,13.06
32,9,-7.44,-12.9,2.0,0.0,12.82
32,10,-7.59,-12.9,2.0,0.01,12.73
32,11,-7.26,-12.6,2.7,0.01,12.83
32,12,-6.88,-12.4,2.4,0.05,12.97
32,13,-6.67,-12.3,2.3,0.13,13.25
32,14,-6.7,-13.5,2.5,0.06,13.64
32,15,-7.29,-15.7,1.8,0.02,13.5
32,16,-7.71,-15.6,0.3,0.02,13.71
32,17,-8.02,-15.7,-0.7,0.05,14.16
32,18,-8.29,-16.1,-1.5,0.03,14.85
32,19,-8.47,-16.3,-1.6,0.03,15.03
32,20,-8.56,-16.4,-1.9,0.07,15.19
32,21,-8.44,-16.6,-1.8,0.13,15.33
32,22,-8.31,-17.0,-1.5,0.08,16.18
32,23,-8.28,-17.4,-1.6,0.06,15.94
33,0,-8.23,-17.5,-1.7,0.06,15.63
33,1,-8.11,-17.3,-1.9,0.05,15.06
33,2,-8.3,-18.3,-2.1,0.04,15.24
33,3,-8.27,-18.2,-1.6,0.03,14.5
33,4,-8.18,-17.6,-1.3,0.07,14.35
33,5,-8.09,-17.1,-1.1,0.06,14.04
33,6,-8.1,-17.5,-1.0,0.04,13.98
33,7,-8.12,-17.9,-0.9,0.03,13.64
33,8,-8.23,-18.2,-1.0,0.05,13.33
33,9,-8.49,-18.8,-1.8,0.06,12.32
33,10,-8.55,-18.2,-2.6,0.05,11.32
33,11,-8.22,-17.3,-2.5,0.04,11.11
33,12,-7.9,-16.5,-2.5,0.06,10.38
33,13,-7.73,-16.1,-2.5,0.09,10.56
33,14,-7.88,-16.8,-2.6,0.15,10.6
33,15,-8.62,-18.8,-2.7,0.12,10.89
33,16,-8.96,-18.9,-2.9,0.12,11.34
33,17,-9.2,-18.9,-3.0,0.09,11.81
33,18,-9.12,-18.9,-3.1,0.07,12.17
33,19,-9.11,-18.9,-2.8,0.07,11.87
33,20,-9.21,-18.8,-2.6,0.03,11.94
33,21,-9.29,-18.6,-3.0,0.02,11.96
33,22,-9.41,-18.5,-2.9,0.02,11.45
33,23,-9.38,-18.2,-2.8,0.02,11.25
34,0,-9.39,-18.1,-2.8,0.03,11.37
34,1,-9.33,-17.7,-2.8,0.07,11.49
34,2,-9.41,-18.7,-2.4,0.1,11.4
34,3,-9.94,-19.3,-2.3,0.08,11.0
34,4,-9.8,-19.2,-2.1,0.12,10.95
34,5,-9.62,-19.4,-1.6,0.1,11.36
34,6,-9.4,-19.1,-1.3,0.09,11.62
34,7,-9.2,-18.7,-1.0,0.05,11.99
34,8,-9.1,-18.1,-0.6,0.03,11.97
34,9,-8.93,-17.5,-0.2,0.04,11.62
34,10,-8.72,-16.9,0.5,0.06,11.58
34,11,-8.34,-16.4,1.5,0.04,11.75
34,12,-8.09,-16.1,2.5,0.01,12.65
34,13,-7.91,-15.3,2.7,0.0,12.7
34,14,-7.98,-15.2,1.8,0.0,12.98
34,15,-8.83,-16.2,0.2,0.01,12.13
34,16,-9.09,-16.7,-1.1,0.01,12.58
34,17,-9.22,-16.9,-1.6,0.01,13.01
34,18,-9.26,-17.1,-1.7,0.01,12.94
34,19,-9.31,-17.1,-1.6,0.01,12.9
34,20,-9.49,-16.7,-1.7,0.02,12.65
34,21,-9.61,-16.4,-1.8,0.03,12.25
34,22,-9.63,-15.8,-1.9,0.05,11.88
34,23,-9.73,-15.5,-1.9,0.07,11.59
35,0,-9.82,-16.0,-2.0,0.05,11.54
35,1,-9.96,-16.4,-2.0,0.04,11.71
35,2,-10.31,-16.9,-2.2,0.04,11.18
35,3,-11.34,-20.7,-2.2,0.05,10.96
35,4,-11.33,-21.4,-2.4,0.03,11.32
35,5,-11.45,-22.2,-2.5,0.03,11.3
35,6,-11.52,-23.2,-2.7,0.04,11.25
35,7,-11.51,-23.7,-2.6,0.08,11.09
35,8,-11.45,-24.2,-2.6,0.05,11.33
35,9,-11.54,-24.4,-2.7,0.04,11.1
35,10,-11.41,-24.1,-2.7,0.04,10.99
35,11,-11.02,-23.1,-2.5,0.05,10.14
35,12,-10.6,-21.9,-2.2,0.08,9.96
35,13,-10.27,-20.4,-2.0,0.09,10.96
35,14,-9.6,-19.2,-1.6,0.08,10.79
35,15,-9.8,-17.7,-2.2,0.06,11.21
35,16,-9.57,-17.7,-2.4,0.07,11.93
35,17,-9.84,-17.6,-2.7,0.08,12.52
35,18,-9.71,-16.8,-2.9,0.11,12.77
35,19,-9.41,-16.0,-3.0,0.12,12.85
35,20,-9.23,-16.3,-2.8,0.11,12.66
35,21,-9.19,-16.4,-2.8,0.14,12.61
35,22,-9.18,-16.5,-2.8,0.14,12.39
35,23,-9.17,-16.9,-2.9,0.11,12.23
36,0,-9.13,-17.0,-3.1,0.12,12.64
36,1,-8.79,-16.9,-3.4,0.1,12.88
36,2,-8.76,-16.3,-3.4,0.11,12.6
36,3,-9.17,-17.3,-3.1,0.15,13.03
36,4,-9.23,-18.0,-2.9,0.14,13.42
36,5,-9.31,-18.4,-2.9,0.13,14.09
36,6,-9.3,-18.4,-3.0,0.1,13.78
36,7,-9.29,-18.9,-3.1,0.06,14.28
36,8,-9.26,-19.0,-3.3,0.06,14.16
36,9,-9.29,-19.0,-3.7,0.06,13.86
36,10,-9.01,-18.6,-3.5,0.06,14.06
36,11,-8.54,-17.7,-3.4,0.05,13.49
36,12,-8.12,-17.4,-3.1,0.04,13.18
36,13,-7.67,-17.2,-3.1,0.02,12.8
36,14,-7.32,-16.0,-2.5,0.03,12.81
36,15,-7.52,-17.0,-2.1,0.05,12.35
36,16,-7.76,-17.7,-1.2,0.04,12.1
36,17,-7.95,-18.2,-0.6,0.03,11.89
36,18,-8.18,-18.4,0.1,0.03,12.04
36,19,-8.16,-18.7,0.8,0.03,12.6
36,20,-8.24,-18.8,1.5,0.02,11.94
36,21,-8.37,-18.7,1.5,0.02,11.63
36,22,-8.83,-18.8,0.6,0.01,11.3
36,23,-9.22,-19.3,-0.1,0.0,11.09
37,0,-9.5,-19.2,-1.7,0.0,11.04
37,1,-9.56,-18.8,-2.6,0.0,10.69
37,2,-9.44,-17.9,-3.2,0.0,11.34
37,3,-9.84,-17.5,-3.4,0.0,10.91
37,4,-10.2,-18.6,-3.6,0.0,10.41
37,5,-10.29,-18.0,-3.5,0.01,10.14
37,6,-10.3,-17.8,-3.4,0.0,10.38
37,7,-10.35,-18.1,-3.4,0.0,9.95
37,8,-10.52,-18.8,-3.3,0.0,10.77
37,9,-10.69,-19.5,-3.5,0.0,11.06
37,10,-10.63,-20.0,-4.2,0.0,11.5
37,11,-10.35,-20.1,-3.9,0.0,10.55
37,12,-9.74,-19.4,-3.5,0.0,10.28
37,13,-9.15,-18.5,-2.5,0.0,10.25
37,14,-8.52,-17.9,-1.9,0.01,11.92
37,15,-8.56,-18.5,-0.9,0.02,12.24
37,16,-8.56,-18.6,-0.8,0.0,12.91
37,17,-8.7,-19.7,-0.8,0.01,13.68
37,18,-8.61,-20.1,-0.5,0.07,14.0
37,19,-8.46,-20.3,-0.1,0.11,14.12
37,20,-8.21,-18.7,0.6,0.13,13.99
37,21,-7.96,-17.9,0.9,0.14,13.98
37,22,-7.78,-17.6,1.1,0.13,13.65
37,23,-7.62,-17.2,1.2,0.11,13.69
38,0,-7.58,-17.0,1.0,0.08,12.98
38,1,-7.45,-16.5,1.1,0.07,13.14
38,2,-7.3,-16.2,1.3,0.05,13.61
38,3,-7.86,-17.2,1.1,0.03,14.17
38,4,-7.32,-16.4,1.0,0.02,13.48
38,5,-7.2,-15.8,0.9,0.0,13.41
38,6,-7.21,-15.8,1.0,0.0,13.46
38,7,-7.26,-15.6,0.7,0.01,13.42
38,8,-7.17,-15.6,0.4,0.02,13.6
38,9,-6.96,-15.8,0.9,0.05,13.72
38,10,-6.27,-15.9,1.3,0.08,13.72
38,11,-5.66,-16.0,1.7,0.08,13.89
38,12,-5.16,-16.1,2.0,0.06,13.42
38,13,-4.85,-15.9,2.1,0.06,13.22
38,14,-4.76,-16.1,3.1,0.04,13.83
38,15,-5.03,-17.8,2.4,0.09,13.19
38,16,-5.3,-18.4,1.7,0.11,13.76
38,17,-5.65,-19.1,0.7,0.13,13.96
38,18,-5.94,-19.7,0.9,0.07,14.05
38,19,-6.1,-20.1,1.3,0.06,13.15
38,20,-6.25,-20.2,1.9,0.05,12.72
38,21,-6.45,-20.2,2.4,0.03,12.16
38,22,-6.79,-20.3,2.7,0.03,11.74
38,23,-6.76,-20.6,2.8,0.05,11.16
39,0,-7.16,-20.9,2.7,0.05,9.78
39,1,-7.13,-20.4,2.6,0.04,10.13
39,2,-7.15,-19.6,2.4,0.03,10.14
39,3,-7.07,-19.1,2.4,0.01,11.18
39,4,-7.32,-20.1,2.5,0.0,11.42
39,5,-7.59,-21.0,2.5,0.0,11.34
39,6,-7.76,-21.7,2.6,0.0,11.65
39,7,-7.75,-22.2,2.7,0.0,12.47
39,8,-7.72,-22.6,2.8,0.01,12.61
39,9,-7.78,-22.9,2.7,0.03,12.54
39,10,-7.45,-22.8,2.6,0.01,12.58
39,11,-7.04,-22.2,2.6,0.01,12.14
39,12,-6.54,-21.2,2.6,0.04,12.23
39,13,-6.06,-19.7,2.6,0.07,12.25
39,14,-5.61,-19.1,2.7,0.06,12.33
39,15,-5.51,-19.3,2.6,0.03,12.45
39,16,-5.52,-19.8,2.4,0.01,13.0
39,17,-5.57,-20.5,2.2,0.01,13.49
39,18,-5.56,-21.0,2.1,0.02,13.45
39,19,-5.71,-21.5,2.1,0.05,13.5
39,20,-5.91,-21.7,2.0,0.06,13.36
39,21,-6.19,-21.9,1.9,0.09,13.28
39,22,-6.2,-22.0,1.9,0.07,13.05
39,23,-6.41,-22.3,1.7,0.07,12.5
40,0,-6.51,-22.7,1.6,0.07,12.84
40,1,-6.48,-23.1,1.4,0.04,12.64
40,2,-6.66,-23.7,2.9,0.01,12.44
40,3,-6.77,-24.1,3.1,0.03,12.87
40,4,-6.94,-24.3,3.0,0.02,13.25
40,5,-7.22,-24.8,2.6,0.05,13.39
40,6,-7.43,-25.3,2.2,0.04,13.96
40,7,-7.65,-25.6,2.0,0.03,14.26
40,8,-7.69,-26.0,2.3,0.01,14.34
40,9,-7.8,-26.5,2.3,0.02,14.14
40,10,-7.62,-26.3,2.1,0.01,14.15
40,11,-7.3,-25.5,1.9,0.0,13.36
40,12,-6.87,-24.6,1.8,0.0,12.7
40,13,-6.55,-23.5,1.8,0.02,11.98
40,14,-6.5,-23.0,2.2,0.05,12.39
40,15,-6.62,-23.4,1.8,0.09,12.24
40,16,-6.74,-23.2,1.6,0.09,12.81
40,17,-6.92,-24.1,1.4,0.09,13.09
40,18,-7.01,-24.6,1.2,0.1,12.98
40,19,-6.87,-24.8,1.0,0.1,13.23
40,20,-6.66,-24.9,1.3,0.08,13.01
40,21,-6.64,-24.4,1.4,0.05,12.61
40,22,-6.53,-23.8,1.5,0.04,12.94
40,23,-6.54,-23.4,1.3,0.09,12.95
41,0,-6.67,-22.9,1.6,0.15,13.04
41,1,-6.79,-22.5,1.8,0.17,13.0
41,2,-6.65,-22.1,2.6,0.14,12.42
41,3,-6.73,-22.0,3.2,0.08,12.65
41,4,-6.69,-21.7,3.2,0.05,12.36
41,5,-6.56,-21.2,3.3,0.04,12.49
41,6,-6.58,-21.0,3.1,0.06,11.99
41,7,-6.74,-20.9,2.9,0.06,11.46
41,8,-6.77,-21.0,2.4,0.09,11.04
41,9,-6.88,-21.2,1.8,0.13,10.39
41,10,-6.68,-20.7,1.9,0.12,10.0
41,11,-6.26,-19.8,2.4,0.08,9.94
41,12,-5.82,-18.9,2.8,0.05,9.94
41,13,-5.44,-18.2,3.1,0.04,10.39
41,14,-5.24,-18.9,3.3,0.02,11.65
41,15,-5.27,-19.1,3.5,0.07,11.45
41,16,-5.66,-18.9,3.4,0.03,12.02
41,17,-5.88,-18.0,2.9,0.12,12.11
41,18,-5.99,-17.7,2.5,0.14,12.4
41,19,-5.88,-17.7,2.7,0.13,12.44
41,20,-5.88,-17.8,2.6,0.04,12.89
41,21,-5.99,-17.9,2.3,0.1,12.78
41,22,-5.91,-17.7,2.0,0.15,12.45
41,23,-5.81,-17.8,2.3,0.1,12.52
42,0,-5.78,-17.9,2.5,0.1,12.97
42,1,-5.88,-17.4,2.3,0.09,13.24
42,2,-6.03,-17.2,2.5,0.05,12.73
42,3,-6.42,-17.5,1.9,0.04,12.37
42,4,-6.39,-16.9,1.7,0.01,12.12
42,5,-6.26,-16.3,1.5,0.01,11.78
42,6,-6.62,-18.7,1.8,0.01,12.02
42,7,-6.54,-18.4,2.0,0.01,11.77
42,8,-6.7,-19.2,2.0,0.01,11.99
42,9,-6.84,-19.2,2.0,0.02,11.63
42,10,-6.69,-19.0,1.9,0.02,11.23
42,11,-6.35,-18.3,2.1,0.01,11.5
42,12,-5.98,-16.2,2.1,0.02,11.05
42,13,-5.82,-15.4,2.1,0.02,10.61
42,14,-5.81,-15.4,2.0,0.02,10.74
42,15,-5.89,-15.7,1.8,0.03,10.65
42,16,-6.37,-15.8,1.4,0.04,11.2
42,17,-7.01,-17.1,1.0,0.03,10.88
42,18,-7.43,-17.5,0.8,0.03,10.83
42,19,-7.49,-18.1,0.7,0.02,11.04
42,20,-7.5,-16.8,0.8,0.02,11.14
42,21,-7.77,-16.7,0.6,0.0,11.01
42,22,-7.87,-16.6,0.5,0.02,10.48
42,23,-8.16,-16.4,0.4,0.03,10.58
43,0,-8.28,-16.1,0.4,0.03,9.8
43,1,-8.36,-16.5,0.1,0.02,9.35
43,2,-8.12,-16.8,0.0,0.01,9.33
43,3,-8.33,-16.8,0.2,0.02,9.78
43,4,-8.51,-17.2,0.2,0.04,10.08
43,5,-8.59,-17.3,0.3,0.05,9.82
43,6,-8.49,-17.6,0.4,0.07,9.57
43,7,-8.27,-17.8,0.5,0.13,9.82
43,8,-8.16,-18.2,0.6,0.15,10.48
43,9,-8.18,-18.7,0.5,0.17,10.35
43,10,-7.83,-18.5,0.4,0.13,9.8
43,11,-7.27,-17.9,0.4,0.07,9.01
43,12,-6.64,-17.7,0.8,0.08,9.05
43,13,-6.05,-17.5,1.0,0.05,9.26
43,14,-5.37,-17.4,1.1,0.05,10.28
43,15,-5.23,-15.9,1.2,0.08,10.51
43,16,-5.37,-16.2,2.3,0.09,12.57
43,17,-5.6,-17.7,3.0,0.05,13.28
43,18,-5.36,-17.3,4.6,0.04,14.41
43,19,-5.26,-16.7,3.9,0.03,14.4
43,20,-5.19,-15.8,2.9,0.03,13.68
43,21,-5.1,-14.8,2.3,0.03,13.72
43,22,-5.12,-13.6,1.4,0.02,12.93
43,23,-5.18,-12.7,1.1,0.02,12.32
44,0,-5.18,-12.0,1.0,0.01,12.68
44,1,-5.4,-11.9,0.9,0.02,12.74
44,2,-5.31,-13.0,1.5,0.04,12.61
44,3,-5.78,-14.3,1.4,0.06,12.07
44,4,-5.92,-15.0,1.6,0.05,12.74
44,5,-5.88,-13.4,2.0,0.03,13.32
44,6,-5.89,-13.8,2.4,0.02,13.7
44,7,-6.0,-14.3,2.3,0.05,13.31
44,8,-6.34,-15.2,2.2,0.03,13.18
44,9,-6.37,-16.1,2.1,0.03,13.07
44,10,-5.89,-15.6,2.1,0.06,12.81
44,11,-5.28,-14.7,2.8,0.07,12.81
44,12,-4.7,-14.4,2.9,0.06,13.13
44,13,-4.26,-14.4,3.6,0.07,13.4
44,14,-3.59,-14.4,5.1,0.05,13.97
44,15,-3.37,-13.6,4.4,0.07,14.5
44,16,-3.52,-13.9,4.6,0.08,15.67
44,17,-3.62,-14.3,5.8,0.06,16.7
44,18,-3.81,-14.5,5.4,0.07,16.63
44,19,-3.93,-14.5,5.3,0.05,15.99
44,20,-4.18,-14.4,5.6,0.01,15.88
44,21,-4.52,-14.4,5.4,0.02,15.39
44,22,-4.96,-14.5,5.0,0.03,14.64
44,23,-5.33,-14.7,4.5,0.01,14.18
45,0,-5.58,-15.9,3.7,0.0,13.62
45,1,-5.86,-16.8,3.3,0.0,13.59
45,2,-5.94,-16.9,3.6,0.02,13.13
45,3,-5.73,-16.0,2.7,0.01,13.45
45,4,-6.18,-16.4,1.9,0.01,12.83
45,5,-6.43,-16.2,1.4,0.0,12.44
45,6,-6.61,-16.0,1.2,0.0,11.9
45,7,-6.63,-15.7,0.9,0.01,12.13
45,8,-6.7,-15.2,0.6,0.04,11.95
45,9,-6.59,-14.7,0.4,0.11,12.45
45,10,-6.1,-13.7,1.0,0.07,12.26
45,11,-5.48,-12.5,1.5,0.05,12.23
45,12,-4.96,-11.5,1.8,0.07,12.36
45,13,-4.73,-10.8,1.8,0.13,11.85
45,14,-4.5,-11.1,1.5,0.1,11.88
45,15,-4.27,-11.6,0.9,0.12,10.33
45,16,-4.53,-12.0,0.2,0.37,10.97
45,17,-4.77,-11.7,2.1,0.11,12.19
45,18,-5.27,-12.8,1.7,0.06,12.51
45,19,-5.24,-12.8,2.3,0.03,12.41
45,20,-5.12,-12.5,3.4,0.01,12.71
45,21,-5.66,-15.0,3.3,0.02,12.83
45,22,-5.82,-14.8,3.1,0.02,11.99
45,23,-6.27,-16.3,3.4,0.0,12.82
46,0,-6.22,-15.7,3.6,0.0,12.92
46,1,-6.26,-14.9,3.5,0.0,12.84
46,2,-6.24,-16.0,3.7,0.0,12.17
46,3,-6.5,-17.5,3.0,0.0,11.61
46,4,-6.4,-18.0,2.7,0.01,12.11
46,5,-6.37,-18.1,2.5,0.0,12.69
46,6,-6.37,-18.0,2.3,0.01,12.67
46,7,-6.2,-17.7,2.1,0.01,11.98
46,8,-6.16,-17.3,2.4,0.03,12.3
46,9,-6.03,-16.8,2.1,0.03,12.71
46,10,-5.49,-15.7,2.0,0.03,13.11
46,11,-4.72,-13.8,2.2,0.02,13.3
46,12,-3.95,-11.6,2.2,0.02,13.6
46,13,-3.48,-9.8,2.2,0.03,13.71
46,14,-3.08,-8.6,2.0,0.03,14.47
46,15,-3.0,-8.3,1.5,0.04,13.85
46,16,-3.01,-9.1,1.2,0.07,13.44
46,17,-3.21,-10.6,0.7,0.06,13.48
46,18,-3.4,-12.0,0.7,0.04,12.88
46,19,-3.46,-13.9,0.7,0.05,12.71
46,20,-3.54,-15.5,0.7,0.03,12.46
46,21,-3.71,-16.0,0.7,0.05,12.1
46,22,-3.87,-16.3,0.6,0.05,12.2
46,23,-3.94,-15.8,0.6,0.06,12.33
47,0,-3.77,-14.7,0.6,0.06,12.67
47,1,-3.79,-13.0,0.6,0.14,13.04
47,2,-3.75,-12.1,0.9,0.11,13.43
47,3,-4.33,-14.2,0.4,0.13,13.01
47,4,-4.37,-13.1,0.0,0.07,12.79
47,5,-4.44,-12.7,0.2,0.07,13.03
47,6,-4.59,-12.7,0.6,0.05,12.64
47,7,-4.72,-12.6,0.6,0.05,12.63
47,8,-4.84,-13.0,1.2,0.03,12.63
47,9,-4.93,-14.1,1.3,0.03,12.97
47,10,-4.68,-14.5,1.7,0.02,12.59
47,11,-4.18,-13.1,1.8,0.02,12.7
47,12,-3.81,-12.1,1.9,0.03,12.7
47,13,-3.49,-11.1,2.0,0.08,13.3
47,14,-3.08,-10.5,2.8,0.09,14.24
47,15,-3.22,-11.8,2.5,0.06,14.09
47,16,-3.43,-12.9,2.8,0.01,14.34
47,17,-3.75,-13.9,2.6,0.02,15.42
47,18,-3.91,-14.7,2.4,0.06,15.76
47,19,-4.12,-15.3,2.4,0.14,15.98
47,20,-4.35,-15.8,2.1,0.3,16.2
47,21,-4.41,-16.4,2.2,0.32,16.06
47,22,-4.28,-16.9,3.4,0.2,15.7
47,23,-4.25,-17.5,4.3,0.11,15.61
48,0,-4.2,-18.0,5.4,0.21,15.4
48,1,-4.25,-18.5,5.7,0.13,15.36
48,2,-4.52,-20.0,6.2,0.09,15.32
48,3,-5.05,-21.4,4.7,0.12,14.84
48,4,-5.25,-22.4,3.5,0.22,14.53
48,5,-5.55,-23.0,2.6,0.09,13.95
48,6,-5.82,-23.5,1.8,0.08,13.66
48,7,-6.04,-23.8,1.5,0.06,13.56
48,8,-6.16,-24.1,1.3,0.04,13.31
48,9,-6.14,-24.3,1.2,0.03,12.8
48,10,-5.74,-23.6,1.3,0.02,12.21
48,11,-5.18,-22.2,1.4,0.01,11.89
48,12,-4.71,-20.9,1.6,0.0,11.85
48,13,-4.46,-19.9,1.8,0.0,12.58
48,14,-4.26,-18.9,2.0,0.01,13.56
48,15,-4.76,-20.2,1.7,0.03,12.74
48,16,-5.04,-20.5,1.4,0.01,13.05
48,17,-5.33,-21.0,1.2,0.01,13.16
48,18,-5.43,-21.3,1.5,0.01,13.5
48,19,-5.55,-21.6,1.8,0.03,14.46
48,20,-5.58,-21.8,1.9,0.02,14.19
48,21,-5.9,-22.1,2.6,0.04,14.14
48,22,-5.66,-21.5,2.7,0.03,13.6
48,23,-5.9,-20.1,2.3,0.03,13.51
49,0,-5.75,-19.2,2.1,0.04,13.94
49,1,-5.63,-18.7,2.4,0.07,14.98
49,2,-5.76,-18.1,2.5,0.09,15.52
49,3,-6.06,-17.6,1.9,0.08,14.97
49,4,-6.28,-17.9,1.7,0.05,14.38
49,5,-6.56,-18.2,1.3,0.05,13.94
49,6,-6.67,-18.3,1.3,0.06,14.16
49,7,-6.63,-18.1,1.6,0.08,14.46
49,8,-6.62,-18.0,1.8,0.12,14.18
49,9,-6.59,-17.7,1.5,0.14,14.22
49,10,-6.26,-16.7,1.0,0.09,14.08
49,11,-5.91,-15.8,0.7,0.08,13.05
49,12,-5.56,-14.4,0.6,0.1,12.25
49,13,-5.2,-13.5,0.9,0.11,11.75
49,14,-4.64,-13.5,2.3,0.1,11.76
49,15,-4.8,-14.1,2.2,0.09,12.16
49,16,-5.13,-14.5,2.1,0.08,12.08
49,17,-5.58,-14.6,1.8,0.11,12.41
49,18,-5.65,-14.6,1.4,0.11,12.78
49,19,-5.64,-14.6,1.5,0.12,12.72
49,20,-5.57,-14.5,1.5,0.15,12.37
49,21,-5.65,-14.6,1.4,0.13,12.08
49,22,-5.84,-14.5,1.0,0.15,11.39
49,23,-5.93,-14.4,0.7,0.11,11.38
50,0,-5.9,-14.3,0.8,0.07,11.55
50,1,-5.93,-14.2,0.5,0.08,11.07
50,2,-6.03,-16.3,1.1,0.13,11.32
50,3,-6.38,-17.1,0.6,0.04,11.08
50,4,-6.45,-17.6,0.7,0.05,11.26
50,5,-6.81,-18.4,-0.6,0.05,11.38
50,6,-7.05,-19.0,-1.2,0.05,11.85
50,7,-7.03,-18.7,-0.8,0.07,12.02
50,8,-7.02,-18.5,-0.6,0.07,11.57
50,9,-6.92,-18.9,-0.5,0.08,11.71
50,10,-6.56,-18.6,-0.4,0.08,11.37
50,11,-5.98,-17.3,0.1,0.05,11.68
50,12,-5.46,-15.9,0.9,0.04,11.87
50,13,-5.2,-15.7,1.3,0.04,11.39
50,14,-5.13,-15.2,1.3,0.04,10.64
50,15,-4.89,-16.0,1.6,0.03,10.88
50,16,-5.23,-16.3,1.3,0.05,10.59
50,17,-5.61,-16.1,1.0,0.05,11.2
50,18,-5.83,-16.3,0.9,0.06,11.38
50,19,-6.03,-17.2,0.9,0.08,11.39
50,20,-6.13,-17.5,0.8,0.11,11.21
50,21,-6.26,-17.5,0.7,0.15,11.71
50,22,-6.42,-17.6,0.6,0.14,11.83
50,23,-6.63,-17.4,0.6,0.15,11.09
51,0,-6.96,-17.2,0.6,0.15,11.31
51,1,-7.12,-16.9,0.6,0.12,11.43
51,2,-7.32,-22.6,0.7,0.13,11.41
51,3,-7.73,-23.9,0.3,0.08,12.09
51,4,-7.85,-24.4,-0.5,0.08,11.75
51,5,-8.19,-25.2,-0.6,0.11,11.68
51,6,-8.84,-25.5,-0.7,0.15,13.25
51,7,-9.09,-25.6,-0.8,0.18,12.98
51,8,-9.18,-25.8,-0.9,0.09,13.39
51,9,-9.19,-25.5,-1.0,0.05,13.41
51,10,-8.77,-24.1,-0.8,0.03,12.73
51,11,-8.15,-22.5,-0.7,0.02,12.03
51,12,-7.52,-21.2,-0.3,0.02,11.65
51,13,-7.04,-20.2,-0.2,0.01,11.85
51,14,-6.7,-18.3,-0.1,0.01,12.29
51,15,-6.42,-18.6,-0.2,0.02,12.68
51,16,-6.6,-19.4,-0.4,0.02,11.97
51,17,-6.99,-20.1,-0.4,0.03,12.46
51,18,-7.13,-19.9,-0.4,0.05,12.1
51,19,-7.22,-20.6,-0.4,0.05,12.84
51,20,-7.35,-21.1,-0.5,0.05,12.57
51,21,-7.41,-20.5,-0.9,0.08,12.33
51,22,-7.31,-20.0,-0.8,0.1,11.95
51,23,-7.36,-20.0,-0.7,0.09,12.07
52,0,-7.33,-19.1,-0.7,0.06,11.26
52,1,-7.42,-19.3,-0.8,0.1,12.06
52,2,-7.57,-19.8,-0.9,0.1,11.37
52,3,-7.93,-19.9,-0.7,0.06,11.95
52,4,-8.1,-19.5,-0.4,0.05,12.64
52,5,-8.14,-19.1,-0.3,0.04,12.83
52,6,-8.19,-18.8,0.2,0.07,12.3
52,7,-8.32,-18.2,0.7,0.07,12.11
52,8,-8.34,-17.2,1.3,0.04,12.39
52,9,-8.13,-16.8,1.7,0.02,12.25
52,10,-7.54,-16.2,2.0,0.03,11.99
52,11,-7.0,-14.9,1.8,0.08,12.23
52,12,-6.64,-13.8,1.9,0.12,12.16
52,13,-6.19,-13.3,2.0,0.06,12.0
52,14,-6.29,-13.1,2.5,0.06,12.43
52,15,-6.45,-14.5,2.4,0.07,12.78
52,16,-6.77,-15.8,2.3,0.09,13.66
52,17,-7.32,-17.2,2.1,0.1,15.04
52,18,-7.52,-17.7,2.0,0.09,14.97
52,19,-7.33,-17.0,2.2,0.1,14.2
52,20,-7.4,-15.3,2.1,0.16,13.7
52,21,-7.52,-15.5,2.0,0.16,13.39
52,22,-7.89,-18.1,2.0,0.14,13.85
52,23,-8.04,-18.3,1.4,0.15,13.82
53,0,-7.92,-16.7,0.7,0.13,13.52
53,1,-8.0,-16.0,0.4,0.08,13.4
53,2,-7.99,-17.2,2.0,0.04,13.36
53,3,-8.52,-17.3,1.6,0.14,13.21
53,4,-8.54,-17.6,2.1,0.11,13.3
53,5,-8.47,-17.5,1.8,0.14,13.29
53,6,-8.36,-17.3,2.3,0.09,13.33
53,7,-8.28,-16.5,2.5,0.03,13.39
53,8,-8.2,-16.1,3.3,0.01,13.95
53,9,-8.07,-15.8,3.5,0.02,13.99
53,10,-7.56,-14.7,3.6,0.02,12.95
53,11,-7.06,-13.5,3.2,0.05,12.77
53,12,-6.59,-13.2,2.8,0.06,12.7
53,13,-6.14,-12.9,3.0,0.02,12.76
53,14,-5.7,-12.8,4.1,0.03,13.31
53,15,-5.79,-13.1,3.7,0.02,13.72
53,16,-5.78,-13.2,3.4,0.03,14.24
53,17,-5.97,-13.4,3.1,0.08,14.74
53,18,-6.14,-13.4,3.1,0.19,14.97
53,19,-6.13,-13.4,3.1,0.22,15.12
53,20,-6.2,-13.8,3.0,0.19,14.7
53,21,-6.31,-15.0,2.8,0.13,13.74
53,22,-6.44,-16.2,2.7,0.12,13.19
53,23,-6.41,-16.4,2.6,0.13,12.99
54,0,-6.55,-18.0,2.6,0.11,13.55
54,1,-6.36,-16.3,2.6,0.13,13.41
54,2,-6.53,-17.3,2.7,0.13,14.03
54,3,-6.85,-18.8,2.8,0.13,13.85
54,4,-6.99,-18.9,2.7,0.1,13.66
54,5,-6.84,-18.5,2.8,0.15,14.5
54,6,-6.92,-18.7,2.8,0.16,14.94
54,7,-6.99,-18.8,2.5,0.21,14.61
54,8,-7.05,-18.9,2.1,0.22,13.81
54,9,-6.8,-18.3,2.6,0.22,14.4
54,10,-6.42,-17.4,2.5,0.23,13.69
54,11,-5.88,-16.0,2.6,0.24,13.4
54,12,-5.34,-14.5,3.3,0.18,13.7
54,13,-5.15,-14.2,3.7,0.18,12.68
54,14,-4.84,-14.1,4.2,0.22,13.08
54,15,-5.0,-15.3,3.6,0.14,12.78
54,16,-5.19,-15.6,3.9,0.12,13.33
54,17,-5.37,-15.2,3.8,0.11,14.11
54,18,-5.42,-16.0,3.8,0.07,14.21
54,19,-5.56,-16.7,3.1,0.06,14.2
54,20,-5.59,-17.3,2.4,0.05,13.99
54,21,-5.76,-17.9,2.1,0.04,13.84
54,22,-5.69,-18.2,2.0,0.03,13.7
54,23,-5.63,-18.6,2.1,0.02,13.62
55,0,-5.66,-18.9,2.3,0.02,13.16
55,1,-5.71,-19.3,2.4,0.02,13.15
55,2,-5.74,-20.3,2.1,0.02,13.98
55,3,-5.77,-21.4,2.3,0.02,13.87
55,4,-5.75,-21.9,2.2,0.02,14.08
55,5,-5.87,-22.6,2.1,0.02,14.46
55,6,-5.88,-23.4,2.0,0.01,14.85
55,7,-5.84,-23.7,1.9,0.04,15.07
55,8,-5.77,-24.1,1.6,0.06,14.78
55,9,-5.39,-23.6,1.6,0.07,14.73
55,10,-4.86,-21.9,2.0,0.13,14.61
55,11,-4.22,-19.2,2.5,0.12,14.23
55,12,-3.74,-17.9,3.1,0.24,14.53
55,13,-3.49,-17.2,3.4,0.21,14.65
55,14,-2.9,-16.9,4.5,0.26,15.22
55,15,-2.96,-17.1,4.5,0.23,14.98
55,16,-3.12,-17.3,4.4,0.05,14.97
55,17,-3.59,-18.5,3.9,0.08,15.6
55,18,-3.88,-19.4,3.2,0.06,16.13
55,19,-4.11,-20.0,2.6,0.07,14.89
55,20,-4.37,-20.4,2.5,0.06,13.8
55,21,-4.46,-20.4,2.6,0.06,13.29
55,22,-4.5,-20.2,2.7,0.03,13.21
55,23,-4.65,-20.0,2.8,0.0,12.15
56,0,-4.61,-19.8,4.0,0.02,13.69
56,1,-4.6,-19.6,3.9,0.04,14.13
56,2,-4.73,-19.1,4.2,0.05,13.54
56,3,-4.99,-19.3,3.5,0.08,12.95
56,4,-5.07,-18.9,2.9,0.12,12.24
56,5,-5.1,-18.5,2.5,0.1,12.17
56,6,-5.01,-17.7,2.9,0.09,12.66
56,7,-4.93,-17.1,3.1,0.06,13.16
56,8,-4.93,-16.5,2.8,0.04,12.81
56,9,-4.92,-15.9,2.9,0.04,12.16
56,10,-4.5,-14.9,3.6,0.01,11.91
56,11,-3.73,-13.4,3.9,0.01,11.64
56,12,-3.11,-12.0,4.0,0.04,11.77
56,13,-2.7,-10.9,3.8,0.03,11.55
56,14,-2.45,-9.1,3.5,0.02,11.23
56,15,-2.83,-10.3,2.8,0.04,11.61
56,16,-3.19,-11.1,3.1,0.04,12.27
56,17,-3.95,-12.8,3.2,0.04,12.5
56,18,-4.39,-14.2,2.8,0.03,12.35
56,19,-4.49,-13.9,2.5,0.04,11.53
56,20,-4.65,-14.0,1.8,0.02,11.69
56,21,-4.71,-14.0,2.2,0.01,11.72
56,22,-5.11,-14.9,2.3,0.0,11.8
56,23,-5.39,-13.8,2.2,0.0,11.39
57,0,-5.63,-13.8,2.0,0.02,11.44
57,1,-5.9,-13.9,2.1,0.03,11.43
57,2,-5.65,-14.3,2.1,0.01,10.66
57,3,-5.81,-14.3,1.8,0.02,10.43
57,4,-6.27,-14.7,1.7,0.01,10.56
57,5,-6.43,-15.0,1.7,0.0,10.55
57,6,-6.66,-13.7,1.8,0.01,9.87
57,7,-7.11,-15.1,1.8,0.01,9.64
57,8,-7.22,-16.6,1.7,0.01,9.39
57,9,-6.88,-15.8,1.6,0.0,9.25
57,10,-6.13,-14.8,1.6,0.0,8.65
57,11,-5.56,-13.8,1.7,0.0,8.61
57,12,-4.99,-12.5,1.9,0.0,8.3
57,13,-4.7,-11.5,2.1,0.02,7.89
57,14,-4.81,-11.2,2.1,0.05,8.18
57,15,-5.23,-10.6,2.4,0.07,8.69
57,16,-5.74,-11.0,2.0,0.06,9.31
57,17,-6.31,-11.6,1.6,0.06,9.81
57,18,-6.33,-11.5,1.2,0.03,10.93
57,19,-6.12,-12.1,1.1,0.03,11.48
57,20,-6.15,-14.9,1.2,0.03,12.01
57,21,-5.99,-15.3,1.6,0.02,12.48
57,22,-5.85,-15.1,1.9,0.02,12.38
57,23,-5.69,-14.3,1.4,0.02,12.79
58,0,-5.68,-16.5,1.4,0.01,13.3
58,1,-5.71,-16.1,1.3,0.04,12.54
58,2,-5.85,-15.8,1.8,0.03,13.56
58,3,-6.09,-16.6,1.3,0.01,12.93
58,4,-6.16,-16.9,1.2,0.01,12.19
58,5,-6.28,-16.5,1.2,0.0,11.63
58,6,-6.3,-16.7,1.2,0.0,11.59
58,7,-6.82,-17.0,1.2,0.0,11.76
58,8,-6.74,-17.2,1.7,0.0,11.64
58,9,-6.51,-16.8,2.2,0.02,11.66
58,10,-6.01,-15.7,2.6,0.0,11.15
58,11,-5.17,-14.8,3.0,0.0,10.68
58,12,-4.49,-14.1,3.4,0.0,11.17
58,13,-4.05,-13.7,3.2,0.01,11.11
58,14,-3.6,-14.1,3.7,0.05,10.95
58,15,-3.68,-15.0,2.9,0.02,10.53
58,16,-3.85,-15.0,2.9,0.02,10.97
58,17,-4.42,-17.7,2.8,0.0,12.04
58,18,-4.68,-18.0,3.5,0.0,13.05
58,19,-4.88,-19.6,3.8,0.03,13.14
58,20,-5.05,-20.9,3.7,0.05,13.45
58,21,-5.07,-21.3,3.4,0.08,13.64
58,22,-5.28,-21.8,2.7,0.07,14.24
58,23,-5.41,-22.2,2.0,0.03,13.54
59,0,-6.215,-20.8,1.3,0.054,12.215
59,1,-6.323,-21.3,1.1,0.031,12.962
59,2,-6.354,-23.2,1.2,0.031,12.854
59,3,-6.515,-24.5,1.2,0.015,12.931
59,4,-6.546,-24.2,1.1,0.015,13.123
59,5,-6.831,-24.2,0.9,0.008,13.262
59,6,-7.131,-24.1,0.5,0.0,13.038
59,7,-7.408,-23.9,0.0,0.0,12.354
59,8,-7.5,-23.5,0.3,0.0,11.977
59,9,-6.985,-21.6,0.3,0.0,11.762
59,10,-6.185,-19.1,0.6,0.0,11.254
59,11,-5.408,-17.3,1.1,0.008,10.746
59,12,-4.746,-15.8,1.5,0.0,10.585
59,13,-4.315,-14.5,1.7,0.008,10.954
59,14,-4.015,-14.2,2.6,0.0,11.4
59,15,-4.177,-13.8,1.9,0.0,11.2
59,16,-4.415,-13.9,2.2,0.0,12.646
59,17,-4.977,-14.0,2.1,0.0,13.485
59,18,-5.377,-14.2,2.2,0.0,14.015
59,19,-5.531,-14.2,2.8,0.0,14.223
59,20,-5.669,-13.9,2.9,0.008,13.908
59,21,-5.692,-13.5,2.9,0.015,13.977
59,22,-5.692,-13.8,2.7,0.031,13.454
59,23,-5.669,-14.4,2.5,0.062,13.546
60,0,-4.84,-12.6,2.8,0.07,14.09
60,1,-4.83,-12.8,2.4,0.08,13.95
60,2,-4.43,-13.8,4.0,0.04,14.46
60,3,-4.19,-13.5,3.4,0.06,14.67
60,4,-4.04,-13.1,2.8,0.06,14.46
60,5,-4.05,-12.9,2.5,0.06,14.11
60,6,-3.98,-12.6,2.3,0.07,13.67
60,7,-3.72,-12.3,2.6,0.14,13.29
60,8,-3.56,-11.9,2.6,0.12,13.08
60,9,-3.09,-11.2,2.6,0.1,12.71
60,10,-2.67,-11.1,2.6,0.12,11.9
60,11,-2.12,-10.6,3.1,0.1,12.23
60,12,-1.65,-10.1,3.3,0.08,12.18
60,13,-1.37,-9.9,3.2,0.07,12.6
60,14,-1.02,-9.2,3.6,0.03,13.41
60,15,-1.19,-9.2,3.3,0.04,13.94
60,16,-1.49,-9.6,3.0,0.04,14.28
60,17,-1.87,-10.0,3.0,0.04,14.41
60,18,-2.21,-10.2,2.2,0.01,14.34
60,19,-2.4,-10.3,1.7,0.01,14.63
60,20,-2.47,-10.1,2.0,0.03,14.32
60,21,-2.53,-10.1,2.0,0.03,13.97
60,22,-2.64,-10.2,2.0,0.06,13.76
60,23,-2.79,-10.5,1.8,0.06,13.61
61,0,-2.8,-10.7,1.3,0.05,13.72
61,1,-2.82,-10.9,1.4,0.03,13.85
61,2,-2.59,-10.3,1.4,0.04,13.56
61,3,-2.98,-10.0,1.3,0.07,12.96
61,4,-3.16,-9.9,1.3,0.03,13.28
61,5,-3.41,-10.1,1.2,0.04,13.29
61,6,-3.58,-10.5,1.3,0.06,13.56
61,7,-3.81,-11.0,1.3,0.1,13.4
61,8,-4.03,-12.5,1.4,0.12,12.74
61,9,-3.68,-11.6,1.5,0.13,12.83
61,10,-3.12,-10.7,1.9,0.17,12.41
61,11,-2.55,-10.0,2.2,0.11,11.79
61,12,-2.17,-9.3,2.2,0.06,11.71
61,13,-2.04,-8.9,2.6,0.08,12.12
61,14,-1.91,-8.6,2.9,0.14,11.37
61,15,-2.23,-8.6,2.2,0.21,10.49
61,16,-2.57,-9.2,2.0,0.09,11.07
61,17,-3.1,-11.0,1.8,0.05,11.82
61,18,-3.54,-12.4,1.6,0.04,12.01
61,19,-3.63,-11.0,1.5,0.01,12.01
61,20,-3.85,-10.5,1.4,0.0,11.99
61,21,-4.0,-10.3,1.2,0.0,12.07
61,22,-4.2,-10.9,1.2,0.0,12.1
61,23,-4.41,-11.2,1.2,0.0,11.87
62,0,-4.61,-11.0,1.1,0.0,11.0
62,1,-5.07,-13.0,1.0,0.0,11.13
62,2,-5.11,-12.0,0.8,0.01,11.2
62,3,-5.69,-13.6,0.4,0.0,10.33
62,4,-6.18,-15.1,0.4,0.0,10.1
62,5,-6.25,-15.2,0.4,0.0,10.59
62,6,-6.49,-16.1,0.4,0.01,10.68
62,7,-6.65,-16.9,0.4,0.02,10.83
62,8,-6.61,-17.0,0.5,0.04,10.51
62,9,-6.37,-16.5,0.7,0.02,9.85
62,10,-5.45,-15.2,1.0,0.01,9.4
62,11,-4.64,-14.5,1.4,0.03,9.44
62,12,-4.0,-12.2,1.9,0.01,8.96
62,13,-3.54,-11.2,2.6,0.01,8.76
62,14,-3.17,-10.9,2.4,0.01,9.31
62,15,-3.45,-10.4,2.3,0.0,8.74
62,16,-4.03,-11.7,2.0,0.0,9.01
62,17,-5.18,-14.0,1.7,0.01,9.61
62,18,-5.98,-16.3,1.1,0.01,10.47
62,19,-6.35,-17.1,0.4,0.01,10.76
62,20,-6.54,-18.0,0.4,0.01,9.97
62,21,-6.58,-17.9,0.3,0.0,9.39
62,22,-6.56,-16.8,0.3,0.01,9.51
62,23,-6.73,-16.9,0.3,0.01,9.68
63,0,-6.99,-17.1,0.2,0.03,9.64
63,1,-7.09,-17.7,0.3,0.04,9.91
63,2,-7.15,-17.8,0.3,0.01,9.79
63,3,-7.31,-17.5,0.0,0.06,10.01
63,4,-7.42,-16.6,-0.5,0.03,10.57
63,5,-7.39,-16.0,-0.1,0.0,10.84
63,6,-7.3,-15.5,0.3,0.01,10.71
63,7,-7.35,-15.4,0.3,0.02,10.07
63,8,-7.41,-15.4,0.5,0.03,10.38
63,9,-7.11,-14.8,1.0,0.01,10.06
63,10,-6.26,-13.9,1.6,0.0,9.48
63,11,-5.49,-12.8,2.0,0.0,9.42
63,12,-4.79,-11.8,2.4,0.0,9.16
63,13,-4.25,-10.9,2.4,0.0,8.97
63,14,-3.84,-9.5,2.5,0.0,9.55
63,15,-3.99,-10.1,2.5,0.0,9.24
63,16,-4.33,-10.3,2.1,0.0,9.65
63,17,-4.83,-10.4,2.0,0.0,9.81
63,18,-5.34,-10.4,1.2,0.01,10.58
63,19,-5.86,-10.7,0.6,0.0,11.03
63,20,-6.05,-11.6,0.3,0.0,10.77
63,21,-6.3,-11.7,0.1,0.0,11.1
63,22,-6.49,-11.8,-0.1,0.02,10.88
63,23,-6.69,-12.2,-0.3,0.05,10.83
64,0,-6.79,-12.6,-0.1,0.07,10.51
64,1,-6.95,-13.0,-0.5,0.11,10.38
64,2,-6.93,-14.1,-0.8,0.1,11.58
64,3,-7.41,-15.2,-1.6,0.01,12.04
64,4,-7.62,-15.7,-1.9,0.01,12.28
64,5,-7.76,-16.2,-1.5,0.01,12.05
64,6,-7.82,-16.5,-1.3,0.08,11.66
64,7,-7.97,-16.7,-1.3,0.15,11.43
64,8,-7.98,-17.2,-1.0,0.12,11.27
64,9,-7.43,-17.0,-0.3,0.14,10.41
64,10,-6.55,-16.0,0.5,0.04,11.07
64,11,-5.74,-14.7,0.6,0.02,11.19
64,12,-5.13,-13.4,0.7,0.03,10.82
64,13,-4.64,-12.1,0.8,0.04,10.25
64,14,-4.21,-10.9,1.0,0.01,10.09
64,15,-4.42,-11.3,0.9,0.06,9.89
64,16,-4.87,-12.1,0.9,0.03,9.8
64,17,-5.57,-13.2,0.8,0.04,10.01
64,18,-6.11,-13.3,0.9,0.02,10.21
64,19,-6.51,-13.8,1.1,0.01,9.57
64,20,-6.97,-14.2,1.1,0.01,9.2
64,21,-7.2,-14.6,1.0,0.01,9.01
64,22,-7.18,-15.0,0.9,0.02,8.85
64,23,-7.24,-15.4,0.4,0.04,8.25
65,0,-7.25,-15.6,0.1,0.01,8.35
65,1,-7.33,-16.0,-0.3,0.01,8.94
65,2,-7.49,-17.2,0.2,0.0,10.55
65,3,-7.82,-18.1,-0.3,0.0,10.25
65,4,-7.95,-18.5,-0.7,0.01,9.94
65,5,-8.12,-18.5,-1.0,0.02,9.86
65,6,-8.23,-18.5,-1.6,0.03,9.98
65,7,-8.23,-18.1,-2.3,0.03,10.09
65,8,-8.19,-17.8,-2.9,0.04,10.47
65,9,-7.49,-16.6,-2.1,0.07,10.42
65,10,-6.73,-15.1,-1.2,0.07,9.73
65,11,-5.98,-13.7,-0.6,0.1,9.39
65,12,-5.33,-12.4,-0.2,0.19,9.88
65,13,-4.79,-11.4,0.1,0.15,10.1
65,14,-4.4,-10.8,0.4,0.11,10.81
65,15,-4.45,-10.8,0.8,0.09,10.0
65,16,-4.91,-11.1,0.6,0.08,9.96
65,17,-5.16,-11.7,0.4,0.05,11.49
65,18,-5.74,-12.7,-0.4,0.02,12.49
65,19,-5.96,-13.1,-0.6,0.03,12.68
65,20,-6.32,-13.1,-0.8,0.03,12.93
65,21,-6.7,-13.7,-1.1,0.01,12.84
65,22,-6.94,-14.6,-1.0,0.0,12.57
65,23,-7.31,-16.6,-1.0,0.0,12.17
66,0,-7.58,-16.4,-1.0,0.01,11.05
66,1,-8.01,-16.2,-1.1,0.01,10.41
66,2,-8.14,-16.6,-1.3,0.01,10.22
66,3,-8.67,-17.5,-1.3,0.04,10.32
66,4,-8.44,-17.3,-1.4,0.03,10.82
66,5,-8.46,-17.5,-1.4,0.01,11.27
66,6,-8.74,-18.5,-1.5,0.0,11.38
66,7,-9.02,-19.2,-1.5,0.02,11.51
66,8,-9.0,-19.8,-1.5,0.01,11.49
66,9,-8.39,-18.1,-1.4,0.01,10.88
66,10,-7.58,-16.9,-0.9,0.0,10.72
66,11,-6.67,-15.3,-0.1,0.0,10.86
66,12,-5.9,-14.1,0.4,0.0,10.75
66,13,-5.39,-13.4,0.5,0.0,10.6
66,14,-4.76,-11.8,0.5,0.01,10.7
66,15,-4.49,-11.5,0.7,0.0,9.88
66,16,-5.03,-12.7,0.7,0.0,9.95
66,17,-5.49,-15.4,0.6,0.0,10.86
66,18,-6.16,-17.0,0.4,0.01,11.27
66,19,-6.44,-18.0,0.2,0.02,11.18
66,20,-6.45,-17.5,0.1,0.04,11.44
66,21,-6.61,-18.2,0.3,0.07,11.69
66,22,-6.57,-18.4,0.7,0.12,11.88
66,23,-6.63,-18.5,0.8,0.13,11.9
67,0,-6.68,-18.5,0.9,0.08,11.78
67,1,-6.86,-18.6,1.0,0.07,11.92
67,2,-6.72,-20.0,0.9,0.11,12.05
67,3,-6.99,-21.3,0.6,0.2,11.61
67,4,-7.13,-22.0,0.7,0.14,12.1
67,5,-7.17,-22.2,1.4,0.08,12.32
67,6,-7.2,-22.0,1.3,0.07,12.44
67,7,-7.56,-21.8,0.5,0.07,12.7
67,8,-7.23,-21.8,0.9,0.07,12.8
67,9,-6.41,-20.8,1.7,0.1,12.68
67,10,-5.48,-18.9,2.3,0.07,13.39
67,11,-4.58,-17.0,2.4,0.09,12.55
67,12,-3.81,-15.3,2.8,0.08,12.48
67,13,-3.21,-13.5,2.7,0.09,12.5
67,14,-2.83,-12.5,2.8,0.09,12.66
67,15,-2.78,-12.5,2.7,0.07,12.33
67,16,-2.9,-13.1,2.3,0.05,12.47
67,17,-3.6,-14.1,2.2,0.05,13.16
67,18,-3.96,-15.3,2.0,0.08,13.15
67,19,-4.2,-15.5,1.8,0.09,13.29
67,20,-4.49,-15.6,2.0,0.18,13.5
67,21,-4.68,-15.6,2.3,0.05,14.39
67,22,-4.91,-15.8,2.3,0.08,13.7
67,23,-5.02,-15.9,2.5,0.13,12.85
68,0,-5.39,-16.0,2.7,0.11,13.4
68,1,-5.24,-15.8,2.9,0.09,12.46
68,2,-5.47,-15.9,2.9,0.04,12.43
68,3,-5.23,-16.0,2.8,0.09,11.79
68,4,-5.7,-18.0,2.9,0.06,11.51
68,5,-5.97,-18.2,2.9,0.05,11.65
68,6,-6.23,-17.8,2.9,0.09,11.8
68,7,-6.67,-17.8,3.2,0.08,11.97
68,8,-6.6,-17.9,3.5,0.05,12.76
68,9,-6.07,-17.2,3.6,0.06,11.78
68,10,-5.29,-16.1,3.9,0.07,11.66
68,11,-4.72,-14.8,4.0,0.03,12.09
68,12,-4.18,-13.7,4.1,0.02,11.98
68,13,-3.89,-12.9,4.2,0.03,11.45
68,14,-3.54,-12.3,4.7,0.03,11.92
68,15,-3.58,-13.2,4.5,0.06,11.37
68,16,-3.73,-13.7,4.4,0.03,11.8
68,17,-4.37,-15.5,4.1,0.03,11.37
68,18,-4.76,-14.5,3.7,0.03,11.25
68,19,-5.14,-15.7,3.4,0.03,11.0
68,20,-5.55,-18.1,2.9,0.02,11.45
68,21,-5.79,-20.2,2.8,0.01,11.74
68,22,-5.9,-20.9,2.9,0.01,11.6
68,23,-6.02,-20.9,2.6,0.01,11.45
69,0,-6.1,-21.1,2.2,0.03,11.61
69,1,-6.29,-22.0,1.6,0.02,11.74
69,2,-6.24,-21.6,1.5,0.02,11.79
69,3,-6.41,-23.4,1.0,0.04,11.74
69,4,-6.64,-24.2,0.8,0.04,11.72
69,5,-6.92,-24.8,0.6,0.02,11.79
69,6,-6.91,-25.4,0.5,0.02,11.86
69,7,-6.95,-25.7,0.3,0.04,11.9
69,8,-6.69,-25.6,0.4,0.04,11.75
69,9,-5.99,-24.0,1.1,0.02,11.14
69,10,-4.89,-21.6,1.9,0.01,10.18
69,11,-3.9,-19.3,2.6,0.0,11.06
69,12,-3.23,-17.4,3.1,0.01,11.0
69,13,-2.71,-16.0,3.4,0.0,11.07
69,14,-2.07,-13.6,3.8,0.0,11.39
69,15,-2.25,-13.9,2.8,0.01,10.52
69,16,-2.43,-13.8,3.6,0.01,11.74
69,17,-3.11,-14.8,3.0,0.0,12.55
69,18,-4.04,-15.8,0.9,0.02,13.26
69,19,-4.32,-16.0,1.4,0.02,13.54
69,20,-4.44,-15.8,1.3,0.03,13.65
69,21,-4.44,-15.8,1.5,0.02,13.62
69,22,-4.61,-15.8,1.1,0.02,13.41
69,23,-4.84,-16.0,0.7,0.03,12.76
70,0,-5.02,-16.2,0.6,0.05,12.59
70,1,-5.24,-16.5,0.5,0.05,12.16
70,2,-5.26,-16.3,0.4,0.05,12.47
70,3,-5.55,-16.7,0.2,0.05,12.32
70,4,-5.64,-16.8,0.1,0.04,12.24
70,5,-5.78,-17.0,0.1,0.07,12.21
70,6,-5.97,-17.2,0.2,0.07,12.15
70,7,-6.16,-17.5,0.1,0.05,11.96
70,8,-5.93,-17.0,0.4,0.03,11.73
70,9,-5.17,-15.7,1.1,0.04,12.04
70,10,-4.41,-14.3,1.3,0.03,11.3
70,11,-3.71,-12.9,1.6,0.03,12.11
70,12,-3.22,-11.6,1.8,0.02,11.73
70,13,-2.91,-10.5,2.4,0.03,11.6
70,14,-2.66,-9.8,3.0,0.05,12.0
70,15,-2.5,-8.9,2.8,0.05,11.15
70,16,-2.81,-8.9,2.6,0.05,10.6
70,17,-3.37,-9.2,2.0,0.03,10.51
70,18,-4.01,-9.6,1.2,0.02,11.2
70,19,-4.47,-9.9,1.0,0.01,10.82
70,20,-4.91,-10.7,0.6,0.0,10.37
70,21,-5.0,-10.4,0.6,0.01,10.0
70,22,-5.21,-10.1,0.5,0.01,10.17
70,23,-5.34,-10.0,0.5,0.0,9.94
71,0,-5.41,-9.9,0.6,0.0,9.7
71,1,-5.6,-10.0,0.6,0.0,9.21
71,2,-5.59,-10.3,0.9,0.0,9.61
71,3,-6.27,-11.4,0.7,0.0,9.21
71,4,-6.44,-11.3,0.6,0.0,9.19
71,5,-6.7,-12.0,0.5,0.0,8.98
71,6,-6.92,-12.9,0.5,0.0,9.04
71,7,-7.08,-13.4,0.6,0.0,8.93
71,8,-6.55,-12.4,0.8,0.0,9.03
71,9,-5.6,-10.5,1.1,0.0,8.27
71,10,-4.6,-8.6,1.4,0.0,7.54
71,11,-3.68,-7.3,2.0,0.0,7.64
71,12,-3.05,-6.3,2.4,0.01,7.74
71,13,-2.67,-5.5,2.5,0.02,8.03
71,14,-2.22,-5.0,2.5,0.02,8.73
71,15,-2.1,-5.7,2.0,0.04,8.04
71,16,-2.59,-7.2,1.2,0.08,7.82
71,17,-3.49,-9.3,0.6,0.08,8.06
71,18,-4.7,-11.2,0.2,0.13,9.09
71,19,-5.16,-11.8,0.2,0.12,8.92
71,20,-5.21,-12.2,0.2,0.17,9.07
71,21,-5.36,-12.6,0.3,0.12,8.63
71,22,-5.56,-11.5,0.2,0.09,8.46
71,23,-6.34,-13.9,0.1,0.07,8.68
72,0,-6.21,-13.4,0.0,0.03,7.76
72,1,-6.52,-13.4,-0.1,0.03,8.02
72,2,-6.73,-14.6,-0.3,0.03,8.23
72,3,-7.37,-15.4,-0.4,0.06,8.55
72,4,-7.44,-15.9,-0.4,0.05,9.09
72,5,-7.71,-16.4,-0.5,0.05,9.98
72,6,-7.7,-16.1,-1.3,0.06,10.23
72,7,-7.76,-15.9,-2.1,0.05,10.01
72,8,-7.24,-15.0,-2.2,0.04,10.34
72,9,-6.29,-13.4,-1.0,0.02,9.71
72,10,-5.15,-11.5,-0.1,0.02,9.97
72,11,-4.02,-9.5,0.6,0.01,9.89
72,12,-3.19,-8.3,1.4,0.01,10.01
72,13,-2.65,-7.1,1.9,0.01,9.88
72,14,-2.0,-6.6,3.1,0.02,11.09
72,15,-1.73,-6.2,3.2,0.02,10.15
72,16,-2.21,-6.3,2.9,0.02,10.47
72,17,-2.57,-6.9,2.6,0.01,10.96
72,18,-3.35,-7.3,2.0,0.01,12.0
72,19,-3.71,-7.9,2.2,0.02,12.14
72,20,-4.02,-9.4,2.5,0.01,12.49
72,21,-4.35,-9.2,2.5,0.04,11.72
72,22,-4.62,-8.9,2.5,0.04,11.01
72,23,-4.72,-9.3,2.3,0.02,11.58
73,0,-4.83,-9.7,1.9,0.02,11.66
73,1,-4.9,-10.8,1.7,0.05,11.71
73,2,-4.75,-12.0,1.9,0.08,12.39
73,3,-5.19,-13.1,1.7,0.08,13.0
73,4,-5.23,-12.5,1.6,0.06,13.58
73,5,-5.15,-12.4,1.1,0.1,13.54
73,6,-5.15,-12.4,1.2,0.1,13.85
73,7,-5.1,-11.9,1.1,0.11,13.68
73,8,-4.74,-11.1,1.1,0.18,13.52
73,9,-4.24,-10.1,1.3,0.21,12.87
73,10,-3.62,-8.7,1.9,0.15,12.05
73,11,-3.15,-8.0,2.1,0.13,12.32
73,12,-2.62,-7.9,2.4,0.11,12.37
73,13,-2.24,-8.1,2.6,0.13,12.84
73,14,-1.85,-8.2,2.8,0.07,11.9
73,15,-1.61,-6.9,3.2,0.03,11.77
73,16,-1.84,-7.1,3.0,0.0,11.63
73,17,-2.22,-7.8,2.6,0.01,11.69
73,18,-2.92,-9.1,2.4,0.0,12.08
73,19,-3.51,-10.2,2.5,0.0,12.0
73,20,-3.69,-10.6,2.6,0.01,11.64
73,21,-3.92,-11.0,2.7,0.05,11.98
73,22,-4.17,-11.0,2.8,0.14,12.71
73,23,-4.18,-10.6,2.7,0.19,12.87
74,0,-4.18,-9.7,2.0,0.13,13.27
74,1,-4.13,-9.7,1.2,0.05,13.03
74,2,-3.65,-10.2,1.0,0.05,13.04
74,3,-3.73,-11.7,0.8,0.09,13.35
74,4,-3.67,-12.4,1.4,0.03,13.61
74,5,-3.67,-12.8,1.6,0.03,13.92
74,6,-3.7,-13.1,1.9,0.01,13.77
74,7,-3.66,-13.2,2.2,0.04,14.15
74,8,-3.18,-12.7,2.5,0.02,14.7
74,9,-2.3,-11.6,2.7,0.01,14.23
74,10,-1.55,-10.4,2.7,0.02,13.66
74,11,-0.89,-9.3,2.8,0.03,12.46
74,12,-0.12,-8.2,3.0,0.03,13.24
74,13,0.19,-7.3,3.0,0.02,13.18
74,14,0.72,-6.5,2.7,0.13,12.28
74,15,0.3,-6.6,2.8,0.15,12.01
74,16,0.07,-6.8,2.7,0.19,12.1
74,17,-0.38,-7.5,3.3,0.26,13.57
74,18,-1.09,-9.1,3.1,0.3,13.71
74,19,-1.57,-10.3,2.8,0.32,13.77
74,20,-1.96,-11.0,2.6,0.14,13.07
74,21,-2.43,-11.6,2.9,0.14,12.49
74,22,-2.56,-11.9,2.6,0.09,12.52
74,23,-2.66,-12.3,2.3,0.05,12.43
75,0,-2.86,-12.6,2.0,0.03,12.76
75,1,-3.24,-12.9,1.9,0.03,12.12
75,2,-3.15,-12.8,3.4,0.03,12.33
75,3,-3.61,-13.5,2.7,0.06,12.02
75,4,-3.88,-13.9,2.3,0.02,12.8
75,5,-3.95,-14.3,1.9,0.11,13.64
75,6,-4.15,-14.6,1.5,0.03,13.95
75,7,-4.49,-15.0,1.2,0.02,14.55
75,8,-4.32,-14.7,1.4,0.02,13.85
75,9,-3.56,-13.3,2.1,0.05,13.21
75,10,-2.83,-11.6,2.6,0.03,12.54
75,11,-2.12,-10.1,2.9,0.0,12.56
75,12,-1.59,-8.6,3.2,0.02,12.28
75,13,-1.27,-7.3,3.4,0.04,11.99
75,14,-0.64,-6.2,5.8,0.02,12.23
75,15,-1.04,-6.4,4.1,0.02,11.4
75,16,-1.39,-6.6,3.0,0.03,11.26
75,17,-2.21,-7.4,1.7,0.04,11.35
75,18,-3.04,-8.7,1.0,0.02,11.67
75,19,-3.3,-9.4,1.1,0.02,12.42
75,20,-3.38,-10.2,1.4,0.01,13.34
75,21,-3.44,-11.0,2.4,0.03,13.29
75,22,-3.76,-11.7,2.5,0.01,12.97
75,23,-4.11,-12.1,2.2,0.02,13.36
76,0,-4.49,-12.6,1.9,0.03,13.74
76,1,-4.96,-14.6,1.5,0.02,13.33
76,2,-4.8,-13.6,0.9,0.01,12.37
76,3,-5.18,-12.9,0.8,0.07,12.11
76,4,-5.31,-13.6,0.8,0.07,12.08
76,5,-5.82,-14.1,0.8,0.05,12.54
76,6,-5.58,-14.4,1.1,0.04,12.69
76,7,-5.6,-14.4,1.2,0.07,12.93
76,8,-5.34,-13.7,1.3,0.1,12.6
76,9,-4.43,-12.0,1.5,0.11,11.28
76,10,-3.42,-10.3,2.4,0.08,10.51
76,11,-2.65,-8.4,3.3,0.09,10.79
76,12,-2.16,-7.5,4.2,0.15,11.21
76,13,-1.82,-7.3,5.1,0.16,11.19
76,14,-1.19,-7.4,7.0,0.14,11.68
76,15,-1.17,-6.3,6.2,0.25,11.76
76,16,-1.56,-6.9,5.7,0.16,11.31
76,17,-2.19,-8.8,4.7,0.08,11.18
76,18,-3.17,-12.2,3.1,0.06,11.6
76,19,-3.3,-10.0,2.0,0.07,11.99
76,20,-3.8,-12.9,1.6,0.05,12.73
76,21,-4.34,-16.2,1.5,0.06,12.92
76,22,-4.18,-14.7,1.6,0.02,12.76
76,23,-4.53,-15.5,1.5,0.02,12.94
77,0,-4.66,-15.2,1.4,0.01,13.52
77,1,-4.83,-14.6,1.2,0.01,13.78
77,2,-4.67,-13.9,1.6,0.03,14.75
77,3,-4.66,-11.8,1.2,0.05,15.23
77,4,-4.72,-12.4,1.2,0.06,15.57
77,5,-4.85,-12.4,1.2,0.08,15.87
77,6,-4.88,-11.9,1.1,0.06,16.22
77,7,-4.75,-11.4,1.1,0.05,16.45
77,8,-4.07,-11.0,1.2,0.04,16.38
77,9,-3.0,-10.2,1.6,0.04,15.43
77,10,-2.1,-9.4,2.2,0.08,15.66
77,11,-1.35,-8.5,2.6,0.13,16.26
77,12,-0.52,-7.3,2.9,0.05,16.45
77,13,-0.02,-6.3,3.1,0.22,15.58
77,14,0.29,-5.1,3.0,0.14,15.93
77,15,0.34,-4.7,3.1,0.08,15.24
77,16,0.37,-4.4,3.1,0.08,14.79
77,17,0.03,-4.9,2.7,0.12,14.47
77,18,-0.83,-5.8,2.5,0.13,14.47
77,19,-1.51,-7.0,2.7,0.02,14.01
77,20,-2.0,-8.0,3.1,0.01,14.32
77,21,-2.28,-8.0,2.8,0.02,14.75
77,22,-2.66,-8.5,2.8,0.13,15.03
77,23,-2.94,-9.0,2.2,0.06,15.41
78,0,-3.21,-9.6,1.5,0.02,14.35
78,1,-3.54,-10.3,1.0,0.04,13.91
78,2,-3.89,-9.9,0.3,0.03,13.2
78,3,-4.36,-10.9,-0.3,0.0,13.06
78,4,-4.82,-11.5,0.0,0.02,13.39
78,5,-5.17,-12.3,0.4,0.03,13.17
78,6,-5.73,-14.3,0.4,0.03,13.42
78,7,-6.11,-14.8,0.0,0.01,13.28
78,8,-5.56,-13.4,0.4,0.0,12.8
78,9,-4.43,-10.8,2.0,0.0,11.88
78,10,-3.38,-9.3,3.4,0.0,11.8
78,11,-2.58,-8.0,4.0,0.0,12.58
78,12,-2.02,-7.1,3.7,0.0,12.31
78,13,-1.82,-6.9,3.3,0.0,11.79
78,14,-1.15,-6.3,3.7,0.0,11.11
78,15,-1.09,-6.3,3.8,0.0,11.02
78,16,-1.45,-6.5,4.1,0.0,11.53
78,17,-1.69,-6.7,5.1,0.0,11.94
78,18,-2.97,-7.8,5.0,0.0,12.56
78,19,-3.58,-7.8,4.4,0.0,13.63
78,20,-3.53,-7.3,5.6,0.0,14.67
78,21,-3.87,-7.4,4.7,0.0,14.81
78,22,-4.07,-7.8,5.6,0.0,14.96
78,23,-4.26,-8.1,5.7,0.02,15.03
79,0,-4.44,-8.5,5.8,0.03,15.43
79,1,-4.67,-8.8,5.2,0.06,15.35
79,2,-4.47,-9.2,5.8,0.03,15.37
79,3,-4.83,-9.5,4.9,0.06,15.0
79,4,-5.09,-10.0,4.5,0.07,14.5
79,5,-5.4,-10.8,4.0,0.03,13.6
79,6,-5.75,-11.7,3.5,0.0,13.05
79,7,-6.01,-12.2,3.2,0.0,12.44
79,8,-5.58,-11.5,3.6,0.0,11.67
79,9,-4.52,-10.5,4.1,0.0,10.03
79,10,-3.43,-9.3,4.3,0.0,8.9
79,11,-2.41,-8.0,4.7,0.0,9.22
79,12,-1.63,-7.0,4.9,0.0,9.71
79,13,-1.1,-6.3,5.0,0.0,10.65
79,14,-0.68,-6.0,4.9,0.0,11.42
79,15,-0.77,-6.3,4.1,0.01,10.77
79,16,-1.06,-6.8,3.6,0.02,9.55
79,17,-2.03,-10.1,3.2,0.02,9.5
79,18,-3.37,-10.4,2.1,0.01,9.54
79,19,-3.86,-9.6,1.4,0.02,9.53
79,20,-4.22,-9.9,1.6,0.07,9.2
79,21,-4.51,-10.2,1.7,0.06,10.04
79,22,-4.75,-11.0,2.2,0.01,10.3
79,23,-5.18,-11.9,2.2,0.01,10.39
80,0,-5.7,-12.4,1.7,0.0,10.6
80,1,-5.97,-12.5,1.0,0.0,10.3
80,2,-5.63,-12.8,1.0,0.0,10.88
80,3,-6.36,-13.6,0.3,0.02,10.62
80,4,-6.61,-14.7,-0.4,0.03,10.4
80,5,-6.7,-15.5,-0.3,0.03,10.73
80,6,-6.76,-15.9,0.3,0.14,10.99
80,7,-6.55,-15.7,0.8,0.15,11.59
80,8,-5.49,-14.0,2.3,0.17,12.29
80,9,-4.28,-11.6,3.7,0.11,12.49
80,10,-3.4,-10.4,4.3,0.08,12.73
80,11,-2.66,-8.7,4.3,0.06,12.71
80,12,-2.18,-7.8,3.6,0.04,12.65
80,13,-1.8,-7.3,3.4,0.0,12.44
80,14,-1.33,-7.0,4.6,0.0,13.0
80,15,-1.24,-7.0,4.0,0.0,12.47
80,16,-1.49,-7.0,3.3,0.01,12.16
80,17,-1.96,-7.5,2.8,0.04,11.97
80,18,-2.75,-9.0,2.8,0.03,11.94
80,19,-3.34,-9.9,1.9,0.0,12.29
80,20,-3.18,-9.4,2.7,0.0,12.9
80,21,-3.28,-9.4,1.9,0.01,13.54
80,22,-3.63,-10.0,1.6,0.02,13.11
80,23,-3.88,-11.1,1.5,0.0,13.13
81,0,-4.26,-12.5,1.1,0.02,12.95
81,1,-4.68,-13.2,0.9,0.02,13.38
81,2,-4.47,-13.5,1.1,0.01,12.59
81,3,-4.78,-12.7,1.1,0.01,12.49
81,4,-4.94,-12.7,1.2,0.01,12.57
81,5,-5.18,-14.2,0.9,0.05,12.89
81,6,-5.44,-15.7,0.6,0.05,12.61
81,7,-5.38,-16.4,0.7,0.05,11.49
81,8,-4.49,-14.8,1.1,0.03,10.59
81,9,-3.51,-12.6,1.3,0.03,9.63
81,10,-2.22,-10.7,1.9,0.03,9.8
81,11,-1.41,-9.4,2.2,0.02,9.86
81,12,-0.82,-8.3,2.5,0.01,10.39
81,13,-0.4,-7.4,2.9,0.02,11.52
81,14,0.04,-6.8,4.1,0.02,12.66
81,15,-0.06,-6.5,3.5,0.06,11.88
81,16,-0.38,-6.6,3.2,0.06,11.56
81,17,-1.03,-7.1,2.8,0.09,11.9
81,18,-1.8,-7.8,2.1,0.08,13.04
81,19,-2.43,-8.9,1.2,0.11,13.28
81,20,-2.62,-8.7,0.9,0.11,13.73
81,21,-2.7,-8.4,0.8,0.11,13.9
81,22,-2.79,-8.2,0.8,0.1,14.01
81,23,-2.89,-7.9,0.7,0.1,14.16
82,0,-2.87,-8.0,0.8,0.09,13.95
82,1,-2.88,-8.7,1.3,0.04,13.84
82,2,-2.65,-9.8,1.6,0.09,15.09
82,3,-3.14,-13.7,1.6,0.07,15.69
82,4,-3.41,-14.4,1.7,0.08,15.85
82,5,-3.03,-11.7,2.2,0.07,16.15
82,6,-3.19,-12.6,2.7,0.05,16.56
82,7,-3.36,-13.9,2.0,0.09,16.37
82,8,-2.95,-13.3,2.0,0.09,15.32
82,9,-2.28,-12.0,2.7,0.09,14.57
82,10,-1.62,-10.4,3.2,0.08,14.85
82,11,-0.93,-8.3,3.3,0.1,15.34
82,12,-0.54,-7.2,3.1,0.12,15.69
82,13,-0.22,-6.5,3.7,0.12,15.05
82,14,0.18,-5.4,4.2,0.05,14.62
82,15,0.26,-6.0,3.9,0.05,13.72
82,16,0.15,-6.4,4.1,0.03,14.03
82,17,-0.58,-9.7,3.7,0.02,14.58
82,18,-1.18,-11.1,3.2,0.02,15.57
82,19,-1.83,-10.8,2.3,0.02,15.53
82,20,-2.03,-9.6,2.5,0.02,14.78
82,21,-2.46,-11.6,2.3,0.04,14.42
82,22,-2.54,-9.6,2.2,0.08,14.19
82,23,-2.7,-10.5,2.2,0.02,14.25
83,0,-2.83,-10.9,2.6,0.01,14.97
83,1,-3.16,-11.9,3.1,0.01,15.72
83,2,-3.16,-12.4,4.2,0.02,16.19
83,3,-3.6,-13.3,4.0,0.01,15.93
83,4,-3.78,-13.4,3.9,0.0,15.8
83,5,-3.91,-13.2,3.4,0.04,15.95
83,6,-4.14,-12.9,2.7,0.01,15.78
83,7,-4.15,-12.4,1.9,0.03,15.05
83,8,-3.63,-11.6,2.2,0.04,13.91
83,9,-2.79,-10.7,2.9,0.08,14.02
83,10,-2.08,-9.7,3.9,0.1,14.39
83,11,-1.43,-8.8,4.5,0.09,14.93
83,12,-0.85,-8.1,4.8,0.14,15.56
83,13,-0.39,-7.4,5.0,0.12,15.14
83,14,-0.03,-6.7,5.8,0.15,15.66
83,15,-0.22,-6.7,5.0,0.28,14.82
83,16,-0.37,-6.7,4.3,0.16,14.69
83,17,-0.78,-6.8,3.8,0.11,13.62
83,18,-1.44,-7.2,3.4,0.08,13.9
83,19,-2.09,-7.7,2.8,0.07,14.6
83,20,-2.3,-8.0,2.5,0.07,13.96
83,21,-2.45,-8.0,2.4,0.07,14.24
83,22,-2.57,-8.3,2.4,0.05,14.76
83,23,-2.7,-8.7,2.7,0.03,14.65
84,0,-2.89,-9.6,2.3,0.05,14.54
84,1,-3.13,-10.0,2.2,0.13,14.47
84,2,-2.79,-9.8,2.5,0.09,14.95
84,3,-2.211,-9.3,2.5,0.067,15.322
84,4,-3.19,-10.9,2.3,0.06,14.85
84,5,-3.34,-11.6,2.9,0.09,14.92
84,6,-3.54,-12.3,2.7,0.12,14.19
84,7,-3.47,-12.3,2.6,0.1,13.65
84,8,-2.94,-12.1,3.2,0.08,13.51
84,9,-2.15,-11.3,3.9,0.07,12.91
84,10,-1.29,-9.8,4.6,0.07,12.6
84,11,-0.57,-8.4,5.1,0.08,12.01
84,12,0.03,-7.0,5.6,0.07,12.18
84,13,0.3,-6.0,5.5,0.09,12.45
84,14,0.26,-5.6,5.4,0.09,12.84
84,15,0.1,-4.9,4.9,0.05,12.23
84,16,-0.17,-5.3,4.7,0.01,11.43
84,17,-0.67,-6.0,4.4,0.01,11.18
84,18,-1.6,-7.3,4.0,0.02,11.08
84,19,-2.33,-8.2,3.7,0.01,11.43
84,20,-2.78,-8.9,3.5,0.04,10.79
84,21,-3.22,-9.7,3.3,0.06,10.0
84,22,-3.44,-10.3,3.2,0.01,9.59
84,23,-3.75,-10.8,2.1,0.0,9.57
85,0,-4.03,-11.4,1.5,0.0,9.84
85,1,-4.6,-12.2,0.8,0.0,10.06
85,2,-4.19,-12.5,1.1,0.0,10.66
85,3,-4.388,-10.1,-0.1,0.0,10.75
85,4,-5.08,-14.2,1.5,0.0,10.54
85,5,-5.43,-14.6,1.3,0.0,11.01
85,6,-5.72,-15.2,1.7,0.02,11.26
85,7,-5.54,-15.5,2.1,0.01,11.11
85,8,-5.07,-17.2,2.0,0.01,10.62
85,9,-4.09,-15.7,2.6,0.02,10.97
85,10,-3.19,-14.0,3.3,0.01,10.74
85,11,-2.12,-11.6,4.6,0.02,10.87
85,12,-1.28,-8.7,5.4,0.01,11.34
85,13,-0.66,-7.4,5.5,0.0,12.23
85,14,-0.04,-7.0,6.7,0.02,12.18
85,15,0.47,-4.6,6.5,0.0,13.03
85,16,0.18,-4.6,5.5,0.0,12.56
85,17,-0.5,-5.6,4.6,0.0,13.71
85,18,-1.24,-6.1,3.6,0.0,14.28
85,19,-2.34,-6.9,3.0,0.0,15.15
85,20,-2.9,-8.4,2.1,0.0,15.07
85,21,-3.5,-9.4,1.6,0.0,14.94
85,22,-3.8,-10.1,1.5,0.0,14.68
85,23,-4.32,-10.6,1.8,0.0,15.06
86,0,-4.55,-11.0,1.9,0.0,14.31
86,1,-4.83,-11.4,1.8,0.0,14.38
86,2,-4.74,-11.8,1.6,0.0,14.7
86,3,-5.238,-12.4,0.9,0.0,14.488
86,4,-5.24,-13.6,1.4,0.0,14.21
86,5,-5.3,-14.1,1.9,0.0,14.31
86,6,-5.41,-14.3,2.2,0.0,14.2
86,7,-5.3,-14.3,2.9,0.0,13.35
86,8,-4.49,-14.1,3.3,0.02,12.81
86,9,-3.65,-13.3,3.8,0.02,11.63
86,10,-2.23,-12.8,4.1,0.17,11.49
86,11,-1.03,-10.4,4.7,0.06,12.46
86,12,-0.18,-7.8,5.7,0.06,12.33
86,13,0.4,-6.1,6.0,0.05,12.77
86,14,0.87,-5.6,6.5,0.07,11.84
86,15,1.25,-4.6,6.0,0.1,12.43
86,16,1.37,-4.7,6.3,0.07,13.2
86,17,1.07,-4.7,5.8,0.05,13.49
86,18,0.46,-4.9,5.1,0.02,13.75
86,19,-0.29,-6.1,3.9,0.01,14.38
86,20,-0.9,-7.6,3.4,0.02,14.75
86,21,-1.22,-8.2,3.0,0.04,15.18
86,22,-1.29,-8.7,2.9,0.03,15.24
86,23,-1.55,-9.1,2.9,0.06,14.94
87,0,-2.04,-9.4,2.9,0.05,14.95
87,1,-2.61,-9.7,2.7,0.06,15.43
87,2,-2.45,-9.8,2.6,0.07,14.78
87,3,-2.9,-9.1,2.3,0.1,14.456
87,4,-2.67,-9.9,1.9,0.12,14.72
87,5,-2.76,-10.9,1.9,0.06,14.95
87,6,-2.64,-11.2,2.2,0.08,15.69
87,7,-2.27,-10.4,2.6,0.05,15.9
87,8,-1.91,-10.1,2.9,0.03,15.77
87,9,-1.39,-9.7,3.5,0.01,14.55
87,10,-0.72,-8.1,4.1,0.01,15.16
87,11,-0.16,-6.9,4.6,0.01,15.14
87,12,0.58,-5.4,5.6,0.01,14.86
87,13,1.32,-4.1,6.2,0.02,14.81
87,14,1.79,-3.5,6.0,0.01,15.01
87,15,1.7,-2.8,5.3,0.07,15.49
87,16,1.44,-3.2,5.3,0.0,14.53
87,17,1.27,-3.5,6.0,0.0,14.13
87,18,0.79,-5.6,7.0,0.0,14.29
87,19,0.19,-5.3,6.0,0.02,14.77
87,20,-0.49,-6.4,5.2,0.05,15.21
87,21,-0.89,-7.1,5.7,0.04,15.77
87,22,-1.26,-7.7,5.8,0.05,16.36
87,23,-1.52,-8.1,6.4,0.04,16.2
88,0,-1.84,-8.5,5.7,0.04,16.04
88,1,-2.04,-9.2,5.4,0.04,15.88
88,2,-2.25,-9.9,6.4,0.07,15.86
88,3,-1.789,-10.2,6.2,0.067,16.756
88,4,-2.61,-11.1,5.4,0.05,16.31
88,5,-2.79,-11.1,5.1,0.05,16.37
88,6,-2.83,-10.8,5.4,0.04,16.51
88,7,-2.83,-10.6,5.4,0.07,16.22
88,8,-2.46,-10.1,5.4,0.08,15.75
88,9,-1.73,-9.0,5.9,0.07,15.44
88,10,-0.93,-8.3,7.2,0.05,15.04
88,11,-0.55,-7.6,6.6,0.03,15.05
88,12,-0.11,-6.6,7.2,0.01,14.85
88,13,0.26,-5.7,8.5,0.07,16.39
88,14,0.64,-5.1,8.9,0.08,16.54
88,15,0.84,-4.2,9.1,0.05,16.85
88,16,0.72,-4.4,8.3,0.03,17.46
88,17,0.36,-4.6,6.7,0.01,17.03
88,18,-0.1,-5.2,5.6,0.01,16.93
88,19,-0.82,-6.4,4.4,0.0,15.71
88,20,-1.53,-8.2,3.7,0.08,15.68
88,21,-1.67,-7.1,3.1,0.15,15.55
88,22,-2.21,-7.9,2.4,0.21,14.54
88,23,-2.78,-9.8,1.8,0.15,13.86
89,0,-3.13,-10.8,1.5,0.04,13.31
89,1,-3.46,-11.1,1.8,0.02,12.76
89,2,-3.72,-11.4,2.3,0.08,12.67
89,3,-3.967,-10.3,2.3,0.044,12.067
89,4,-4.01,-11.5,2.0,0.01,12.61
89,5,-3.91,-11.2,2.4,0.01,13.23
89,6,-4.16,-11.6,2.2,0.02,13.3
89,7,-4.32,-11.8,2.2,0.03,13.82
89,8,-4.09,-11.4,2.7,0.03,14.3
89,9,-3.12,-9.9,3.6,0.04,13.37
89,10,-2.11,-8.4,4.6,0.07,13.1
89,11,-1.58,-8.0,5.5,0.08,13.68
89,12,-0.91,-7.8,6.8,0.07,13.42
89,13,-0.33,-7.7,7.5,0.11,13.82
89,14,0.02,-7.5,7.7,0.06,14.09
89,15,0.39,-6.2,6.8,0.04,14.66
89,16,0.33,-6.1,6.5,0.02,13.65
89,17,-0.07,-5.8,5.6,0.02,13.38
89,18,-0.3,-5.7,5.1,0.01,12.44
89,19,-1.16,-6.3,3.6,0.0,11.52
89,20,-2.4,-7.0,2.4,0.0,11.68
89,21,-2.92,-8.5,2.6,0.0,11.55
89,22,-3.13,-7.5,1.9,0.0,11.26
89,23,-3.22,-7.3,0.6,0.0,11.04
90,0,-3.49,-7.3,0.4,0.0,10.89
90,1,-3.81,-7.6,0.3,0.0,10.65
90,2,-4.2,-8.1,0.2,0.0,9.98
90,3,-4.162,-7.4,-0.1,0.012,10.3
90,4,-4.26,-7.6,-0.4,0.02,9.27
90,5,-4.36,-8.3,-0.8,0.04,9.53
90,6,-4.42,-8.5,-0.5,0.02,10.48
90,7,-4.56,-9.5,-0.4,0.0,10.29
90,8,-4.19,-9.9,0.6,0.01,10.35
90,9,-3.34,-8.0,2.1,0.02,9.63
90,10,-2.28,-6.3,4.0,0.06,9.63
90,11,-1.35,-5.3,5.8,0.04,9.83
90,12,-0.69,-4.8,7.3,0.06,9.72
90,13,-0.15,-4.5,7.9,0.08,9.45
90,14,0.35,-3.9,8.0,0.13,9.3
90,15,1.01,-2.6,8.5,0.07,10.19
90,16,1.11,-2.3,8.7,0.08,9.78
90,17,1.01,-2.4,7.4,0.07,9.71
90,18,0.16,-4.4,4.1,0.13,9.83
90,19,-0.91,-6.3,2.8,0.0,10.62
90,20,-1.53,-6.8,2.3,0.0,10.85
90,21,-1.57,-5.5,1.9,0.01,10.13
90,22,-2.14,-6.3,1.3,0.0,9.79
90,23,-2.73,-8.2,1.1,0.09,10.58
91,0,-3.0,-9.0,0.9,0.19,11.05
91,1,-3.23,-9.2,1.1,0.1,10.96
91,2,-3.4,-8.6,1.2,0.17,10.6
91,3,-3.38,-9.2,1.5,0.1,10.41
91,4,-3.68,-9.3,0.9,0.14,10.5
91,5,-3.68,-9.6,1.1,0.06,10.24
91,6,-3.91,-10.0,1.2,0.02,10.24
91,7,-4.03,-10.5,1.4,0.02,10.59
91,8,-3.73,-10.5,1.7,0.03,10.51
91,9,-2.77,-8.9,1.9,0.09,9.34
91,10,-1.92,-7.0,1.5,0.1,9.51
91,11,-1.12,-4.8,1.8,0.06,9.76
91,12,-0.45,-3.5,2.0,0.05,10.15
91,13,0.03,-3.2,2.9,0.05,10.63
91,14,0.38,-3.1,3.4,0.03,10.93
91,15,1.03,-2.7,4.0,0.05,11.24
91,16,0.65,-2.7,4.9,0.07,11.54
91,17,0.24,-3.1,4.7,0.06,11.59
91,18,-0.35,-4.4,4.3,0.07,10.6
91,19,-0.99,-6.5,3.2,0.05,11.13
91,20,-1.97,-8.4,2.2,0.03,11.0
91,21,-2.44,-9.2,2.0,0.03,11.02
91,22,-3.04,-9.8,1.8,0.02,10.39
91,23,-3.3,-9.5,2.2,0.01,10.46
92,0,-3.65,-9.0,2.4,0.0,10.48
92,1,-3.79,-8.9,2.7,0.0,10.19
92,2,-4.0,-8.6,2.9,0.0,10.12
92,3,-3.69,-8.5,3.2,0.0,10.48
92,4,-4.2,-10.4,5.1,0.0,11.52
92,5,-4.03,-10.0,5.3,0.01,11.73
92,6,-4.13,-10.3,5.9,0.0,11.69
92,7,-4.55,-10.6,5.9,0.01,12.1
92,8,-4.14,-9.8,5.3,0.0,11.43
92,9,-3.2,-8.4,5.4,0.01,10.41
92,10,-2.04,-6.1,5.5,0.0,9.69
92,11,-0.9,-4.8,6.4,0.0,9.82
92,12,0.05,-3.8,6.8,0.0,9.84
92,13,0.82,-2.7,7.0,0.0,10.77
92,14,1.33,-2.1,7.1,0.0,12.05
92,15,1.67,-2.0,7.4,0.01,12.63
92,16,1.3,-2.5,6.8,0.07,11.24
92,17,1.05,-2.5,6.4,0.04,10.8
92,18,0.61,-2.7,5.8,0.03,10.63
92,19,-0.21,-3.3,4.9,0.03,9.91
92,20,-1.2,-4.2,4.0,0.04,10.34
92,21,-1.86,-5.8,3.3,0.02,10.59
92,22,-2.46,-6.8,2.4,0.04,10.63
92,23,-2.98,-7.5,1.9,0.04,10.64
93,0,-3.34,-8.0,1.3,0.03,11.08
93,1,-3.58,-8.5,1.4,0.02,10.95
93,2,-3.74,-9.1,1.6,0.02,10.5
93,3,-3.73,-9.8,1.2,0.02,11.23
93,4,-3.9,-9.6,2.3,0.02,11.28
93,5,-4.21,-11.9,2.7,0.02,11.67
93,6,-4.61,-13.0,2.1,0.02,11.83
93,7,-4.61,-12.8,1.6,0.04,11.25
93,8,-3.99,-12.2,2.2,0.07,11.3
93,9,-2.93,-10.8,3.3,0.02,11.1
93,10,-1.7,-8.4,4.8,0.03,11.63
93,11,-0.61,-6.0,5.7,0.03,11.72
93,12,0.42,-4.1,7.2,0.02,12.56
93,13,1.13,-4.0,7.9,0.03,13.83
93,14,1.51,-3.6,7.8,0.02,13.8
93,15,1.81,-3.0,7.4,0.0,14.95
93,16,1.37,-3.2,7.5,0.01,13.68
93,17,1.19,-3.4,7.0,0.0,12.8
93,18,0.72,-3.9,5.7,0.01,13.33
93,19,0.14,-5.1,5.2,0.02,13.14
93,20,-0.83,-6.9,4.4,0.02,13.58
93,21,-2.13,-9.3,3.9,0.01,14.63
93,22,-2.53,-9.3,3.7,0.02,13.9
93,23,-2.77,-8.5,3.3,0.01,13.48
94,0,-3.03,-9.5,3.0,0.02,13.17
94,1,-3.36,-10.6,3.0,0.01,13.6
94,2,-3.61,-11.7,2.7,0.0,13.12
94,3,-3.72,-12.7,2.0,0.0,13.77
94,4,-4.45,-14.0,2.1,0.02,13.69
94,5,-4.5,-14.9,2.7,0.01,13.65
94,6,-4.53,-15.6,2.6,0.01,13.05
94,7,-4.92,-16.3,2.5,0.02,12.49
94,8,-4.36,-16.1,2.6,0.0,12.18
94,9,-3.32,-14.3,2.9,0.02,10.79
94,10,-2.07,-12.1,3.2,0.05,9.98
94,11,-0.94,-9.9,3.7,0.06,10.29
94,12,-0.02,-8.2,4.4,0.07,10.85
94,13,0.62,-7.3,4.9,0.05,10.61
94,14,1.1,-6.9,6.1,0.06,11.44
94,15,1.39,-6.8,7.2,0.09,10.92
94,16,1.43,-5.1,6.7,0.06,11.35
94,17,1.0,-5.4,4.7,0.06,12.43
94,18,0.44,-5.9,4.4,0.06,12.98
94,19,-0.41,-7.4,4.0,0.06,13.23
94,20,-1.3,-11.3,3.5,0.07,13.87
94,21,-1.62,-11.8,3.0,0.05,13.41
94,22,-1.91,-11.9,2.7,0.06,12.77
94,23,-2.39,-12.3,2.2,0.09,12.03
95,0,-2.9,-14.8,2.3,0.16,12.22
95,1,-3.64,-17.5,2.4,0.18,12.54
95,2,-3.97,-18.8,1.9,0.16,11.95
95,3,-3.79,-18.0,1.5,0.19,11.55
95,4,-4.13,-17.7,1.3,0.06,11.67
95,5,-4.34,-17.6,1.4,0.04,11.77
95,6,-4.51,-17.4,1.5,0.05,11.54
95,7,-4.5,-16.7,1.5,0.05,11.18
95,8,-4.07,-15.0,1.3,0.06,10.34
95,9,-3.16,-12.4,1.5,0.06,9.84
95,10,-1.84,-9.9,2.1,0.09,10.1
95,11,-0.93,-6.9,2.8,0.1,9.71
95,12,-0.04,-4.1,3.1,0.07,10.1
95,13,0.77,-3.1,3.7,0.06,9.6
95,14,1.05,-2.5,3.5,0.09,9.45
95,15,1.45,-2.4,4.8,0.08,10.65
95,16,1.35,-1.9,4.3,0.17,9.94
95,17,1.2,-1.9,4.4,0.15,9.77
95,18,1.2,-2.1,3.8,0.15,10.48
95,19,0.26,-2.8,2.7,0.05,11.07
95,20,-0.73,-4.0,2.3,0.07,11.45
95,21,-1.08,-4.7,2.1,0.05,11.69
95,22,-1.44,-5.2,2.1,0.07,11.18
95,23,-1.77,-5.8,2.4,0.08,11.84
96,0,-1.84,-6.0,2.3,0.12,11.7
96,1,-2.27,-7.6,2.2,0.36,11.22
96,2,-2.25,-7.0,2.0,0.27,10.84
96,3,-2.18,-6.8,2.1,0.21,11.37
96,4,-2.45,-7.8,1.7,0.29,11.56
96,5,-2.66,-7.9,2.0,0.17,11.36
96,6,-2.72,-7.1,1.9,0.14,10.58
96,7,-2.72,-6.4,1.7,0.06,10.17
96,8,-2.11,-5.6,1.8,0.04,9.42
96,9,-1.2,-4.7,1.9,0.04,9.71
96,10,-0.37,-4.2,1.8,0.02,9.95
96,11,0.41,-3.8,3.4,0.02,10.95
96,12,1.02,-3.5,4.9,0.03,11.24
96,13,1.58,-3.3,6.1,0.03,11.07
96,14,2.23,-2.9,6.9,0.03,11.62
96,15,2.84,-2.7,9.1,0.06,13.17
96,16,2.53,-2.7,8.2,0.13,12.03
96,17,2.41,-3.0,7.7,0.16,11.31
96,18,1.97,-3.6,6.7,0.16,12.22
96,19,1.46,-3.7,5.3,0.15,12.38
96,20,0.57,-4.1,3.9,0.08,12.99
96,21,-0.23,-4.4,3.1,0.0,12.77
96,22,-0.58,-4.4,3.3,0.06,12.54
96,23,-0.83,-4.5,3.3,0.04,12.39
97,0,-1.06,-4.6,3.5,0.05,12.8
97,1,-1.24,-4.8,3.5,0.06,12.96
97,2,-1.32,-4.9,3.6,0.03,12.54
97,3,-1.45,-4.9,3.5,0.0,12.89
97,4,-1.78,-5.1,3.4,0.0,12.22
97,5,-1.91,-5.0,3.3,0.01,12.18
97,6,-2.16,-5.8,3.2,0.04,12.52
97,7,-2.21,-6.0,3.2,0.04,12.42
97,8,-1.54,-5.4,3.4,0.02,11.83
97,9,-0.59,-4.9,3.7,0.03,11.62
97,10,0.31,-4.5,4.3,0.13,11.84
97,11,1.11,-3.9,4.7,0.2,12.45
97,12,1.98,-2.4,5.9,0.23,13.1
97,13,2.47,-1.4,6.1,0.22,13.26
97,14,2.65,-1.0,6.3,0.19,12.84
97,15,3.43,-0.6,9.6,0.11,13.24
97,16,3.27,0.6,9.1,0.03,12.99
97,17,3.14,0.6,8.7,0.08,13.05
97,18,2.48,0.1,8.0,0.22,12.35
97,19,1.59,-0.4,5.3,0.11,11.35
97,20,0.83,-1.9,4.7,0.09,12.46
97,21,0.18,-2.2,4.5,0.15,12.53
97,22,-0.34,-2.5,3.5,0.17,12.33
97,23,-0.56,-3.0,3.3,0.15,12.2
98,0,-0.94,-3.7,3.3,0.1,11.55
98,1,-1.2,-4.1,3.3,0.11,10.71
98,2,-1.45,-4.3,3.2,0.09,10.6
98,3,-1.32,-3.9,3.2,0.07,11.23
98,4,-1.66,-4.6,2.7,0.05,11.21
98,5,-1.73,-5.3,2.5,0.05,11.75
98,6,-1.84,-6.5,2.3,0.06,12.49
98,7,-1.6,-6.1,2.2,0.15,13.06
98,8,-0.93,-4.2,2.6,0.12,12.56
98,9,-0.26,-3.6,3.2,0.05,12.8
98,10,0.49,-2.6,4.3,0.09,14.2
98,11,1.26,-1.5,5.5,0.08,13.67
98,12,2.02,-0.9,6.7,0.05,13.16
98,13,2.62,-0.3,7.3,0.03,14.06
98,14,3.0,0.1,7.6,0.01,14.49
98,15,3.56,0.3,8.8,0.03,15.04
98,16,3.08,-0.2,6.8,0.03,14.73
98,17,2.82,-0.6,6.0,0.11,13.99
98,18,2.18,-1.1,5.3,0.15,13.46
98,19,1.47,-1.9,4.8,0.27,13.88
98,20,0.59,-3.2,4.2,0.54,12.97
98,21,-0.47,-4.4,3.4,0.18,13.43
98,22,-0.51,-5.4,3.0,0.03,13.01
98,23,-0.66,-6.1,2.8,0.01,12.8
99,0,-0.96,-6.4,3.3,0.0,12.96
99,1,-0.92,-5.5,3.4,0.0,13.08
99,2,-1.22,-5.7,2.6,0.0,13.6
99,3,-1.0,-5.1,2.4,0.0,13.75
99,4,-1.61,-4.9,2.4,0.0,13.44
99,5,-1.87,-5.1,2.4,0.0,13.8
99,6,-1.96,-5.4,2.3,0.01,14.64
99,7,-1.95,-5.4,2.4,0.08,14.35
99,8,-1.48,-4.4,1.1,0.22,13.41
99,9,-0.63,-2.9,1.4,0.13,12.99
99,10,0.25,-2.3,2.6,0.07,13.3
99,11,1.05,-1.4,3.6,0.04,13.65
99,12,1.73,-0.8,4.8,0.06,13.63
99,13,2.37,-0.3,6.0,0.04,14.08
99,14,2.64,-0.1,6.5,0.07,14.45
99,15,3.22,0.9,9.0,0.07,15.81
99,16,3.44,0.7,10.2,0.04,15.18
99,17,3.25,0.4,10.0,0.03,15.29
99,18,2.7,0.0,9.5,0.03,14.36
99,19,1.67,-0.8,5.2,0.03,14.03
99,20,0.76,-1.9,4.7,0.02,13.82
99,21,0.07,-3.1,3.6,0.01,14.76
99,22,-0.36,-4.1,3.0,0.0,15.1
99,23,-0.83,-4.9,2.5,0.02,14.36
100,0,-1.31,-5.5,1.8,0.04,13.5
100,1,-1.81,-6.0,1.2,0.02,13.83
100,2,-2.03,-6.5,1.2,0.0,13.1
100,3,-1.93,-7.0,1.3,0.01,12.6
100,4,-2.38,-6.9,0.8,0.0,12.67
100,5,-2.51,-7.2,0.9,0.01,12.79
100,6,-2.68,-7.5,1.2,0.0,12.36
100,7,-2.54,-7.5,1.7,0.02,12.11
100,8,-1.69,-6.9,2.5,0.02,11.53
100,9,-0.81,-6.1,3.5,0.02,11.3
100,10,-0.0,-5.2,4.3,0.07,11.66
100,11,0.75,-4.4,5.0,0.13,12.31
100,12,1.42,-3.8,6.0,0.05,12.54
100,13,1.96,-3.5,7.2,0.04,13.49
100,14,2.37,-3.0,8.1,0.04,13.13
100,15,3.07,-2.7,9.6,0.11,13.29
100,16,2.79,-1.9,8.6,0.09,12.45
100,17,2.76,-1.5,8.7,0.1,11.97
100,18,2.31,-1.7,7.2,0.15,11.31
100,19,1.36,-2.4,6.8,0.19,11.45
100,20,-0.04,-4.5,6.0,0.29,11.61
100,21,-0.84,-5.9,6.0,0.23,11.36
100,22,-1.39,-6.7,5.5,0.07,11.25
100,23,-1.5,-5.2,5.0,0.1,11.14
101,0,-1.9,-5.4,4.5,0.05,10.99
101,1,-2.29,-5.8,4.0,0.05,10.91
101,2,-2.63,-6.3,3.0,0.05,10.35
101,3,-2.63,-5.9,2.5,0.06,10.83
101,4,-3.1,-6.8,2.9,0.04,10.82
101,5,-3.32,-7.7,3.0,0.06,11.19
101,6,-3.24,-8.4,3.2,0.07,11.28
101,7,-3.04,-8.7,3.5,0.05,12.16
101,8,-2.38,-8.1,3.5,0.04,12.02
101,9,-1.46,-6.6,3.7,0.03,12.08
101,10,-0.48,-4.7,4.1,0.04,12.16
101,11,0.35,-3.4,4.3,0.02,13.16
101,12,0.89,-3.0,4.9,0.02,14.42
101,13,1.32,-3.1,5.9,0.01,15.07
101,14,1.65,-3.3,6.5,0.01,15.35
101,15,2.05,-3.3,6.0,0.01,15.93
101,16,1.96,-3.1,5.3,0.02,14.74
101,17,1.65,-3.3,4.3,0.01,13.62
101,18,1.27,-3.7,3.5,0.0,12.77
101,19,0.56,-4.5,2.8,0.0,12.03
101,20,-0.64,-6.8,2.1,0.0,11.36
101,21,-1.35,-7.0,1.5,0.0,11.41
101,22,-1.8,-6.6,0.9,0.0,10.82
101,23,-2.34,-6.7,0.7,0.0,10.29
102,0,-2.61,-6.7,0.5,0.0,10.27
102,1,-2.82,-6.4,0.2,0.0,9.71
102,2,-3.11,-6.3,-0.1,0.0,9.41
102,3,-2.63,-5.4,-0.4,0.0,9.79
102,4,-2.77,-6.6,0.0,0.02,9.91
102,5,-2.89,-6.8,-0.4,0.04,10.06
102,6,-3.0,-7.0,-0.7,0.06,10.34
102,7,-2.62,-5.2,-0.5,0.08,10.25
102,8,-1.55,-3.6,0.3,0.08,9.27
102,9,-0.43,-2.7,1.8,0.08,8.75
102,10,0.59,-2.6,3.6,0.08,8.58
102,11,1.67,-0.4,5.5,0.03,9.15
102,12,2.18,-0.2,6.7,0.04,10.54
102,13,2.57,0.4,7.5,0.09,10.89
102,14,2.7,0.5,7.9,0.11,11.13
102,15,3.24,0.6,9.6,0.1,11.8
102,16,2.84,0.5,8.4,0.22,11.46
102,17,2.61,0.6,8.1,0.2,11.17
102,18,2.26,0.2,7.3,0.16,10.41
102,19,1.28,-1.2,5.7,0.15,9.66
102,20,0.09,-2.5,3.9,0.15,10.39
102,21,-0.77,-4.4,3.3,0.11,10.76
102,22,-1.22,-4.9,1.9,0.16,10.37
102,23,-1.52,-5.7,1.4,0.16,10.44
103,0,-1.45,-5.2,2.0,0.08,10.44
103,1,-1.4,-5.4,2.5,0.04,10.4
103,2,-1.35,-5.4,2.7,0.03,10.25
103,3,-1.54,-4.2,1.8,0.04,9.63
103,4,-2.13,-6.7,1.5,0.06,9.93
103,5,-2.12,-5.8,2.1,0.03,10.44
103,6,-2.31,-6.5,2.6,0.03,10.83
103,7,-2.08,-6.0,2.7,0.04,10.68
103,8,-1.26,-5.3,2.5,0.03,9.82
103,9,-0.14,-4.9,2.7,0.01,9.53
103,10,0.86,-4.4,3.6,0.01,9.74
103,11,1.59,-4.2,4.7,0.0,10.24
103,12,2.2,-4.1,5.6,0.0,10.2
103,13,2.69,-3.9,6.3,0.0,9.97
103,14,3.02,-3.8,6.7,0.01,9.84
103,15,3.74,-2.7,7.6,0.01,10.56
103,16,3.51,-2.6,6.2,0.03,9.45
103,17,3.15,-2.4,5.9,0.03,9.08
103,18,2.89,-2.4,8.0,0.04,7.88
103,19,1.71,-2.9,4.2,0.05,7.35
103,20,0.27,-4.2,3.0,0.03,7.91
103,21,-0.47,-5.4,2.0,0.09,9.37
103,22,-1.23,-6.0,2.4,0.08,9.96
103,23,-1.36,-6.4,2.0,0.07,10.28
104,0,-1.33,-7.3,3.3,0.13,9.98
104,1,-1.47,-8.5,3.7,0.22,9.71
104,2,-1.46,-8.9,3.4,0.14,9.42
104,3,-1.51,-8.4,3.0,0.15,10.19
104,4,-1.8,-9.7,4.0,0.13,10.06
104,5,-2.06,-10.3,4.1,0.14,10.0
104,6,-2.36,-10.8,4.1,0.1,9.21
104,7,-2.15,-10.4,4.6,0.07,9.16
104,8,-1.28,-8.9,5.3,0.06,8.12
104,9,-0.21,-7.0,5.9,0.04,8.02
104,10,0.5,-5.4,4.0,0.09,8.11
104,11,1.22,-4.1,4.2,0.12,8.85
104,12,2.16,-3.3,6.9,0.0,9.32
104,13,2.66,-2.8,6.7,0.05,10.02
104,14,2.83,-2.5,5.9,0.07,10.41
104,15,3.12,-2.0,7.8,0.06,11.01
104,16,2.94,-1.8,6.8,0.06,10.54
104,17,2.93,-1.8,6.7,0.01,9.94
104,18,2.59,-2.1,6.6,0.04,9.79
104,19,1.65,-2.9,4.6,0.02,10.27
104,20,0.32,-3.9,4.2,0.0,9.6
104,21,-0.96,-5.0,3.9,0.0,9.87
104,22,-1.51,-5.3,3.2,0.0,10.25
104,23,-1.68,-6.2,3.4,0.0,10.24
105,0,-1.96,-6.7,2.7,0.01,9.69
105,1,-2.28,-6.9,2.6,0.0,10.01
105,2,-2.92,-7.3,2.4,0.0,10.41
105,3,-2.43,-6.7,2.1,0.0,10.73
105,4,-2.53,-6.9,2.2,0.0,10.37
105,5,-2.75,-7.5,1.6,0.0,10.54
105,6,-2.96,-7.7,1.5,0.0,10.97
105,7,-2.45,-7.0,2.0,0.0,10.88
105,8,-1.3,-6.4,2.8,0.0,10.29
105,9,-0.0,-5.1,3.8,0.0,10.03
105,10,1.27,-4.1,5.0,0.01,10.5
105,11,2.34,-3.7,6.5,0.02,11.02
105,12,3.12,-3.6,7.8,0.01,10.99
105,13,3.65,-3.3,8.5,0.01,11.13
105,14,4.1,-2.6,8.9,0.01,11.09
105,15,4.81,-2.3,11.6,0.02,11.51
105,16,4.48,-1.9,8.7,0.03,10.04
105,17,4.16,-1.5,8.3,0.04,9.17
105,18,3.7,-1.6,7.6,0.04,8.43
105,19,2.63,-3.0,6.7,0.04,7.99
105,20,1.25,-4.4,4.6,0.02,8.41
105,21,0.15,-4.2,3.0,0.0,8.59
105,22,-0.54,-5.3,3.3,0.0,9.63
105,23,-0.99,-6.3,3.5,0.0,9.76
106,0,-1.37,-6.7,3.2,0.0,10.0
106,1,-1.86,-7.4,2.7,0.0,9.91
106,2,-2.46,-7.9,2.3,0.0,9.92
106,3,-2.16,-7.5,2.0,0.0,8.93
106,4,-2.57,-8.3,2.4,0.0,9.27
106,5,-2.58,-8.4,2.5,0.0,8.61
106,6,-2.96,-8.5,2.3,0.0,8.86
106,7,-2.4,-8.7,2.6,0.0,7.92
106,8,-0.97,-7.8,3.9,0.0,6.64
106,9,0.65,-5.7,5.8,0.0,5.7
106,10,2.16,-4.0,8.1,0.0,6.02
106,11,3.48,-2.7,10.1,0.01,6.72
106,12,4.55,-1.5,12.0,0.0,6.78
106,13,5.47,-0.8,13.4,0.0,7.6
106,14,6.0,-0.5,14.4,0.0,8.1
106,15,7.08,0.7,15.0,0.0,8.48
106,16,6.33,0.7,16.8,0.03,7.77
106,17,6.29,1.0,16.6,0.05,6.64
106,18,5.69,0.7,16.2,0.02,6.54
106,19,4.47,-0.5,14.9,0.01,7.79
106,20,2.92,-1.9,12.9,0.0,8.56
106,21,1.73,-3.2,11.9,0.01,10.28
106,22,1.0,-4.4,10.2,0.01,9.98
106,23,0.68,-4.7,9.3,0.01,9.53
107,0,0.13,-4.5,8.7,0.0,9.66
107,1,-0.65,-4.7,8.4,0.0,9.77
107,2,-1.04,-5.3,7.5,0.01,9.58
107,3,-0.87,-4.9,6.9,0.0,9.33
107,4,-1.4,-5.3,7.2,0.0,9.76
107,5,-1.69,-5.6,6.3,0.0,9.34
107,6,-1.78,-6.1,5.8,0.0,9.26
107,7,-1.44,-5.6,5.9,0.01,9.34
107,8,-0.09,-5.4,7.2,0.01,8.37
107,9,1.28,-5.0,9.0,0.0,7.88
107,10,2.57,-4.1,11.4,0.06,7.66
107,11,3.71,-3.2,13.7,0.04,7.96
107,12,4.51,-2.2,15.4,0.01,8.44
107,13,5.16,-1.4,16.9,0.0,8.79
107,14,5.23,-0.7,16.3,0.0,10.28
107,15,5.79,0.0,13.5,0.0,10.12
107,16,5.12,0.2,12.7,0.01,9.61
107,17,4.91,0.3,12.1,0.03,9.88
107,18,4.1,-0.2,10.6,0.04,9.02
107,19,3.07,-0.8,9.3,0.07,8.32
107,20,1.66,-2.2,8.1,0.1,8.96
107,21,0.72,-4.2,6.1,0.07,9.06
107,22,-0.07,-5.1,5.5,0.0,9.44
107,23,-0.48,-6.0,5.0,0.0,8.71
108,0,-1.09,-7.1,4.3,0.0,8.86
108,1,-1.17,-7.9,4.9,0.0,9.43
108,2,-1.73,-9.3,4.7,0.0,9.19
108,3,-1.5,-9.2,4.6,0.0,9.03
108,4,-2.06,-9.2,4.6,0.0,8.63
108,5,-2.54,-10.5,4.1,0.0,9.21
108,6,-2.82,-10.7,3.8,0.0,9.27
108,7,-2.2,-10.5,4.3,0.0,8.64
108,8,-0.71,-8.7,5.7,0.0,7.44
108,9,0.76,-7.3,7.1,0.01,6.84
108,10,2.33,-5.9,9.3,0.0,6.83
108,11,3.71,-4.7,10.8,0.0,7.31
108,12,4.76,-3.7,11.9,0.02,7.94
108,13,5.52,-2.7,10.6,0.04,8.28
108,14,5.56,-1.8,10.0,0.01,8.52
108,15,6.58,-1.2,10.9,0.02,9.68
108,16,5.59,-0.2,9.9,0.01,9.06
108,17,5.24,-0.1,9.0,0.02,9.06
108,18,4.27,-0.6,7.2,0.02,9.0
108,19,2.81,-3.0,6.1,0.04,9.17
108,20,1.63,-4.9,5.2,0.03,9.05
108,21,0.76,-4.7,4.1,0.03,9.43
108,22,-0.33,-6.0,3.1,0.04,9.2
108,23,-0.93,-6.8,2.4,0.03,8.41
109,0,-1.57,-7.5,1.7,0.05,7.91
109,1,-1.73,-8.2,1.2,0.05,8.25
109,2,-1.89,-9.0,0.8,0.03,8.08
109,3,-1.6,-9.7,1.3,0.02,8.71
109,4,-1.97,-9.3,1.1,0.03,9.47
109,5,-2.22,-10.0,0.7,0.02,9.45
109,6,-2.17,-10.4,0.3,0.01,9.16
109,7,-1.56,-9.9,0.8,0.01,8.62
109,8,-0.41,-9.0,1.9,0.0,7.54
109,9,0.61,-7.8,3.8,0.0,7.54
109,10,1.49,-6.6,5.6,0.0,7.37
109,11,2.78,-5.2,7.2,0.0,7.56
109,12,3.73,-3.8,8.4,0.0,7.7
109,13,4.44,-2.5,9.3,0.0,8.12
109,14,4.9,-1.5,9.9,0.04,8.84
109,15,5.88,-0.8,13.4,0.02,9.53
109,16,5.39,-0.5,10.9,0.03,8.32
109,17,5.13,-0.5,10.7,0.03,8.32
109,18,4.55,-0.8,9.8,0.02,8.34
109,19,3.52,-1.6,7.8,0.01,8.85
109,20,2.25,-3.0,5.8,0.01,9.16
109,21,0.8,-4.5,3.7,0.01,9.95
109,22,0.09,-5.6,2.8,0.0,10.36
109,23,-0.26,-6.5,3.0,0.0,10.44
110,0,-0.67,-7.1,2.7,0.0,9.89
110,1,-1.09,-7.4,2.6,0.0,9.38
110,2,-1.13,-7.5,2.4,0.0,9.26
110,3,-0.73,-7.4,2.2,0.0,9.7
110,4,-0.78,-6.3,2.0,0.0,9.45
110,5,-0.95,-6.6,1.8,0.02,9.9
110,6,-0.97,-6.9,1.6,0.06,10.56
110,7,-0.5,-7.2,1.7,0.08,10.85
110,8,0.43,-7.1,2.7,0.11,10.17
110,9,1.48,-7.0,4.1,0.12,10.16
110,10,2.51,-6.8,5.8,0.13,9.57
110,11,3.58,-6.3,7.5,0.13,10.31
110,12,4.44,-5.6,8.7,0.05,10.59
110,13,5.12,-4.6,9.4,0.04,11.14
110,14,5.43,-3.6,9.8,0.03,10.83
110,15,6.29,-3.3,11.7,0.04,11.38
110,16,5.96,-2.7,13.0,0.1,11.21
110,17,5.51,-2.5,13.2,0.1,11.07
110,18,5.26,-2.7,12.9,0.11,11.12
110,19,4.07,-2.8,7.8,0.11,11.63
110,20,2.99,-3.1,6.2,0.1,11.98
110,21,2.03,-3.6,4.4,0.06,12.57
110,22,1.76,-4.2,3.8,0.04,12.27
110,23,1.45,-4.6,4.2,0.02,12.02
111,0,0.78,-5.3,4.1,0.0,11.74
111,1,0.19,-6.1,3.4,0.0,12.09
111,2,-0.08,-6.6,3.5,0.0,11.58
111,3,-0.22,-6.7,4.5,0.01,11.36
111,4,-0.52,-6.7,4.0,0.01,11.05
111,5,-1.03,-6.8,3.6,0.02,10.95
111,6,-0.92,-6.7,3.5,0.02,10.81
111,7,-0.38,-6.3,4.0,0.02,10.78
111,8,0.62,-5.6,5.1,0.01,9.64
111,9,1.67,-4.5,6.4,0.0,9.46
111,10,2.69,-3.4,7.5,0.0,9.49
111,11,3.53,-2.4,7.8,0.0,10.27
111,12,4.21,-1.7,7.9,0.0,10.82
111,13,4.8,-1.4,8.8,0.0,10.57
111,14,5.13,-1.4,9.3,0.0,10.13
111,15,5.82,-1.4,12.6,0.0,10.0
111,16,5.01,-1.9,9.4,0.02,9.71
111,17,4.61,-1.8,9.0,0.06,9.9
111,18,4.0,-1.9,8.0,0.05,9.35
111,19,3.3,-2.2,6.3,0.04,8.89
111,20,2.28,-2.8,4.6,0.03,9.23
111,21,1.16,-3.7,3.4,0.05,10.47
111,22,0.58,-4.6,3.4,0.05,10.7
111,23,0.1,-5.7,3.3,0.03,10.63
112,0,-0.67,-6.9,3.2,0.02,10.83
112,1,-0.89,-7.9,3.0,0.01,11.14
112,2,-1.51,-8.6,2.6,0.0,10.48
112,3,-1.32,-9.1,3.0,0.0,9.95
112,4,-1.61,-8.9,2.5,0.0,9.82
112,5,-1.98,-9.2,2.2,0.0,9.49
112,6,-2.13,-9.3,1.8,0.01,9.83
112,7,-1.37,-8.6,1.6,0.03,8.77
112,8,-0.15,-7.1,2.5,0.01,7.7
112,9,1.11,-5.4,3.3,0.0,7.56
112,10,2.19,-4.1,4.6,0.0,7.6
112,11,3.12,-3.0,5.8,0.01,7.06
112,12,4.0,-1.9,6.9,0.02,7.62
112,13,4.57,-1.1,8.0,0.0,8.94
112,14,5.07,1.5,9.6,0.0,10.21
112,15,5.17,1.0,10.3,0.01,11.58
112,16,4.35,-1.6,10.9,0.11,10.48
112,17,4.25,-2.0,10.6,0.03,9.69
112,18,3.57,-2.4,9.8,0.01,9.23
112,19,3.02,-2.9,9.1,0.0,7.98
112,20,2.04,-3.6,7.7,0.0,9.22
112,21,1.28,-4.1,8.0,0.02,9.95
112,22,0.65,-4.2,6.7,0.0,9.95
112,23,0.33,-4.2,5.9,0.0,9.63
113,0,-0.24,-4.0,4.6,0.01,9.91
113,1,-0.57,-3.9,4.2,0.03,9.45
113,2,-0.91,-4.4,3.7,0.05,8.98
113,3,-0.71,-3.8,3.6,0.07,8.22
113,4,-1.12,-6.5,4.0,0.08,9.31
113,5,-0.97,-6.2,3.8,0.06,9.2
113,6,-0.78,-5.7,3.7,0.07,9.48
113,7,-0.28,-5.2,4.0,0.15,9.22
113,8,0.79,-2.3,5.0,0.2,8.5
113,9,1.71,-1.1,6.2,0.19,7.84
113,10,2.6,0.2,7.1,0.24,8.67
113,11,3.02,0.6,7.7,0.25,8.93
113,12,3.52,1.1,8.3,0.26,9.24
113,13,3.86,1.1,8.8,0.24,9.88
113,14,4.26,1.8,9.1,0.15,10.61
113,15,4.82,2.2,10.9,0.14,11.99
113,16,4.45,2.4,9.4,0.11,11.77
113,17,4.09,2.1,8.7,0.15,10.94
113,18,3.65,1.4,7.9,0.19,10.2
113,19,3.36,1.0,6.5,0.14,9.58
113,20,2.49,0.5,5.1,0.09,10.8
113,21,1.61,-0.9,4.0,0.07,10.9
113,22,1.04,-0.7,3.3,0.06,10.7
113,23,0.78,-0.7,3.2,0.05,11.06
114,0,0.55,-1.2,2.9,0.04,10.95
114,1,0.32,-1.6,2.9,0.04,11.22
114,2,0.1,-2.2,2.6,0.04,10.91
114,3,0.11,-2.5,2.5,0.03,10.92
114,4,-0.46,-2.8,1.7,0.04,11.1
114,5,-0.61,-3.1,1.1,0.05,11.14
114,6,-0.47,-3.1,1.1,0.05,11.12
114,7,0.25,-2.2,3.7,0.08,11.0
114,8,0.92,-0.9,5.3,0.1,11.12
114,9,1.58,-0.1,6.7,0.16,11.19
114,10,2.2,0.4,7.9,0.18,10.98
114,11,2.56,0.6,7.2,0.16,11.73
114,12,3.07,1.1,8.5,0.09,12.26
114,13,3.49,1.3,9.4,0.06,12.26
114,14,3.83,1.2,9.8,0.02,12.08
114,15,4.76,0.6,12.4,0.07,12.59
114,16,4.3,0.3,11.9,0.1,11.08
114,17,4.02,0.2,10.9,0.06,9.9
114,18,3.82,0.5,9.5,0.08,9.31
114,19,3.37,0.6,7.9,0.05,9.39
114,20,2.34,-0.1,5.3,0.04,9.16
114,21,1.45,-0.8,4.4,0.02,9.78
114,22,0.59,-1.8,4.0,0.06,9.88
114,23,-0.07,-2.0,3.0,0.08,9.67
115,0,-0.53,-3.2,2.8,0.04,10.26
115,1,-0.58,-3.6,4.1,0.03,10.3
115,2,-1.16,-3.5,2.7,0.02,10.22
115,3,-0.91,-3.3,2.7,0.0,10.32
115,4,-1.16,-3.6,2.2,0.01,10.17
115,5,-1.41,-3.8,1.7,0.0,10.77
115,6,-1.22,-3.3,1.5,0.0,10.74
115,7,-0.27,-1.7,2.0,0.0,10.88
115,8,0.98,-0.6,4.3,0.0,10.52
115,9,2.13,-0.1,6.4,0.0,11.2
115,10,3.14,0.5,8.3,0.0,12.13
115,11,4.06,1.0,10.1,0.0,12.43
115,12,4.88,1.7,11.7,0.0,13.31
115,13,5.4,2.2,12.7,0.14,14.45
115,14,5.67,3.1,13.2,0.09,14.69
115,15,5.81,3.0,14.2,0.18,14.55
115,16,5.33,2.3,14.3,0.14,13.33
115,17,5.2,2.0,14.0,0.1,13.44
115,18,4.84,1.6,13.0,0.34,13.11
115,19,3.92,1.3,11.5,0.2,12.09
115,20,3.18,1.2,9.2,0.1,12.33
115,21,2.36,-0.2,6.2,0.06,12.82
115,22,1.64,-1.3,4.0,0.02,13.03
115,23,1.32,-1.4,2.8,0.14,13.29
116,0,0.95,-1.4,2.2,0.06,12.84
116,1,0.62,-1.3,1.9,0.08,12.68
116,2,0.43,-1.6,1.7,0.06,12.69
116,3,0.44,-2.3,1.8,0.04,13.03
116,4,0.19,-2.8,2.5,0.05,13.05
116,5,0.0,-3.7,2.4,0.02,13.07
116,6,-0.17,-4.2,1.0,0.04,13.18
116,7,0.28,-4.0,1.7,0.02,13.13
116,8,1.26,-3.1,4.2,0.01,12.12
116,9,2.33,-1.7,7.8,0.05,12.83
116,10,3.26,-0.3,10.8,0.12,13.56
116,11,4.0,0.8,12.8,0.11,13.63
116,12,4.6,0.9,14.0,0.13,14.25
116,13,5.07,1.6,14.8,0.13,15.21
116,14,5.22,1.7,15.0,0.09,14.32
116,15,5.51,1.8,15.7,0.06,15.08
116,16,5.25,1.6,15.6,0.08,15.26
116,17,5.18,1.2,15.3,0.09,14.17
116,18,4.81,0.8,14.7,0.14,12.27
116,19,4.12,-0.1,13.4,0.1,11.63
116,20,3.38,-1.1,11.3,0.04,11.65
116,21,2.32,-2.3,8.4,0.08,11.52
116,22,1.4,-3.0,6.9,0.1,11.47
116,23,0.98,-4.0,6.9,0.05,10.39
117,0,0.5,-4.1,6.9,0.04,10.68
117,1,0.4,-3.7,7.0,0.16,10.66
117,2,0.2,-4.0,7.1,0.09,11.13
117,3,0.23,-4.5,7.3,0.05,11.41
117,4,-0.29,-5.7,7.6,0.05,10.34
117,5,-0.57,-7.2,7.8,0.01,10.26
117,6,-0.36,-7.2,8.0,0.01,10.57
117,7,0.43,-5.6,8.4,0.01,9.83
117,8,1.65,-3.8,8.9,0.02,9.81
117,9,2.76,-2.7,9.4,0.0,9.73
117,10,3.8,-1.9,10.4,0.0,10.02
117,11,4.6,-1.4,10.9,0.01,10.78
117,12,5.08,-1.0,11.5,0.01,11.43
117,13,5.32,-0.8,12.1,0.06,11.34
117,14,5.72,-0.5,12.4,0.06,11.59
117,15,6.1,-0.3,13.7,0.0,13.22
117,16,5.77,-0.6,11.8,0.02,11.64
117,17,5.2,-0.8,10.9,0.02,10.56
117,18,4.53,-0.8,10.3,0.04,9.91
117,19,3.85,-1.3,9.8,0.04,9.59
117,20,2.91,-2.3,9.6,0.03,9.13
117,21,1.57,-3.3,9.2,0.04,9.76
117,22,0.92,-4.1,8.7,0.03,10.14
117,23,0.28,-4.4,7.4,0.01,9.48
118,0,-0.24,-4.5,6.1,0.01,9.1
118,1,-0.65,-4.4,5.4,0.01,8.16
118,2,-0.95,-4.5,4.7,0.03,7.35
118,3,-1.13,-4.1,4.2,0.03,7.9
118,4,-1.38,-4.6,3.8,0.03,7.16
118,5,-1.53,-5.2,3.3,0.09,7.23
118,6,-1.26,-5.1,3.2,0.14,7.56
118,7,-0.5,-4.2,3.6,0.2,7.5
118,8,0.64,-2.8,4.3,0.25,7.19
118,9,1.8,-1.6,4.7,0.17,7.19
118,10,2.71,-0.4,6.2,0.22,7.25
118,11,3.46,0.5,7.3,0.22,7.3
118,12,4.11,1.2,8.0,0.1,7.68
118,13,4.63,1.4,8.9,0.06,8.62
118,14,4.93,1.3,9.4,0.03,9.4
118,15,5.2,0.8,9.2,0.03,9.93
118,16,4.94,0.5,10.6,0.1,8.94
118,17,4.84,0.5,10.4,0.09,8.88
118,18,4.57,0.4,9.6,0.04,8.36
118,19,4.26,0.1,10.1,0.01,7.46
118,20,3.26,-0.8,10.3,0.01,7.87
118,21,2.09,-2.0,9.9,0.02,8.46
118,22,1.36,-2.7,9.9,0.01,8.95
118,23,0.75,-3.0,9.7,0.01,9.42
119,0,0.64,-3.3,9.5,0.0,8.21
119,1,0.25,-3.7,9.5,0.0,8.34
119,2,0.04,-4.1,9.4,0.0,8.38
119,3,-0.34,-4.4,8.9,0.0,9.31
119,4,-0.43,-6.5,8.2,0.02,9.67
119,5,-0.83,-7.5,7.6,0.02,9.74
119,6,-0.69,-7.1,7.6,0.02,9.86
119,7,-0.0,-4.8,8.2,0.03,9.87
119,8,1.03,-3.0,9.2,0.03,9.2
119,9,2.15,-1.8,10.3,0.04,9.22
119,10,3.29,-1.2,12.0,0.03,9.94
119,11,4.09,-0.7,12.3,0.01,10.24
119,12,4.65,-0.2,11.9,0.03,10.44
119,13,4.86,0.5,11.7,0.07,10.44
119,14,4.98,0.8,12.4,0.04,11.34
119,15,5.21,1.1,12.8,0.03,12.11
119,16,5.02,0.7,13.2,0.02,11.35
119,17,4.88,0.6,13.2,0.03,10.46
119,18,4.62,0.4,12.7,0.01,9.96
119,19,4.09,-0.4,11.8,0.06,9.55
119,20,3.03,-1.3,10.4,0.08,10.1
119,21,1.78,-2.2,8.1,0.13,11.17
119,22,1.36,-3.0,5.8,0.07,10.92
119,23,0.83,-3.2,4.5,0.01,11.04
120,0,0.44,-3.2,4.1,0.0,11.15
120,1,0.0,-2.8,3.1,0.04,11.19
120,2,-0.36,-2.7,3.6,0.18,11.1
120,3,-0.47,-3.1,2.9,0.22,10.44
120,4,-1.03,-3.9,1.8,0.07,9.83
120,5,-1.18,-3.8,1.4,0.05,9.7
120,6,-0.88,-3.1,1.1,0.04,10.1
120,7,0.1,-1.8,2.1,0.06,9.61
120,8,1.34,-0.2,4.3,0.08,8.83
120,9,2.4,0.7,6.7,0.02,8.52
120,10,3.34,1.4,8.9,0.02,7.83
120,11,4.16,1.9,10.6,0.07,8.11
120,12,4.79,2.0,11.4,0.1,9.39
120,13,5.15,1.8,11.9,0.07,10.86
120,14,5.42,1.7,12.1,0.12,11.04
120,15,5.58,1.9,12.1,0.08,11.82
120,16,5.18,1.7,12.1,0.15,10.82
120,17,5.2,1.4,11.8,0.09,10.0
120,18,4.94,1.1,11.2,0.09,9.4
120,19,4.46,0.6,10.3,0.08,8.5
120,20,3.1,-0.3,8.9,0.09,8.83
120,21,1.99,-1.2,7.7,0.03,8.7
120,22,1.27,-3.3,9.1,0.01,9.03
120,23,0.87,-4.0,8.4,0.0,9.24
121,0,0.74,-2.8,7.5,0.01,9.4
121,1,0.3,-3.1,7.0,0.07,9.75
121,2,-0.08,-4.5,6.7,0.1,10.66
121,3,-0.04,-3.2,6.4,0.11,10.31
121,4,-0.41,-5.1,6.1,0.01,9.84
121,5,-1.09,-5.5,5.6,0.0,10.09
121,6,-0.73,-4.4,5.4,0.0,9.56
121,7,0.33,-3.3,6.3,0.0,8.9
121,8,1.6,-2.8,7.8,0.0,8.81
121,9,2.68,-2.3,9.5,0.0,9.69
121,10,3.69,-1.8,11.0,0.01,10.49
121,11,4.63,-1.2,12.6,0.01,10.98
121,12,5.38,-0.6,14.0,0.02,11.9
121,13,5.87,-0.2,14.6,0.02,12.23
121,14,6.07,0.4,14.5,0.02,12.68
121,15,6.21,1.4,14.0,0.04,12.97
121,16,5.53,1.3,13.4,0.05,11.86
121,17,5.32,1.3,12.2,0.09,11.06
121,18,4.79,0.9,10.7,0.04,10.63
121,19,4.2,0.1,9.3,0.03,10.3
121,20,3.32,-0.9,8.0,0.01,11.04
121,21,2.26,-1.9,6.7,0.0,12.02
121,22,1.72,-2.7,6.5,0.01,11.95
121,23,1.22,-2.7,5.3,0.0,12.23
122,0,0.79,-2.6,4.6,0.0,11.92
122,1,0.41,-3.8,4.3,0.02,11.82
122,2,0.16,-4.7,4.1,0.0,11.99
122,3,0.26,-4.2,3.7,0.0,12.26
122,4,0.03,-4.2,3.7,0.02,11.62
122,5,-0.18,-6.3,3.7,0.01,12.1
122,6,0.06,-5.6,3.7,0.03,12.17
122,7,0.87,-3.3,4.4,0.04,11.5
122,8,2.0,-1.2,5.7,0.02,11.47
122,9,3.35,0.2,7.2,0.02,11.85
122,10,4.49,1.1,9.2,0.01,12.19
122,11,5.22,1.3,10.5,0.16,13.07
122,12,5.99,1.7,11.4,0.11,13.56
122,13,6.5,1.6,12.2,0.08,13.9
122,14,6.69,2.0,12.2,0.08,14.13
122,15,7.14,1.6,12.1,0.21,14.49
122,16,6.57,1.6,14.8,0.03,13.83
122,17,6.29,1.6,14.0,0.04,14.57
122,18,5.64,1.2,10.3,0.35,12.86
122,19,5.15,1.1,10.3,0.21,13.31
122,20,4.41,0.5,9.7,0.27,12.55
122,21,3.63,-0.1,9.2,0.34,13.0
122,22,3.01,-0.7,8.7,0.33,12.33
122,23,2.12,-1.9,6.8,0.51,12.29
123,0,1.62,-3.3,6.2,0.25,12.38
123,1,1.36,-2.4,6.2,0.05,11.85
123,2,1.05,-2.8,6.0,0.04,11.44
123,3,0.99,-2.8,5.1,0.01,12.21
123,4,0.77,-3.6,4.3,0.16,12.68
123,5,0.61,-3.6,4.0,0.07,13.39
123,6,0.68,-3.4,4.0,0.07,13.93
123,7,1.18,-3.4,5.0,0.08,13.96
123,8,1.93,-2.7,6.7,0.06,13.91
123,9,2.59,-2.3,8.2,0.11,13.09
123,10,3.21,-2.1,9.6,0.16,13.01
123,11,3.73,-1.8,10.8,0.19,13.67
123,12,4.38,-1.6,11.2,0.27,14.2
123,13,4.97,-1.2,11.4,0.24,14.41
123,14,5.35,-0.9,11.7,0.16,13.61
123,15,5.65,-0.1,12.2,0.1,12.39
123,16,5.07,-0.2,11.4,0.1,11.57
123,17,5.02,-0.3,11.6,0.06,11.25
123,18,5.05,-0.2,11.5,0.06,11.73
123,19,4.53,-0.2,11.4,0.05,11.48
123,20,3.79,-0.3,11.0,0.04,10.9
123,21,3.01,-0.6,10.3,0.03,11.48
123,22,2.26,-1.3,9.5,0.03,11.36
123,23,1.88,-1.9,8.7,0.01,11.48
124,0,1.43,-2.5,7.9,0.0,11.44
124,1,1.06,-3.0,7.3,0.0,11.76
124,2,0.6,-3.6,6.7,0.03,10.96
124,3,0.31,-3.6,6.1,0.03,10.89
124,4,0.13,-5.7,5.8,0.1,10.89
124,5,-0.25,-5.6,5.5,0.08,11.53
124,6,-0.06,-5.3,5.5,0.05,11.63
124,7,0.72,-3.5,6.5,0.03,11.01
124,8,1.9,-1.6,7.9,0.02,11.3
124,9,2.71,-0.5,9.0,0.05,12.25
124,10,3.41,0.3,9.0,0.08,12.23
124,11,4.15,0.7,9.4,0.13,13.35
124,12,4.6,1.1,10.3,0.17,14.08
124,13,4.9,1.5,11.2,0.23,14.53
124,14,5.12,1.8,11.6,0.15,14.89
124,15,5.4,1.5,12.2,0.08,15.29
124,16,5.12,1.3,12.4,0.08,14.08
124,17,4.99,1.3,12.7,0.04,13.0
124,18,4.66,1.2,12.7,0.03,12.2
124,19,4.02,0.6,12.2,0.02,11.37
124,20,3.16,-0.5,11.2,0.01,11.12
124,21,2.54,-1.0,10.1,0.02,10.53
124,22,1.32,-3.5,9.2,0.02,11.57
124,23,0.87,-3.9,8.5,0.01,11.83
125,0,0.33,-2.7,8.0,0.02,11.29
125,1,-0.08,-3.4,7.8,0.03,11.22
125,2,-0.29,-3.7,7.2,0.02,11.04
125,3,-0.08,-2.7,6.8,0.01,11.15
125,4,-0.59,-3.3,6.3,0.01,10.67
125,5,-0.85,-3.3,5.7,0.0,10.75
125,6,-0.57,-2.8,5.4,0.0,10.0
125,7,0.35,-2.0,6.1,0.0,9.03
125,8,1.52,-1.2,7.2,0.0,8.67
125,9,2.71,-0.4,8.3,0.0,8.92
125,10,3.73,0.4,9.6,0.0,9.47
125,11,4.5,0.7,9.6,0.01,10.58
125,12,5.07,0.9,10.5,0.02,11.14
125,13,5.3,1.3,11.0,0.05,10.96
125,14,5.68,1.4,11.4,0.02,11.23
125,15,5.93,1.4,11.5,0.0,11.79
125,16,5.88,1.2,11.5,0.01,11.45
125,17,5.9,1.0,11.3,0.0,10.75
125,18,5.68,0.8,10.9,0.0,9.22
125,19,5.04,0.7,10.3,0.04,7.68
125,20,4.11,0.4,9.4,0.02,6.77
125,21,3.08,-1.2,8.2,0.01,8.49
125,22,2.56,-0.9,7.1,0.0,9.05
125,23,1.97,-1.5,5.9,0.0,9.08
126,0,1.54,-1.9,5.6,0.0,10.5
126,1,1.06,-2.3,5.8,0.0,10.6
126,2,0.55,-2.5,5.6,0.0,10.67
126,3,0.61,-3.0,5.2,0.0,10.33
126,4,0.32,-4.2,5.1,0.0,10.87
126,5,0.11,-4.3,4.9,0.0,11.09
126,6,0.61,-2.2,5.1,0.0,11.15
126,7,1.58,-1.3,5.8,0.0,10.06
126,8,3.0,-0.1,7.9,0.0,10.02
126,9,4.3,0.6,10.2,0.0,10.46
126,10,5.51,1.6,12.5,0.0,11.22
126,11,6.3,1.9,14.5,0.0,12.24
126,12,6.77,1.8,15.7,0.01,12.87
126,13,7.28,1.9,16.3,0.01,13.27
126,14,7.58,2.0,16.2,0.0,13.5
126,15,7.3,2.3,16.1,0.01,13.24
126,16,7.09,2.2,15.6,0.0,12.59
126,17,6.84,2.2,14.7,0.0,12.42
126,18,6.33,2.1,13.4,0.0,12.41
126,19,5.62,1.7,12.1,0.0,10.92
126,20,4.83,1.0,10.7,0.0,10.23
126,21,3.46,-0.7,9.3,0.0,10.43
126,22,2.33,-1.7,8.0,0.0,10.68
126,23,1.54,-4.1,6.9,0.0,11.11
127,0,1.22,-3.8,6.2,0.0,10.85
127,1,0.83,-4.1,5.8,0.0,10.33
127,2,0.56,-5.1,5.5,0.0,9.94
127,3,0.6,-3.8,5.4,0.0,9.11
127,4,0.51,-4.2,5.1,0.0,9.28
127,5,-0.24,-6.3,4.7,0.0,9.45
127,6,0.23,-4.7,4.9,0.01,9.4
127,7,1.45,-2.5,5.9,0.01,8.11
127,8,2.91,-0.3,7.4,0.04,9.08
127,9,3.95,-0.1,8.9,0.1,9.99
127,10,4.66,0.4,10.7,0.14,11.32
127,11,5.12,0.6,12.0,0.25,12.1
127,12,5.35,0.8,12.8,0.27,12.32
127,13,5.79,0.7,13.5,0.08,13.12
127,14,6.15,0.9,14.1,0.04,13.4
127,15,6.41,0.8,14.6,0.1,14.99
127,16,6.16,0.8,14.8,0.05,14.21
127,17,6.19,0.8,15.2,0.09,13.71
127,18,5.86,0.9,15.3,0.05,13.1
127,19,5.25,0.7,15.1,0.03,11.65
127,20,4.57,0.5,14.3,0.09,11.2
127,21,3.54,-0.3,13.2,0.1,12.25
127,22,2.56,-1.9,12.3,0.12,11.86
127,23,1.82,-2.9,11.3,0.08,11.71
128,0,1.35,-3.6,10.5,0.06,11.33
128,1,0.92,-4.4,9.7,0.05,10.67
128,2,0.54,-4.9,8.7,0.04,10.79
128,3,0.34,-5.5,7.8,0.03,11.1
128,4,0.07,-5.2,7.1,0.01,10.38
128,5,-0.26,-5.7,6.6,0.0,10.03
128,6,0.03,-5.4,6.7,0.0,9.56
128,7,1.03,-4.0,7.5,0.0,8.74
128,8,2.22,-2.3,8.4,0.0,8.66
128,9,3.24,-1.3,9.6,0.02,9.58
128,10,4.12,-0.8,11.1,0.02,10.56
128,11,4.77,-0.1,12.3,0.06,11.64
128,12,5.23,0.6,13.1,0.03,12.14
128,13,5.66,1.2,13.7,0.05,12.9
128,14,5.88,1.4,14.0,0.03,12.83
128,15,6.12,1.2,14.4,0.03,11.93
128,16,6.31,1.6,14.7,0.02,11.48
128,17,6.28,2.0,14.6,0.0,11.22
128,18,5.95,1.9,13.8,0.02,10.37
128,19,5.34,1.3,13.0,0.04,9.39
128,20,4.59,0.3,12.2,0.0,8.84
128,21,3.3,-1.7,10.9,0.0,9.22
128,22,2.29,-3.3,9.8,0.0,9.38
128,23,1.27,-6.5,8.8,0.01,10.63
129,0,1.14,-6.8,8.1,0.01,10.65
129,1,1.16,-4.3,7.8,0.0,10.35
129,2,0.93,-4.9,7.2,0.0,10.16
129,3,0.8,-5.8,6.4,0.01,10.03
129,4,0.42,-5.8,5.7,0.0,10.25
129,5,0.44,-5.5,5.4,0.0,9.97
129,6,0.95,-4.4,6.1,0.0,9.53
129,7,2.24,-2.4,7.6,0.0,8.53
129,8,3.76,-0.8,9.3,0.0,7.8
129,9,5.14,0.8,11.0,0.01,7.97
129,10,6.18,2.2,12.7,0.02,8.62
129,11,6.86,3.0,14.7,0.05,9.19
129,12,7.57,3.7,16.2,0.06,10.25
129,13,8.12,4.0,17.1,0.05,10.25
129,14,8.41,4.1,18.0,0.03,10.22
129,15,9.2,3.7,19.5,0.0,11.55
129,16,8.84,3.9,19.6,0.0,11.93
129,17,8.73,3.3,19.5,0.0,11.84
129,18,8.43,3.0,19.1,0.0,10.66
129,19,7.43,2.5,17.7,0.0,9.98
129,20,6.78,1.7,15.6,0.0,9.7
129,21,5.42,0.7,13.1,0.0,9.49
129,22,4.65,-0.5,9.1,0.0,9.23
129,23,3.92,-1.4,9.0,0.0,9.2
130,0,3.79,-1.9,9.3,0.0,10.55
130,1,3.3,-2.6,8.6,0.02,10.17
130,2,2.85,-2.9,7.8,0.02,9.71
130,3,3.24,-2.9,7.9,0.02,10.25
130,4,2.69,-3.1,7.4,0.04,9.98
130,5,2.57,-2.8,7.0,0.03,10.16
130,6,3.14,-2.2,7.6,0.03,10.17
130,7,4.33,-1.1,9.0,0.05,10.37
130,8,5.7,0.6,10.9,0.08,10.53
130,9,6.66,1.9,12.7,0.14,11.2
130,10,7.39,3.0,14.4,0.11,11.56
130,11,8.4,3.9,15.9,0.05,11.48
130,12,9.14,4.4,17.1,0.04,12.0
130,13,9.6,4.4,17.9,0.1,13.07
130,14,9.93,4.4,18.7,0.13,13.0
130,15,9.5,2.3,19.7,0.22,11.95
130,16,9.22,2.1,20.2,0.41,12.23
130,17,8.88,2.2,20.1,0.29,11.49
130,18,8.36,1.3,19.5,0.17,12.1
130,19,7.66,1.6,18.6,0.17,11.33
130,20,6.96,1.3,16.9,0.26,11.99
130,21,6.31,0.6,15.2,0.16,12.48
130,22,5.62,-0.3,13.0,0.17,11.06
130,23,5.27,-1.1,11.3,0.14,10.87
131,0,4.94,-1.5,10.5,0.2,11.49
131,1,4.47,-2.0,9.8,0.29,11.35
131,2,4.21,-2.1,8.8,0.24,11.24
131,3,4.52,-3.2,11.2,0.22,11.49
131,4,4.05,-3.1,10.5,0.14,11.01
131,5,3.75,-3.0,9.3,0.11,11.18
131,6,3.81,-2.4,9.0,0.15,11.19
131,7,4.74,-1.8,9.6,0.16,10.87
131,8,5.76,-1.0,11.3,0.14,10.45
131,9,6.79,-0.1,13.3,0.22,10.68
131,10,7.62,0.8,15.1,0.3,10.87
131,11,8.41,1.7,16.8,0.15,10.21
131,12,9.21,2.0,18.3,0.1,10.57
131,13,9.86,1.5,19.4,0.14,11.0
131,14,10.32,2.0,20.2,0.11,11.99
131,15,10.09,1.5,21.9,0.08,11.88
131,16,10.14,1.4,22.0,0.16,11.89
131,17,10.03,1.4,22.0,0.14,11.96
131,18,9.47,1.4,21.8,0.05,11.78
131,19,8.61,0.4,20.7,0.05,11.6
131,20,7.89,0.4,19.1,0.03,10.78
131,21,6.82,-1.1,16.8,0.17,9.42
131,22,5.48,-2.0,14.1,0.12,8.84
131,23,4.65,-2.3,12.5,0.2,9.72
132,0,4.33,-2.4,11.7,0.24,9.84
132,1,4.26,-3.2,10.8,0.29,9.48
132,2,3.45,-5.2,10.7,0.21,9.68
132,3,3.77,-2.7,11.1,0.06,8.94
132,4,3.57,-2.8,11.0,0.03,9.15
132,5,3.3,-2.9,11.1,0.18,9.29
132,6,3.82,-2.4,11.9,0.04,9.49
132,7,5.23,-1.5,12.9,0.0,9.05
132,8,6.85,-0.3,13.7,0.0,8.63
132,9,8.46,1.2,14.4,0.01,8.61
132,10,9.82,1.8,17.0,0.0,9.76
132,11,10.82,2.1,19.1,0.01,10.09
132,12,11.54,2.3,20.9,0.04,10.43
132,13,11.85,2.6,21.9,0.1,10.67
132,14,11.69,2.9,22.3,0.39,11.4
132,15,12.16,2.5,23.9,0.07,11.3
132,16,12.63,2.8,24.3,0.1,12.68
132,17,12.31,2.9,24.2,0.09,13.33
132,18,11.45,2.7,23.3,0.1,12.34
132,19,10.56,2.5,21.5,0.03,11.13
132,20,9.36,1.9,19.1,0.02,9.95
132,21,7.76,0.8,16.2,0.02,8.94
132,22,6.34,-0.4,15.1,0.04,8.49
132,23,5.13,-1.0,13.9,0.04,9.65
133,0,4.41,-1.1,12.4,0.03,9.36
133,1,3.79,-1.1,10.2,0.01,9.81
133,2,3.38,-1.4,9.6,0.0,9.39
133,3,3.24,-1.6,9.3,0.0,7.83
133,4,2.78,-2.0,8.0,0.0,8.12
133,5,2.69,-1.8,7.1,0.0,8.81
133,6,3.47,-0.8,8.2,0.0,8.43
133,7,4.98,0.9,11.0,0.0,8.61
133,8,6.58,1.9,13.8,0.0,8.38
133,9,8.17,2.9,16.1,0.0,8.84
133,10,9.34,3.7,18.4,0.03,9.16
133,11,10.47,4.4,20.7,0.11,9.22
133,12,11.47,4.8,22.6,0.01,9.71
133,13,11.87,5.0,23.8,0.0,10.47
133,14,11.94,5.2,25.0,0.0,10.87
133,15,12.29,4.9,25.5,0.0,10.08
133,16,12.39,5.1,23.0,0.0,10.18
133,17,12.07,4.7,22.9,0.01,10.1
133,18,11.7,4.7,22.4,0.0,8.9
133,19,11.04,4.5,21.6,0.03,7.78
133,20,9.96,4.1,19.9,0.02,6.7
133,21,8.54,3.0,16.6,0.02,6.57
133,22,7.28,1.1,15.8,0.03,6.48
133,23,5.83,-0.4,13.6,0.04,7.07
134,0,4.73,-1.4,12.4,0.03,7.96
134,1,3.9,-1.6,10.3,0.03,7.52
134,2,3.57,-1.7,11.1,0.03,7.57
134,3,3.35,-1.8,9.8,0.03,7.03
134,4,2.73,-2.5,9.2,0.0,7.67
134,5,3.11,-1.0,9.6,0.0,7.6
134,6,4.11,0.4,10.3,0.0,8.07
134,7,5.53,1.2,12.5,0.01,7.77
134,8,7.13,1.8,15.2,0.06,7.74
134,9,8.67,2.1,17.7,0.08,8.3
134,10,9.81,2.3,19.6,0.11,8.48
134,11,10.89,2.3,20.9,0.11,8.79
134,12,11.69,2.5,21.4,0.18,10.15
134,13,12.02,2.3,20.9,0.12,11.02
134,14,12.28,2.3,22.0,0.11,11.19
134,15,12.63,2.3,21.7,0.09,11.27
134,16,12.96,2.5,21.6,0.1,12.15
134,17,12.69,2.2,21.3,0.08,12.46
134,18,12.3,2.1,20.8,0.05,11.8
134,19,11.77,2.1,20.2,0.06,12.29
134,20,10.78,1.5,18.6,0.02,12.75
134,21,9.8,1.4,17.2,0.02,12.23
134,22,8.72,1.1,15.8,0.03,12.33
134,23,7.7,0.7,14.3,0.05,12.18
135,0,6.76,0.8,12.9,0.04,11.94
135,1,6.09,0.1,11.9,0.06,11.72
135,2,5.46,-0.7,11.3,0.07,12.19
135,3,5.47,-0.1,10.0,0.07,11.98
135,4,5.25,-1.6,9.3,0.08,11.85
135,5,5.08,-2.1,9.2,0.07,12.04
135,6,5.54,-1.5,9.5,0.12,11.79
135,7,6.53,-0.7,11.0,0.04,10.8
135,8,7.59,0.3,12.3,0.04,10.45
135,9,8.61,1.3,14.0,0.06,9.62
135,10,9.69,2.5,15.7,0.04,9.92
135,11,10.57,4.1,17.3,0.07,10.83
135,12,11.37,5.2,18.5,0.04,11.07
135,13,11.97,5.6,19.4,0.03,11.48
135,14,12.72,5.9,20.5,0.02,11.87
135,15,12.76,5.6,21.5,0.02,12.73
135,16,13.3,5.8,21.6,0.02,12.09
135,17,13.02,5.5,20.0,0.02,12.12
135,18,12.61,4.7,19.8,0.01,11.6
135,19,11.87,4.6,18.6,0.0,11.47
135,20,10.88,4.1,17.5,0.0,9.33
135,21,9.39,3.2,15.0,0.01,8.28
135,22,7.48,1.2,13.7,0.02,9.0
135,23,6.42,0.1,12.5,0.02,8.43
136,0,5.71,-0.8,11.7,0.02,8.35
136,1,5.27,-1.5,10.9,0.02,8.85
136,2,4.9,-2.1,10.2,0.0,9.15
136,3,4.31,-3.1,9.5,0.0,8.34
136,4,4.24,-3.5,9.8,0.04,8.96
136,5,4.25,-3.2,9.6,0.04,8.82
136,6,5.08,-2.0,10.4,0.06,8.7
136,7,6.5,0.0,12.0,0.08,8.03
136,8,8.11,2.2,14.4,0.08,7.54
136,9,9.54,4.2,16.7,0.05,8.18
136,10,10.79,5.8,18.8,0.01,9.22
136,11,11.8,7.0,20.7,0.0,9.52
136,12,12.55,7.5,21.7,0.0,10.17
136,13,13.24,8.2,22.4,0.0,11.11
136,14,13.34,8.7,22.6,0.08,11.68
136,15,13.48,8.1,23.2,0.0,10.87
136,16,13.61,7.7,22.9,0.0,10.06
136,17,13.09,7.3,22.9,0.0,9.9
136,18,12.5,6.5,22.6,0.0,9.07
136,19,11.82,5.8,22.0,0.1,9.21
136,20,10.82,5.1,20.6,0.02,9.45
136,21,9.52,4.5,20.0,0.01,6.75
136,22,8.31,2.8,17.9,0.07,6.97
136,23,7.36,2.7,15.3,0.1,7.67
137,0,6.66,2.3,13.6,0.03,8.1
137,1,5.98,0.5,12.8,0.02,7.6
137,2,5.91,0.7,13.9,0.0,7.46
137,3,5.38,0.9,11.3,0.02,7.79
137,4,5.23,0.2,11.2,0.11,8.26
137,5,5.26,-0.1,11.3,0.13,9.7
137,6,5.95,0.7,11.6,0.1,9.59
137,7,6.96,2.5,12.3,0.04,9.67
137,8,8.05,3.5,12.8,0.06,10.46
137,9,9.29,3.9,13.7,0.09,11.31
137,10,10.58,5.1,15.1,0.11,11.49
137,11,11.42,5.4,16.0,0.13,11.53
137,12,11.99,5.6,17.2,0.1,12.11
137,13,12.33,6.0,18.2,0.14,12.34
137,14,12.47,6.2,19.0,0.11,12.87
137,15,12.48,6.1,21.0,0.07,13.95
137,16,12.68,6.2,20.9,0.22,13.17
137,17,12.7,6.1,21.6,0.16,13.03
137,18,12.56,5.4,21.5,0.14,12.6
137,19,11.98,5.0,20.5,0.17,11.75
137,20,11.23,4.6,19.2,0.02,12.1
137,21,10.05,3.9,17.8,0.16,11.68
137,22,8.76,3.0,16.6,0.0,12.25
137,23,7.59,2.0,15.5,0.0,12.48
138,0,6.89,1.6,15.1,0.0,12.45
138,1,6.36,1.5,15.0,0.03,12.06
138,2,5.98,1.4,15.0,0.04,11.85
138,3,5.98,1.1,15.3,0.06,10.82
138,4,5.43,0.6,13.7,0.09,10.8
138,5,5.41,0.6,12.8,0.07,10.33
138,6,6.0,1.6,12.8,0.02,9.9
138,7,7.01,3.2,12.9,0.01,9.8
138,8,7.9,4.7,14.5,0.0,9.76
138,9,8.95,5.8,15.6,0.0,9.92
138,10,9.91,6.9,16.6,0.01,10.62
138,11,10.8,7.8,17.7,0.01,11.85
138,12,11.29,6.7,18.2,0.01,12.29
138,13,11.69,6.1,18.7,0.0,12.49
138,14,11.79,5.7,18.0,0.0,13.21
138,15,11.79,5.2,18.5,0.03,13.53
138,16,12.23,6.4,19.1,0.02,12.85
138,17,12.01,6.9,18.8,0.03,12.32
138,18,11.68,6.9,18.8,0.03,12.08
138,19,11.06,7.0,18.1,0.04,11.58
138,20,10.09,5.3,16.8,0.04,10.75
138,21,8.95,4.3,14.7,0.05,10.05
138,22,7.97,3.1,13.1,0.05,9.15
138,23,7.12,2.6,11.9,0.06,8.79
139,0,6.45,2.3,12.2,0.12,8.59
139,1,5.95,2.0,12.1,0.1,7.39
139,2,5.43,0.4,11.5,0.15,7.19
139,3,5.52,0.4,11.1,0.2,7.51
139,4,5.18,-0.1,11.5,0.18,8.63
139,5,5.28,-0.4,10.9,0.42,9.38
139,6,5.87,0.4,11.1,0.45,8.21
139,7,6.86,2.4,11.0,0.36,6.7
139,8,8.14,3.8,13.0,0.29,6.56
139,9,9.38,4.5,15.0,0.19,7.33
139,10,10.22,5.0,16.9,0.21,8.66
139,11,10.91,5.9,18.5,0.15,9.65
139,12,11.5,6.2,19.8,0.1,10.46
139,13,11.65,7.3,20.8,0.08,11.59
139,14,11.49,6.3,21.7,0.1,12.04
139,15,11.67,5.9,23.4,0.16,12.77
139,16,11.79,6.1,23.7,0.19,12.63
139,17,11.67,6.4,23.8,0.26,12.15
139,18,11.26,6.5,23.0,0.29,12.34
139,19,10.94,6.6,21.8,0.35,11.71
139,20,10.29,6.5,20.3,0.29,11.53
139,21,9.46,5.8,18.8,0.07,12.25
139,22,8.39,4.5,17.5,0.01,12.83
139,23,7.26,3.1,16.1,0.0,13.0
140,0,6.43,2.0,14.7,0.0,12.35
140,1,5.81,0.8,13.7,0.0,11.35
140,2,5.52,0.9,13.2,0.0,10.58
140,3,5.35,-0.8,13.1,0.09,9.92
140,4,5.22,-0.3,12.4,0.12,9.91
140,5,5.48,0.6,12.8,0.09,10.82
140,6,6.03,1.5,13.3,0.14,9.96
140,7,6.96,2.7,14.0,0.03,8.78
140,8,8.05,4.2,15.0,0.04,9.51
140,9,9.28,5.6,16.9,0.05,9.46
140,10,10.19,6.4,18.3,0.02,9.91
140,11,11.06,6.9,20.3,0.03,11.14
140,12,11.72,8.1,20.4,0.05,12.25
140,13,12.18,8.3,19.7,0.0,11.67
140,14,12.44,8.5,19.2,0.0,11.53
140,15,12.68,8.6,20.4,0.0,11.43
140,16,12.78,8.5,19.8,0.02,11.52
140,17,12.63,8.4,20.1,0.0,12.31
140,18,12.19,8.3,19.4,0.01,11.97
140,19,11.79,7.9,19.0,0.0,10.66
140,20,10.95,6.4,18.1,0.0,11.24
140,21,9.88,5.4,16.8,0.0,10.41
140,22,8.57,4.5,15.6,0.0,10.66
140,23,7.54,3.7,14.3,0.01,10.49
141,0,6.87,2.4,13.1,0.0,10.02
141,1,6.32,1.8,12.1,0.01,8.9
141,2,5.84,1.1,11.4,0.04,9.9
141,3,5.65,0.6,11.0,0.06,10.04
141,4,5.33,0.3,10.5,0.08,10.07
141,5,5.42,0.9,10.3,0.07,9.95
141,6,6.19,2.1,10.8,0.04,8.86
141,7,7.32,3.9,11.8,0.06,8.46
141,8,8.68,5.3,13.3,0.08,8.71
141,9,9.98,5.8,14.8,0.04,9.25
141,10,10.97,5.4,16.1,0.03,9.78
141,11,11.92,5.2,17.4,0.07,9.95
141,12,12.78,5.5,18.7,0.14,11.07
141,13,13.14,6.0,19.6,0.01,12.04
141,14,13.28,6.3,19.9,0.01,11.91
141,15,13.21,6.4,21.2,0.05,11.4
141,16,13.22,7.1,20.4,0.05,11.38
141,17,12.87,7.3,19.7,0.09,10.97
141,18,12.43,7.1,19.3,0.15,10.31
141,19,11.95,6.9,18.0,0.07,10.2
141,20,11.33,6.5,16.6,0.08,9.85
141,21,10.26,5.5,15.5,0.11,9.58
141,22,8.94,3.9,14.5,0.14,9.72
141,23,8.05,2.8,13.3,0.13,9.54
142,0,7.28,2.3,12.2,0.14,8.88
142,1,6.75,1.9,11.4,0.13,9.06
142,2,6.19,1.2,11.0,0.12,8.71
142,3,5.91,1.1,10.7,0.1,8.77
142,4,5.68,0.7,10.6,0.08,8.91
142,5,5.75,0.5,10.6,0.02,9.87
142,6,6.41,1.9,10.9,0.13,9.57
142,7,7.46,3.9,11.3,0.0,8.42
142,8,8.8,4.5,13.5,0.0,8.13
142,9,10.09,4.7,16.0,0.02,7.72
142,10,11.14,5.0,18.3,0.01,7.89
142,11,12.18,5.6,20.1,0.01,8.55
142,12,13.12,6.1,21.4,0.01,9.21
142,13,13.88,6.9,22.2,0.03,9.24
142,14,14.47,6.7,23.5,0.04,10.08
142,15,14.29,6.9,22.2,0.05,10.73
142,16,14.36,6.9,22.6,0.09,10.63
142,17,13.92,6.6,21.2,0.07,11.37
142,18,13.15,5.2,21.2,0.05,11.31
142,19,12.48,4.5,21.0,0.06,10.72
142,20,11.75,4.3,20.3,0.05,9.68
142,21,10.63,3.8,18.9,0.05,8.62
142,22,9.21,3.7,16.7,0.04,9.3
142,23,8.1,3.4,14.8,0.02,9.38
143,0,7.32,3.2,13.7,0.0,9.79
143,1,6.79,3.0,12.8,0.01,10.49
143,2,6.26,2.8,12.0,0.01,10.42
143,3,6.4,3.2,13.1,0.0,11.21
143,4,6.19,2.9,12.9,0.04,11.88
143,5,6.33,2.7,13.4,0.05,11.95
143,6,6.87,2.5,12.9,0.05,11.78
143,7,7.83,2.3,11.7,0.14,11.26
143,8,9.15,2.4,13.0,0.02,11.65
143,9,10.35,2.7,14.8,0.02,12.1
143,10,11.33,2.9,15.7,0.07,12.16
143,11,12.33,2.7,16.8,0.06,12.2
143,12,13.22,3.1,18.2,0.05,13.13
143,13,13.75,3.5,18.0,0.01,13.17
143,14,14.16,4.0,18.7,0.01,13.96
143,15,13.95,4.5,19.4,0.01,14.12
143,16,14.5,5.1,19.9,0.02,13.47
143,17,14.29,5.6,19.9,0.03,14.02
143,18,13.59,5.4,19.0,0.03,12.98
143,19,12.87,5.8,18.4,0.03,11.19
143,20,12.28,6.3,18.0,0.03,9.48
143,21,11.34,5.9,17.2,0.1,8.99
143,22,10.37,5.4,16.0,0.04,9.39
143,23,9.6,5.2,15.4,0.08,9.95
144,0,8.87,4.3,14.6,0.1,9.53
144,1,8.21,3.4,14.1,0.07,10.53
144,2,7.28,2.5,13.9,0.03,10.41
144,3,6.91,2.3,13.9,0.02,10.78
144,4,6.64,1.8,13.6,0.04,10.94
144,5,6.83,2.0,13.8,0.06,10.97
144,6,7.55,3.2,14.0,0.04,10.55
144,7,8.82,3.8,14.5,0.03,9.62
144,8,10.3,4.0,16.1,0.03,10.15
144,9,11.57,4.3,16.8,0.03,10.6
144,10,12.62,4.6,17.3,0.05,11.53
144,11,13.39,5.1,18.2,0.08,11.93
144,12,13.98,5.7,19.3,0.1,12.3
144,13,14.43,5.2,20.1,0.11,12.64
144,14,14.69,5.0,20.6,0.13,12.23
144,15,14.78,5.6,20.7,0.17,12.5
144,16,14.57,5.6,20.6,0.14,13.21
144,17,14.25,6.0,20.2,0.1,13.43
144,18,13.72,5.5,19.8,0.09,12.68
144,19,12.92,5.4,18.2,0.08,10.21
144,20,11.86,5.4,17.5,0.07,8.98
144,21,11.14,5.2,16.1,0.07,9.1
144,22,10.49,4.6,14.4,0.1,9.41
144,23,9.75,4.2,12.9,0.14,9.49
145,0,9.21,3.8,12.0,0.15,10.01
145,1,8.62,3.3,11.5,0.21,9.45
145,2,8.22,3.0,11.1,0.24,9.23
145,3,7.96,3.8,10.7,0.15,8.51
145,4,7.59,3.6,10.2,0.14,8.44
145,5,7.55,3.9,10.2,0.1,8.97
145,6,7.99,4.5,10.3,0.07,8.47
145,7,8.66,4.8,11.1,0.04,8.2
145,8,9.6,5.5,12.7,0.01,8.23
145,9,10.51,6.3,14.5,0.08,8.54
145,10,11.62,7.4,16.3,0.01,9.65
145,11,12.44,8.1,17.9,0.02,10.45
145,12,13.08,8.7,19.2,0.01,11.15
145,13,13.63,9.9,20.2,0.0,11.97
145,14,13.7,9.8,20.6,0.0,12.09
145,15,14.14,9.2,21.6,0.01,12.49
145,16,14.56,9.7,21.4,0.04,12.62
145,17,14.17,9.4,20.9,0.05,12.83
145,18,13.71,8.8,20.7,0.05,12.5
145,19,13.19,8.6,19.7,0.02,12.56
145,20,12.3,8.5,18.3,0.01,10.96
145,21,11.21,8.0,16.8,0.03,10.46
145,22,10.11,6.8,15.3,0.05,10.74
145,23,9.24,6.0,13.8,0.04,11.05
146,0,8.71,6.0,12.8,0.05,11.24
146,1,8.32,5.7,11.7,0.08,11.07
146,2,7.7,5.4,10.7,0.03,11.5
146,3,7.55,5.2,11.3,0.02,11.48
146,4,7.06,4.8,10.5,0.0,11.82
146,5,7.34,5.1,10.5,0.0,11.79
146,6,7.98,5.9,10.9,0.01,11.37
146,7,8.89,5.7,12.4,0.02,11.34
146,8,9.79,6.1,12.8,0.02,11.38
146,9,10.69,6.7,14.2,0.02,12.2
146,10,11.39,6.9,15.6,0.02,13.06
146,11,12.04,7.4,16.6,0.02,13.76
146,12,12.67,7.3,17.0,0.03,13.63
146,13,13.21,8.2,17.7,0.01,13.73
146,14,13.88,8.6,18.5,0.0,14.05
146,15,14.13,8.0,19.4,0.0,14.41
146,16,14.38,8.6,19.8,0.0,14.9
146,17,14.16,8.3,19.4,0.01,14.53
146,18,14.14,8.2,19.6,0.0,12.94
146,19,13.72,7.7,19.0,0.0,11.07
146,20,13.28,7.8,18.7,0.0,9.55
146,21,12.32,6.8,17.3,0.0,9.83
146,22,11.06,5.3,16.2,0.0,10.42
146,23,9.59,3.1,14.6,0.0,9.75
147,0,8.81,3.3,12.5,0.0,9.61
147,1,8.27,1.4,12.8,0.0,10.62
147,2,7.73,0.8,12.2,0.0,10.41
147,3,7.32,0.3,12.0,0.0,10.38
147,4,6.98,0.1,12.1,0.0,9.96
147,5,6.99,0.3,11.8,0.0,9.45
147,6,7.65,1.9,12.7,0.0,8.52
147,7,8.59,4.2,14.1,0.02,8.79
147,8,9.56,4.8,15.7,0.02,8.73
147,9,10.47,5.8,16.9,0.0,9.09
147,10,11.25,7.0,17.6,0.0,9.5
147,11,11.73,7.3,18.0,0.0,10.65
147,12,11.69,8.1,18.5,0.41,12.16
147,13,11.66,7.1,19.0,0.24,11.6
147,14,11.73,6.4,19.5,0.2,11.96
147,15,12.0,7.8,19.8,0.16,12.33
147,16,12.33,7.2,20.8,0.15,11.86
147,17,12.21,6.7,20.9,0.21,10.94
147,18,11.98,6.6,20.9,0.19,10.04
147,19,11.76,6.4,20.9,0.09,9.38
147,20,11.32,6.3,19.9,0.06,8.7
147,21,10.73,6.3,18.6,0.03,8.33
147,22,9.84,6.1,16.7,0.04,8.21
147,23,8.85,4.6,15.7,0.07,7.69
148,0,8.1,3.9,15.2,0.02,8.14
148,1,7.93,4.1,14.7,0.01,8.98
148,2,7.49,3.3,14.1,0.0,9.17
148,3,7.35,3.1,13.4,0.0,9.59
148,4,7.17,2.6,14.0,0.0,10.38
148,5,7.42,3.0,14.1,0.03,10.77
148,6,8.33,3.6,15.0,0.01,10.98
148,7,9.4,4.3,16.3,0.01,11.07
148,8,10.21,5.0,17.6,0.05,11.78
148,9,10.74,5.1,18.0,0.66,12.2
148,10,11.52,5.1,18.9,0.26,12.48
148,11,12.11,5.1,19.5,0.24,13.86
148,12,12.47,4.0,19.7,0.28,13.84
148,13,12.97,3.9,20.2,0.26,14.24
148,14,12.99,3.9,20.8,0.23,14.39
148,15,13.58,4.9,21.0,0.17,15.36
148,16,13.39,5.4,21.1,0.31,15.26
148,17,13.37,6.1,20.6,0.09,14.14
148,18,13.02,6.6,20.0,0.2,13.83
148,19,12.53,7.0,19.4,0.15,12.74
148,20,12.3,7.5,18.5,0.0,11.93
148,21,11.62,7.4,17.6,0.05,11.56
148,22,10.5,5.9,16.5,0.03,11.09
148,23,9.46,4.3,15.8,0.0,11.45
149,0,8.95,3.9,15.0,0.0,12.14
149,1,8.58,3.1,14.5,0.0,12.52
149,2,8.25,3.0,13.3,0.0,11.51
149,3,8.13,3.8,12.4,0.0,11.03
149,4,7.82,3.3,12.9,0.0,10.63
149,5,7.99,2.7,13.0,0.0,10.81
149,6,8.6,2.7,13.8,0.0,10.4
149,7,9.63,3.2,15.0,0.03,10.03
149,8,10.49,4.0,16.4,0.1,10.67
149,9,11.33,4.9,17.4,0.12,10.68
149,10,12.14,6.5,18.0,0.13,10.79
149,11,12.63,6.9,18.2,0.09,11.69
149,12,13.3,7.2,18.5,0.12,12.47
149,13,13.79,7.7,19.1,0.09,13.1
149,14,14.08,8.5,19.6,0.06,13.63
149,15,13.75,7.3,19.9,0.05,12.3
149,16,13.65,7.4,20.1,0.17,12.23
149,17,13.79,7.6,20.0,0.02,11.73
149,18,13.81,7.3,20.0,0.04,11.76
149,19,13.12,7.3,19.2,0.21,12.54
149,20,12.2,6.6,18.2,0.1,12.47
149,21,11.25,5.8,16.9,0.06,9.83
149,22,10.25,4.5,15.1,0.05,9.5
149,23,9.45,3.9,13.7,0.06,9.94
150,0,8.82,2.8,13.5,0.07,10.64
150,1,8.5,1.9,14.7,0.03,9.83
150,2,8.03,0.7,14.2,0.0,10.79
150,3,7.52,-0.1,13.6,0.01,10.96
150,4,7.31,0.9,13.2,0.0,11.33
150,5,7.56,2.3,13.3,0.0,11.77
150,6,8.37,3.5,14.2,0.0,10.97
150,7,9.4,4.4,15.7,0.0,10.11
150,8,10.75,5.6,17.6,0.0,10.06
150,9,12.17,7.1,19.8,0.0,10.44
150,10,13.18,8.0,21.9,0.08,11.6
150,11,14.09,8.5,23.7,0.04,11.81
150,12,14.88,8.7,25.0,0.0,12.37
150,13,14.96,9.1,23.1,0.1,13.61
150,14,15.11,8.2,23.0,0.01,13.28
150,15,15.67,9.5,25.2,0.0,13.68
150,16,15.99,10.2,26.0,0.0,14.38
150,17,15.67,9.5,25.6,0.0,13.29
150,18,15.41,8.8,24.3,0.0,11.83
150,19,14.79,8.7,23.9,0.0,10.8
150,20,14.06,8.2,21.3,0.0,9.85
150,21,12.91,7.3,19.8,0.01,9.58
150,22,11.69,6.8,17.9,0.0,9.26
150,23,10.57,4.6,17.0,0.03,7.39
151,0,9.89,3.0,16.7,0.06,8.11
151,1,9.35,2.2,16.3,0.07,8.16
151,2,9.06,2.1,15.7,0.06,9.77
151,3,8.93,2.0,15.3,0.13,10.56
151,4,8.47,2.4,14.8,0.12,10.95
151,5,8.32,2.8,14.8,0.2,11.07
151,6,8.92,3.4,15.2,0.21,10.95
151,7,9.81,4.3,16.5,0.22,10.37
151,8,10.76,4.7,18.0,0.29,10.25
151,9,11.64,4.5,20.3,0.28,9.94
151,10,12.33,4.4,21.8,0.08,10.13
151,11,13.51,4.6,22.7,0.03,11.7
151,12,14.34,6.0,23.4,0.05,13.39
151,13,14.73,5.8,23.6,0.07,13.54
151,14,15.06,7.2,23.4,0.06,14.61
151,15,14.9,6.5,22.8,0.03,15.09
151,16,15.01,6.1,23.5,0.08,14.7
151,17,14.79,6.0,23.3,0.11,13.23
151,18,14.65,6.2,22.6,0.09,12.81
151,19,14.09,6.9,21.6,0.04,12.5
151,20,13.44,6.0,20.7,0.05,11.95
151,21,12.61,5.1,19.7,0.19,11.61
151,22,11.7,4.3,18.6,0.13,11.52
151,23,10.99,3.2,17.1,0.05,11.12
152,0,10.32,2.8,16.2,0.04,11.37
152,1,9.86,2.8,15.6,0.1,10.62
152,2,9.42,2.7,15.0,0.14,10.5
152,3,9.0,2.2,14.1,0.14,11.35
152,4,8.79,1.4,14.6,0.9,11.89
152,5,8.94,1.6,14.8,0.15,11.01
152,6,9.65,2.1,15.7,0.0,11.05
152,7,10.62,3.0,17.7,0.03,11.7
152,8,11.44,3.5,19.0,0.01,12.1
152,9,12.36,4.5,20.1,0.01,12.6
152,10,13.21,5.3,21.1,0.01,13.3
152,11,13.82,5.6,21.9,0.1,14.37
152,12,14.25,4.9,22.7,0.16,15.07
152,13,14.67,5.9,23.2,0.01,15.12
152,14,15.07,7.3,22.3,0.03,15.1
152,15,14.88,6.0,21.7,0.02,15.64
152,16,14.87,6.5,21.5,0.0,16.12
152,17,14.75,6.2,22.2,0.03,15.07
152,18,14.47,6.6,21.9,0.03,14.55
152,19,13.91,6.3,21.1,0.0,12.8
152,20,13.42,5.9,20.9,0.08,11.42
152,21,12.6,6.4,19.3,0.0,9.97
152,22,11.49,5.5,16.8,0.0,9.64
152,23,10.25,4.2,15.3,0.0,10.23
153,0,9.36,3.1,14.1,0.02,10.85
153,1,8.8,2.8,13.6,0.05,11.51
153,2,8.39,2.4,13.2,0.08,11.54
153,3,8.53,2.2,13.0,0.1,11.01
153,4,8.13,2.1,13.6,0.05,10.58
153,5,8.31,1.9,13.8,0.05,10.0
153,6,9.17,2.1,14.7,0.04,10.14
153,7,10.42,2.5,16.5,0.03,9.89
153,8,11.61,2.9,17.9,0.02,10.06
153,9,12.92,4.5,19.1,0.03,11.32
153,10,14.11,5.5,20.9,0.0,12.27
153,11,14.84,6.6,20.2,0.03,13.49
153,12,15.53,7.5,20.6,0.1,14.64
153,13,15.8,8.2,21.4,0.22,15.3
153,14,15.87,8.4,21.1,0.25,15.74
153,15,15.58,7.6,21.3,0.26,15.28
153,16,15.52,8.0,21.9,0.24,15.02
153,17,14.94,8.0,22.4,0.24,14.84
153,18,14.71,7.6,22.5,0.32,13.95
153,19,14.27,7.8,19.1,0.23,13.02
153,20,13.44,7.1,17.2,0.02,11.21
153,21,12.62,6.6,16.2,0.01,10.52
153,22,11.44,5.7,14.9,0.04,9.89
153,23,10.42,4.5,13.9,0.01,9.19
154,0,9.67,3.4,13.1,0.0,9.49
154,1,9.22,2.8,12.6,0.0,9.53
154,2,8.75,2.4,12.2,0.0,8.97
154,3,7.93,2.3,11.9,0.0,9.4
154,4,7.67,2.4,12.1,0.0,9.42
154,5,8.23,2.9,12.5,0.06,9.41
154,6,9.12,3.5,12.6,0.04,9.33
154,7,10.39,4.0,13.6,0.02,9.5
154,8,11.58,4.5,15.3,0.01,10.31
154,9,12.56,4.2,17.3,0.08,10.69
154,10,13.25,5.4,18.8,0.31,10.95
154,11,13.85,5.4,20.1,0.09,11.56
154,12,14.35,6.0,21.3,0.0,12.52
154,13,14.65,6.6,22.2,0.01,12.96
154,14,14.89,6.7,22.8,0.04,13.19
154,15,15.0,6.3,23.9,0.02,13.32
154,16,15.2,7.0,24.0,0.03,12.99
154,17,14.52,6.3,23.6,0.09,12.45
154,18,14.03,6.5,23.0,0.18,12.08
154,19,13.62,6.7,22.0,0.23,11.47
154,20,13.18,6.6,20.8,0.28,10.71
154,21,12.5,6.1,19.6,0.24,9.02
154,22,11.85,5.2,18.6,0.25,8.45
154,23,10.73,4.1,16.2,0.17,9.94
155,0,10.23,3.8,15.8,0.13,10.33
155,1,9.85,3.4,15.4,0.11,11.05
155,2,9.48,3.2,14.9,0.02,10.37
155,3,9.19,2.9,14.1,0.0,11.12
155,4,8.88,2.8,15.2,0.15,10.82
155,5,8.89,3.1,14.9,0.02,11.35
155,6,9.41,4.1,14.9,0.11,10.68
155,7,9.98,5.0,15.6,0.3,10.35
155,8,10.64,5.6,17.2,0.32,10.21
155,9,11.43,6.3,18.7,0.33,10.53
155,10,12.48,6.6,20.0,0.03,12.29
155,11,13.6,6.6,21.2,0.02,13.31
155,12,14.25,7.3,21.9,0.03,14.78
155,13,14.77,8.1,22.2,0.01,15.87
155,14,15.0,8.7,21.9,0.01,16.51
155,15,14.69,7.5,22.7,0.01,17.08
155,16,14.46,7.9,21.8,0.0,17.28
155,17,14.48,7.8,22.0,0.02,15.81
155,18,14.09,7.4,22.0,0.02,15.21
155,19,13.67,7.3,20.8,0.04,13.45
155,20,13.1,7.1,19.4,0.02,12.48
155,21,12.32,6.8,18.3,0.02,11.95
155,22,11.4,5.9,17.8,0.02,12.21
155,23,10.65,4.7,17.2,0.0,12.76
156,0,10.01,4.1,16.0,0.0,12.05
156,1,9.55,4.0,15.1,0.0,11.81
156,2,9.19,4.0,14.3,0.0,11.92
156,3,9.2,3.7,14.8,0.01,11.69
156,4,8.78,3.7,14.3,0.28,11.71
156,5,8.9,3.9,14.2,0.02,12.4
156,6,9.36,5.0,14.1,0.15,11.82
156,7,10.18,5.8,15.2,0.0,12.17
156,8,11.24,6.6,17.0,0.01,12.39
156,9,12.34,8.0,18.5,0.25,13.05
156,10,13.34,7.9,19.7,0.0,13.71
156,11,13.9,8.6,20.7,0.01,14.39
156,12,14.42,9.4,21.1,0.02,15.46
156,13,14.58,9.6,22.0,0.04,15.81
156,14,14.76,9.7,22.7,0.05,15.63
156,15,14.86,9.7,23.2,0.39,15.31
156,16,15.15,10.5,24.5,0.2,14.78
156,17,15.17,10.3,24.5,0.04,14.52
156,18,14.89,10.5,24.0,0.02,13.27
156,19,14.47,9.8,23.6,0.01,11.93
156,20,14.0,9.8,22.6,0.01,11.15
156,21,13.23,9.1,21.6,0.02,11.92
156,22,12.32,8.7,20.7,0.04,12.77
156,23,11.53,7.8,19.6,0.05,13.04
157,0,11.07,7.1,18.5,0.06,12.74
157,1,10.52,6.5,17.2,0.02,11.9
157,2,10.08,5.4,16.1,0.0,11.6
157,3,9.84,5.0,15.1,0.0,11.59
157,4,9.61,5.0,15.3,0.02,11.67
157,5,9.72,5.4,15.4,0.08,11.32
157,6,10.26,5.8,15.8,0.03,10.47
157,7,11.08,6.5,17.2,0.0,10.09
157,8,11.9,6.7,18.6,0.06,10.21
157,9,12.74,7.1,19.6,0.04,10.48
157,10,13.39,7.3,20.7,0.15,10.52
157,11,14.12,7.6,20.9,0.01,11.18
157,12,14.74,8.3,21.3,0.01,11.96
157,13,15.04,8.5,21.8,0.03,12.62
157,14,15.24,8.5,20.9,0.11,13.08
157,15,15.44,7.8,21.2,0.0,12.03
157,16,15.8,8.1,22.5,0.02,12.63
157,17,15.51,8.4,21.7,0.0,12.17
157,18,14.85,8.3,21.7,0.01,13.56
157,19,13.97,8.0,21.1,0.02,12.2
157,20,13.45,7.7,20.0,0.0,9.95
157,21,12.81,7.6,19.0,0.0,8.94
157,22,11.84,7.0,17.7,0.02,8.21
157,23,11.12,6.5,16.4,0.01,8.46
158,0,10.27,6.1,15.0,0.02,9.2
158,1,9.95,5.7,14.4,0.0,9.55
158,2,9.48,5.9,13.6,0.0,10.3
158,3,9.24,4.0,14.1,0.0,10.26
158,4,9.05,4.6,14.5,0.02,10.77
158,5,9.53,5.4,15.1,0.01,10.74
158,6,10.36,6.6,16.7,0.05,10.4
158,7,11.53,6.0,18.6,0.09,10.42
158,8,12.85,5.1,20.6,0.11,11.42
158,9,13.71,5.4,22.4,0.13,11.92
158,10,14.5,5.5,24.2,0.14,12.63
158,11,15.32,5.5,25.8,0.07,13.15
158,12,15.97,6.7,27.3,0.03,14.13
158,13,16.49,7.7,28.0,0.01,14.26
158,14,16.49,7.4,27.5,0.14,14.7
158,15,16.53,7.1,28.8,0.14,14.72
158,16,16.87,8.0,28.2,0.06,14.95
158,17,16.67,8.2,27.8,0.14,14.64
158,18,16.4,8.7,27.6,0.05,12.76
158,19,16.0,8.9,26.7,0.05,11.0
158,20,15.31,7.5,25.4,0.03,9.71
158,21,14.53,7.6,23.9,0.02,8.14
158,22,13.61,7.2,23.3,0.05,9.31
158,23,12.34,6.8,19.9,0.06,9.65
159,0,11.87,7.0,18.5,0.12,10.72
159,1,11.08,6.5,18.9,0.16,11.44
159,2,10.78,6.3,18.9,0.16,12.01
159,3,10.44,4.6,18.4,0.19,11.81
159,4,10.18,5.1,18.5,0.31,12.05
159,5,10.35,5.8,18.4,0.28,13.0
159,6,11.0,6.7,19.0,0.1,12.7
159,7,11.79,7.5,20.0,0.1,12.57
159,8,12.85,8.2,21.8,0.08,11.17
159,9,13.87,7.8,23.5,0.09,12.0
159,10,14.95,8.2,25.0,0.06,13.34
159,11,15.58,8.9,25.0,0.11,14.43
159,12,15.95,9.0,24.4,0.08,14.42
159,13,15.88,9.1,22.5,0.51,14.5
159,14,16.13,9.2,24.2,0.03,14.24
159,15,16.27,8.1,25.1,0.62,14.38
159,16,16.37,7.5,24.7,0.08,13.77
159,17,16.41,7.2,24.5,0.05,13.03
159,18,16.08,6.0,24.5,0.15,11.75
159,19,15.91,5.9,24.3,0.13,10.78
159,20,15.27,5.8,23.5,0.06,10.02
159,21,14.37,5.9,21.4,0.03,8.96
159,22,13.37,6.9,19.9,0.01,9.49
159,23,12.3,6.7,18.1,0.02,10.37
160,0,11.44,6.2,17.0,0.02,10.33
160,1,10.9,5.8,16.9,0.04,10.95
160,2,10.23,5.4,16.0,0.0,10.26
160,3,10.0,4.4,18.4,0.0,10.47
160,4,9.6,4.5,18.2,0.01,10.53
160,5,9.65,4.2,18.2,0.01,10.49
160,6,10.31,4.0,18.4,0.03,9.05
160,7,11.33,4.0,19.1,0.03,8.97
160,8,12.52,4.0,20.6,0.02,9.44
160,9,13.67,4.3,21.9,0.02,10.36
160,10,13.98,4.7,20.1,0.57,11.59
160,11,14.59,5.0,20.4,0.03,12.18
160,12,15.13,5.5,21.2,0.13,12.42
160,13,15.08,5.9,19.9,0.4,13.57
160,14,14.27,6.2,20.4,0.29,12.92
160,15,14.51,7.0,21.2,0.11,11.42
160,16,15.33,7.3,21.8,0.0,11.41
160,17,15.61,7.7,21.9,0.01,11.53
160,18,15.2,7.7,21.4,0.0,12.57
160,19,14.66,7.6,20.2,0.1,11.82
160,20,13.88,7.4,19.5,0.01,10.68
160,21,13.14,7.4,19.0,0.02,10.25
160,22,12.15,7.2,17.7,0.14,9.74
160,23,11.32,7.0,16.8,0.26,9.69
161,0,10.58,6.8,15.8,0.11,9.65
161,1,10.05,6.7,15.3,0.02,8.68
161,2,9.8,6.8,14.5,0.07,8.48
161,3,9.17,4.8,14.1,0.02,8.39
161,4,9.02,4.1,13.4,0.01,9.18
161,5,9.37,5.6,13.3,0.0,8.89
161,6,10.15,7.1,14.7,0.0,8.18
161,7,11.1,8.3,16.2,0.01,8.3
161,8,11.99,8.1,18.0,0.02,9.9
161,9,12.81,8.5,19.8,0.05,10.35
161,10,13.61,8.8,21.4,0.05,11.37
161,11,14.16,9.0,22.5,0.04,12.1
161,12,14.71,9.1,22.8,0.02,12.57
161,13,15.38,10.6,23.1,0.01,13.05
161,14,15.7,11.2,21.7,0.01,12.72
161,15,16.06,10.6,22.7,0.41,13.89
161,16,16.13,11.4,22.5,0.0,13.39
161,17,15.92,11.4,22.3,0.0,12.75
161,18,15.3,11.1,21.7,0.01,11.6
161,19,14.93,11.0,21.3,0.0,10.06
161,20,14.35,10.8,20.8,0.0,8.7
161,21,13.58,10.2,19.8,0.0,7.38
161,22,12.63,9.4,18.7,0.0,8.02
161,23,11.63,8.8,17.9,0.0,8.63
162,0,10.6,8.0,17.0,0.02,8.32
162,1,9.95,7.3,16.2,0.01,7.62
162,2,9.22,6.7,15.1,0.0,7.55
162,3,8.8,6.1,14.6,0.0,8.35
162,4,8.49,5.8,13.9,0.0,9.42
162,5,8.83,6.0,14.2,0.0,9.62
162,6,9.93,6.1,15.7,0.0,8.67
162,7,11.26,6.3,17.5,0.03,7.65
162,8,12.7,7.1,19.3,0.1,7.46
162,9,13.8,8.0,20.3,0.03,7.59
162,10,14.48,9.1,21.4,0.06,8.74
162,11,15.19,9.6,22.4,0.04,9.37
162,12,15.68,9.9,23.2,0.06,10.01
162,13,16.3,10.1,24.1,0.05,10.89
162,14,16.66,10.2,24.8,0.03,12.05
162,15,16.24,9.1,25.0,0.05,12.42
162,16,16.34,8.9,25.2,0.06,12.29
162,17,15.99,8.9,25.1,0.12,12.84
162,18,15.7,8.6,24.8,0.05,12.6
162,19,14.94,8.4,23.5,0.19,11.0
162,20,14.26,8.1,21.8,0.16,10.51
162,21,13.51,7.8,20.5,0.03,9.31
162,22,12.69,7.3,19.4,0.03,9.42
162,23,12.05,7.0,18.9,0.01,10.12
163,0,11.28,6.4,18.8,0.01,9.97
163,1,10.68,5.5,18.3,0.0,10.37
163,2,10.11,4.8,17.3,0.0,10.08
163,3,9.76,3.8,17.0,0.0,10.48
163,4,9.42,3.6,16.2,0.0,11.01
163,5,9.72,3.9,16.3,0.0,10.46
163,6,10.54,5.1,17.1,0.0,9.98
163,7,11.65,6.8,18.2,0.01,9.12
163,8,12.78,7.9,19.2,0.04,9.98
163,9,13.7,8.6,20.5,0.03,11.23
163,10,14.45,9.7,21.5,0.02,12.55
163,11,14.98,10.4,21.8,0.0,12.62
163,12,15.63,10.7,22.0,0.0,13.75
163,13,15.86,11.0,21.9,0.01,14.34
163,14,16.04,11.1,21.9,0.01,14.86
163,15,16.26,12.5,22.6,0.02,14.22
163,16,16.34,12.7,21.5,0.05,15.53
163,17,16.27,12.6,21.0,0.0,14.58
163,18,15.69,12.3,18.1,0.07,14.28
163,19,14.99,11.6,17.3,0.07,13.94
163,20,14.37,11.0,16.8,0.03,13.22
163,21,13.71,10.8,15.7,0.11,12.71
163,22,12.83,10.0,15.1,0.32,12.41
163,23,12.07,9.5,14.7,0.23,11.44
164,0,11.33,8.6,14.6,0.1,11.16
164,1,10.69,7.6,14.5,0.03,11.49
164,2,10.03,6.7,14.2,0.02,11.37
164,3,9.69,7.1,13.7,0.01,11.11
164,4,9.02,6.3,12.8,0.01,10.72
164,5,9.21,6.3,12.8,0.01,9.87
164,6,10.1,6.7,12.9,0.01,9.38
164,7,11.36,7.7,13.3,0.01,8.62
164,8,12.64,9.1,15.6,0.0,8.65
164,9,13.69,10.0,17.5,0.02,8.79
164,10,14.61,10.3,19.0,0.02,9.79
164,11,15.21,9.1,20.0,0.02,10.95
164,12,15.77,8.9,20.7,0.01,11.42
164,13,16.3,10.0,21.1,0.01,11.13
164,14,16.33,11.3,21.2,0.26,12.99
164,15,16.33,12.1,21.0,0.04,13.5
164,16,16.64,12.2,21.2,0.0,12.9
164,17,16.49,12.2,21.0,0.02,12.71
164,18,16.11,12.0,20.8,0.01,11.39
164,19,15.77,11.7,20.3,0.0,10.43
164,20,14.99,10.9,19.5,0.0,9.95
164,21,14.25,10.5,18.3,0.0,7.91
164,22,13.17,9.6,16.6,0.0,7.0
164,23,12.13,8.5,15.7,0.0,6.56
165,0,11.02,7.2,13.8,0.0,7.36
165,1,10.45,6.1,14.1,0.0,6.75
165,2,9.71,5.1,13.3,0.0,6.53
165,3,9.03,4.3,11.8,0.0,7.0
165,4,8.52,3.9,11.4,0.0,7.18
165,5,8.75,4.2,11.8,0.0,7.35
165,6,9.81,5.7,13.2,0.0,7.11
165,7,11.32,7.8,15.5,0.0,6.43
165,8,12.98,10.2,17.6,0.0,6.56
165,9,14.52,12.1,19.0,0.0,7.28
165,10,15.7,13.0,20.2,0.0,8.46
165,11,16.28,13.7,21.2,0.2,10.25
165,12,16.81,13.1,21.7,0.0,9.22
165,13,17.39,13.9,21.8,0.0,10.07
165,14,17.72,13.5,21.8,0.01,12.01
165,15,17.46,12.6,22.4,0.04,13.2
165,16,17.71,12.4,22.6,0.06,12.39
165,17,17.58,12.7,22.3,0.03,12.51
165,18,17.24,12.7,21.9,0.01,12.87
165,19,16.88,12.4,21.5,0.01,11.89
165,20,16.3,12.1,20.9,0.02,10.7
165,21,15.29,11.6,19.5,0.04,10.69
165,22,14.25,11.0,17.9,0.03,9.29
165,23,13.15,10.4,16.6,0.02,9.06
166,0,12.14,9.7,15.7,0.05,9.7
166,1,11.66,9.2,15.2,0.19,9.94
166,2,11.22,8.3,14.8,0.21,10.02
166,3,11.07,7.0,14.9,0.16,10.04
166,4,10.56,6.4,15.0,0.23,10.02
166,5,11.01,7.4,15.1,0.18,9.88
166,6,12.11,9.3,15.9,0.01,8.83
166,7,13.33,10.5,17.1,0.0,7.95
166,8,14.58,11.7,17.7,0.02,7.87
166,9,15.69,12.9,18.4,0.2,8.94
166,10,16.79,14.0,19.2,0.14,9.94
166,11,17.09,12.9,19.8,0.22,12.46
166,12,17.5,13.2,20.7,0.04,13.64
166,13,17.69,12.3,20.8,0.11,13.89
166,14,17.92,12.1,21.0,0.15,14.04
166,15,18.24,12.5,23.4,0.13,12.9
166,16,18.45,12.4,23.4,0.07,14.16
166,17,18.4,12.4,22.9,0.03,12.1
166,18,18.06,12.7,22.0,0.01,10.12
166,19,17.34,13.1,20.7,0.16,9.8
166,20,16.73,13.0,19.4,0.26,9.92
166,21,16.0,12.8,18.6,0.03,9.99
166,22,15.02,12.2,17.4,0.02,10.33
166,23,13.84,11.6,15.9,0.03,11.13
167,0,12.82,10.8,14.9,0.1,11.24
167,1,12.14,9.8,14.2,0.12,10.4
167,2,11.7,9.2,14.4,0.11,11.7
167,3,11.15,8.8,13.8,0.19,11.72
167,4,10.74,8.1,12.9,0.17,12.71
167,5,10.86,7.8,13.0,0.23,11.74
167,6,11.65,7.5,13.6,0.19,10.87
167,7,12.75,7.4,14.9,0.22,10.04
167,8,13.89,7.4,17.1,0.25,10.47
167,9,15.06,7.4,19.2,0.16,10.8
167,10,15.96,7.5,20.8,0.15,11.03
167,11,16.73,7.9,21.8,0.11,11.1
167,12,17.24,8.0,22.5,0.11,11.87
167,13,17.44,8.4,23.1,0.14,12.09
167,14,17.58,8.3,23.5,0.17,12.4
167,15,17.72,8.9,23.5,0.18,12.59
167,16,17.8,8.9,23.7,0.16,13.16
167,17,17.65,9.1,23.4,0.1,13.06
167,18,17.23,9.0,22.9,0.13,12.77
167,19,16.92,9.6,22.2,0.08,12.97
167,20,16.48,9.9,21.2,0.03,12.03
167,21,15.68,9.4,19.6,0.02,11.05
167,22,14.63,9.2,17.8,0.09,11.3
167,23,13.7,8.9,16.4,0.12,10.98
168,0,12.85,8.6,15.7,0.07,10.9
168,1,12.18,8.3,15.0,0.14,10.77
168,2,11.56,7.9,14.1,0.12,11.05
168,3,11.36,7.7,14.1,0.1,11.19
168,4,11.16,7.4,14.1,0.15,10.32
168,5,11.28,8.1,14.1,0.16,10.83
168,6,12.1,8.5,14.4,0.11,10.39
168,7,13.1,8.7,15.5,0.12,9.29
168,8,14.09,9.5,17.2,0.13,9.35
168,9,15.14,10.8,18.8,0.07,9.72
168,10,16.17,11.9,20.3,0.06,9.93
168,11,17.14,13.5,21.7,0.05,10.95
168,12,17.78,14.3,22.9,0.08,11.69
168,13,18.12,14.6,23.6,0.09,11.56
168,14,18.68,14.9,24.3,0.08,11.57
168,15,19.13,14.8,24.1,0.03,12.36
168,16,19.32,14.5,24.6,0.01,12.19
168,17,19.25,14.2,24.7,0.02,11.26
168,18,19.27,14.8,24.6,0.02,10.91
168,19,18.92,14.8,24.2,0.05,11.0
168,20,17.99,14.3,23.3,0.02,9.4
168,21,16.96,13.7,21.8,0.15,8.92
168,22,16.02,12.7,20.3,0.05,9.61
168,23,15.08,11.4,19.2,0.02,10.47
169,0,14.33,10.7,18.5,0.0,10.71
169,1,13.72,9.5,17.9,0.09,10.15
169,2,13.31,9.2,17.1,0.0,10.39
169,3,13.43,9.9,17.1,0.0,10.15
169,4,13.0,7.8,16.7,0.02,10.31
169,5,13.23,7.9,16.7,0.1,10.98
169,6,13.77,9.1,16.8,0.51,11.1
169,7,14.69,11.0,17.8,0.59,11.32
169,8,15.6,12.6,18.5,0.4,11.87
169,9,16.2,12.2,19.0,0.31,12.01
169,10,16.89,11.8,19.9,0.17,12.32
169,11,17.59,11.8,21.6,0.11,13.01
169,12,17.58,12.9,22.8,0.6,13.86
169,13,17.49,14.7,23.6,0.88,14.35
169,14,17.57,15.2,24.1,0.92,14.1
169,15,18.43,15.6,24.0,1.26,14.98
169,16,18.19,15.0,24.4,0.3,14.22
169,17,18.01,14.7,24.6,0.51,13.88
169,18,17.36,14.4,24.6,0.16,14.69
169,19,16.85,14.1,24.2,0.23,13.69
169,20,16.11,12.8,23.3,0.33,13.58
169,21,15.34,12.4,21.4,0.19,13.89
169,22,14.7,12.0,19.5,0.07,13.21
169,23,14.03,12.2,18.1,0.03,12.78
170,0,13.69,11.8,17.4,0.06,12.51
170,1,13.36,11.4,16.0,0.16,12.85
170,2,12.95,11.2,15.7,0.1,12.3
170,3,12.55,10.9,15.7,0.1,12.37
170,4,12.28,10.1,15.6,0.06,11.15
170,5,12.56,10.5,15.5,0.02,10.88
170,6,13.14,10.5,16.0,0.03,10.45
170,7,13.87,10.7,17.4,0.0,10.84
170,8,14.64,11.4,19.1,0.05,11.67
170,9,15.21,11.4,20.5,0.13,12.81
170,10,15.56,11.0,21.5,0.15,12.39
170,11,16.2,11.3,22.6,0.24,12.95
170,12,16.66,11.4,23.5,0.13,13.35
170,13,17.11,11.8,24.0,0.14,13.68
170,14,17.35,12.7,24.1,0.14,14.27
170,15,16.95,13.4,24.9,0.2,14.2
170,16,16.91,12.9,25.1,0.19,14.76
170,17,16.65,11.7,24.9,0.12,14.23
170,18,16.33,11.2,24.2,0.05,13.82
170,19,16.04,11.0,23.1,0.02,12.79
170,20,15.56,10.9,21.8,0.01,11.04
170,21,14.85,10.9,20.4,0.01,10.21
170,22,13.91,10.4,18.9,0.0,9.67
170,23,12.92,10.1,17.7,0.0,9.17
171,0,12.14,9.5,16.5,0.06,9.31
171,1,11.74,10.0,15.3,0.1,9.0
171,2,11.45,8.8,14.6,0.11,9.31
171,3,11.09,7.5,13.9,0.2,10.64
171,4,10.87,7.1,13.8,0.09,11.07
171,5,11.17,7.4,14.3,0.22,11.08
171,6,11.91,8.8,15.7,0.16,10.68
171,7,12.92,9.2,17.8,0.04,10.82
171,8,13.98,9.7,20.2,0.01,10.78
171,9,14.97,10.5,22.1,0.02,10.72
171,10,15.62,11.2,23.5,0.0,10.99
171,11,16.34,11.6,24.6,0.1,12.65
171,12,16.85,12.1,25.6,0.05,13.09
171,13,17.24,12.5,26.0,0.07,13.22
171,14,17.37,13.6,25.9,0.07,14.18
171,15,17.02,13.8,24.8,0.09,14.64
171,16,17.07,13.3,25.0,0.0,14.69
171,17,16.98,13.2,25.1,0.01,14.72
171,18,16.63,13.4,25.2,0.08,14.35
171,19,16.0,12.4,23.8,0.06,13.38
171,20,15.56,12.2,23.4,0.03,11.91
171,21,15.06,11.7,22.5,0.0,10.89
171,22,14.33,11.1,21.0,0.0,10.41
171,23,13.52,10.3,19.4,0.0,10.15
172,0,12.84,9.9,18.2,0.0,10.28
172,1,12.22,8.8,17.5,0.03,10.59
172,2,11.76,8.0,16.7,0.0,10.52
172,3,11.52,8.3,16.9,0.02,11.13
172,4,10.97,6.8,16.4,0.03,10.81
172,5,11.25,7.2,16.6,0.04,10.68
172,6,11.96,7.0,17.4,0.15,10.33
172,7,12.92,7.1,18.3,0.16,10.42
172,8,13.89,7.4,19.6,0.11,9.95
172,9,15.16,8.3,21.2,0.03,10.35
172,10,16.24,8.7,22.0,0.03,11.33
172,11,17.15,8.9,22.9,0.03,12.8
172,12,17.89,9.3,25.4,0.04,13.39
172,13,18.17,9.1,26.6,0.16,12.87
172,14,18.05,8.5,24.1,0.41,12.61
172,15,17.84,9.1,23.1,0.31,12.49
172,16,18.46,9.9,25.4,0.08,12.73
172,17,18.05,10.1,22.9,0.02,13.09
172,18,17.72,10.0,22.4,0.05,11.3
172,19,17.24,10.0,21.5,0.01,10.89
172,20,16.69,9.7,21.0,0.05,9.36
172,21,16.0,9.5,20.3,0.01,8.04
172,22,15.1,9.0,18.7,0.0,8.32
172,23,14.47,8.2,18.9,0.0,8.38
173,0,13.64,7.4,17.3,0.0,9.02
173,1,13.27,6.6,17.1,0.0,9.4
173,2,12.78,6.0,16.2,0.0,9.96
173,3,11.81,5.8,15.5,0.0,9.57
173,4,11.49,5.6,15.3,0.01,9.66
173,5,11.73,5.8,15.5,0.02,9.31
173,6,12.41,6.1,16.7,0.02,8.99
173,7,13.39,6.7,18.4,0.01,8.88
173,8,14.33,7.5,20.1,0.03,9.1
173,9,15.24,7.8,21.4,0.2,9.41
173,10,15.7,7.8,22.6,0.63,11.28
173,11,16.57,8.3,23.9,0.21,12.35
173,12,17.02,8.8,25.0,0.27,12.89
173,13,17.24,9.5,25.9,0.44,13.61
173,14,17.08,9.7,25.1,0.34,14.29
173,15,17.31,10.0,23.7,0.08,14.94
173,16,17.52,10.4,23.3,0.58,13.37
173,17,16.95,10.3,22.7,0.48,14.85
173,18,16.61,10.2,22.6,0.14,14.32
173,19,16.08,10.5,21.8,0.12,13.51
173,20,15.53,10.0,21.1,0.14,13.23
173,21,14.72,9.4,20.4,0.07,12.6
173,22,14.01,9.0,19.3,0.05,12.02
173,23,13.17,8.3,18.2,0.06,11.97
174,0,12.55,7.9,18.2,0.21,12.02
174,1,12.12,7.7,18.0,0.23,12.01
174,2,11.62,7.1,17.3,0.53,11.84
174,3,11.46,7.8,16.1,0.37,10.67
174,4,11.07,7.5,15.9,0.16,10.88
174,5,11.16,7.7,15.8,0.12,10.43
174,6,11.82,7.9,15.8,0.15,10.47
174,7,12.71,8.2,16.8,0.22,9.74
174,8,13.62,8.5,18.1,0.32,10.17
174,9,14.56,9.1,19.5,0.18,10.74
174,10,15.38,9.6,20.6,0.06,11.15
174,11,16.17,10.4,21.7,0.14,11.96
174,12,16.48,11.4,22.1,0.18,12.63
174,13,16.91,12.3,22.7,0.16,13.76
174,14,17.16,12.5,23.5,0.19,14.44
174,15,16.44,11.3,22.7,0.19,13.14
174,16,16.47,10.4,22.5,0.27,13.39
174,17,16.39,10.8,21.8,0.08,12.7
174,18,16.15,10.8,21.2,0.15,12.08
174,19,15.87,10.6,20.5,0.29,11.69
174,20,15.28,10.2,19.8,0.42,11.59
174,21,14.67,10.0,19.3,0.4,10.64
174,22,14.01,9.6,17.8,0.5,10.01
174,23,13.49,9.5,16.2,0.56,9.67
175,0,13.2,9.4,17.1,0.27,9.46
175,1,12.9,9.4,16.1,0.18,10.48
175,2,12.51,9.2,15.7,0.17,9.93
175,3,12.38,8.5,15.7,0.11,9.56
175,4,11.98,8.5,15.4,0.16,9.12
175,5,12.18,8.1,15.3,0.14,8.96
175,6,12.62,8.6,16.1,0.13,9.03
175,7,13.05,8.8,16.9,0.09,8.29
175,8,13.61,9.2,17.8,0.1,8.39
175,9,14.41,9.6,18.6,0.12,9.53
175,10,14.83,10.3,19.6,0.13,10.2
175,11,15.46,10.6,20.4,0.05,10.77
175,12,16.04,11.7,21.1,0.03,11.47
175,13,16.63,12.4,21.6,0.02,11.49
175,14,17.28,13.3,22.2,0.03,10.92
175,15,17.45,14.3,22.5,0.02,10.73
175,16,17.65,14.5,22.5,0.02,11.1
175,17,17.71,14.7,22.3,0.07,10.68
175,18,17.6,14.6,22.3,0.19,10.45
175,19,17.35,14.2,21.9,0.03,9.63
175,20,16.85,13.7,21.0,0.0,9.14
175,21,16.21,13.3,19.9,0.0,8.93
175,22,15.23,12.6,18.7,0.0,8.53
175,23,14.29,11.4,17.5,0.0,8.41
176,0,13.5,10.2,16.6,0.0,7.92
176,1,13.0,9.4,16.2,0.0,8.38
176,2,12.6,8.8,15.8,0.0,8.43
176,3,11.96,7.4,14.7,0.0,8.52
176,4,11.9,7.5,15.0,0.01,8.94
176,5,12.29,8.5,15.5,0.02,9.41
176,6,13.11,10.5,16.7,0.05,8.68
176,7,14.22,10.3,18.2,0.03,8.27
176,8,15.49,10.1,19.7,0.05,8.91
176,9,16.61,9.8,21.2,0.09,9.69
176,10,17.48,9.3,22.4,0.14,10.19
176,11,18.29,9.0,23.5,0.14,10.53
176,12,18.65,9.4,24.7,0.08,11.1
176,13,19.01,9.7,25.2,0.09,11.79
176,14,19.1,10.2,25.4,0.14,11.31
176,15,19.15,10.2,25.9,0.15,10.55
176,16,19.11,9.0,26.2,0.09,10.18
176,17,19.25,8.3,26.3,0.09,9.41
176,18,19.21,8.3,26.8,0.08,9.95
176,19,18.73,8.3,25.7,0.1,10.25
176,20,17.97,8.1,23.1,0.13,9.58
176,21,16.92,8.1,21.8,0.17,9.24
176,22,15.63,8.1,20.6,0.09,8.88
176,23,14.63,8.1,19.2,0.05,7.67
177,0,13.91,8.2,17.9,0.02,7.34
177,1,13.46,7.8,17.2,0.0,6.98
177,2,13.04,7.5,16.7,0.0,6.92
177,3,12.78,7.3,16.5,0.0,8.33
177,4,12.53,7.0,16.0,0.04,7.96
177,5,12.71,7.3,16.4,0.04,7.81
177,6,13.55,8.2,17.4,0.05,7.31
177,7,14.72,9.8,18.7,0.05,6.47
177,8,15.99,11.0,19.8,0.03,7.25
177,9,16.95,11.4,21.0,0.02,7.83
177,10,17.76,12.5,22.2,0.08,8.74
177,11,18.4,13.1,22.7,0.09,9.45
177,12,18.63,11.6,23.1,0.21,10.03
177,13,18.95,11.6,23.2,0.16,10.33
177,14,19.05,13.0,23.5,0.08,12.23
177,15,18.79,12.0,24.2,0.11,11.98
177,16,19.3,13.7,24.7,0.02,12.1
177,17,19.17,14.2,24.5,0.05,11.4
177,18,18.71,14.0,24.0,0.04,10.93
177,19,18.08,13.1,23.6,0.0,10.02
177,20,17.57,12.6,22.6,0.02,8.73
177,21,17.07,12.3,21.9,0.01,7.84
177,22,16.32,11.5,20.8,0.0,7.35
177,23,15.32,10.4,19.4,0.0,7.87
178,0,14.33,9.0,18.3,0.0,7.79
178,1,13.91,8.6,17.4,0.0,8.62
178,2,13.59,8.8,16.9,0.0,8.73
178,3,13.13,7.9,17.6,0.0,9.18
178,4,12.79,8.0,16.2,0.0,9.83
178,5,13.08,8.6,15.8,0.0,8.87
178,6,13.91,10.0,16.5,0.0,8.77
178,7,14.89,11.2,17.9,0.0,8.83
178,8,15.76,12.4,19.6,0.0,9.39
178,9,16.56,12.7,21.5,0.02,9.62
178,10,17.52,13.0,23.3,0.0,9.44
178,11,18.34,14.0,24.7,0.01,9.48
178,12,18.97,14.5,25.7,0.01,10.36
178,13,19.43,14.9,26.7,0.01,10.88
178,14,19.57,15.1,27.5,0.02,11.65
178,15,19.28,13.6,27.4,0.01,12.33
178,16,19.61,14.2,26.9,0.06,12.47
178,17,19.5,14.4,26.8,0.07,11.77
178,18,19.36,13.7,27.0,0.0,11.56
178,19,18.97,13.3,26.8,0.0,11.51
178,20,18.44,13.1,26.2,0.0,10.17
178,21,17.69,12.6,25.0,0.01,9.91
178,22,16.58,12.0,23.6,0.04,10.15
178,23,15.57,11.2,22.3,0.09,10.25
179,0,14.73,10.8,21.1,0.08,10.41
179,1,14.05,10.7,20.5,0.07,10.95
179,2,13.47,10.6,19.5,0.05,11.37
179,3,13.17,10.1,19.6,0.05,12.09
179,4,12.74,9.6,19.0,0.04,11.56
179,5,13.01,10.0,18.9,0.03,11.36
179,6,13.72,10.5,19.1,0.04,10.57
179,7,14.62,11.1,19.3,0.04,10.85
179,8,15.62,11.7,19.9,0.07,11.18
179,9,16.34,11.7,21.9,0.08,11.07
179,10,17.02,11.4,23.8,0.23,11.22
179,11,17.51,10.8,25.5,0.33,11.45
179,12,17.87,10.5,26.1,0.3,11.55
179,13,18.03,10.4,26.6,0.4,11.92
179,14,18.58,10.7,26.3,0.18,11.59
179,15,18.35,11.5,25.1,0.09,11.39
179,16,18.4,11.7,25.1,0.15,10.57
179,17,18.31,11.7,24.8,0.1,10.46
179,18,18.37,12.0,24.8,0.2,9.2
179,19,18.09,12.0,24.6,0.22,8.69
179,20,17.65,11.9,24.0,0.06,8.9
179,21,17.05,11.7,23.2,0.03,8.99
179,22,16.21,11.0,22.2,0.04,8.16
179,23,15.47,10.6,21.4,0.14,8.6
180,0,14.54,10.0,20.7,0.16,9.08
180,1,13.96,9.5,20.3,0.1,9.17
180,2,13.49,9.3,20.0,0.18,9.05
180,3,13.36,9.1,20.0,0.1,10.33
180,4,12.96,8.3,20.5,0.19,10.63
180,5,13.31,8.9,20.7,0.09,10.6
180,6,14.04,9.4,21.3,0.08,9.91
180,7,14.89,10.2,22.4,0.08,9.28
180,8,15.85,11.6,23.6,0.08,10.12
180,9,16.87,11.5,24.6,0.14,11.03
180,10,17.69,11.6,25.4,0.18,12.14
180,11,18.28,11.5,25.1,0.16,12.49
180,12,18.4,11.8,25.4,0.31,12.25
180,13,18.72,12.4,26.5,0.41,12.03
180,14,18.72,13.1,27.3,0.66,12.13
180,15,18.87,13.5,27.3,0.1,11.55
180,16,19.38,14.5,27.7,0.03,12.64
180,17,19.23,13.6,27.8,0.07,12.68
180,18,18.87,13.1,27.6,0.1,11.93
180,19,18.49,12.9,27.1,0.08,11.26
180,20,18.06,12.7,26.3,0.01,10.48
180,21,17.51,12.4,25.0,0.01,10.59
180,22,16.71,12.0,23.6,0.0,10.82
180,23,15.78,11.6,21.9,0.01,10.37
181,0,14.92,11.4,20.6,0.01,10.49
181,1,14.28,10.8,19.7,0.06,8.69
181,2,13.81,10.0,18.8,0.08,10.97
181,3,13.13,9.0,17.7,0.12,10.66
181,4,12.7,8.6,16.8,0.04,11.3
181,5,12.75,8.7,16.9,0.02,10.65
181,6,13.28,9.3,17.8,0.01,9.91
181,7,14.01,9.9,19.1,0.19,9.29
181,8,14.89,10.6,20.7,0.01,9.84
181,9,15.89,11.6,22.6,0.04,10.31
181,10,16.81,12.6,24.6,0.04,10.47
181,11,17.47,12.8,26.1,0.03,10.55
181,12,18.06,13.4,27.2,0.06,11.26
181,13,18.63,13.3,28.1,0.06,10.81
181,14,18.88,13.4,29.0,0.04,10.86
181,15,18.78,13.3,29.4,0.01,10.74
181,16,18.81,13.5,29.7,0.12,10.43
181,17,18.83,13.7,29.7,0.23,9.37
181,18,18.33,13.6,29.5,0.71,8.55
181,19,18.16,13.3,28.9,0.2,9.08
181,20,17.52,13.0,27.9,0.13,10.14
181,21,16.94,12.5,26.1,0.08,8.22
181,22,16.21,11.5,26.7,0.17,9.27
181,23,15.14,11.0,23.0,0.24,9.77
182,0,14.29,11.1,21.1,0.34,10.41
182,1,13.66,10.0,19.8,0.31,11.35
182,2,13.09,9.1,18.2,0.3,11.47
182,3,12.57,9.4,18.1,0.48,10.67
182,4,12.05,8.5,16.6,0.26,10.42
182,5,12.16,8.5,17.0,0.3,11.1
182,6,12.76,9.3,18.1,0.3,10.56
182,7,13.52,10.6,19.9,0.24,10.47
182,8,14.46,11.3,22.1,0.19,10.13
182,9,15.5,12.2,24.2,0.16,10.12
182,10,16.68,13.6,26.0,0.12,10.32
182,11,17.51,14.1,27.2,0.22,10.48
182,12,18.05,14.1,28.2,0.09,10.2
182,13,18.64,15.2,29.0,0.12,10.61
182,14,18.8,13.6,29.8,0.16,11.15
182,15,18.63,13.9,29.6,0.07,12.19
182,16,18.85,13.8,29.8,0.03,12.21
182,17,19.03,14.6,29.9,0.09,11.36
182,18,19.06,15.0,29.7,0.04,10.92
182,19,18.81,14.8,29.2,0.15,10.46
182,20,18.22,14.9,27.7,0.07,9.58
182,21,17.45,14.7,26.2,0.04,8.66
182,22,16.53,13.7,24.9,0.07,7.98
182,23,15.52,13.2,23.6,0.04,8.65
183,0,14.61,11.8,22.0,0.0,8.79
183,1,14.13,11.6,21.0,0.01,9.26
183,2,13.73,10.8,20.5,0.03,9.34
183,3,13.2,9.8,20.4,0.02,10.23
183,4,12.61,9.1,18.9,0.02,10.1
183,5,12.85,9.2,19.2,0.03,10.71
183,6,13.52,10.3,20.1,0.04,10.87
183,7,14.29,10.0,20.5,0.13,10.51
183,8,15.16,10.0,21.4,0.02,11.43
183,9,15.8,10.1,21.1,0.03,12.93
183,10,16.41,10.2,21.4,0.09,13.39
183,11,17.4,10.5,23.1,0.01,13.92
183,12,18.12,11.1,24.8,0.02,14.16
183,13,18.47,11.3,26.4,0.02,14.19
183,14,18.79,11.7,27.1,0.02,14.47
183,15,18.89,11.8,28.0,0.03,15.17
183,16,19.18,12.2,28.2,0.0,14.4
183,17,19.24,12.2,27.4,0.0,13.76
183,18,18.63,12.3,22.8,0.63,12.98
183,19,18.24,12.0,22.6,0.04,12.09
183,20,18.01,11.8,22.5,0.0,11.25
183,21,17.39,11.6,22.8,0.0,10.16
183,22,16.34,11.2,21.4,0.07,10.41
183,23,15.42,10.5,20.7,0.03,10.98
184,0,14.75,10.0,20.5,0.03,11.11
184,1,14.24,9.9,20.2,0.0,11.82
184,2,13.82,9.2,19.9,0.0,11.52
184,3,13.85,9.7,19.5,0.0,11.31
184,4,13.32,9.0,19.0,0.01,10.97
184,5,13.24,9.0,18.9,0.18,11.01
184,6,13.78,10.1,19.1,0.33,10.53
184,7,14.78,10.6,19.6,0.09,9.86
184,8,15.67,11.1,20.5,0.19,10.27
184,9,16.43,11.0,21.2,0.09,11.4
184,10,17.19,11.5,22.4,0.07,12.53
184,11,18.04,12.9,23.9,0.1,12.27
184,12,18.62,14.4,25.1,0.18,12.1
184,13,19.1,15.4,26.0,0.15,12.67
184,14,19.18,13.4,26.6,0.16,12.99
184,15,19.1,14.0,27.6,0.11,13.57
184,16,19.09,15.0,27.9,0.13,12.84
184,17,18.6,14.7,27.5,0.05,12.47
184,18,18.21,14.5,26.4,0.23,12.57
184,19,17.68,14.0,26.0,0.02,11.44
184,20,17.11,13.7,25.3,0.03,10.85
184,21,16.52,13.3,24.1,0.02,10.14
184,22,15.79,12.6,22.8,0.08,9.64
184,23,15.1,12.1,21.6,0.09,9.71
185,0,14.52,11.9,20.6,0.15,9.9
185,1,13.97,11.4,19.6,0.25,10.32
185,2,13.46,11.4,18.7,0.42,10.14
185,3,13.08,9.6,18.7,0.52,11.27
185,4,12.77,9.9,17.8,0.41,10.77
185,5,13.11,10.8,18.0,0.42,10.07
185,6,13.62,10.9,18.9,0.38,10.33
185,7,14.28,10.4,20.5,0.26,10.27
185,8,15.05,10.2,22.1,0.23,10.53
185,9,15.77,9.5,23.6,0.18,10.4
185,10,16.33,9.3,25.1,0.23,10.05
185,11,16.94,9.0,26.5,0.19,10.42
185,12,17.35,9.2,27.6,0.48,11.93
185,13,17.43,9.1,28.0,0.13,11.47
185,14,17.82,8.6,27.5,0.18,11.63
185,15,17.31,8.3,27.1,0.23,11.31
185,16,17.62,9.1,27.1,0.46,10.65
185,17,17.83,9.8,27.3,0.12,11.08
185,18,17.04,10.4,27.1,0.59,10.82
185,19,16.89,11.2,26.6,0.28,9.07
185,20,16.51,11.1,25.8,0.25,9.57
185,21,15.87,10.9,25.0,0.12,8.07
185,22,15.25,10.1,23.7,0.15,7.53
185,23,14.57,9.3,22.4,0.16,8.37
186,0,13.88,8.9,21.3,0.2,9.3
186,1,13.5,8.4,20.6,0.12,8.66
186,2,13.18,8.0,20.0,0.32,9.41
186,3,12.79,7.4,19.1,0.25,9.41
186,4,12.43,7.1,17.9,0.09,10.64
186,5,12.44,7.7,17.7,0.14,10.23
186,6,12.98,8.3,18.8,0.07,9.74
186,7,13.83,9.3,20.6,0.19,8.75
186,8,14.8,10.8,22.3,0.28,8.06
186,9,15.75,12.1,23.9,0.32,8.14
186,10,16.4,12.8,25.3,0.15,8.22
186,11,16.65,13.1,26.6,0.51,9.33
186,12,17.22,12.9,27.7,0.5,10.03
186,13,17.19,13.1,28.5,0.7,10.23
186,14,17.33,13.5,29.4,0.26,12.75
186,15,16.93,11.5,29.4,0.14,13.23
186,16,17.22,12.0,29.7,0.12,13.14
186,17,17.29,12.7,29.9,0.1,11.8
186,18,17.02,11.8,27.9,0.2,12.28
186,19,16.61,10.9,26.7,0.57,11.71
186,20,16.24,10.2,26.1,0.11,10.6
186,21,15.79,10.0,24.9,0.03,9.79
186,22,15.04,9.7,23.6,0.03,9.17
186,23,14.32,9.5,22.2,0.06,10.68
187,0,13.6,9.2,21.4,0.08,11.67
187,1,13.17,9.0,21.0,0.18,11.28
187,2,13.02,8.8,21.1,0.05,11.78
187,3,12.64,8.7,20.1,0.26,11.86
187,4,12.17,7.7,19.3,0.38,11.53
187,5,12.42,7.9,19.3,0.39,11.49
187,6,12.92,8.4,20.1,0.18,10.93
187,7,13.52,8.5,21.3,0.35,11.47
187,8,14.04,8.6,22.3,0.38,11.21
187,9,14.74,8.5,23.2,0.17,11.56
187,10,15.47,8.5,24.3,0.04,11.23
187,11,16.45,8.7,25.8,0.02,10.53
187,12,17.19,9.0,26.7,0.02,10.72
187,13,17.66,9.4,27.6,0.04,10.66
187,14,18.06,9.2,27.9,0.02,10.83
187,15,17.77,8.8,27.4,0.32,10.82
187,16,17.8,9.1,27.2,0.42,11.48
187,17,17.55,9.2,26.1,0.14,11.91
187,18,17.28,9.3,26.1,0.12,10.49
187,19,17.19,9.3,26.7,0.06,10.44
187,20,16.8,9.6,26.1,0.01,9.13
187,21,15.94,10.1,24.1,0.28,8.1
187,22,15.25,9.6,23.1,0.03,8.63
187,23,14.51,9.3,22.3,0.05,9.02
188,0,13.85,8.4,21.2,0.0,9.16
188,1,13.45,8.2,20.9,0.01,9.66
188,2,12.95,7.7,20.5,0.0,10.42
188,3,12.6,7.1,20.2,0.0,10.59
188,4,12.32,6.5,19.5,0.0,10.33
188,5,12.65,6.5,19.6,0.0,10.11
188,6,13.33,7.1,20.2,0.0,9.31
188,7,14.23,8.1,21.3,0.0,8.87
188,8,15.17,9.5,22.2,0.06,8.52
188,9,16.13,10.8,23.2,0.1,8.93
188,10,16.88,11.9,24.1,0.36,9.36
188,11,17.19,12.7,23.7,0.59,9.71
188,12,17.5,13.6,23.6,0.47,10.33
188,13,17.4,13.5,22.5,0.55,11.44
188,14,17.56,13.0,23.3,0.44,11.64
188,15,17.01,12.8,23.0,0.58,12.66
188,16,17.52,12.1,23.2,0.48,12.05
188,17,17.39,11.5,22.9,0.79,11.26
188,18,17.32,11.1,23.1,0.41,12.31
188,19,17.05,11.9,23.0,0.43,11.42
188,20,16.33,12.0,22.6,0.27,10.35
188,21,15.8,12.0,22.3,0.23,9.87
188,22,15.19,12.0,21.8,0.23,9.68
188,23,14.47,10.7,20.9,0.19,10.19
189,0,13.8,9.7,19.9,0.03,9.92
189,1,13.43,9.1,19.4,0.01,9.4
189,2,13.26,8.6,19.7,0.0,10.8
189,3,12.83,6.4,19.4,0.01,10.02
189,4,12.4,6.1,18.8,0.02,10.09
189,5,12.57,6.6,18.8,0.01,10.99
189,6,13.03,8.0,18.8,0.04,10.83
189,7,13.83,10.0,19.4,0.06,10.26
189,8,14.6,10.4,19.1,0.09,10.44
189,9,15.56,11.7,19.6,0.05,11.94
189,10,16.27,12.5,20.3,0.05,12.58
189,11,17.32,13.9,22.0,0.03,12.59
189,12,18.03,14.7,22.5,0.03,13.73
189,13,18.46,15.8,23.2,0.05,15.14
189,14,18.65,15.7,23.3,0.31,15.48
189,15,17.72,14.5,22.7,0.05,14.71
189,16,17.86,14.4,22.6,0.05,15.0
189,17,17.81,15.0,22.4,0.03,14.05
189,18,17.77,15.0,21.8,0.08,13.96
189,19,17.74,14.9,21.4,0.01,13.13
189,20,17.03,14.4,20.4,0.26,12.85
189,21,16.22,13.8,19.8,0.16,11.41
189,22,15.37,12.9,19.1,0.0,11.11
189,23,14.42,11.2,18.5,0.01,11.19
190,0,13.66,10.0,17.9,0.0,10.3
190,1,12.87,9.2,17.4,0.0,10.21
190,2,12.5,8.5,17.0,0.0,9.6
190,3,12.26,7.4,17.4,0.0,10.46
190,4,11.67,6.9,17.3,0.0,9.87
190,5,11.8,7.2,17.9,0.01,9.78
190,6,12.62,8.4,19.1,0.0,8.71
190,7,13.71,10.0,20.4,0.0,8.04
190,8,14.88,11.6,21.5,0.0,8.51
190,9,15.92,12.8,22.1,0.0,8.53
190,10,16.64,14.0,22.2,0.07,8.51
190,11,17.43,14.7,22.5,0.02,8.95
190,12,18.04,14.7,22.8,0.03,9.98
190,13,18.52,15.1,22.9,0.03,10.37
190,14,18.68,15.8,22.9,0.1,10.92
190,15,18.26,13.3,22.5,0.39,10.57
190,16,18.39,13.1,22.1,0.21,9.58
190,17,18.26,13.1,22.0,0.11,9.78
190,18,18.31,13.9,21.8,0.01,8.78
190,19,18.06,14.0,21.4,0.0,7.96
190,20,17.66,13.9,21.0,0.01,7.57
190,21,16.92,13.2,20.5,0.01,7.39
190,22,15.88,12.9,19.7,0.02,7.44
190,23,14.97,11.5,18.6,0.09,7.65
191,0,14.21,10.7,17.8,0.04,7.39
191,1,13.63,9.9,16.5,0.02,7.8
191,2,13.18,10.0,16.1,0.09,7.83
191,3,12.75,10.0,15.1,0.11,7.8
191,4,12.22,9.0,14.4,0.04,7.78
191,5,12.29,9.1,14.7,0.08,8.31
191,6,12.95,9.9,15.9,0.05,8.5
191,7,14.07,11.3,17.8,0.02,7.73
191,8,15.44,11.9,19.8,0.09,7.38
191,9,16.82,12.5,21.7,0.04,7.15
191,10,17.84,13.1,23.3,0.07,7.76
191,11,18.57,14.0,24.4,0.03,7.86
191,12,19.08,14.8,25.3,0.02,8.03
191,13,19.54,14.7,25.7,0.06,8.4
191,14,19.88,14.6,26.2,0.03,9.07
191,15,19.85,12.0,26.6,0.23,9.26
191,16,19.99,13.2,26.6,0.03,9.09
191,17,19.7,12.6,25.9,0.12,8.84
191,18,19.28,11.8,25.6,0.05,8.63
191,19,18.81,12.1,25.4,0.04,7.99
191,20,18.25,11.7,24.9,0.15,7.55
191,21,17.62,11.8,23.8,0.01,5.99
191,22,16.72,11.3,22.7,0.02,6.75
191,23,15.89,11.2,21.9,0.02,7.0
192,0,15.04,10.9,21.3,0.0,7.34
192,1,14.46,11.0,20.5,0.0,8.18
192,2,13.98,10.6,19.6,0.02,8.2
192,3,13.69,10.7,20.2,0.0,9.66
192,4,13.03,9.7,19.9,0.03,9.36
192,5,13.32,9.4,19.8,0.01,9.1
192,6,13.96,9.6,20.4,0.0,8.66
192,7,14.91,10.2,21.9,0.0,7.62
192,8,16.02,11.3,23.2,0.01,7.53
192,9,17.31,12.3,24.8,0.01,7.7
192,10,18.58,12.6,25.9,0.0,7.46
192,11,19.55,13.4,27.4,0.04,7.32
192,12,20.44,14.3,28.1,0.01,7.99
192,13,21.12,14.7,27.3,0.13,8.34
192,14,21.34,15.4,26.2,0.0,8.96
192,15,21.35,15.2,25.8,0.08,8.41
192,16,21.57,15.3,27.6,0.02,9.37
192,17,20.74,15.9,26.1,0.38,9.55
192,18,20.3,15.4,25.8,0.07,8.17
192,19,19.71,15.2,25.3,0.08,8.89
192,20,19.11,14.9,23.9,0.08,8.64
192,21,18.41,14.2,22.3,0.05,8.48
192,22,17.36,13.2,20.4,0.15,9.76
192,23,16.27,12.2,19.5,0.08,9.89
193,0,15.47,11.5,18.8,0.12,8.68
193,1,14.82,11.2,18.2,0.16,7.97
193,2,14.37,9.4,17.7,0.15,9.19
193,3,13.81,7.4,17.7,0.22,8.78
193,4,13.34,7.0,17.3,0.14,8.59
193,5,13.5,7.4,17.4,0.1,8.91
193,6,14.22,8.8,18.0,0.2,8.79
193,7,15.39,10.6,18.8,0.18,7.98
193,8,16.62,11.8,19.6,0.04,8.11
193,9,17.84,13.1,20.5,0.03,8.6
193,10,18.75,13.7,21.8,0.03,8.81
193,11,19.54,14.3,23.1,0.03,9.19
193,12,20.1,14.8,24.0,0.01,9.51
193,13,20.52,15.3,24.5,0.02,9.57
193,14,20.77,14.9,24.9,0.05,9.97
193,15,20.79,15.6,25.4,0.04,8.89
193,16,21.1,16.4,25.8,0.06,8.51
193,17,21.19,16.7,26.2,0.03,9.03
193,18,20.87,15.6,25.6,0.15,9.43
193,19,20.3,15.0,24.3,0.03,8.85
193,20,19.75,15.2,23.4,0.04,8.31
193,21,18.92,14.6,22.1,0.02,7.4
193,22,17.84,13.9,20.6,0.03,7.25
193,23,16.84,12.2,19.9,0.02,7.66
194,0,16.07,11.1,18.9,0.0,7.55
194,1,15.5,10.3,17.9,0.01,7.15
194,2,14.89,9.9,17.8,0.08,7.82
194,3,14.94,10.8,17.1,0.18,8.29
194,4,14.37,10.0,16.7,0.15,7.58
194,5,14.58,10.1,17.0,0.12,7.75
194,6,14.96,10.2,17.6,0.02,8.38
194,7,15.8,10.3,18.7,0.02,8.99
194,8,16.7,11.2,20.0,0.02,8.88
194,9,17.84,12.2,21.1,0.0,9.0
194,10,18.86,12.9,22.9,0.03,9.18
194,11,19.59,13.6,24.1,0.05,8.79
194,12,20.06,14.5,24.9,0.13,8.2
194,13,20.19,14.8,25.7,0.29,8.34
194,14,20.48,15.4,26.3,0.48,8.73
194,15,20.13,13.9,26.7,0.31,7.03
194,16,20.39,14.2,27.6,0.06,6.42
194,17,20.3,14.3,27.7,0.16,6.7
194,18,19.88,14.2,27.2,0.04,6.34
194,19,19.68,14.2,26.5,0.01,6.08
194,20,19.09,13.9,25.6,0.02,5.29
194,21,18.26,13.2,24.6,0.04,6.05
194,22,17.29,12.2,23.4,0.03,6.49
194,23,16.33,11.1,21.8,0.15,6.31
195,0,15.65,10.5,19.8,0.01,6.66
195,1,15.15,9.6,19.2,0.12,6.95
195,2,14.83,9.0,18.5,0.22,7.51
195,3,14.28,9.6,17.6,0.08,7.47
195,4,13.75,8.9,16.7,0.06,6.29
195,5,13.87,8.7,17.4,0.07,6.34
195,6,14.39,9.2,18.7,0.11,5.61
195,7,15.33,10.0,19.7,0.2,5.28
195,8,16.27,11.1,20.9,0.25,6.15
195,9,17.19,12.0,22.2,0.41,7.63
195,10,17.96,12.8,23.8,0.25,7.82
195,11,18.6,12.7,25.0,0.27,8.63
195,12,19.18,12.3,25.9,0.06,9.37
195,13,19.73,12.5,26.6,0.13,10.08
195,14,19.91,13.7,27.1,0.07,9.75
195,15,20.15,15.2,27.3,0.19,10.19
195,16,20.24,15.9,28.1,0.11,10.4
195,17,19.95,15.2,27.8,0.09,11.15
195,18,19.7,14.3,27.2,0.03,10.25
195,19,19.29,14.1,26.6,0.03,9.46
195,20,18.63,14.0,25.9,0.17,8.35
195,21,17.93,13.7,24.7,0.1,7.09
195,22,17.09,13.2,23.3,0.0,6.68
195,23,16.18,12.2,22.0,0.0,6.78
196,0,15.69,11.7,20.9,0.0,6.99
196,1,15.02,11.0,19.9,0.0,7.7
196,2,14.47,10.5,19.1,0.0,7.74
196,3,13.75,9.5,18.2,0.0,7.48
196,4,13.23,9.2,17.0,0.04,8.01
196,5,13.42,9.5,17.3,0.06,8.08
196,6,14.06,10.2,18.2,0.05,7.74
196,7,15.14,10.2,19.7,0.03,6.49
196,8,16.33,10.4,21.3,0.02,7.07
196,9,17.36,10.9,22.5,0.01,7.62
196,10,17.92,11.5,23.6,0.03,7.74
196,11,18.74,12.6,24.6,0.05,8.0
196,12,19.5,13.2,25.3,0.04,8.17
196,13,20.03,13.8,25.8,0.04,8.77
196,14,20.46,14.6,26.2,0.03,9.08
196,15,20.76,15.1,26.6,0.02,9.58
196,16,20.46,15.0,26.4,0.1,9.41
196,17,20.32,14.6,26.5,0.2,8.67
196,18,20.03,13.6,26.0,0.27,8.3
196,19,19.42,13.7,24.8,0.19,8.53
196,20,18.93,13.6,24.2,0.14,8.03
196,21,18.33,13.3,23.3,0.02,7.97
196,22,17.38,12.6,21.2,0.0,8.44
196,23,16.56,11.5,21.7,0.0,8.82
197,0,16.18,11.5,21.5,0.01,10.29
197,1,15.68,10.6,20.0,0.03,10.47
197,2,15.2,10.0,19.1,0.08,10.24
197,3,14.71,10.4,18.6,0.05,10.83
197,4,14.14,9.9,17.5,0.01,10.71
197,5,13.96,10.0,17.1,0.05,10.35
197,6,14.44,10.7,17.9,0.04,9.93
197,7,15.36,11.6,19.6,0.04,8.62
197,8,16.55,12.8,21.1,0.03,8.71
197,9,17.66,14.2,21.9,0.03,8.69
197,10,18.56,15.4,22.6,0.07,8.96
197,11,19.3,16.3,23.3,0.06,9.49
197,12,19.71,16.5,23.7,0.07,9.51
197,13,19.69,15.3,24.0,0.88,10.07
197,14,20.16,16.6,24.1,0.02,10.66
197,15,20.0,15.4,24.1,0.03,12.17
197,16,20.36,16.2,24.6,0.01,12.02
197,17,20.49,16.3,24.5,0.02,11.51
197,18,20.4,16.7,24.8,0.02,11.71
197,19,20.08,16.6,24.0,0.02,10.76
197,20,19.56,16.0,23.4,0.01,9.95
197,21,18.69,15.2,22.4,0.06,9.11
197,22,17.65,14.1,21.7,0.07,8.4
197,23,16.54,13.0,20.3,0.08,8.15
198,0,15.65,12.1,18.9,0.01,8.8
198,1,15.2,11.4,19.8,0.01,10.19
198,2,14.52,10.6,18.2,0.01,10.1
198,3,14.11,10.0,17.2,0.0,9.37
198,4,13.56,9.5,15.7,0.0,9.91
198,5,13.38,9.5,15.6,0.0,9.84
198,6,14.01,10.5,16.4,0.0,9.69
198,7,15.15,11.8,18.0,0.02,8.95
198,8,16.55,13.4,20.3,0.01,9.28
198,9,17.8,14.2,22.6,0.03,9.29
198,10,18.74,14.6,24.8,0.05,9.55
198,11,19.75,15.1,26.8,0.08,9.5
198,12,20.47,14.8,28.4,0.13,10.05
198,13,20.92,15.4,29.6,0.31,10.09
198,14,21.09,15.0,30.3,0.51,9.83
198,15,20.43,15.3,30.7,0.72,10.34
198,16,20.88,15.2,30.8,0.22,10.38
198,17,21.1,15.1,30.9,0.18,10.06
198,18,20.57,15.0,30.8,0.97,9.67
198,19,19.74,14.9,30.3,0.86,9.13
198,20,19.21,14.9,28.7,0.02,8.22
198,21,18.56,14.4,27.1,0.0,8.67
198,22,17.59,13.2,25.9,0.01,8.08
198,23,16.68,12.2,24.3,0.03,8.97
199,0,15.97,11.4,23.1,0.06,7.94
199,1,15.41,10.7,22.2,0.04,8.29
199,2,14.96,10.2,21.4,0.01,9.32
199,3,14.74,9.3,22.6,0.02,10.01
199,4,14.15,8.9,21.0,0.13,10.06
199,5,14.25,9.0,20.9,0.12,10.17
199,6,14.76,10.1,21.4,0.14,10.48
199,7,15.48,11.9,22.4,0.33,10.57
199,8,16.25,12.3,23.6,0.37,10.95
199,9,17.12,12.2,24.8,0.24,11.39
199,10,17.91,12.6,26.1,0.62,11.24
199,11,18.79,12.6,27.4,0.8,11.28
199,12,18.98,12.7,28.3,0.5,13.07
199,13,19.05,13.4,29.0,0.47,12.88
199,14,19.36,13.3,29.4,0.12,13.1
199,15,19.16,12.5,29.3,0.17,12.79
199,16,19.59,13.1,29.5,0.07,11.15
199,17,19.47,13.0,29.5,0.08,12.41
199,18,19.01,12.8,29.3,0.32,12.39
199,19,18.6,12.1,28.8,0.1,11.44
199,20,17.92,11.2,27.7,0.09,10.29
199,21,17.19,10.7,26.5,0.16,9.82
199,22,16.37,10.4,25.0,0.1,9.91
199,23,15.58,10.5,23.0,0.5,9.41
200,0,15.12,10.7,21.9,0.1,9.86
200,1,14.62,10.7,21.1,0.03,8.96
200,2,14.19,10.6,20.5,0.03,8.59
200,3,13.99,10.3,20.8,0.03,8.76
200,4,13.57,10.1,19.2,0.08,9.3
200,5,13.62,9.9,18.9,0.03,9.23
200,6,14.16,10.5,19.4,0.0,9.27
200,7,14.92,11.1,20.6,0.19,9.28
200,8,15.75,11.8,21.9,0.13,10.06
200,9,16.67,12.6,23.3,0.09,10.49
200,10,17.44,12.4,24.6,0.17,10.6
200,11,18.21,13.8,26.1,0.26,11.0
200,12,18.87,15.2,27.3,0.1,11.22
200,13,19.13,13.8,28.4,0.35,11.15
200,14,19.48,15.0,29.4,0.07,11.09
200,15,19.01,13.7,29.8,0.51,11.62
200,16,19.59,13.8,30.1,0.22,12.2
200,17,19.76,14.2,29.8,0.02,11.65
200,18,19.65,14.2,29.4,0.01,11.57
200,19,19.22,14.0,28.8,0.05,10.79
200,20,18.75,13.6,27.7,0.0,9.7
200,21,18.0,13.2,26.2,0.0,9.22
200,22,17.07,12.4,24.9,0.0,9.3
200,23,16.28,12.0,23.4,0.0,9.29
201,0,15.58,11.5,22.0,0.04,8.64
201,1,15.05,11.1,21.4,0.05,8.39
201,2,14.5,10.6,20.9,0.01,8.42
201,3,14.32,10.7,20.9,0.03,8.67
201,4,13.58,10.6,19.4,0.15,8.19
201,5,13.77,11.0,19.2,0.17,8.28
201,6,14.37,11.3,19.8,0.1,8.24
201,7,15.41,11.6,21.0,0.02,7.69
201,8,16.52,12.3,22.4,0.03,7.87
201,9,17.68,13.0,24.0,0.03,8.22
201,10,18.73,14.0,25.6,0.04,8.31
201,11,19.46,14.1,27.0,0.03,8.61
201,12,20.22,14.5,28.2,0.02,9.46
201,13,20.68,14.8,29.0,0.01,11.1
201,14,21.03,14.8,29.5,0.01,11.63
201,15,20.98,14.4,29.5,0.04,11.49
201,16,21.35,13.6,29.7,0.06,11.18
201,17,21.23,13.4,29.5,0.04,10.49
201,18,20.82,13.5,29.2,0.45,9.25
201,19,20.37,12.9,28.8,0.06,10.07
201,20,19.59,11.1,27.9,0.08,8.91
201,21,18.87,12.2,26.5,0.01,7.39
201,22,17.87,12.0,25.1,0.0,7.79
201,23,16.92,11.6,23.8,0.07,8.74
202,0,16.08,11.2,23.3,0.27,8.27
202,1,15.59,11.4,22.7,0.05,8.95
202,2,15.06,11.1,22.0,0.0,8.63
202,3,14.56,10.1,22.3,0.0,9.76
202,4,13.73,9.1,21.2,0.01,9.24
202,5,13.64,8.6,21.0,0.03,9.29
202,6,14.37,10.9,21.3,0.04,9.5
202,7,15.31,11.5,21.9,0.05,8.64
202,8,16.49,12.5,22.7,0.05,8.55
202,9,17.65,13.3,23.1,0.03,9.52
202,10,18.65,13.9,22.8,0.03,9.37
202,11,19.57,14.3,24.1,0.09,9.6
202,12,20.32,14.3,25.4,0.08,9.25
202,13,20.64,14.1,26.3,0.38,9.56
202,14,21.07,14.6,27.0,0.21,10.47
202,15,21.2,14.7,27.4,0.03,9.93
202,16,21.56,14.2,27.8,0.04,9.66
202,17,21.39,14.0,27.7,0.45,9.62
202,18,21.15,13.6,27.3,0.07,8.78
202,19,21.05,13.9,26.9,0.03,9.25
202,20,20.42,14.6,25.7,0.27,8.63
202,21,19.62,14.7,24.5,0.14,8.87
202,22,18.74,13.9,23.0,0.14,8.41
202,23,17.45,12.7,21.1,0.12,8.75
203,0,16.69,11.8,20.3,0.17,9.25
203,1,16.2,11.5,19.4,0.11,9.22
203,2,15.77,11.3,18.9,0.06,9.35
203,3,15.28,10.8,18.6,0.03,9.06
203,4,14.67,10.3,18.7,0.24,10.09
203,5,14.64,10.2,18.7,0.11,9.93
203,6,15.12,11.0,19.6,0.15,9.95
203,7,15.92,11.8,19.9,0.07,9.55
203,8,16.96,12.7,20.3,0.03,8.88
203,9,18.03,13.7,21.5,0.04,8.42
203,10,19.15,13.8,23.4,0.06,8.27
203,11,19.94,13.8,24.9,0.08,8.52
203,12,20.36,13.9,25.9,0.27,9.33
203,13,20.33,14.1,26.5,0.72,9.42
203,14,20.44,14.5,26.8,0.15,9.68
203,15,20.8,14.1,27.0,0.08,9.46
203,16,21.01,14.7,27.4,0.18,10.12
203,17,20.89,15.0,27.2,0.32,9.86
203,18,20.85,15.2,27.0,0.25,9.53
203,19,20.44,14.9,26.0,0.21,8.93
203,20,19.71,14.4,24.6,0.2,8.31
203,21,18.98,14.3,23.5,0.1,7.9
203,22,18.32,14.6,22.2,0.06,8.18
203,23,17.42,14.0,20.4,0.18,8.59
204,0,16.73,13.4,19.6,0.03,8.64
204,1,16.27,12.3,19.0,0.05,9.05
204,2,15.83,11.5,18.7,0.02,9.19
204,3,15.58,10.9,18.4,0.01,10.42
204,4,14.66,10.4,17.7,0.04,9.94
204,5,14.52,10.7,17.7,0.06,10.0
204,6,14.89,11.3,17.9,0.03,10.12
204,7,15.72,11.9,18.5,0.01,9.37
204,8,16.76,12.6,20.3,0.01,9.15
204,9,17.76,13.0,21.8,0.0,8.39
204,10,18.81,13.2,23.4,0.01,8.17
204,11,19.58,13.3,24.7,0.02,7.89
204,12,20.33,14.0,25.6,0.07,8.79
204,13,20.75,14.3,26.2,0.09,10.02
204,14,20.79,13.9,26.3,0.15,10.58
204,15,20.77,14.1,26.3,0.13,10.08
204,16,20.71,13.7,26.9,0.1,9.95
204,17,20.46,13.8,26.8,0.08,9.3
204,18,20.27,14.0,26.7,0.18,8.48
204,19,19.92,14.1,26.2,0.18,8.26
204,20,19.29,14.1,24.8,0.09,8.92
204,21,18.52,13.7,23.2,0.01,9.19
204,22,17.73,13.1,21.9,0.0,8.77
204,23,17.0,12.8,20.9,0.0,9.02
205,0,16.56,12.2,21.0,0.0,9.05
205,1,16.04,11.5,21.2,0.0,9.14
205,2,15.6,11.0,20.7,0.0,9.26
205,3,15.09,10.3,19.7,0.0,9.16
205,4,14.04,9.3,17.3,0.0,9.0
205,5,14.13,10.1,17.1,0.0,8.77
205,6,14.69,11.0,17.6,0.0,8.68
205,7,15.92,12.4,19.1,0.0,7.93
205,8,17.2,13.6,20.8,0.01,7.76
205,9,18.46,14.2,22.6,0.01,8.3
205,10,19.49,14.8,24.2,0.03,8.81
205,11,20.18,15.2,25.4,0.01,9.25
205,12,20.76,15.4,26.2,0.04,9.39
205,13,21.23,15.2,27.0,0.02,9.73
205,14,21.36,15.2,27.2,0.05,10.4
205,15,21.17,14.0,27.7,0.0,9.66
205,16,21.47,14.7,28.2,0.01,9.5
205,17,21.36,14.7,27.5,0.1,10.03
205,18,21.09,15.4,27.3,0.0,9.96
205,19,20.65,15.1,26.8,0.0,9.68
205,20,20.02,14.4,26.5,0.06,9.14
205,21,19.11,13.9,24.8,0.0,8.37
205,22,18.22,13.5,24.1,0.0,7.91
205,23,17.33,12.7,22.7,0.0,7.88
206,0,16.66,12.0,21.8,0.0,7.81
206,1,16.14,11.9,20.9,0.0,7.92
206,2,15.82,11.8,20.2,0.0,8.3
206,3,15.36,11.6,19.0,0.0,8.6
206,4,14.82,11.7,18.8,0.0,8.24
206,5,14.71,11.6,18.3,0.01,8.29
206,6,15.16,11.9,18.5,0.02,8.43
206,7,16.19,12.0,19.9,0.06,8.16
206,8,17.49,12.0,21.7,0.04,7.99
206,9,18.85,13.1,23.7,0.03,8.39
206,10,19.94,13.6,25.4,0.18,9.01
206,11,20.86,14.3,26.7,0.09,9.31
206,12,21.52,14.2,27.8,0.17,10.67
206,13,22.01,14.3,28.0,0.1,11.53
206,14,22.4,14.3,28.1,0.08,11.63
206,15,22.76,15.1,28.5,0.05,11.27
206,16,23.03,15.7,28.3,0.05,10.94
206,17,22.75,13.9,28.0,0.18,10.2
206,18,22.59,13.9,27.8,0.14,8.96
206,19,22.05,13.9,27.2,0.1,8.8
206,20,21.3,13.8,26.1,0.16,7.86
206,21,20.33,13.6,24.9,0.11,8.82
206,22,19.15,13.5,23.4,0.08,8.54
206,23,18.39,13.4,22.6,0.1,7.22
207,0,17.72,13.2,22.1,0.15,8.24
207,1,17.28,13.2,21.7,0.23,8.89
207,2,17.01,12.5,21.4,0.3,8.7
207,3,16.71,12.1,21.0,0.21,9.31
207,4,15.98,11.7,19.8,0.33,9.07
207,5,15.81,11.6,19.5,0.38,8.42
207,6,16.26,12.1,20.0,0.08,8.21
207,7,17.2,13.2,21.1,0.04,7.38
207,8,18.29,13.8,22.0,0.09,7.08
207,9,19.51,14.5,23.3,0.08,6.93
207,10,20.71,15.6,24.4,0.01,7.0
207,11,21.81,16.5,25.7,0.03,7.85
207,12,22.85,17.0,26.7,0.01,8.73
207,13,23.09,17.1,27.2,0.03,9.21
207,14,22.56,17.3,27.7,0.37,9.39
207,15,22.31,16.9,27.9,0.05,9.83
207,16,22.47,18.0,27.8,0.11,9.75
207,17,22.31,18.5,27.7,0.15,9.59
207,18,22.14,18.3,27.3,0.03,9.5
207,19,21.71,18.2,26.8,0.2,8.72
207,20,21.23,17.7,25.9,0.07,7.5
207,21,20.36,16.8,24.8,0.06,7.46
207,22,19.27,15.4,23.3,0.27,7.6
207,23,18.39,14.4,21.6,0.25,8.04
208,0,17.89,13.8,21.0,0.23,9.17
208,1,17.52,13.2,21.1,0.03,8.81
208,2,16.88,12.8,20.3,0.01,8.15
208,3,16.51,12.4,19.0,0.0,8.2
208,4,15.58,11.5,18.7,0.0,8.72
208,5,15.47,11.6,18.6,0.0,9.14
208,6,15.98,12.4,19.4,0.04,9.04
208,7,16.97,13.9,20.7,0.13,8.53
208,8,18.21,15.5,22.1,0.02,8.07
208,9,19.4,16.9,23.4,0.37,8.11
208,10,20.2,16.2,24.5,0.73,8.98
208,11,21.01,17.7,25.4,0.19,8.75
208,12,21.84,17.6,26.2,0.06,8.22
208,13,22.51,19.3,27.1,0.02,8.02
208,14,23.11,19.6,27.7,0.0,7.46
208,15,23.42,19.7,28.0,0.01,8.3
208,16,23.43,19.9,28.1,0.06,8.68
208,17,22.96,18.7,27.9,0.12,8.62
208,18,22.52,17.3,27.1,0.03,9.21
208,19,22.09,16.9,26.2,0.01,8.18
208,20,21.55,16.9,25.3,0.01,7.25
208,21,20.57,16.2,23.9,0.0,7.06
208,22,19.58,15.5,22.4,0.0,7.82
208,23,18.57,15.1,21.3,0.0,7.39
209,0,17.85,15.0,20.6,0.02,7.65
209,1,17.26,13.8,20.5,0.12,8.52
209,2,17.07,14.0,21.2,0.12,9.47
209,3,16.89,14.4,21.3,0.1,10.19
209,4,16.01,13.2,19.2,0.0,10.29
209,5,15.67,13.1,18.2,0.0,10.02
209,6,15.96,13.6,18.9,0.0,9.32
209,7,16.53,14.0,19.1,0.0,9.6
209,8,17.34,14.1,20.0,0.01,9.2
209,9,18.39,14.5,21.7,0.0,8.96
209,10,19.41,15.1,23.6,0.01,9.4
209,11,20.42,15.5,25.0,0.01,9.21
209,12,20.86,15.4,25.5,0.28,9.74
209,13,21.56,15.5,26.2,0.01,9.66
209,14,22.14,15.7,26.6,0.01,9.83
209,15,22.31,15.9,26.8,0.0,11.17
209,16,21.84,16.0,26.7,0.07,10.51
209,17,21.23,16.2,26.3,0.54,9.99
209,18,20.84,16.0,26.0,0.32,8.09
209,19,20.55,15.7,25.4,0.08,8.52
209,20,19.9,15.2,24.1,0.04,8.23
209,21,18.92,14.7,22.5,0.12,8.37
209,22,18.0,14.3,20.8,0.1,7.93
209,23,17.32,13.7,20.1,0.07,8.66
210,0,16.74,13.3,19.6,0.07,8.32
210,1,16.37,12.3,19.4,0.2,8.67
210,2,16.08,12.3,19.1,0.32,9.32
210,3,15.82,10.8,19.0,0.36,9.96
210,4,15.16,10.1,18.5,0.29,10.46
210,5,15.07,10.4,18.7,0.39,10.52
210,6,15.42,11.4,19.1,0.16,10.63
210,7,16.15,11.8,19.8,0.07,10.86
210,8,17.1,12.3,20.9,0.04,10.63
210,9,17.88,12.1,22.2,0.01,10.19
210,10,18.82,12.5,23.6,0.03,10.32
210,11,19.69,13.1,24.9,0.0,10.86
210,12,20.03,13.0,26.1,0.07,11.31
210,13,20.7,12.4,27.0,0.05,11.5
210,14,20.31,12.0,27.7,0.3,12.7
210,15,20.21,12.3,28.2,0.91,12.42
210,16,19.86,12.4,28.4,0.25,11.68
210,17,19.72,12.1,28.3,0.3,11.81
210,18,19.66,12.6,27.9,0.28,11.32
210,19,19.05,12.4,27.1,0.28,10.03
210,20,18.71,12.3,26.0,0.06,9.48
210,21,18.22,12.0,24.5,0.03,9.06
210,22,17.63,11.7,23.9,0.02,9.84
210,23,16.93,11.0,23.1,0.03,10.38
211,0,16.31,10.1,22.5,0.03,10.76
211,1,15.73,9.2,22.2,0.14,11.14
211,2,15.25,8.7,21.9,0.17,11.21
211,3,15.08,8.1,21.4,0.04,11.52
211,4,14.72,8.1,21.4,0.01,12.18
211,5,14.59,8.4,21.0,0.11,11.98
211,6,15.01,8.7,21.2,0.02,11.63
211,7,15.72,9.4,21.7,0.01,11.52
211,8,16.7,10.2,22.7,0.01,11.86
211,9,17.53,10.4,23.9,0.01,12.68
211,10,18.35,10.6,25.0,0.01,12.45
211,11,18.98,11.0,26.2,0.03,12.5
211,12,19.5,11.7,27.2,0.1,12.41
211,13,19.58,12.3,28.4,0.19,12.99
211,14,19.71,12.5,29.3,0.42,13.4
211,15,19.03,11.6,30.0,0.47,11.82
211,16,18.91,12.4,30.4,0.36,10.96
211,17,19.06,13.3,30.3,0.33,11.36
211,18,19.01,13.2,30.1,0.46,11.35
211,19,18.76,13.2,29.5,0.36,10.5
211,20,18.26,13.3,28.3,0.22,9.97
211,21,17.71,12.9,27.0,0.13,9.48
211,22,16.93,11.9,25.5,0.09,9.18
211,23,16.22,10.9,24.2,0.01,9.08
212,0,15.72,10.1,23.2,0.01,8.43
212,1,15.18,9.4,22.3,0.04,9.08
212,2,14.88,8.7,21.8,0.03,8.67
212,3,14.49,7.8,21.8,0.01,9.28
212,4,13.87,7.2,20.3,0.01,9.28
212,5,13.68,7.1,20.0,0.0,9.42
212,6,14.1,7.6,20.6,0.0,9.14
212,7,14.9,8.2,21.6,0.0,9.42
212,8,15.88,8.7,23.0,0.01,8.81
212,9,16.96,9.6,24.4,0.06,9.09
212,10,17.92,10.6,25.9,0.14,8.62
212,11,18.92,11.4,27.6,0.21,8.54
212,12,19.63,12.6,28.9,0.27,8.4
212,13,20.33,13.7,29.6,0.02,8.84
212,14,20.8,14.1,30.1,0.02,9.1
212,15,20.35,11.7,30.3,0.06,8.35
212,16,20.85,12.1,31.2,0.08,8.22
212,17,20.85,12.4,30.6,0.1,8.26
212,18,20.39,12.8,30.2,0.23,8.33
212,19,19.89,12.8,29.9,0.02,9.01
212,20,18.98,12.9,28.8,0.14,6.56
212,21,18.29,12.6,27.1,0.06,6.9
212,22,17.52,12.2,25.6,0.04,7.86
212,23,16.71,11.7,24.1,0.29,7.73
213,0,16.14,11.0,23.2,0.43,7.67
213,1,15.6,10.2,22.1,0.14,8.64
213,2,14.89,9.0,21.2,0.29,8.05
213,3,14.37,8.8,20.5,0.26,8.53
213,4,13.82,8.5,19.1,0.07,8.58
213,5,13.66,8.2,19.1,0.42,8.49
213,6,14.17,9.5,19.8,0.03,7.92
213,7,15.07,11.3,21.0,0.09,7.61
213,8,16.25,13.2,22.2,0.11,7.38
213,9,17.43,15.1,23.5,0.15,8.34
213,10,18.72,15.6,25.0,0.05,10.04
213,11,19.75,15.7,25.7,0.07,10.28
213,12,20.29,16.2,25.8,0.04,10.56
213,13,20.4,16.7,26.3,0.13,10.81
213,14,20.82,16.9,26.8,0.12,11.88
213,15,20.64,16.6,27.0,0.09,11.56
213,16,20.98,16.4,27.7,0.05,11.05
213,17,20.84,16.5,27.8,0.06,10.35
213,18,20.3,16.1,27.1,0.12,9.15
213,19,19.86,16.5,26.4,0.15,7.44
213,20,19.2,16.2,25.6,0.24,7.36
213,21,18.29,14.9,24.5,0.06,7.61
213,22,17.48,13.4,23.6,0.06,7.43
213,23,16.79,11.6,23.1,0.14,7.08
214,0,16.22,10.9,22.4,0.31,7.43
214,1,15.8,10.4,21.6,0.14,7.41
214,2,15.46,9.6,21.3,0.05,8.09
214,3,15.1,10.3,20.3,0.01,9.36
214,4,14.7,10.2,20.2,0.01,9.17
214,5,14.52,10.0,19.9,0.01,9.15
214,6,14.9,10.8,20.2,0.0,9.88
214,7,15.59,10.9,21.4,0.01,9.41
214,8,16.35,10.9,22.8,0.02,9.48
214,9,17.16,11.3,23.4,0.06,9.29
214,10,18.27,12.3,24.7,0.01,10.2
214,11,19.01,12.9,25.7,0.04,10.32
214,12,19.74,13.5,26.8,0.1,11.1
214,13,20.02,13.7,27.7,0.09,11.12
214,14,20.11,13.7,27.8,0.76,11.24
214,15,19.63,12.0,28.0,1.08,9.68
214,16,19.89,12.2,28.4,0.08,10.12
214,17,19.69,12.4,28.8,0.24,10.07
214,18,18.48,12.3,25.9,0.37,10.78
214,19,17.92,12.1,24.9,0.1,10.11
214,20,17.56,12.0,24.6,0.31,9.65
214,21,17.03,11.3,23.8,0.04,8.94
214,22,16.35,10.8,22.7,0.13,9.34
214,23,15.7,10.4,21.5,0.15,10.4
215,0,15.14,9.6,20.8,0.14,9.84
215,1,14.67,9.2,20.4,0.12,9.12
215,2,14.3,8.9,19.8,0.07,9.96
215,3,14.02,8.5,19.9,0.13,10.21
215,4,13.54,8.1,19.4,0.03,11.02
215,5,13.35,8.1,19.1,0.13,10.87
215,6,13.65,8.3,19.2,0.06,10.69
215,7,14.23,8.8,19.7,0.04,11.05
215,8,14.84,9.7,19.6,0.22,11.47
215,9,15.41,10.6,19.8,0.2,12.45
215,10,15.99,10.8,21.1,0.23,12.13
215,11,16.56,11.1,21.9,0.16,12.6
215,12,17.43,11.3,22.6,0.15,12.42
215,13,17.98,12.5,22.9,0.32,12.66
215,14,18.4,12.6,23.2,0.13,12.62
215,15,18.29,11.7,23.1,0.21,11.82
215,16,18.29,11.3,22.9,0.38,11.95
215,17,18.26,11.1,22.9,0.27,11.3
215,18,18.14,10.8,22.3,0.44,11.83
215,19,17.96,11.0,21.8,0.04,11.14
215,20,17.51,11.2,21.3,0.18,10.0
215,21,16.95,10.9,20.4,0.08,9.21
215,22,16.14,10.5,19.2,0.02,9.79
215,23,15.54,10.0,18.2,0.17,9.79
216,0,15.15,9.6,18.2,0.16,9.66
216,1,14.87,9.2,18.4,0.07,10.64
216,2,14.62,9.2,18.5,0.09,9.72
216,3,14.41,8.3,17.9,0.1,10.98
216,4,13.8,7.9,17.4,0.08,11.72
216,5,13.63,7.8,17.3,0.05,12.1
216,6,13.83,7.9,17.4,0.15,12.34
216,7,14.48,8.6,18.0,0.06,12.26
216,8,15.42,9.7,18.7,0.01,12.43
216,9,16.26,10.7,19.5,0.15,12.71
216,10,17.12,11.5,21.3,0.11,12.67
216,11,17.92,13.0,22.6,0.09,12.61
216,12,18.63,14.3,23.6,0.24,13.26
216,13,18.88,14.7,24.4,0.99,14.21
216,14,19.28,14.9,25.2,0.05,15.47
216,15,19.33,14.4,25.7,0.06,15.36
216,16,19.52,14.9,26.2,0.12,15.83
216,17,19.45,15.4,26.3,0.12,15.08
216,18,19.24,15.0,25.3,0.07,14.4
216,19,18.6,15.0,23.6,0.04,12.77
216,20,18.11,14.9,23.1,0.05,11.62
216,21,17.43,14.6,22.5,0.02,10.99
216,22,16.69,14.4,22.1,0.03,10.85
216,23,16.1,13.8,21.8,0.03,10.92
217,0,15.43,11.7,21.2,0.05,10.49
217,1,15.01,10.3,20.7,0.13,10.86
217,2,14.53,9.2,20.1,0.03,11.54
217,3,14.36,8.9,19.5,0.06,11.5
217,4,13.69,8.0,18.1,0.07,11.23
217,5,13.44,7.2,17.8,0.19,11.56
217,6,13.61,7.3,18.1,0.03,11.5
217,7,14.37,7.9,19.0,0.02,11.07
217,8,15.48,8.7,20.2,0.03,10.7
217,9,16.58,9.8,21.3,0.03,11.09
217,10,17.78,11.1,22.9,0.03,11.54
217,11,18.43,12.2,24.0,0.02,11.94
217,12,19.08,13.2,24.9,0.53,13.8
217,13,19.48,14.1,25.3,0.01,13.13
217,14,19.69,14.9,24.4,0.34,13.71
217,15,19.03,15.2,23.2,0.68,13.12
217,16,18.99,15.4,22.7,0.24,12.12
217,17,18.77,15.2,22.3,0.17,11.69
217,18,18.58,15.5,21.9,0.19,11.66
217,19,18.03,14.5,21.3,0.09,10.7
217,20,17.18,13.3,20.4,0.89,10.77
217,21,16.34,11.9,19.2,0.53,8.8
217,22,15.45,10.2,17.7,0.13,8.46
217,23,14.87,9.3,17.3,0.25,8.24
218,0,14.22,7.9,17.3,0.39,9.6
218,1,13.95,8.2,17.4,0.62,9.41
218,2,13.48,6.9,17.2,0.84,9.23
218,3,12.96,6.0,15.9,1.47,8.88
218,4,12.32,5.7,15.1,0.11,9.51
218,5,11.86,5.1,14.9,0.1,9.75
218,6,12.1,6.6,14.9,0.02,9.36
218,7,12.93,8.4,15.1,0.08,9.15
218,8,14.05,10.1,15.6,0.25,8.45
218,9,15.23,11.3,17.1,0.19,9.27
218,10,16.29,12.7,18.7,0.35,9.29
218,11,17.21,14.0,19.9,0.31,10.11
218,12,17.7,13.5,20.8,0.1,9.83
218,13,17.69,13.1,21.6,0.53,9.67
218,14,18.01,13.1,22.2,0.7,8.53
218,15,18.68,13.7,22.5,0.61,9.29
218,16,18.57,13.5,22.6,0.43,10.3
218,17,18.41,13.6,22.4,0.26,10.07
218,18,18.29,13.3,22.0,0.05,10.29
218,19,17.79,13.1,21.5,0.07,8.29
218,20,17.24,12.8,20.6,0.01,8.01
218,21,16.51,12.4,19.8,0.0,8.58
218,22,15.62,11.9,18.8,0.0,8.98
218,23,14.87,11.3,18.4,0.03,9.95
219,0,14.28,10.4,18.4,0.02,10.85
219,1,13.83,9.4,18.5,0.01,11.04
219,2,13.38,8.8,18.3,0.01,11.49
219,3,12.69,8.3,17.5,0.08,11.55
219,4,12.03,7.3,16.9,0.01,11.86
219,5,11.75,6.6,16.6,0.11,12.25
219,6,12.04,7.3,17.0,0.02,12.08
219,7,12.89,8.6,17.9,0.03,11.38
219,8,13.98,9.3,19.2,0.03,11.15
219,9,15.15,10.5,20.1,0.08,11.82
219,10,16.2,11.4,19.8,0.01,12.14
219,11,17.2,12.1,22.0,0.03,12.31
219,12,17.97,13.3,23.7,0.08,14.01
219,13,18.34,14.0,24.1,0.13,14.43
219,14,18.42,14.0,24.1,0.12,13.87
219,15,18.89,14.8,26.1,0.04,14.18
219,16,18.93,14.7,26.4,0.05,14.16
219,17,19.12,14.5,27.3,0.05,13.56
219,18,18.98,14.3,27.1,0.03,13.38
219,19,18.59,13.5,26.8,0.01,12.35
219,20,17.88,12.6,26.2,0.0,11.52
219,21,16.99,12.1,25.5,0.06,11.07
219,22,16.17,11.4,24.7,0.01,9.63
219,23,15.5,11.0,24.0,0.01,10.26
220,0,15.1,10.7,23.8,0.0,10.18
220,1,14.73,10.4,23.5,0.0,10.52
220,2,14.21,10.2,23.1,0.01,11.13
220,3,13.58,9.9,21.8,0.0,11.17
220,4,12.75,9.1,20.8,0.0,11.76
220,5,12.39,8.5,20.3,0.0,12.11
220,6,12.64,8.9,20.3,0.0,12.26
220,7,13.78,10.4,20.8,0.0,11.64
220,8,15.17,12.2,21.8,0.02,10.63
220,9,16.4,13.5,22.8,0.03,11.35
220,10,17.66,14.1,24.3,0.07,12.98
220,11,18.67,14.0,25.2,0.07,13.23
220,12,19.52,14.8,26.3,0.04,13.32
220,13,20.15,15.6,27.1,0.04,13.35
220,14,20.55,15.4,27.5,0.07,14.43
220,15,21.07,16.1,28.7,0.59,13.86
220,16,21.08,16.4,28.3,0.24,13.27
220,17,20.86,15.8,27.8,0.21,14.35
220,18,20.45,15.7,26.5,0.04,12.34
220,19,19.92,15.8,25.1,0.01,10.45
220,20,19.11,15.2,24.2,0.01,10.57
220,21,18.02,14.3,22.9,0.03,10.21
220,22,16.92,12.5,21.3,0.07,10.26
220,23,16.43,12.2,19.4,0.25,9.96
221,0,15.98,11.9,19.4,0.07,10.42
221,1,15.57,11.2,18.8,0.0,11.04
221,2,15.21,10.5,18.0,0.01,11.58
221,3,14.93,10.4,19.2,0.18,11.72
221,4,14.16,9.6,18.9,0.0,11.49
221,5,13.82,9.0,18.6,0.01,11.5
221,6,13.93,9.1,18.9,0.0,11.71
221,7,14.61,10.0,19.2,0.0,11.54
221,8,15.73,11.8,20.4,0.0,11.32
221,9,16.91,13.1,21.3,0.03,11.6
221,10,17.83,13.8,21.7,0.16,11.63
221,11,18.8,15.5,22.8,0.21,12.13
221,12,19.61,16.4,24.5,0.28,12.93
221,13,20.14,16.6,25.3,0.17,13.44
221,14,20.45,16.7,25.6,0.4,14.18
221,15,20.42,17.4,25.9,0.2,14.53
221,16,20.51,17.3,25.6,0.05,14.69
221,17,20.34,17.2,24.5,0.02,14.04
221,18,19.95,17.0,23.7,0.01,12.48
221,19,19.29,16.6,22.9,0.08,11.08
221,20,18.59,15.9,21.9,0.0,10.82
221,21,17.69,14.7,20.8,0.0,10.86
221,22,16.75,13.5,19.9,0.0,11.15
221,23,16.21,12.3,19.2,0.0,11.57
222,0,15.71,11.3,19.0,0.01,11.16
222,1,15.34,10.5,18.5,0.0,11.19
222,2,14.9,10.0,18.1,0.0,10.89
222,3,14.43,8.9,17.6,0.0,11.02
222,4,14.02,8.5,18.1,0.09,10.66
222,5,13.83,8.1,17.9,0.39,10.89
222,6,13.89,8.3,17.9,0.28,11.46
222,7,14.41,9.4,18.3,0.43,11.07
222,8,15.27,11.6,19.0,0.2,10.72
222,9,16.23,13.3,20.1,0.04,11.5
222,10,17.2,14.1,21.5,0.01,11.15
222,11,17.77,14.5,22.7,0.06,11.12
222,12,18.24,15.1,23.9,0.25,10.89
222,13,18.67,15.4,24.1,0.2,10.33
222,14,18.97,15.0,24.0,0.48,11.54
222,15,19.03,15.9,24.9,0.77,10.68
222,16,18.85,15.7,25.2,0.66,10.79
222,17,18.7,15.3,24.8,0.32,11.73
222,18,17.86,15.4,24.2,0.42,11.27
222,19,17.76,15.2,23.5,0.17,10.95
222,20,17.12,13.7,22.7,0.36,10.82
222,21,16.56,13.6,22.0,0.11,10.91
222,22,15.92,12.8,22.2,0.11,11.31
222,23,15.56,12.3,22.1,0.11,11.35
223,0,15.32,12.0,21.6,0.03,11.52
223,1,15.14,12.0,21.7,0.02,12.24
223,2,14.84,11.8,21.0,0.03,12.46
223,3,14.46,11.1,19.6,0.02,12.68
223,4,14.01,10.3,19.4,0.0,12.45
223,5,13.7,10.0,19.0,0.0,12.47
223,6,13.77,10.1,19.1,0.02,12.61
223,7,14.34,11.0,19.1,0.01,12.7
223,8,15.29,12.3,19.7,0.01,12.94
223,9,16.11,13.6,19.8,0.03,13.89
223,10,16.75,13.8,19.9,0.08,14.33
223,11,17.34,14.3,20.2,0.07,15.03
223,12,18.0,14.8,21.0,0.05,16.33
223,13,18.33,15.1,20.9,0.04,16.51
223,14,18.54,14.9,21.2,0.28,17.31
223,15,18.56,15.4,21.4,0.04,16.62
223,16,18.34,15.8,21.7,0.13,15.01
223,17,18.47,15.8,22.0,0.04,15.14
223,18,18.14,15.5,21.1,0.05,14.58
223,19,17.82,15.3,20.3,0.04,13.59
223,20,17.2,15.0,19.3,0.03,13.3
223,21,16.37,14.3,18.0,0.0,12.55
223,22,15.53,12.9,17.4,0.02,11.98
223,23,15.2,12.4,17.4,0.02,11.35
224,0,14.75,12.1,16.9,0.02,10.93
224,1,14.28,11.7,16.3,0.03,11.21
224,2,14.01,11.3,15.8,0.05,11.12
224,3,13.89,11.1,15.9,0.02,11.68
224,4,13.03,10.6,15.1,0.0,11.54
224,5,12.78,10.7,15.3,0.01,11.62
224,6,12.77,10.6,14.8,0.01,12.25
224,7,13.42,10.9,15.2,0.0,12.01
224,8,14.34,10.8,16.3,0.03,12.23
224,9,15.16,10.8,17.6,0.07,13.09
224,10,15.81,10.8,18.8,0.14,13.95
224,11,16.52,11.6,20.2,0.11,13.97
224,12,17.16,11.2,21.4,0.25,13.52
224,13,17.86,12.0,22.3,0.06,13.77
224,14,18.0,12.4,21.4,0.13,13.0
224,15,17.77,12.4,21.7,0.09,15.14
224,16,17.84,12.4,22.1,0.09,15.07
224,17,17.86,13.1,22.1,0.07,13.62
224,18,17.42,13.4,20.7,0.18,12.06
224,19,16.92,13.1,19.7,0.06,10.8
224,20,16.49,13.1,19.2,0.01,10.1
224,21,15.76,13.0,18.5,0.07,10.34
224,22,14.82,12.0,17.6,0.19,9.77
224,23,14.4,11.8,17.5,0.03,9.93
225,0,14.02,11.4,17.1,0.11,9.49
225,1,13.7,11.0,16.2,0.1,9.25
225,2,13.43,10.7,15.8,0.08,8.69
225,3,13.15,10.4,15.8,0.2,9.21
225,4,12.79,10.1,15.8,0.05,8.68
225,5,12.39,10.0,15.3,0.06,8.57
225,6,12.62,10.0,15.8,0.08,8.49
225,7,13.26,10.7,16.2,0.09,8.86
225,8,14.21,11.2,15.6,0.16,8.2
225,9,15.16,11.5,17.3,0.14,8.8
225,10,16.12,11.8,19.0,0.08,9.67
225,11,16.89,12.1,20.4,0.11,10.3
225,12,17.36,12.0,21.4,0.38,11.64
225,13,17.24,11.3,22.1,0.4,12.69
225,14,17.37,11.3,22.2,0.4,11.43
225,15,17.17,11.5,22.5,0.72,11.62
225,16,17.13,11.7,23.0,0.57,12.04
225,17,16.85,11.9,22.9,0.64,11.94
225,18,16.63,12.1,22.2,0.28,10.99
225,19,16.36,12.5,21.5,0.2,10.76
225,20,15.93,12.9,20.0,0.19,9.84
225,21,15.41,13.1,18.9,0.04,9.75
225,22,14.78,12.8,18.2,0.03,9.64
225,23,14.58,13.2,18.0,0.1,9.43
226,0,14.21,13.0,17.3,0.03,9.59
226,1,14.0,12.5,16.7,0.04,9.55
226,2,13.66,11.9,16.1,0.01,9.58
226,3,13.24,11.4,15.8,0.0,9.71
226,4,12.4,9.8,15.3,0.0,9.8
226,5,12.13,9.7,14.8,0.0,9.43
226,6,12.31,9.9,14.6,0.0,9.44
226,7,12.86,10.4,15.4,0.08,9.56
226,8,13.91,11.1,16.6,0.07,9.63
226,9,14.97,12.2,17.8,0.06,10.18
226,10,15.92,13.2,19.6,0.08,11.49
226,11,16.7,13.2,21.0,0.06,11.54
226,12,17.47,13.7,21.9,0.13,11.89
226,13,17.92,14.2,22.3,0.14,12.0
226,14,18.0,14.6,22.9,0.59,12.13
226,15,17.83,14.5,22.9,0.85,11.65
226,16,17.89,14.2,22.6,0.21,10.89
226,17,17.75,14.3,22.4,0.33,10.46
226,18,17.62,14.5,21.8,0.13,10.2
226,19,17.15,14.2,21.0,0.07,8.7
226,20,16.48,13.3,20.3,0.13,7.88
226,21,15.63,12.8,19.6,0.18,7.71
226,22,14.9,11.6,18.9,0.14,9.23
226,23,14.55,11.5,18.5,0.04,9.07
227,0,14.06,11.0,18.0,0.02,9.28
227,1,13.67,10.0,17.3,0.03,9.16
227,2,13.25,9.1,16.7,0.0,9.19
227,3,12.88,8.5,16.4,0.01,10.14
227,4,12.52,7.9,16.1,0.0,9.92
227,5,12.33,7.8,15.9,0.0,10.16
227,6,12.53,7.6,15.9,0.25,10.56
227,7,13.25,8.7,16.0,1.36,11.19
227,8,14.26,10.7,16.5,0.28,10.97
227,9,15.49,12.7,18.3,0.13,11.58
227,10,16.67,13.9,20.1,0.12,11.52
227,11,17.62,14.5,21.4,0.05,11.44
227,12,18.3,14.4,22.3,0.03,10.98
227,13,18.94,14.9,23.2,0.02,11.08
227,14,19.09,15.8,23.4,0.26,10.69
227,15,18.75,15.7,24.0,0.05,12.63
227,16,18.71,15.9,24.2,0.04,13.1
227,17,18.76,15.5,24.2,0.0,11.41
227,18,18.63,15.3,24.1,0.04,10.72
227,19,18.0,14.5,23.6,0.18,9.96
227,20,17.44,14.1,22.0,0.02,10.82
227,21,16.55,14.0,20.3,0.22,11.41
227,22,15.88,12.4,19.2,0.12,12.97
227,23,15.34,11.6,18.4,0.09,11.86
228,0,15.13,11.0,18.1,0.04,11.16
228,1,14.79,10.5,18.1,0.08,12.06
228,2,14.5,10.1,18.1,0.05,12.14
228,3,14.5,9.8,18.0,0.1,12.66
228,4,13.67,8.7,17.3,0.1,12.53
228,5,13.36,8.3,17.0,0.19,12.99
228,6,13.31,8.5,16.7,0.39,13.04
228,7,13.79,9.9,16.9,0.27,13.54
228,8,14.53,11.9,17.8,0.46,13.49
228,9,15.32,13.6,19.6,0.09,13.41
228,10,16.16,13.5,21.4,0.02,13.02
228,11,16.93,14.3,23.2,0.26,14.24
228,12,17.33,14.5,24.7,0.32,14.61
228,13,17.65,14.7,25.7,0.47,13.83
228,14,17.81,14.3,26.3,0.56,14.17
228,15,17.29,13.6,24.6,0.39,13.71
228,16,17.93,13.2,26.0,0.15,13.17
228,17,17.88,12.9,26.6,0.25,13.67
228,18,17.71,12.7,26.4,0.27,13.12
228,19,17.45,12.8,25.7,0.19,11.79
228,20,16.77,12.8,24.4,0.21,12.04
228,21,16.14,12.6,23.2,0.05,12.38
228,22,15.48,11.8,22.3,0.08,12.87
228,23,15.25,11.7,21.4,0.28,13.35
229,0,14.98,11.9,20.5,0.11,12.53
229,1,14.55,11.8,19.5,0.08,12.32
229,2,14.31,11.5,19.4,0.19,12.84
229,3,14.31,11.2,19.8,0.15,13.91
229,4,13.79,10.4,19.2,0.0,13.19
229,5,13.63,10.3,19.0,0.01,12.66
229,6,13.71,10.4,19.1,0.05,11.64
229,7,14.1,11.0,19.8,0.09,12.03
229,8,14.72,11.6,20.9,0.1,13.52
229,9,15.44,12.6,22.1,0.05,14.22
229,10,16.21,12.8,23.3,0.02,14.52
229,11,17.05,13.3,24.5,0.03,15.34
229,12,17.75,13.8,25.6,0.01,15.76
229,13,18.19,14.4,26.3,0.05,15.89
229,14,18.49,14.8,27.1,0.03,15.9
229,15,18.45,14.9,24.3,0.06,15.38
229,16,18.54,14.0,24.9,0.0,14.21
229,17,18.48,14.0,25.6,0.05,12.8
229,18,18.4,14.1,25.4,0.06,13.04
229,19,17.97,14.2,24.8,0.03,12.11
229,20,17.18,14.0,23.7,0.06,10.82
229,21,15.93,12.8,21.1,0.2,9.81
229,22,14.86,11.3,19.2,0.79,9.33
229,23,14.39,11.1,19.1,0.1,9.37
230,0,13.92,11.0,18.5,0.21,8.79
230,1,13.68,10.7,18.4,0.41,10.36
230,2,13.34,10.5,18.4,0.21,10.5
230,3,13.21,10.0,18.2,0.31,11.28
230,4,12.27,8.4,17.7,0.22,11.44
230,5,11.84,8.2,16.4,0.19,11.62
230,6,11.68,8.2,15.4,0.17,10.96
230,7,12.37,9.1,15.5,0.15,10.89
230,8,13.57,10.7,16.4,0.06,10.67
230,9,14.95,12.6,17.6,0.23,10.22
230,10,16.19,14.0,18.7,0.07,10.3
230,11,17.28,14.8,19.7,0.01,10.12
230,12,17.81,15.5,20.4,0.03,10.45
230,13,18.25,16.1,21.0,0.02,10.41
230,14,18.83,16.3,21.2,0.01,10.48
230,15,18.92,16.1,21.5,0.03,10.45
230,16,18.88,16.1,21.2,0.04,10.48
230,17,18.73,16.0,21.2,0.06,10.05
230,18,18.26,15.8,20.4,0.1,9.22
230,19,17.86,15.5,19.9,0.12,8.36
230,20,17.09,14.2,19.0,0.0,8.12
230,21,16.25,12.4,18.2,0.09,9.88
230,22,15.55,11.8,17.4,0.13,10.39
230,23,14.93,11.0,17.4,0.19,11.0
231,0,14.71,10.7,16.8,0.42,11.13
231,1,14.47,10.2,17.0,0.16,11.91
231,2,14.14,10.0,17.1,0.14,12.6
231,3,13.74,9.7,17.1,0.14,12.49
231,4,13.26,8.9,16.7,0.11,13.12
231,5,12.92,8.5,16.7,0.22,13.36
231,6,13.04,8.4,16.8,0.17,13.9
231,7,13.45,9.6,17.4,0.56,14.1
231,8,14.0,11.3,17.5,0.28,14.68
231,9,15.04,13.1,19.0,0.32,14.59
231,10,15.93,12.9,19.6,0.11,16.24
231,11,16.71,13.5,20.8,0.14,17.0
231,12,17.47,13.9,22.9,0.1,16.91
231,13,18.22,14.0,24.0,0.15,17.93
231,14,17.86,13.3,25.3,0.55,18.03
231,15,18.18,13.5,23.8,0.49,16.74
231,16,18.63,13.6,24.9,0.15,16.88
231,17,18.23,13.4,22.4,0.43,16.1
231,18,17.95,13.6,20.6,0.14,14.26
231,19,17.64,13.4,21.1,0.26,13.18
231,20,16.86,12.3,21.4,0.34,12.49
231,21,16.14,11.7,20.9,0.23,12.71
231,22,15.64,11.5,20.3,0.26,12.42
231,23,15.32,10.8,20.1,0.03,12.91
232,0,15.05,10.8,19.8,0.07,13.03
232,1,14.72,10.2,19.4,0.12,13.1
232,2,14.35,9.3,19.2,0.09,13.26
232,3,13.71,8.7,18.0,0.01,12.52
232,4,13.07,7.2,17.7,0.05,12.22
232,5,12.83,7.0,18.0,0.02,12.75
232,6,12.81,7.4,17.7,0.06,12.4
232,7,13.32,8.4,18.2,0.09,12.37
232,8,14.18,8.9,19.1,0.08,13.17
232,9,15.22,9.3,20.3,0.05,14.68
232,10,16.22,9.9,21.9,0.03,14.71
232,11,17.01,10.5,23.7,0.21,14.64
232,12,17.7,11.1,25.1,0.31,14.37
232,13,18.3,11.7,26.0,0.2,14.53
232,14,18.61,11.6,26.8,0.17,14.12
232,15,18.75,12.3,27.3,0.16,14.24
232,16,19.11,13.2,27.0,0.06,13.61
232,17,18.86,13.2,26.4,0.64,13.19
232,18,18.31,11.6,25.8,0.23,12.03
232,19,17.72,11.2,24.9,0.19,10.99
232,20,16.83,9.8,23.8,0.35,10.27
232,21,16.08,10.1,23.0,0.09,11.34
232,22,15.58,10.3,22.4,0.06,11.43
232,23,14.9,10.5,21.9,0.03,11.46
233,0,14.52,9.6,21.5,0.04,12.19
233,1,14.08,9.4,21.1,0.04,12.67
233,2,13.71,9.4,20.6,0.02,12.33
233,3,13.38,9.0,20.5,0.01,12.87
233,4,12.8,8.1,19.6,0.0,12.35
233,5,12.44,8.1,19.2,0.0,12.22
233,6,12.25,7.7,18.9,0.02,12.55
233,7,12.93,9.5,19.1,0.04,12.2
233,8,13.95,10.1,19.7,0.04,11.9
233,9,15.17,10.6,20.5,0.05,11.86
233,10,16.31,11.2,21.2,0.04,12.37
233,11,17.34,11.6,22.3,0.03,11.97
233,12,17.98,11.7,23.1,0.06,12.56
233,13,18.58,12.9,23.9,0.1,13.85
233,14,18.55,13.2,24.3,0.18,14.11
233,15,18.73,13.3,24.7,0.04,14.03
233,16,18.66,13.5,24.5,0.25,13.6
233,17,18.53,13.1,24.0,0.03,12.88
233,18,18.06,12.8,23.3,0.23,12.43
233,19,17.54,12.5,22.4,0.04,11.3
233,20,16.72,11.6,21.3,0.09,10.44
233,21,15.75,10.7,20.3,0.01,9.85
233,22,14.94,9.6,19.8,0.03,9.89
233,23,14.45,9.1,19.2,0.0,10.92
234,0,14.03,9.0,18.9,0.0,11.12
234,1,13.64,8.9,18.8,0.01,11.29
234,2,13.29,8.6,18.3,0.05,10.93
234,3,12.81,8.1,16.7,0.09,11.4
234,4,12.23,5.0,16.9,0.18,11.23
234,5,12.03,4.7,16.7,0.26,10.67
234,6,11.89,4.4,16.5,0.31,10.25
234,7,12.34,5.0,16.4,0.4,10.33
234,8,13.23,6.6,17.2,0.42,9.17
234,9,14.32,8.4,18.3,0.23,9.8
234,10,15.32,10.5,19.1,0.23,10.32
234,11,15.86,11.2,19.2,0.08,10.56
234,12,16.67,11.3,20.0,0.04,11.25
234,13,17.23,11.4,22.1,0.11,12.23
234,14,17.34,11.4,22.1,0.14,13.5
234,15,16.99,11.1,21.2,0.22,15.05
234,16,16.69,11.1,20.6,0.23,15.96
234,17,16.34,10.7,19.6,0.21,16.39
234,18,16.01,10.1,19.7,0.3,15.91
234,19,15.56,9.3,19.0,0.25,14.13
234,20,14.92,8.9,18.6,0.17,14.03
234,21,14.16,8.3,18.1,0.09,13.27
234,22,13.58,8.0,18.0,0.11,13.24
234,23,13.26,7.7,18.1,0.09,13.32
235,0,12.93,7.5,18.0,0.14,12.98
235,1,12.6,7.2,17.8,0.08,13.07
235,2,12.25,7.0,17.1,0.04,12.76
235,3,12.01,6.6,17.1,0.03,12.42
235,4,11.51,5.0,17.0,0.05,12.13
235,5,11.22,4.6,17.0,0.09,12.26
235,6,11.06,4.5,16.4,0.14,12.04
235,7,11.41,5.3,16.3,0.04,11.95
235,8,12.16,6.6,17.1,0.16,11.74
235,9,13.01,7.1,17.7,0.12,12.35
235,10,13.63,7.6,18.2,0.37,12.33
235,11,14.15,7.8,17.4,0.73,12.98
235,12,14.65,7.9,17.9,0.22,12.81
235,13,15.32,8.3,18.7,0.12,12.03
235,14,15.57,9.0,19.8,0.39,12.99
235,15,15.5,8.6,19.7,0.2,12.2
235,16,15.53,9.2,18.7,0.12,12.24
235,17,15.41,9.2,18.6,0.26,12.25
235,18,15.09,9.3,18.2,0.08,11.98
235,19,14.83,9.2,18.3,0.08,11.05
235,20,14.21,8.8,17.6,0.11,9.91
235,21,13.49,8.5,16.6,0.01,9.65
235,22,12.8,7.9,15.9,0.06,9.8
235,23,12.41,7.3,15.5,0.03,9.94
236,0,12.1,6.9,15.3,0.04,10.03
236,1,11.85,6.8,15.1,0.01,10.2
236,2,11.52,6.5,14.9,0.01,9.94
236,3,10.98,6.1,14.5,0.09,9.01
236,4,10.41,5.7,14.0,0.08,9.72
236,5,10.33,5.5,14.4,0.08,9.48
236,6,10.3,5.3,14.8,0.03,9.8
236,7,10.79,5.6,15.2,0.08,10.34
236,8,11.44,6.7,15.1,0.14,10.16
236,9,12.15,7.9,15.8,0.22,9.97
236,10,13.07,9.2,16.8,0.15,10.31
236,11,13.69,10.3,16.8,0.38,11.2
236,12,14.43,11.3,18.0,0.33,11.23
236,13,15.18,11.9,19.1,0.11,11.08
236,14,15.56,12.3,18.7,0.19,12.1
236,15,15.42,12.7,17.9,0.19,12.46
236,16,15.99,12.7,18.6,0.11,13.29
236,17,15.83,12.2,19.6,0.06,12.76
236,18,15.55,12.0,20.8,0.16,12.53
236,19,15.15,11.3,20.4,0.01,11.48
236,20,14.56,10.4,19.9,0.01,11.4
236,21,13.65,9.3,18.5,0.05,11.44
236,22,12.95,8.8,17.0,0.05,10.83
236,23,12.53,8.8,16.9,0.03,10.35
237,0,12.14,8.6,16.6,0.0,10.51
237,1,11.73,8.6,16.6,0.01,9.99
237,2,11.31,8.4,16.9,0.0,10.28
237,3,10.78,8.2,15.5,0.0,9.67
237,4,10.15,6.6,15.7,0.13,10.01
237,5,9.96,6.4,15.8,0.14,10.76
237,6,9.83,6.3,15.8,0.13,10.91
237,7,10.44,7.1,16.2,0.11,11.43
237,8,11.31,8.4,16.4,0.08,11.58
237,9,12.34,8.6,17.0,0.16,12.02
237,10,12.98,8.6,16.2,0.31,13.28
237,11,13.83,9.0,16.6,0.69,13.64
237,12,14.09,9.4,17.7,0.57,14.54
237,13,14.78,9.3,18.4,0.22,15.11
237,14,15.08,9.4,18.9,0.12,14.87
237,15,14.56,9.0,19.1,0.33,14.65
237,16,15.06,8.7,20.1,0.18,14.99
237,17,14.91,8.3,20.7,0.21,15.28
237,18,14.3,7.8,19.0,0.41,14.42
237,19,14.0,7.8,18.2,0.33,13.49
237,20,13.54,7.7,18.2,0.48,13.45
237,21,12.85,7.5,18.0,0.43,13.54
237,22,12.46,7.7,17.2,0.5,13.4
237,23,12.03,7.4,16.8,0.34,13.73
238,0,11.58,6.8,16.1,0.06,12.64
238,1,11.08,6.9,14.7,0.09,12.41
238,2,10.85,6.9,14.3,0.07,12.75
238,3,10.52,7.5,14.1,0.03,12.67
238,4,10.15,7.1,13.8,0.07,11.83
238,5,9.93,7.1,13.6,0.02,11.56
238,6,9.72,7.1,13.4,0.05,11.43
238,7,10.06,7.1,13.7,0.09,11.19
238,8,11.09,7.2,14.5,0.1,10.18
238,9,12.26,7.4,15.1,0.05,9.4
238,10,13.42,7.8,16.4,0.01,9.65
238,11,14.49,8.2,18.2,0.01,9.49
238,12,15.56,9.8,19.6,0.04,10.21
238,13,16.16,10.4,20.4,0.08,10.37
238,14,16.09,10.6,20.9,0.2,10.12
238,15,16.27,11.5,21.1,0.55,10.52
238,16,15.6,11.3,21.2,0.48,12.42
238,17,15.4,11.3,21.0,0.06,9.66
238,18,15.33,11.3,20.5,0.06,10.09
238,19,14.67,11.1,19.5,0.1,9.9
238,20,13.79,10.4,18.3,0.04,10.06
238,21,12.91,9.4,16.9,0.0,10.4
238,22,12.46,9.3,16.4,0.0,12.17
238,23,12.02,8.4,16.1,0.0,11.92
239,0,11.62,8.0,14.9,0.09,11.67
239,1,11.34,7.8,14.9,0.03,12.14
239,2,11.0,7.4,15.0,0.2,12.67
239,3,10.66,6.5,14.2,0.15,12.6
239,4,10.21,5.5,14.4,0.05,12.94
239,5,9.94,5.2,14.1,0.1,12.53
239,6,9.75,4.9,13.9,0.19,12.4
239,7,10.14,5.6,13.7,0.06,12.27
239,8,11.06,7.1,14.1,0.11,12.13
239,9,12.27,8.7,15.6,0.02,12.13
239,10,13.11,9.2,16.9,0.17,12.25
239,11,14.07,10.0,18.2,0.13,12.79
239,12,14.61,10.7,19.5,0.11,13.3
239,13,14.99,11.4,20.2,0.09,13.56
239,14,15.49,11.6,20.5,0.04,13.88
239,15,15.46,10.9,20.7,0.05,13.37
239,16,15.55,11.2,20.9,0.04,12.86
239,17,15.5,11.4,21.1,0.03,12.11
239,18,15.28,11.0,21.1,0.02,10.85
239,19,14.75,10.7,20.6,0.01,9.85
239,20,13.77,10.5,19.7,0.0,11.39
239,21,12.96,9.9,18.5,0.0,11.83
239,22,12.25,9.2,17.7,0.0,11.61
239,23,11.92,8.4,17.0,0.0,10.9
240,0,11.54,7.9,16.4,0.01,9.84
240,1,11.16,7.0,15.8,0.03,9.1
240,2,10.76,7.2,15.5,0.02,8.8
240,3,10.03,5.9,14.5,0.0,8.46
240,4,8.98,4.0,13.6,0.0,9.38
240,5,8.47,4.2,13.3,0.0,8.96
240,6,8.33,3.6,13.8,0.0,8.81
240,7,8.8,4.5,13.8,0.0,8.69
240,8,10.08,6.5,15.4,0.0,7.96
240,9,11.57,7.8,16.9,0.0,7.34
240,10,13.0,8.4,18.4,0.0,7.99
240,11,14.22,9.6,19.5,0.0,8.23
240,12,15.01,10.3,20.3,0.0,9.04
240,13,15.5,10.8,20.9,0.01,10.2
240,14,15.85,10.7,21.0,0.03,10.91
240,15,15.8,11.0,21.1,0.03,10.63
240,16,15.75,11.2,21.5,0.02,9.94
240,17,15.61,11.3,21.4,0.01,9.68
240,18,15.18,11.4,20.8,0.02,9.53
240,19,14.68,11.1,19.7,0.02,8.74
240,20,13.87,10.5,18.9,0.01,9.27
240,21,13.18,10.0,18.6,0.0,9.77
240,22,12.62,9.1,18.4,0.02,9.95
240,23,12.24,8.9,17.8,0.02,9.94
241,0,11.9,8.7,16.9,0.06,9.43
241,1,11.62,8.3,16.0,0.02,10.09
241,2,11.12,7.8,15.6,0.13,10.52
241,3,10.79,6.5,16.3,0.16,11.19
241,4,10.17,5.6,15.9,0.07,11.36
241,5,9.7,5.3,15.6,0.06,11.2
241,6,9.46,5.3,15.6,0.23,10.91
241,7,9.66,5.7,15.6,0.29,10.53
241,8,10.83,7.4,17.0,0.3,9.36
241,9,12.35,9.8,18.5,0.17,9.02
241,10,13.84,10.8,20.0,0.02,9.42
241,11,15.26,11.9,21.5,0.02,9.87
241,12,16.37,12.8,22.8,0.05,10.85
241,13,17.05,13.6,23.7,0.02,10.4
241,14,17.59,14.2,24.5,0.01,10.75
241,15,17.66,13.4,25.2,0.1,12.25
241,16,17.66,13.0,25.2,0.06,11.84
241,17,17.6,13.0,24.9,0.05,11.06
241,18,17.23,13.1,24.3,0.03,9.92
241,19,16.55,13.4,23.0,0.05,9.04
241,20,15.61,12.8,21.3,0.05,9.54
241,21,14.66,11.7,20.1,0.02,10.51
241,22,14.02,10.9,19.4,0.03,10.66
241,23,13.44,10.2,18.7,0.02,10.42
242,0,12.84,9.4,18.0,0.05,10.39
242,1,12.43,9.0,17.2,0.14,10.59
242,2,12.09,8.7,16.6,0.18,10.81
242,3,11.81,8.2,16.6,0.14,11.0
242,4,11.25,7.2,15.8,0.17,11.46
242,5,10.97,6.6,15.2,0.24,11.15
242,6,10.73,6.1,14.8,0.21,11.22
242,7,10.87,6.2,15.2,0.32,11.3
242,8,11.85,7.9,16.3,0.16,10.61
242,9,13.09,9.3,17.6,0.11,10.45
242,10,14.22,10.6,18.1,0.13,10.49
242,11,15.15,11.7,18.8,0.29,11.25
242,12,15.8,12.3,19.9,0.42,11.73
242,13,16.04,12.4,19.5,0.9,12.16
242,14,16.19,12.1,18.8,0.6,11.83
242,15,16.41,11.5,18.8,0.07,11.58
242,16,16.28,11.2,19.1,0.05,10.99
242,17,15.96,11.4,19.2,0.21,11.1
242,18,15.59,11.1,19.0,0.35,9.97
242,19,15.17,10.6,19.0,0.1,9.54
242,20,14.43,10.3,18.8,0.05,10.09
242,21,13.71,9.9,18.4,0.09,10.65
242,22,13.18,9.5,18.2,0.02,10.44
242,23,12.7,9.1,17.6,0.0,9.75
243,0,12.26,8.4,16.9,0.77,9.07
243,1,11.92,8.0,16.8,0.29,8.93
243,2,11.62,7.7,16.6,0.22,9.37
243,3,11.31,6.4,16.4,0.23,9.69
243,4,10.74,5.6,16.6,0.42,9.96
243,5,10.4,5.2,16.3,0.31,10.04
243,6,10.4,5.8,16.3,0.07,10.14
243,7,10.89,6.3,16.2,0.06,10.15
243,8,11.66,7.3,16.5,0.03,9.94
243,9,12.62,8.6,16.9,0.0,9.59
243,10,13.66,9.8,17.0,0.0,10.76
243,11,14.5,10.5,17.7,0.01,11.19
243,12,15.06,11.2,18.2,0.03,10.36
243,13,15.5,11.9,18.5,0.05,10.02
243,14,15.86,11.9,19.1,0.1,9.89
243,15,15.76,11.5,18.2,0.04,10.83
243,16,15.95,11.6,18.4,0.09,10.96
243,17,15.81,11.8,18.7,0.12,10.92
243,18,15.62,12.0,18.6,0.12,9.99
243,19,15.03,11.5,17.9,0.15,9.3
243,20,14.08,10.3,16.6,0.19,9.45
243,21,13.23,9.3,16.0,0.37,9.64
243,22,12.89,8.2,15.9,0.41,9.21
243,23,12.51,7.9,16.1,0.18,10.37
244,0,12.21,7.2,16.4,0.06,10.83
244,1,11.83,6.5,16.6,0.04,10.82
244,2,11.6,6.1,16.6,0.04,10.83
244,3,11.29,5.3,16.7,0.07,10.8
244,4,10.77,4.7,16.7,0.19,10.55
244,5,10.46,4.3,16.3,0.23,10.68
244,6,10.51,4.1,16.4,0.1,10.79
244,7,10.69,4.4,16.0,0.12,11.21
244,8,11.28,5.6,15.8,0.28,11.72
244,9,12.19,7.0,16.4,0.53,11.58
244,10,13.36,8.5,17.7,0.33,11.69
244,11,14.37,9.8,19.1,0.23,12.02
244,12,15.22,9.9,20.2,0.12,12.84
244,13,15.85,10.0,21.6,0.12,13.34
244,14,15.96,10.2,22.0,0.35,13.43
244,15,15.85,10.4,21.5,0.13,13.83
244,16,15.79,10.4,21.5,0.11,13.84
244,17,15.8,10.8,21.6,0.06,13.05
244,18,15.5,10.6,21.6,0.06,11.88
244,19,14.79,10.1,20.4,0.07,10.65
244,20,13.96,9.1,18.8,0.03,10.05
244,21,13.07,8.1,17.6,0.03,9.79
244,22,12.55,7.5,17.0,0.02,10.03
244,23,12.26,7.0,16.5,0.01,10.07
245,0,11.78,6.4,16.3,0.0,10.07
245,1,11.23,6.0,16.1,0.0,10.14
245,2,10.82,5.5,16.0,0.0,10.21
245,3,10.37,4.9,16.2,0.02,10.37
245,4,9.76,4.3,15.6,0.01,10.48
245,5,9.34,4.1,15.3,0.01,10.54
245,6,9.24,3.9,15.2,0.0,10.18
245,7,9.49,4.2,15.3,0.0,10.06
245,8,10.6,5.6,15.8,0.03,10.34
245,9,11.94,7.1,17.0,0.04,10.29
245,10,13.16,8.4,18.4,0.08,9.89
245,11,14.32,9.6,19.6,0.1,9.96
245,12,15.3,10.7,20.6,0.11,10.95
245,13,15.94,10.5,21.7,0.07,10.93
245,14,16.44,10.6,22.6,0.05,11.28
245,15,16.43,10.2,23.4,0.15,12.69
245,16,16.37,10.6,23.4,0.12,12.66
245,17,16.07,10.6,23.0,0.02,12.28
245,18,15.59,9.8,22.6,0.01,11.63
245,19,14.88,9.0,21.8,0.05,10.56
245,20,13.38,8.1,17.0,0.3,9.71
245,21,12.6,7.7,16.0,0.43,8.37
245,22,12.03,6.7,16.0,0.12,9.53
245,23,11.5,6.4,16.1,0.01,9.93
246,0,11.03,6.0,16.3,0.07,9.88
246,1,10.84,6.1,16.7,0.05,10.01
246,2,10.64,6.0,16.8,0.1,10.29
246,3,10.36,6.2,16.9,0.13,10.48
246,4,9.82,5.5,15.9,0.04,11.17
246,5,9.56,5.3,15.8,0.06,11.81
246,6,9.38,5.4,15.5,0.02,12.05
246,7,9.52,5.7,15.0,0.56,12.36
246,8,10.28,6.4,15.3,0.01,12.47
246,9,11.36,7.6,16.1,0.0,12.77
246,10,12.42,8.3,16.5,0.0,13.67
246,11,13.59,9.2,17.8,0.03,13.3
246,12,14.68,9.7,19.4,0.01,13.22
246,13,15.53,10.4,20.5,0.0,13.5
246,14,16.01,10.6,21.4,0.01,13.76
246,15,15.81,10.2,21.4,0.01,13.3
246,16,15.89,9.8,21.5,0.01,12.67
246,17,15.87,9.7,21.4,0.0,11.46
246,18,15.43,9.2,20.9,0.11,10.95
246,19,14.66,8.9,19.4,0.09,9.95
246,20,13.45,8.7,16.6,0.24,10.51
246,21,12.53,8.6,15.9,0.16,10.77
246,22,12.24,8.1,15.6,0.05,11.48
246,23,11.81,7.6,15.2,0.02,11.3
247,0,11.41,7.1,15.1,0.09,11.77
247,1,10.96,6.5,14.7,0.05,11.43
247,2,10.52,6.0,14.3,0.13,11.76
247,3,10.32,5.7,14.3,0.01,12.52
247,4,10.03,4.9,14.8,0.0,12.31
247,5,9.87,4.4,15.0,0.0,12.28
247,6,9.84,4.1,15.1,0.01,12.26
247,7,9.99,4.1,14.8,0.11,12.59
247,8,10.75,4.9,15.1,0.03,12.73
247,9,11.59,5.7,15.6,0.16,12.75
247,10,12.6,6.5,16.4,0.15,13.16
247,11,13.94,7.4,17.7,0.04,13.34
247,12,15.12,8.4,18.9,0.02,13.23
247,13,15.78,8.8,19.7,0.02,12.87
247,14,16.21,9.2,20.2,0.01,12.4
247,15,16.05,9.4,21.0,0.0,12.15
247,16,15.85,9.4,21.8,0.25,11.55
247,17,15.84,9.7,21.9,0.02,11.46
247,18,15.63,9.5,21.6,0.01,10.15
247,19,14.95,9.2,20.6,0.23,9.45
247,20,13.93,8.7,19.4,0.21,10.3
247,21,13.09,7.9,18.5,0.06,10.07
247,22,12.59,7.2,17.9,0.01,9.62
247,23,12.02,7.3,17.5,0.0,9.91
248,0,11.66,7.2,17.0,0.07,10.24
248,1,11.39,6.9,16.6,0.03,10.6
248,2,11.13,6.3,16.2,0.04,11.25
248,3,10.69,4.7,15.7,0.09,10.49
248,4,10.45,3.9,15.5,0.08,10.44
248,5,10.19,3.9,15.1,0.09,10.67
248,6,9.81,2.2,14.8,0.06,11.02
248,7,9.97,2.9,14.8,0.06,11.21
248,8,10.51,3.8,15.8,0.05,10.95
248,9,11.51,6.5,16.8,0.04,11.42
248,10,12.46,8.4,17.1,0.02,11.17
248,11,13.38,9.7,18.5,0.03,11.25
248,12,14.22,10.6,19.7,0.02,11.7
248,13,14.69,11.3,20.7,0.14,12.82
248,14,15.12,11.6,21.7,0.04,12.95
248,15,15.45,11.8,22.5,0.16,13.16
248,16,15.34,12.1,22.6,0.17,14.05
248,17,15.09,11.8,21.9,0.14,12.53
248,18,14.87,11.1,21.1,0.06,11.87
248,19,14.26,10.1,19.9,0.03,11.11
248,20,13.37,9.2,18.3,0.01,10.33
248,21,12.85,8.7,18.4,0.01,11.47
248,22,12.46,8.3,18.1,0.12,11.31
248,23,12.13,8.1,17.2,0.07,10.96
249,0,11.83,8.0,17.0,0.0,11.13
249,1,11.65,7.7,16.6,0.0,11.11
249,2,11.48,7.0,16.4,0.0,10.98
249,3,11.07,6.2,16.2,0.03,10.95
249,4,10.59,5.1,16.0,0.03,10.78
249,5,10.35,4.3,15.9,0.01,10.95
249,6,10.27,3.9,15.9,0.0,11.46
249,7,10.15,4.0,15.9,0.01,11.77
249,8,10.83,5.5,16.1,0.0,11.46
249,9,11.74,7.6,16.6,0.0,11.23
249,10,12.79,9.7,17.8,0.01,12.43
249,11,13.8,11.0,19.3,0.0,12.45
249,12,14.56,11.6,20.5,0.01,12.48
249,13,15.05,11.3,21.5,0.02,12.26
249,14,15.35,11.2,22.1,0.02,12.6
249,15,15.37,11.9,22.3,0.14,12.31
249,16,15.44,10.9,22.5,0.02,12.0
249,17,15.42,11.3,22.3,0.01,11.67
249,18,15.11,11.4,21.5,0.01,10.81
249,19,14.42,10.7,20.5,0.01,9.99
249,20,13.27,9.4,19.6,0.0,9.82
249,21,12.87,8.4,19.1,0.03,9.86
249,22,12.23,7.8,18.6,0.01,10.74
249,23,11.98,7.4,18.4,0.01,11.38
250,0,11.68,7.1,18.1,0.01,11.47
250,1,11.34,6.6,17.7,0.0,11.08
250,2,11.04,6.6,17.4,0.07,10.91
250,3,10.91,6.1,17.1,0.04,10.59
250,4,10.27,5.4,16.5,0.06,10.6
250,5,10.02,5.1,16.2,0.01,10.97
250,6,10.11,4.9,16.0,0.0,11.19
250,7,10.15,5.0,16.0,0.0,11.73
250,8,11.06,5.4,16.6,0.01,11.6
250,9,12.03,6.2,17.6,0.0,11.45
250,10,13.02,7.3,18.4,0.0,11.84
250,11,14.07,8.5,19.9,0.0,12.87
250,12,14.81,9.4,21.3,0.13,13.72
250,13,15.29,9.9,22.0,0.08,13.17
250,14,15.6,10.2,22.5,0.08,12.41
250,15,15.56,9.1,22.7,0.1,12.66
250,16,15.42,9.0,22.9,0.08,12.38
250,17,15.26,9.0,22.5,0.09,12.16
250,18,14.78,8.8,22.1,0.12,12.29
250,19,14.21,8.4,21.0,0.09,11.86
250,20,13.38,7.6,20.2,0.14,12.61
250,21,12.85,7.3,19.2,0.1,12.51
250,22,12.4,7.1,18.5,0.2,11.45
250,23,11.89,6.8,17.6,0.18,11.84
251,0,11.69,6.5,17.1,0.14,12.16
251,1,11.4,6.3,16.9,0.06,12.11
251,2,11.15,5.9,16.9,0.05,11.77
251,3,10.78,4.8,16.8,0.1,11.48
251,4,10.32,3.7,16.4,0.3,11.76
251,5,10.16,3.6,16.4,0.24,11.8
251,6,10.0,3.7,16.1,0.11,11.62
251,7,10.05,4.4,15.9,0.07,12.04
251,8,10.71,5.2,16.2,0.02,11.9
251,9,11.54,6.3,16.4,0.03,12.14
251,10,12.29,7.1,16.8,0.33,12.38
251,11,12.91,7.7,18.0,0.4,11.96
251,12,13.54,8.8,19.5,0.13,12.03
251,13,14.24,9.8,20.6,0.03,12.7
251,14,14.71,10.0,21.4,0.04,12.15
251,15,14.81,10.3,21.8,0.04,12.51
251,16,14.83,10.3,22.2,0.29,12.41
251,17,14.93,10.2,21.2,0.02,11.72
251,18,14.34,10.1,19.3,0.04,11.45
251,19,13.42,9.5,17.6,0.04,10.84
251,20,12.46,8.6,15.5,0.03,9.55
251,21,11.93,8.4,15.7,0.02,9.76
251,22,11.82,8.5,16.1,0.03,10.55
251,23,11.58,8.2,16.2,0.03,10.28
252,0,11.09,7.5,16.2,0.06,9.71
252,1,10.57,7.0,16.1,0.1,9.65
252,2,10.35,6.8,15.8,0.11,9.68
252,3,9.97,5.9,15.5,0.13,9.67
252,4,9.57,4.7,15.4,0.01,10.07
252,5,9.39,4.2,15.4,0.01,9.99
252,6,9.29,3.9,15.2,0.01,9.66
252,7,9.3,3.8,14.9,0.0,9.59
252,8,10.05,4.7,15.5,0.0,9.61
252,9,11.25,6.3,16.6,0.01,9.04
252,10,12.42,8.1,17.7,0.02,9.49
252,11,13.6,9.0,19.5,0.01,9.69
252,12,14.46,9.3,21.0,0.0,10.88
252,13,15.08,9.6,22.1,0.0,11.75
252,14,15.55,9.7,22.6,0.0,12.34
252,15,15.93,9.9,22.8,0.0,12.7
252,16,15.97,9.9,23.2,0.0,12.02
252,17,15.87,10.0,22.8,0.0,10.54
252,18,15.44,10.0,21.9,0.0,9.47
252,19,14.58,9.8,20.7,0.0,9.63
252,20,13.63,9.5,19.2,0.05,11.57
252,21,13.0,9.1,18.3,0.59,11.58
252,22,12.69,8.8,17.8,0.38,11.24
252,23,12.4,8.6,17.2,0.07,11.07
253,0,12.05,8.3,16.7,0.09,11.48
253,1,11.75,8.4,16.3,0.05,11.82
253,2,11.56,8.3,15.8,0.07,11.94
253,3,11.27,6.5,15.4,0.06,12.2
253,4,10.81,3.9,15.1,0.03,12.36
253,5,10.89,4.7,15.7,0.06,12.54
253,6,10.72,4.2,15.8,0.05,12.55
253,7,10.75,4.2,16.0,0.06,13.17
253,8,11.43,5.4,16.3,0.05,13.53
253,9,12.38,7.9,16.7,0.13,13.74
253,10,13.22,10.0,17.8,0.16,13.88
253,11,14.07,10.3,19.0,0.22,15.47
253,12,14.91,10.8,20.3,0.31,15.72
253,13,15.52,11.3,21.4,0.15,16.21
253,14,15.85,11.4,22.0,0.17,16.54
253,15,16.06,12.2,22.4,0.47,17.08
253,16,16.13,12.0,22.6,0.2,15.58
253,17,16.0,11.8,22.1,0.21,14.79
253,18,15.58,11.6,21.5,0.04,13.7
253,19,14.91,10.4,20.5,0.08,13.05
253,20,14.17,9.6,20.0,0.09,13.14
253,21,13.63,9.4,19.5,0.04,12.69
253,22,13.31,9.0,19.2,0.0,12.34
253,23,12.88,8.8,18.9,0.04,12.44
254,0,12.79,8.6,18.9,0.06,11.88
254,1,12.62,8.1,18.6,0.03,11.73
254,2,12.4,7.8,18.2,0.04,11.57
254,3,12.02,7.3,17.8,0.01,10.9
254,4,11.32,6.6,16.3,0.02,11.07
254,5,11.13,6.4,16.0,0.0,11.1
254,6,10.93,6.3,16.1,0.0,11.5
254,7,10.8,6.2,16.0,0.02,11.19
254,8,11.4,6.9,16.0,0.07,10.67
254,9,12.4,8.3,16.7,0.0,11.16
254,10,13.58,10.1,17.5,0.0,11.43
254,11,14.62,11.1,18.3,0.02,11.47
254,12,15.41,12.3,19.8,0.01,11.78
254,13,15.84,12.4,21.0,0.07,11.62
254,14,16.21,12.2,22.0,0.07,12.26
254,15,16.51,12.2,22.6,0.07,12.15
254,16,16.3,11.9,23.3,0.12,12.84
254,17,16.08,11.8,23.0,0.14,11.83
254,18,15.69,11.5,22.2,0.39,11.44
254,19,15.04,10.8,21.3,0.18,11.37
254,20,14.11,10.0,20.2,0.03,12.69
254,21,13.62,9.3,19.3,0.01,13.16
254,22,13.17,8.4,18.5,0.14,14.02
254,23,12.79,8.0,17.8,0.15,14.31
255,0,12.48,7.7,17.0,0.04,14.52
255,1,12.17,7.6,17.2,0.01,14.61
255,2,11.9,7.4,17.0,0.02,14.32
255,3,11.79,7.5,17.1,0.09,15.12
255,4,11.55,7.2,16.9,0.06,15.19
255,5,11.51,7.4,16.9,0.04,15.67
255,6,11.51,7.8,17.0,0.07,16.12
255,7,11.57,7.8,17.0,0.14,16.26
255,8,12.0,8.3,17.1,0.09,16.56
255,9,12.59,8.5,17.4,0.09,17.02
255,10,13.16,8.3,17.7,0.18,17.05
255,11,13.67,8.9,18.1,0.14,16.87
255,12,14.2,10.1,18.3,0.19,17.24
255,13,14.29,10.4,19.3,0.39,15.92
255,14,14.48,10.7,20.0,0.18,15.73
255,15,14.51,11.2,20.6,0.41,14.98
255,16,14.29,11.5,21.3,0.68,13.46
255,17,14.08,11.4,21.0,1.07,12.38
255,18,13.69,11.1,20.1,0.37,11.11
255,19,13.36,10.9,19.3,0.36,10.08
255,20,12.88,10.5,18.7,0.3,9.5
255,21,12.65,10.3,18.3,0.34,10.69
255,22,12.45,9.7,17.9,0.27,9.65
255,23,12.23,9.2,17.4,0.32,9.02
256,0,11.79,8.9,16.7,0.5,9.09
256,1,11.45,8.4,16.2,0.44,8.45
256,2,11.09,7.8,15.1,0.32,9.37
256,3,10.83,7.7,14.6,0.47,8.71
256,4,10.62,7.9,14.2,0.34,9.16
256,5,10.29,7.2,14.2,0.47,9.43
256,6,10.32,7.9,14.0,0.2,9.75
256,7,10.23,7.7,13.9,0.22,9.81
256,8,10.68,8.4,14.4,0.17,10.35
256,9,11.36,9.3,15.2,0.1,11.69
256,10,11.88,9.5,15.9,0.05,12.9
256,11,12.44,8.8,16.4,0.06,13.86
256,12,12.74,8.8,16.2,0.35,14.16
256,13,13.16,7.8,16.5,0.03,13.9
256,14,13.42,7.8,17.2,0.06,14.07
256,15,13.14,8.1,16.3,0.17,14.75
256,16,13.41,8.4,17.9,0.1,14.94
256,17,13.06,8.6,14.8,0.33,14.94
256,18,12.8,9.0,14.9,0.19,12.71
256,19,12.19,8.4,14.3,0.06,12.08
256,20,11.45,7.7,13.8,0.16,12.73
256,21,11.06,7.0,13.6,0.15,13.11
256,22,10.76,6.7,13.3,0.1,12.26
256,23,10.58,6.5,13.0,0.05,12.55
257,0,10.37,6.3,12.6,0.08,12.35
257,1,10.25,6.3,12.5,0.11,12.5
257,2,9.88,6.5,12.5,0.0,12.52
257,3,9.5,6.2,12.5,0.0,12.1
257,4,9.09,6.2,12.2,0.03,11.66
257,5,8.86,6.2,12.0,0.0,12.16
257,6,8.55,6.1,11.2,0.05,12.06
257,7,8.4,5.8,11.0,0.06,12.5
257,8,8.71,5.3,11.1,0.05,12.63
257,9,9.45,4.9,11.7,0.1,12.29
257,10,10.22,4.5,12.2,0.12,12.12
257,11,11.0,3.9,13.6,0.1,12.06
257,12,11.72,3.7,15.2,0.12,12.28
257,13,12.13,3.3,15.7,0.17,12.98
257,14,12.4,2.9,17.0,0.16,12.98
257,15,12.44,2.9,17.8,0.2,11.97
257,16,12.65,2.5,17.3,0.18,12.12
257,17,12.44,2.1,17.3,0.2,11.77
257,18,11.97,1.9,16.8,0.23,10.95
257,19,11.25,2.0,15.4,0.22,10.18
257,20,10.66,3.2,14.1,0.25,10.97
257,21,10.39,4.0,13.2,0.19,11.03
257,22,10.1,4.8,12.3,0.11,11.8
257,23,9.75,5.0,11.6,0.11,11.91
258,0,9.36,5.0,11.3,0.09,12.04
258,1,9.03,5.1,11.2,0.05,11.85
258,2,8.67,5.0,11.1,0.09,11.32
258,3,8.2,4.5,10.8,0.09,11.59
258,4,7.46,2.3,10.4,0.04,11.16
258,5,7.27,1.9,10.3,0.1,10.96
258,6,7.15,0.2,10.8,0.02,11.1
258,7,7.12,-0.2,11.3,0.02,11.22
258,8,7.65,1.9,11.6,0.03,12.21
258,9,8.49,4.5,12.1,0.1,12.2
258,10,9.3,6.3,12.4,0.3,12.42
258,11,10.21,7.1,13.0,0.19,12.6
258,12,10.72,7.3,13.4,0.4,12.81
258,13,10.85,7.0,13.6,0.24,13.04
258,14,11.08,6.7,13.8,0.22,13.82
258,15,11.18,6.7,14.4,0.13,13.43
258,16,11.5,6.8,14.8,0.07,13.54
258,17,11.35,6.5,14.7,0.13,12.62
258,18,11.0,6.2,13.8,0.24,11.92
258,19,10.49,6.1,13.3,0.35,11.96
258,20,10.02,6.0,13.1,0.3,12.32
258,21,9.58,6.0,12.9,0.18,12.24
258,22,9.44,6.0,13.1,0.03,12.58
258,23,9.16,5.7,13.4,0.03,12.5
259,0,8.79,5.3,13.4,0.24,11.69
259,1,8.64,5.1,13.5,0.17,12.42
259,2,8.36,4.4,13.3,0.01,12.23
259,3,7.77,3.5,13.1,0.0,11.94
259,4,7.42,3.0,11.9,0.03,11.73
259,5,7.18,2.4,11.6,0.15,11.64
259,6,7.02,1.9,11.2,0.12,11.68
259,7,6.83,1.7,10.8,0.07,11.74
259,8,7.22,2.4,11.0,0.11,11.82
259,9,8.13,4.1,12.2,0.1,11.71
259,10,8.99,5.7,13.2,0.18,12.16
259,11,10.05,7.0,14.8,0.18,13.26
259,12,10.58,7.8,14.2,0.3,12.94
259,13,11.11,8.4,15.1,0.29,12.83
259,14,11.35,8.2,15.1,0.31,13.17
259,15,11.16,7.6,15.7,0.37,13.03
259,16,11.26,7.7,16.0,0.62,13.14
259,17,10.98,7.8,15.7,0.58,12.61
259,18,10.59,7.6,14.9,0.55,12.75
259,19,10.17,7.1,13.6,0.48,13.4
259,20,9.74,6.3,12.9,0.48,13.28
259,21,9.3,5.8,12.2,0.83,12.67
259,22,9.15,5.4,12.3,0.79,12.39
259,23,8.92,5.0,12.2,0.6,11.75
260,0,8.73,4.7,11.9,0.36,11.91
260,1,8.58,4.4,11.4,0.18,11.04
260,2,8.49,4.1,11.6,0.41,11.08
260,3,8.17,4.2,11.4,0.05,10.13
260,4,8.03,3.7,11.3,0.36,10.32
260,5,7.8,3.2,11.5,0.1,9.94
260,6,7.72,2.8,11.3,0.07,10.28
260,7,7.61,2.7,11.2,0.07,10.42
260,8,7.9,3.6,11.7,0.26,10.33
260,9,8.59,4.8,12.1,0.13,10.33
260,10,9.37,6.1,13.3,0.12,10.3
260,11,10.21,7.2,13.9,0.2,11.62
260,12,10.82,8.1,14.9,0.28,11.83
260,13,11.29,8.6,15.8,0.12,11.64
260,14,11.69,9.1,16.7,0.22,10.74
260,15,11.63,7.9,16.8,0.02,9.79
260,16,11.5,8.1,15.0,0.05,10.26
260,17,11.04,8.0,14.5,0.13,10.41
260,18,10.67,7.8,13.9,0.01,9.13
260,19,10.03,7.0,13.4,0.04,9.3
260,20,9.39,6.6,12.6,0.05,8.73
260,21,8.94,6.5,11.9,0.06,9.08
260,22,8.46,5.3,11.8,0.06,9.51
260,23,8.23,4.7,12.0,0.11,9.14
261,0,7.93,4.3,11.9,0.16,8.66
261,1,7.7,4.1,11.5,0.07,8.69
261,2,7.57,4.1,11.0,0.02,9.29
261,3,7.2,4.3,11.0,0.02,8.84
261,4,7.22,3.8,11.4,0.21,8.75
261,5,7.16,3.6,11.5,0.12,9.31
261,6,7.28,3.3,12.0,0.23,9.61
261,7,7.23,2.5,12.5,0.03,10.28
261,8,7.61,2.5,13.0,0.03,10.54
261,9,8.62,3.9,13.9,0.01,11.16
261,10,9.6,5.5,14.5,0.02,10.88
261,11,10.44,7.1,15.1,0.04,11.44
261,12,11.26,8.1,15.7,0.02,12.62
261,13,11.88,8.9,15.7,0.01,12.02
261,14,12.2,9.2,16.0,0.0,12.22
261,15,12.01,8.7,15.7,0.1,12.95
261,16,11.97,8.7,15.3,0.04,13.1
261,17,11.81,8.5,15.2,0.04,12.74
261,18,11.3,8.1,14.8,0.01,11.79
261,19,10.56,7.4,14.0,0.01,11.29
261,20,9.97,6.8,13.4,0.0,11.39
261,21,9.52,6.1,13.3,0.0,11.28
261,22,9.16,5.7,13.2,0.0,10.32
261,23,8.73,5.2,13.2,0.0,10.04
262,0,8.5,5.4,13.3,0.01,9.74
262,1,8.3,5.3,13.4,0.01,9.87
262,2,8.11,4.9,13.1,0.02,10.62
262,3,7.92,4.0,13.0,0.03,10.42
262,4,7.33,3.2,12.8,0.06,10.82
262,5,7.02,2.8,12.5,0.03,11.08
262,6,6.79,2.5,12.5,0.03,11.49
262,7,6.77,2.6,12.7,0.09,11.8
262,8,7.16,3.0,13.3,0.05,11.84
262,9,7.99,3.1,14.4,0.06,12.17
262,10,8.97,4.0,15.4,0.02,11.74
262,11,9.97,5.4,16.1,0.03,12.91
262,12,10.75,5.7,16.6,0.07,13.32
262,13,11.23,5.7,16.9,0.05,13.44
262,14,11.51,6.7,16.8,0.04,14.1
262,15,11.67,7.2,16.8,0.06,13.86
262,16,11.85,7.5,17.3,0.07,13.63
262,17,11.67,7.5,17.0,0.04,14.12
262,18,11.23,7.3,16.4,0.08,14.13
262,19,10.53,6.4,15.7,0.11,13.7
262,20,10.1,5.7,15.4,0.13,13.15
262,21,9.93,5.3,15.4,0.12,12.98
262,22,9.84,5.2,15.8,0.14,12.7
262,23,9.65,5.3,16.2,0.14,12.08
263,0,9.31,5.3,16.1,0.18,10.9
263,1,8.83,3.8,15.8,0.14,11.03
263,2,8.53,3.5,15.4,0.07,11.39
263,3,8.28,3.5,15.0,0.02,11.35
263,4,7.54,1.4,14.9,0.04,13.44
263,5,7.52,1.2,14.5,0.0,13.95
263,6,7.51,2.4,14.1,0.0,14.03
263,7,7.51,2.9,13.8,0.01,14.21
263,8,7.61,2.3,13.5,0.09,14.02
263,9,8.44,5.2,13.7,0.15,14.17
263,10,9.24,6.2,13.9,0.18,14.97
263,11,9.78,7.1,14.3,0.54,15.31
263,12,10.16,7.5,14.4,0.2,15.99
263,13,10.32,8.0,14.0,0.22,15.18
263,14,10.36,7.9,14.4,0.1,16.32
263,15,10.01,7.7,17.2,0.19,14.67
263,16,10.09,7.4,17.1,0.17,14.7
263,17,9.89,7.2,15.2,0.07,15.89
263,18,9.69,7.1,14.8,0.03,14.57
263,19,9.43,6.6,14.5,0.01,14.46
263,20,9.11,6.2,13.8,0.0,13.81
263,21,8.86,5.7,13.3,0.0,12.93
263,22,8.53,5.6,13.1,0.0,12.56
263,23,8.0,4.9,12.1,0.02,12.74
264,0,7.66,4.6,11.6,0.03,11.35
264,1,7.41,4.7,11.6,0.02,11.46
264,2,7.17,3.7,11.7,0.03,11.39
264,3,7.01,2.7,12.2,0.0,11.22
264,4,6.23,2.1,11.7,0.0,11.16
264,5,5.99,1.1,11.8,0.01,11.02
264,6,5.81,1.0,11.0,0.01,11.18
264,7,5.71,0.6,10.5,0.01,11.49
264,8,6.13,1.7,10.8,0.02,11.4
264,9,6.98,3.5,11.6,0.01,12.1
264,10,7.87,5.1,12.4,0.06,12.12
264,11,8.75,5.7,13.0,0.11,13.15
264,12,9.37,6.1,13.5,0.16,14.5
264,13,9.89,6.7,14.0,0.2,15.27
264,14,10.1,6.7,14.3,0.21,15.97
264,15,10.23,6.4,15.3,0.2,16.06
264,16,10.12,6.4,15.0,0.31,15.26
264,17,10.04,6.5,14.9,0.19,15.01
264,18,9.8,6.3,14.2,0.21,15.39
264,19,9.33,5.2,12.7,0.3,15.1
264,20,9.04,4.2,12.0,0.35,14.64
264,21,9.38,4.3,12.7,0.46,15.75
264,22,9.52,2.5,13.8,0.49,16.31
264,23,9.46,1.6,13.8,0.03,16.09
265,0,9.33,1.7,13.7,0.04,16.09
265,1,9.31,2.0,14.6,0.02,16.88
265,2,9.03,1.1,15.0,0.02,16.52
265,3,8.69,0.8,15.2,0.03,16.48
265,4,8.08,0.2,15.1,0.01,15.58
265,5,7.75,-0.2,15.2,0.01,15.25
265,6,7.55,-0.5,15.4,0.01,15.81
265,7,7.3,-0.6,15.5,0.03,15.18
265,8,7.53,-0.1,15.8,0.05,14.86
265,9,8.23,1.3,15.2,0.07,14.76
265,10,8.9,2.8,15.9,0.06,14.93
265,11,9.47,4.2,17.1,0.12,14.75
265,12,10.04,5.8,18.1,0.06,15.62
265,13,10.53,6.9,19.2,0.03,15.72
265,14,10.82,6.9,20.0,0.04,16.07
265,15,11.09,5.9,20.6,0.17,16.61
265,16,11.41,6.1,20.6,0.05,16.51
265,17,11.13,6.3,20.2,0.05,16.0
265,18,10.65,6.1,19.4,0.05,15.17
265,19,9.94,5.5,18.2,0.07,14.97
265,20,9.56,5.3,17.5,0.01,14.09
265,21,9.3,4.6,17.3,0.01,14.25
265,22,9.04,4.3,17.3,0.02,14.14
265,23,9.01,3.7,17.1,0.0,13.94
266,0,8.69,3.0,16.6,0.0,13.82
266,1,8.41,2.4,16.3,0.0,13.35
266,2,8.19,1.9,16.3,0.02,13.53
266,3,7.89,1.6,16.9,0.0,14.37
266,4,7.45,1.7,16.9,0.0,14.26
266,5,7.26,1.8,16.6,0.01,14.71
266,6,7.08,1.4,16.4,0.02,15.01
266,7,7.01,1.1,16.5,0.02,15.19
266,8,7.17,1.3,16.6,0.03,15.74
266,9,7.57,2.5,16.4,0.24,15.48
266,10,8.14,3.6,15.7,0.33,15.54
266,11,8.77,4.7,15.7,0.16,16.09
266,12,9.59,5.5,15.7,0.21,16.29
266,13,10.23,6.1,16.7,0.02,16.9
266,14,10.74,6.4,16.6,0.03,16.35
266,15,10.69,6.0,17.4,0.01,15.69
266,16,10.5,5.9,16.3,0.09,15.7
266,17,10.27,5.7,15.6,0.04,15.43
266,18,9.71,5.4,14.9,0.08,14.65
266,19,9.37,4.9,14.4,0.06,14.59
266,20,9.1,4.7,14.2,0.01,14.99
266,21,9.03,4.4,13.6,0.02,15.67
266,22,8.81,4.2,13.0,0.01,15.41
266,23,8.63,4.1,12.6,0.01,15.01
267,0,8.43,4.3,12.4,0.05,14.36
267,1,8.24,3.9,12.3,0.01,13.76
267,2,8.09,3.4,12.1,0.0,13.37
267,3,7.85,1.9,11.9,0.03,13.41
267,4,7.54,1.0,12.0,0.2,12.83
267,5,7.31,-0.4,11.8,0.03,12.66
267,6,7.13,-1.0,11.6,0.02,11.89
267,7,7.09,-0.7,11.5,0.1,11.87
267,8,7.11,-1.1,11.9,0.14,11.79
267,9,7.76,0.3,12.2,0.07,11.19
267,10,8.54,2.3,12.2,0.09,10.79
267,11,9.38,4.1,12.6,0.03,10.62
267,12,10.12,5.3,13.6,0.16,11.3
267,13,10.73,6.0,14.8,0.02,12.05
267,14,11.16,6.0,15.8,0.01,12.54
267,15,10.89,6.1,13.5,0.03,12.5
267,16,10.85,5.5,13.6,0.04,11.83
267,17,10.57,4.9,13.6,0.1,11.19
267,18,10.0,3.7,13.3,0.08,10.28
267,19,9.08,0.6,12.9,0.07,10.45
267,20,8.73,0.5,13.1,0.11,10.55
267,21,8.6,0.5,12.8,0.12,10.75
267,22,8.37,1.5,12.6,0.04,10.5
267,23,8.35,1.4,13.1,0.03,11.0
268,0,8.17,0.2,13.3,0.09,11.4
268,1,7.97,0.9,13.2,0.2,11.33
268,2,7.76,1.4,13.4,0.09,11.4
268,3,7.37,0.1,13.3,0.11,11.29
268,4,7.04,0.6,13.6,0.06,10.94
268,5,7.13,0.9,13.5,0.05,11.12
268,6,7.05,0.3,13.1,0.05,11.12
268,7,7.06,0.2,13.3,0.05,11.5
268,8,7.21,0.7,13.4,0.05,11.71
268,9,8.12,2.0,13.8,0.08,11.28
268,10,9.22,4.2,14.0,0.19,11.19
268,11,10.24,5.1,14.5,0.07,12.0
268,12,11.1,5.9,15.4,0.05,12.54
268,13,11.71,7.0,15.7,0.14,12.96
268,14,12.07,7.8,15.6,0.03,13.29
268,15,12.16,7.9,16.4,0.01,12.77
268,16,12.14,7.3,16.1,0.06,12.34
268,17,11.94,7.1,16.4,0.04,12.33
268,18,11.5,7.4,16.2,0.11,12.69
268,19,10.83,7.1,15.6,0.19,13.45
268,20,10.52,6.7,15.4,0.08,14.25
268,21,10.01,5.4,14.7,0.04,14.13
268,22,9.72,4.2,14.1,0.01,14.14
268,23,9.59,3.8,13.9,0.0,13.66
269,0,9.47,3.4,13.9,0.0,12.85
269,1,9.13,4.0,13.5,0.01,12.4
269,2,8.8,3.1,13.5,0.0,11.73
269,3,8.44,3.1,13.6,0.0,11.21
269,4,8.09,3.2,13.3,0.01,10.59
269,5,7.86,3.2,13.1,0.04,10.55
269,6,7.89,3.7,13.0,0.04,10.69
269,7,7.93,3.6,13.1,0.04,10.81
269,8,8.12,4.4,12.6,0.74,11.26
269,9,8.59,5.1,12.1,0.4,11.54
269,10,9.25,6.2,12.8,0.1,11.3
269,11,9.8,7.2,13.3,0.07,11.55
269,12,10.24,7.5,14.1,0.17,11.76
269,13,10.88,7.8,14.8,0.11,11.99
269,14,11.24,7.5,14.8,0.15,12.74
269,15,11.35,8.2,14.4,0.25,12.84
269,16,11.32,8.0,14.4,0.32,12.39
269,17,11.05,7.3,14.1,0.17,11.36
269,18,10.72,8.3,13.7,0.05,11.81
269,19,10.02,7.7,13.4,0.02,12.02
269,20,9.56,6.7,13.1,0.01,11.74
269,21,9.38,7.2,12.9,0.01,11.58
269,22,9.11,6.6,12.5,0.0,10.83
269,23,8.84,6.1,12.4,0.05,10.91
270,0,8.82,6.3,12.2,0.09,10.9
270,1,8.73,5.9,12.0,0.03,10.94
270,2,8.55,5.4,12.1,0.02,10.94
270,3,8.47,5.1,12.2,0.06,11.12
270,4,7.98,4.7,12.3,0.05,10.91
270,5,7.71,4.5,12.3,0.01,10.68
270,6,7.41,4.2,12.2,0.06,10.46
270,7,7.22,3.9,12.1,0.09,10.06
270,8,7.2,3.9,12.0,0.05,10.05
270,9,7.85,5.0,12.1,0.09,10.14
270,10,8.79,6.5,12.2,0.06,10.3
270,11,9.69,6.5,13.4,0.13,10.59
270,12,10.46,6.4,14.6,0.15,10.4
270,13,11.06,7.0,15.6,0.22,10.28
270,14,11.57,7.4,15.9,0.2,9.95
270,15,11.73,7.9,14.8,0.24,9.87
270,16,11.72,7.8,15.1,0.23,9.85
270,17,11.42,7.6,14.6,0.28,9.68
270,18,10.79,7.3,13.3,0.15,9.9
270,19,10.04,6.6,12.8,0.13,10.15
270,20,9.58,6.3,12.6,0.08,9.86
270,21,9.3,5.8,12.4,0.1,9.73
270,22,9.04,5.4,12.8,0.13,10.08
270,23,8.8,4.6,12.6,0.23,10.15
271,0,8.66,4.1,12.6,0.33,10.62
271,1,8.41,3.7,12.3,0.24,11.24
271,2,8.13,2.8,12.2,0.1,10.92
271,3,7.86,2.1,12.6,0.09,10.82
271,4,7.37,1.5,12.2,0.07,11.16
271,5,7.24,1.1,12.1,0.02,11.53
271,6,7.15,0.8,11.9,0.01,12.03
271,7,7.0,0.4,11.6,0.01,11.9
271,8,7.04,0.8,11.2,0.0,11.68
271,9,7.6,1.7,11.4,0.0,12.04
271,10,8.48,2.5,12.1,0.01,12.04
271,11,9.37,3.5,12.8,0.0,12.66
271,12,10.25,4.5,13.3,0.0,12.28
271,13,11.01,5.3,14.2,0.0,12.4
271,14,11.47,5.8,14.9,0.01,12.3
271,15,11.48,5.8,15.2,0.0,12.29
271,16,11.66,5.9,15.5,0.03,12.27
271,17,11.27,5.8,15.2,0.04,11.33
271,18,10.41,4.8,14.1,0.07,10.32
271,19,9.52,4.0,12.7,0.08,10.95
271,20,9.02,3.5,12.0,0.08,11.53
271,21,8.61,2.9,11.6,0.09,11.69
271,22,8.25,2.4,11.3,0.08,11.04
271,23,7.97,1.5,10.9,0.12,10.71
272,0,7.64,0.2,10.7,0.12,10.84
272,1,7.49,0.2,10.9,0.12,10.48
272,2,7.32,1.1,11.1,0.07,9.96
272,3,6.78,-1.8,11.2,0.02,10.71
272,4,6.49,-1.5,11.2,0.0,10.62
272,5,6.32,-1.6,10.5,0.0,10.77
272,6,6.2,-1.6,10.7,0.0,10.93
272,7,6.08,-1.8,11.0,0.0,11.22
272,8,6.21,-1.9,11.7,0.04,11.37
272,9,6.97,-0.3,12.1,0.17,11.44
272,10,8.06,1.5,12.7,0.01,11.84
272,11,9.0,3.2,13.3,0.16,12.21
272,12,9.73,4.5,14.0,0.09,13.55
272,13,10.21,5.5,14.1,0.08,13.23
272,14,10.73,6.3,14.4,0.02,13.08
272,15,10.78,6.2,15.1,0.03,12.89
272,16,10.88,5.9,15.4,0.1,11.92
272,17,10.43,5.3,15.2,0.21,12.06
272,18,9.66,4.6,14.6,0.73,10.62
272,19,9.05,4.4,13.9,0.39,11.0
272,20,8.57,4.4,13.5,0.38,11.81
272,21,8.39,4.8,13.2,0.24,12.62
272,22,8.28,5.0,13.7,0.07,13.17
272,23,8.14,5.1,13.4,0.1,12.85
273,0,7.97,5.1,13.1,0.14,12.55
273,1,7.84,4.8,12.9,0.08,12.8
273,2,7.68,4.6,12.6,0.14,12.85
273,3,7.33,4.2,13.2,0.39,13.41
273,4,7.15,3.8,13.1,0.19,13.18
273,5,7.17,3.7,13.1,0.22,12.88
273,6,6.99,3.7,12.5,0.15,12.46
273,7,6.9,3.7,12.2,0.05,12.05
273,8,6.98,3.6,12.0,0.04,12.15
273,9,7.45,3.7,12.4,0.05,12.12
273,10,8.02,3.6,12.8,0.07,12.16
273,11,8.64,3.7,12.9,0.06,11.92
273,12,9.35,3.9,13.5,0.05,11.81
273,13,9.75,4.0,13.6,0.09,11.51
273,14,9.94,4.3,13.9,0.09,11.51
273,15,9.75,3.9,13.1,0.03,11.18
273,16,9.85,4.3,13.0,0.06,11.45
273,17,9.65,4.2,12.7,0.04,11.45
273,18,9.17,4.0,12.2,0.02,11.55
273,19,8.6,3.8,11.8,0.07,11.39
273,20,8.23,3.6,11.6,0.14,11.69
273,21,8.01,3.4,11.3,0.2,11.69
273,22,7.76,3.2,11.2,0.13,11.64
273,23,7.58,2.9,11.1,0.15,11.88
274,0,7.45,3.3,11.0,0.08,12.1
274,1,7.27,3.0,10.7,0.09,12.1
274,2,7.14,2.7,10.8,0.16,12.03
274,3,7.02,2.7,10.8,0.11,12.72
274,4,6.87,2.2,10.8,0.06,12.6
274,5,6.74,1.9,11.0,0.02,12.71
274,6,6.6,1.9,11.0,0.01,13.1
274,7,6.49,1.9,10.7,0.04,13.28
274,8,6.55,2.3,10.4,0.03,13.42
274,9,7.07,2.9,10.3,0.01,13.21
274,10,7.77,3.6,11.2,0.01,13.33
274,11,8.5,4.5,11.7,0.02,13.85
274,12,9.06,5.7,12.2,0.04,14.19
274,13,9.35,6.5,12.6,0.01,13.49
274,14,9.75,7.1,12.9,0.05,14.36
274,15,9.59,7.0,12.8,0.04,14.53
274,16,9.62,6.7,12.9,0.01,14.3
274,17,9.45,6.5,12.8,0.0,13.35
274,18,8.96,6.1,12.0,0.0,12.78
274,19,8.28,4.7,11.1,0.0,12.52
274,20,7.92,3.7,10.5,0.01,12.54
274,21,7.52,3.3,9.9,0.06,12.61
274,22,7.02,2.8,10.1,0.07,12.71
274,23,6.71,2.6,9.8,0.02,12.86
275,0,6.39,3.0,9.4,0.09,11.97
275,1,6.06,3.0,9.0,0.13,12.05
275,2,5.95,2.4,8.5,0.2,12.08
275,3,5.76,2.0,8.9,0.05,12.51
275,4,5.59,1.1,9.0,0.01,12.79
275,5,5.31,0.9,8.5,0.12,12.21
275,6,5.05,0.8,8.6,0.06,11.95
275,7,4.9,0.3,8.7,0.11,12.13
275,8,4.94,0.4,8.7,0.04,12.02
275,9,5.64,1.4,8.7,0.05,11.71
275,10,6.4,2.4,8.3,0.07,11.25
275,11,7.3,3.9,9.1,0.06,11.74
275,12,8.2,5.3,10.7,0.02,12.36
275,13,8.84,5.8,12.2,0.02,12.37
275,14,9.34,6.0,13.1,0.02,12.83
275,15,9.48,5.9,14.9,0.04,12.4
275,16,9.47,5.9,14.8,0.03,11.84
275,17,9.09,5.7,14.0,0.08,11.61
275,18,8.29,4.7,12.6,0.05,11.25
275,19,7.5,3.8,11.2,0.0,11.65
275,20,6.91,2.6,10.3,0.04,11.85
275,21,6.39,2.2,9.5,0.0,11.8
275,22,6.04,1.7,8.9,0.0,11.39
275,23,5.61,1.5,8.5,0.01,11.28
276,0,5.42,1.1,8.6,0.0,11.27
276,1,5.3,0.7,8.7,0.0,11.19
276,2,5.14,0.3,8.9,0.04,11.45
276,3,4.98,-0.4,9.2,0.05,12.16
276,4,4.48,-1.0,8.3,0.06,12.12
276,5,4.21,-1.1,8.2,0.07,12.57
276,6,4.09,-1.6,8.3,0.07,12.54
276,7,3.96,-2.1,8.3,0.0,12.52
276,8,3.87,-2.3,8.5,0.0,12.63
276,9,4.33,-2.2,8.9,0.02,12.73
276,10,5.12,-1.2,9.4,0.0,12.18
276,11,6.19,0.8,10.4,0.01,12.54
276,12,7.14,1.9,11.2,0.01,12.32
276,13,7.91,2.9,12.4,0.06,12.39
276,14,8.46,3.5,12.9,0.04,12.8
276,15,8.58,4.1,13.5,0.03,13.11
276,16,8.58,4.3,13.3,0.03,12.85
276,17,8.22,3.9,12.9,0.03,12.24
276,18,7.49,2.9,12.0,0.03,12.92
276,19,6.64,1.7,11.2,0.03,13.78
276,20,6.18,0.8,10.7,0.05,13.64
276,21,5.85,0.0,10.4,0.05,13.37
276,22,5.58,-0.4,10.0,0.06,13.35
276,23,5.19,-0.9,9.8,0.07,13.21
277,0,4.73,-1.5,9.6,0.07,13.21
277,1,4.54,-1.8,9.7,0.04,13.46
277,2,4.41,-2.3,9.8,0.02,13.44
277,3,4.45,-2.2,10.4,0.01,13.57
277,4,4.24,-1.8,10.4,0.0,13.52
277,5,4.38,-0.9,10.3,0.0,13.49
277,6,4.29,-1.4,10.3,0.0,13.35
277,7,3.92,-1.8,10.4,0.0,13.43
277,8,4.02,-1.9,10.6,0.0,13.86
277,9,4.59,-1.1,11.0,0.01,14.4
277,10,5.48,0.1,11.4,0.07,14.12
277,11,6.45,1.4,11.8,0.01,13.76
277,12,7.49,2.5,12.0,0.11,14.43
277,13,8.02,3.2,13.0,0.21,14.2
277,14,8.38,3.8,13.9,0.06,14.64
277,15,8.5,3.8,14.2,0.02,14.27
277,16,8.49,3.6,14.0,0.17,14.09
277,17,8.06,3.0,13.4,0.05,13.94
277,18,7.4,1.8,12.4,0.01,13.58
277,19,6.86,2.0,12.0,0.03,13.27
277,20,6.66,2.4,11.5,0.09,14.06
277,21,6.37,2.1,11.0,0.23,13.17
277,22,6.11,0.9,10.6,0.16,12.75
277,23,5.65,-0.1,9.9,0.13,12.75
278,0,5.27,-0.8,9.6,0.26,12.55
278,1,4.94,-1.0,9.6,0.32,13.16
278,2,4.7,-0.1,9.5,0.23,13.11
278,3,4.6,0.1,9.4,0.14,13.67
278,4,4.27,-0.5,9.4,0.28,13.58
278,5,4.07,-0.9,9.5,0.27,13.9
278,6,4.06,-1.1,9.7,0.2,14.22
278,7,4.07,-1.2,10.2,0.19,14.17
278,8,4.06,-1.0,9.8,0.17,14.2
278,9,4.52,-0.4,10.0,0.11,14.58
278,10,5.2,0.5,10.3,0.14,14.69
278,11,5.97,1.5,11.0,0.23,15.5
278,12,6.62,1.5,11.7,0.23,15.98
278,13,7.17,1.8,12.1,0.1,15.72
278,14,7.56,3.5,12.5,0.07,15.25
278,15,7.86,4.8,11.7,0.06,15.6
278,16,7.83,4.7,12.0,0.13,15.69
278,17,7.63,4.4,11.9,0.07,15.48
278,18,7.18,3.7,11.5,0.02,15.79
278,19,6.99,2.7,11.2,0.03,15.9
278,20,6.86,2.5,11.2,0.05,14.87
278,21,6.76,2.5,10.8,0.04,15.08
278,22,6.67,2.2,11.4,0.04,14.86
278,23,6.52,2.2,11.5,0.09,13.56
279,0,6.41,1.3,11.4,0.08,13.44
279,1,6.37,1.8,11.2,0.11,13.05
279,2,6.27,1.2,11.2,0.07,13.13
279,3,5.98,1.0,10.9,0.07,13.16
279,4,5.52,-0.5,10.6,0.05,12.32
279,5,5.41,-0.1,10.6,0.1,12.77
279,6,5.36,0.1,10.2,0.1,12.33
279,7,5.43,0.4,10.5,0.07,12.18
279,8,5.63,0.7,11.1,0.17,11.3
279,9,5.82,0.9,11.7,0.33,11.61
279,10,6.38,1.0,11.9,0.39,12.15
279,11,6.77,1.3,11.0,0.49,11.03
279,12,7.17,1.4,11.6,0.29,11.88
279,13,7.51,1.5,12.0,0.24,12.5
279,14,7.85,1.4,12.1,0.25,13.22
279,15,7.91,1.5,11.7,0.25,12.68
279,16,7.83,2.1,12.0,0.27,13.54
279,17,7.54,2.0,11.8,0.21,13.95
279,18,7.06,2.0,11.1,0.14,13.74
279,19,6.6,2.0,11.1,0.12,14.6
279,20,6.27,2.0,11.3,0.16,14.09
279,21,5.98,1.5,11.2,0.33,13.59
279,22,5.69,1.4,10.7,0.78,13.58
279,23,5.51,1.5,10.8,0.84,13.45
280,0,5.39,1.4,11.0,0.44,12.62
280,1,5.26,1.0,11.1,0.41,11.98
280,2,5.36,0.8,11.0,0.17,11.76
280,3,5.22,0.6,11.2,0.12,12.36
280,4,5.17,0.8,11.3,0.16,12.38
280,5,5.01,0.2,11.2,0.26,11.83
280,6,4.9,-0.4,11.2,0.14,11.02
280,7,4.6,-1.4,11.6,0.09,10.95
280,8,4.59,-2.4,11.5,0.1,11.06
280,9,5.24,-0.1,11.8,0.1,11.5
280,10,5.79,0.3,12.1,0.15,11.58
280,11,6.41,0.8,12.0,0.21,11.5
280,12,6.96,1.1,12.5,0.29,12.46
280,13,7.16,1.2,13.1,0.23,13.65
280,14,7.3,1.6,13.5,0.08,13.39
280,15,7.47,1.8,13.8,0.06,12.1
280,16,7.33,1.3,13.7,0.09,12.02
280,17,6.93,1.2,13.3,0.12,12.26
280,18,6.36,0.8,12.7,0.1,12.33
280,19,5.94,0.6,12.0,0.11,12.2
280,20,5.76,0.5,11.5,0.1,12.51
280,21,5.57,0.5,11.2,0.18,12.28
280,22,5.43,0.5,10.9,0.08,11.9
280,23,5.23,0.5,10.5,0.15,11.61
281,0,4.95,0.3,10.1,0.17,11.21
281,1,4.76,0.1,10.3,0.7,11.15
281,2,4.52,0.0,10.2,0.09,11.01
281,3,4.4,-0.3,10.2,0.27,11.29
281,4,4.41,-0.6,10.2,0.13,11.95
281,5,4.34,-0.8,10.2,0.17,12.57
281,6,4.24,-0.9,10.5,0.15,12.69
281,7,3.91,-1.2,10.8,0.24,12.87
281,8,3.76,-1.7,11.0,0.22,12.47
281,9,4.21,-0.9,11.4,0.1,13.42
281,10,4.94,0.5,11.1,0.15,13.31
281,11,5.7,1.3,11.2,0.11,13.5
281,12,6.4,2.0,11.8,0.1,14.18
281,13,6.9,2.6,12.1,0.06,14.36
281,14,7.28,3.1,12.7,0.09,14.55
281,15,7.15,2.8,12.0,0.28,14.82
281,16,6.98,2.9,12.1,0.25,14.67
281,17,6.77,2.8,12.1,0.13,14.94
281,18,6.26,2.2,11.9,0.16,14.74
281,19,5.92,1.4,11.8,0.19,15.04
281,20,5.47,0.5,10.7,0.15,14.5
281,21,5.21,0.2,10.2,0.07,13.42
281,22,5.01,-0.2,10.1,0.07,13.1
281,23,4.87,-0.8,10.0,0.01,12.73
282,0,4.71,-0.9,9.8,0.01,12.49
282,1,4.56,-0.6,9.9,0.15,12.07
282,2,4.48,0.1,9.8,0.11,11.72
282,3,4.35,-0.1,9.7,0.0,12.44
282,4,4.24,-0.2,9.6,0.0,11.78
282,5,4.19,-0.2,9.3,0.0,11.81
282,6,4.18,-0.1,9.1,0.0,11.66
282,7,4.04,-0.5,8.9,0.0,11.88
282,8,4.11,0.5,8.6,0.0,12.28
282,9,4.57,1.0,9.1,0.01,12.49
282,10,5.37,1.9,9.9,0.01,12.63
282,11,6.29,2.8,10.7,0.01,12.47
282,12,6.92,3.2,11.3,0.02,12.81
282,13,7.35,3.3,11.9,0.03,13.99
282,14,7.65,3.4,12.4,0.03,13.57
282,15,7.72,2.9,12.6,0.04,12.92
282,16,7.69,2.3,11.8,0.04,13.18
282,17,7.36,2.3,11.4,0.02,13.23
282,18,6.52,1.6,10.0,0.05,13.67
282,19,5.97,-0.3,9.9,0.05,14.43
282,20,5.98,1.4,10.4,0.1,14.55
282,21,5.66,0.7,10.5,0.16,14.64
282,22,5.59,-0.4,10.3,0.31,14.93
282,23,5.36,-1.3,10.1,0.29,14.3
283,0,5.29,-1.5,9.6,0.46,14.88
283,1,5.23,-1.9,9.7,0.52,14.87
283,2,5.2,-2.3,9.9,0.37,15.27
283,3,5.15,-3.2,10.5,0.31,15.52
283,4,4.9,-3.7,10.7,0.33,15.61
283,5,4.85,-3.9,10.9,0.28,15.46
283,6,4.88,-3.7,11.4,0.29,14.97
283,7,4.87,-3.5,11.7,0.23,14.82
283,8,4.83,-3.3,11.6,0.4,14.17
283,9,4.97,-2.7,11.7,0.5,14.47
283,10,5.79,-1.1,11.8,0.32,14.21
283,11,6.64,0.7,11.8,0.2,14.31
283,12,7.41,2.1,11.9,0.2,15.02
283,13,7.88,3.2,11.9,0.06,16.12
283,14,8.06,3.6,11.7,0.06,14.72
283,15,8.05,2.9,12.4,0.09,13.32
283,16,8.17,2.7,12.4,0.08,13.73
283,17,7.73,2.0,11.9,0.06,13.77
283,18,7.2,1.4,11.5,0.13,14.08
283,19,6.78,1.4,11.1,0.09,13.79
283,20,6.48,1.3,10.7,0.1,13.9
283,21,6.19,1.3,10.3,0.22,13.55
283,22,6.08,1.4,10.0,0.25,13.38
283,23,5.91,1.2,9.5,0.19,13.06
284,0,5.78,1.2,9.3,0.27,13.32
284,1,5.68,1.1,9.5,0.4,12.97
284,2,5.66,1.1,9.7,0.44,13.52
284,3,5.57,1.3,10.3,0.23,13.86
284,4,5.45,1.5,10.3,0.2,13.95
284,5,5.45,1.6,10.0,0.18,13.95
284,6,5.62,1.7,10.2,0.2,13.97
284,7,5.79,1.9,10.1,0.31,15.14
284,8,5.94,2.2,9.8,0.21,14.6
284,9,6.12,2.5,9.9,0.25,14.76
284,10,6.51,2.9,10.4,0.2,15.17
284,11,7.16,3.0,11.4,0.13,15.38
284,12,7.74,3.2,12.4,0.05,15.65
284,13,7.99,3.3,11.7,0.04,15.32
284,14,7.98,3.6,10.2,0.09,14.86
284,15,8.03,4.3,10.4,0.2,13.83
284,16,7.91,4.4,10.3,0.26,12.81
284,17,7.44,4.2,9.8,0.34,11.91
284,18,6.92,4.2,9.0,0.3,12.22
284,19,6.65,4.3,8.4,0.42,12.01
284,20,6.37,3.9,8.3,0.49,12.76
284,21,6.25,3.5,8.5,0.25,11.38
284,22,6.19,4.0,8.7,0.38,10.4
284,23,6.01,4.0,8.8,0.36,9.54
285,0,5.64,3.3,8.9,0.31,8.59
285,1,5.58,2.9,9.1,0.57,9.99
285,2,5.37,2.5,9.2,0.43,10.25
285,3,5.0,1.9,9.5,0.21,10.13
285,4,4.75,1.8,9.3,0.08,10.98
285,5,4.62,2.1,9.5,0.08,11.39
285,6,4.43,1.8,9.7,0.05,11.56
285,7,4.2,1.7,9.8,0.07,12.17
285,8,4.11,1.5,9.7,0.06,12.4
285,9,4.18,1.7,9.6,0.04,12.34
285,10,4.68,2.2,9.6,0.04,12.06
285,11,5.25,2.4,9.8,0.05,12.9
285,12,5.71,1.9,9.9,0.08,13.45
285,13,6.09,2.2,10.1,0.05,14.23
285,14,6.32,2.1,10.4,0.03,13.38
285,15,6.45,2.6,10.8,0.08,14.02
285,16,6.31,2.3,10.8,0.17,13.68
285,17,5.96,2.5,10.5,0.11,13.26
285,18,5.49,2.5,9.8,0.09,13.27
285,19,5.33,2.8,9.7,0.03,13.8
285,20,5.2,2.5,9.6,0.02,13.55
285,21,4.99,2.4,9.3,0.02,13.32
285,22,4.72,2.3,9.0,0.01,13.08
285,23,4.54,2.1,8.7,0.01,12.54
286,0,4.32,1.9,8.8,0.01,12.3
286,1,4.19,1.7,9.2,0.01,12.34
286,2,4.08,1.1,9.3,0.09,12.3
286,3,3.81,0.8,9.6,0.09,12.02
286,4,3.72,0.5,9.9,0.05,12.41
286,5,3.56,0.0,10.0,0.06,12.38
286,6,3.58,-0.4,10.0,0.02,11.87
286,7,3.55,-0.6,10.0,0.01,11.63
286,8,3.5,-0.7,10.1,0.01,11.13
286,9,3.75,-0.3,10.2,0.0,10.72
286,10,4.46,0.7,10.6,0.0,10.08
286,11,5.13,1.2,11.0,0.02,9.72
286,12,5.8,1.4,11.5,0.05,10.92
286,13,6.22,2.0,11.5,0.06,10.51
286,14,6.62,2.5,12.2,0.06,10.47
286,15,6.75,1.8,12.8,0.05,10.79
286,16,6.8,1.9,13.3,0.03,9.73
286,17,6.49,1.9,13.7,0.04,9.69
286,18,5.91,1.8,13.8,0.02,10.39
286,19,5.75,1.8,13.7,0.01,10.55
286,20,5.55,1.5,13.4,0.0,11.04
286,21,5.45,0.7,13.2,0.02,10.98
286,22,5.17,0.6,13.3,0.02,10.81
286,23,4.95,-0.7,13.3,0.02,10.95
287,0,4.97,0.3,13.4,0.01,10.75
287,1,4.81,-0.4,13.6,0.09,10.19
287,2,4.67,-0.5,13.8,0.07,9.66
287,3,4.81,0.3,14.5,0.1,9.55
287,4,4.53,0.0,14.3,0.14,9.73
287,5,4.35,0.3,14.2,0.05,9.73
287,6,4.24,-0.6,14.2,0.03,9.8
287,7,4.08,-1.0,14.0,0.04,9.54
287,8,4.04,-1.7,13.9,0.04,9.87
287,9,4.26,-1.0,14.0,0.06,10.04
287,10,4.75,0.2,14.6,0.08,10.45
287,11,5.31,1.8,15.1,0.1,9.93
287,12,5.91,2.8,15.5,0.11,10.14
287,13,6.36,3.7,15.9,0.07,10.44
287,14,6.62,4.2,16.4,0.11,10.26
287,15,6.81,3.5,17.2,0.06,11.25
287,16,6.78,3.3,17.3,0.07,10.72
287,17,6.61,2.7,17.0,0.05,10.6
287,18,6.12,2.3,16.3,0.07,10.94
287,19,5.83,2.3,16.2,0.06,11.02
287,20,5.79,2.6,16.6,0.05,11.39
287,21,5.55,2.5,16.0,0.18,11.41
287,22,5.46,2.4,15.4,0.04,11.08
287,23,5.42,2.2,14.5,0.04,10.7
288,0,5.44,2.8,13.7,0.02,11.04
288,1,5.51,2.9,13.3,0.02,10.96
288,2,5.45,2.6,12.9,0.01,11.2
288,3,5.24,2.2,13.2,0.0,10.83
288,4,4.99,1.5,12.5,0.12,11.56
288,5,4.68,1.1,12.3,0.1,11.19
288,6,4.59,0.8,12.2,0.07,10.98
288,7,4.34,-1.5,12.1,0.05,11.47
288,8,4.48,-0.7,11.9,0.04,11.01
288,9,4.68,0.4,12.0,0.05,10.53
288,10,5.23,1.4,12.6,0.02,12.02
288,11,5.71,2.5,12.7,0.05,13.52
288,12,6.01,3.2,12.3,0.07,14.25
288,13,6.33,3.2,11.9,0.08,14.08
288,14,6.42,3.2,11.6,0.04,13.97
288,15,6.28,2.5,11.2,0.1,13.91
288,16,6.27,2.6,10.7,0.15,13.93
288,17,5.94,2.3,10.3,0.06,13.53
288,18,5.61,1.9,10.1,0.1,14.29
288,19,5.45,1.7,9.7,0.17,14.45
288,20,5.46,1.5,9.5,0.13,14.36
288,21,5.55,1.4,9.3,0.17,14.41
288,22,5.66,1.3,9.5,0.22,14.54
288,23,5.68,1.4,9.6,0.19,14.73
289,0,5.66,1.5,9.6,0.25,14.67
289,1,5.56,1.3,9.7,0.29,14.55
289,2,5.52,1.0,9.5,0.34,14.8
289,3,5.3,0.7,9.5,0.52,14.02
289,4,5.07,0.7,9.6,0.25,14.0
289,5,5.08,0.8,9.6,0.25,14.34
289,6,5.07,0.8,9.8,0.13,15.59
289,7,4.95,0.8,9.9,0.13,15.63
289,8,4.82,0.9,9.8,0.1,15.35
289,9,4.71,0.9,9.7,0.1,14.96
289,10,4.93,1.5,9.9,0.06,15.1
289,11,5.29,1.8,10.1,0.05,15.19
289,12,5.73,2.4,10.6,0.11,14.76
289,13,6.11,3.0,10.5,0.25,13.35
289,14,6.38,3.1,10.9,0.2,13.37
289,15,6.71,2.9,11.1,0.15,14.32
289,16,6.6,3.0,10.4,0.19,14.16
289,17,6.39,2.5,10.5,0.21,14.29
289,18,6.05,1.9,10.6,0.04,16.11
289,19,5.95,1.7,9.7,0.05,15.51
289,20,5.95,1.6,9.7,0.07,15.95
289,21,5.76,1.6,9.6,0.11,15.93
289,22,5.69,1.7,9.2,0.09,16.14
289,23,5.5,1.7,9.0,0.05,16.52
290,0,5.19,1.8,8.6,0.06,16.03
290,1,4.92,1.8,8.0,0.05,15.78
290,2,4.69,1.7,7.8,0.02,15.37
290,3,4.53,1.5,7.7,0.01,14.67
290,4,4.31,1.1,7.4,0.07,13.8
290,5,4.11,0.9,7.3,0.08,13.46
290,6,4.01,0.7,7.2,0.02,13.51
290,7,3.89,0.4,7.0,0.02,13.79
290,8,3.68,0.1,6.9,0.05,13.7
290,9,3.51,-0.4,6.8,0.07,13.58
290,10,4.06,-0.1,7.3,0.09,13.32
290,11,4.65,0.9,7.9,0.18,13.36
290,12,5.04,1.4,8.3,0.2,14.16
290,13,5.22,1.7,8.3,0.23,14.66
290,14,5.44,1.8,8.3,0.2,14.46
290,15,5.72,1.8,8.9,0.14,13.19
290,16,5.67,1.6,9.2,0.13,12.82
290,17,5.23,1.2,8.6,0.15,12.92
290,18,4.82,0.9,8.5,0.08,13.28
290,19,4.65,0.8,8.9,0.07,12.88
290,20,4.63,0.8,9.2,0.06,12.81
290,21,4.26,0.6,9.6,0.02,12.38
290,22,4.2,0.4,9.6,0.03,12.54
290,23,4.05,0.4,8.7,0.04,12.42
291,0,3.86,-0.2,8.3,0.02,12.22
291,1,3.64,-0.7,8.1,0.05,12.21
291,2,3.55,-0.4,8.1,0.01,11.98
291,3,2.91,-2.3,8.2,0.01,11.1
291,4,2.66,-2.3,8.1,0.03,11.49
291,5,2.48,-2.7,8.0,0.01,11.88
291,6,2.55,-3.2,8.1,0.0,11.94
291,7,2.38,-3.1,8.2,0.0,11.88
291,8,2.38,-3.3,8.4,0.04,11.72
291,9,2.45,-3.0,8.7,0.04,11.4
291,10,2.96,-2.7,9.0,0.0,11.72
291,11,3.56,-2.2,9.5,0.0,11.72
291,12,4.23,-1.3,10.1,0.02,12.17
291,13,4.62,-0.4,9.9,0.04,12.27
291,14,4.81,0.4,9.8,0.12,12.27
291,15,4.67,0.3,9.9,0.2,12.29
291,16,4.51,0.3,10.0,0.18,13.03
291,17,4.01,-0.3,9.4,0.32,13.14
291,18,3.55,-1.2,9.0,0.24,13.26
291,19,3.35,-1.2,8.5,0.04,13.11
291,20,3.35,-0.8,8.5,0.02,12.82
291,21,3.41,-0.2,8.5,0.02,12.98
291,22,3.37,0.2,8.3,0.05,13.09
291,23,3.39,0.1,8.8,0.07,13.56
292,0,3.41,-0.2,8.8,0.09,13.76
292,1,3.3,-0.4,8.9,0.1,13.64
292,2,3.12,-1.2,8.9,0.04,13.47
292,3,3.07,-1.5,9.0,0.02,13.54
292,4,2.94,-1.8,9.3,0.02,13.34
292,5,2.93,-1.8,9.6,0.05,13.42
292,6,2.82,-2.1,9.7,0.05,13.06
292,7,2.74,-2.4,9.7,0.03,12.09
292,8,2.59,-2.6,9.6,0.06,11.96
292,9,2.61,-2.6,9.7,0.04,12.88
292,10,3.31,-1.8,9.8,0.05,12.34
292,11,3.91,-1.0,10.0,0.04,12.41
292,12,4.52,-0.3,10.3,0.1,12.17
292,13,4.89,0.4,10.5,0.12,11.92
292,14,5.12,0.7,10.6,0.06,12.1
292,15,5.08,0.7,10.6,0.08,12.09
292,16,4.86,0.4,10.3,0.15,12.19
292,17,4.25,-1.0,10.3,0.09,12.16
292,18,3.76,-1.7,10.1,0.14,11.89
292,19,3.3,-2.7,10.0,0.24,12.22
292,20,2.99,-3.3,10.1,0.17,12.02
292,21,2.75,-3.6,10.1,0.18,11.98
292,22,2.61,-3.7,10.0,0.18,11.58
292,23,2.47,-3.7,10.0,0.11,10.97
293,0,2.33,-3.5,10.0,0.08,10.48
293,1,2.36,-3.8,9.7,0.04,9.91
293,2,2.16,-3.7,9.3,0.03,9.55
293,3,1.78,-4.2,9.1,0.03,10.0
293,4,1.4,-4.0,9.5,0.06,9.71
293,5,1.14,-4.2,9.3,0.04,9.73
293,6,0.67,-4.7,8.7,0.04,10.59
293,7,0.45,-5.0,8.2,0.07,10.95
293,8,0.27,-5.2,7.9,0.09,10.25
293,9,0.1,-5.3,7.8,0.14,10.11
293,10,0.52,-4.4,7.8,0.12,9.98
293,11,1.22,-2.4,8.2,0.13,8.87
293,12,1.97,-1.0,9.0,0.16,8.1
293,13,2.53,0.0,9.2,0.15,8.43
293,14,2.92,0.5,9.4,0.12,8.55
293,15,3.14,-0.1,9.9,0.11,8.17
293,16,2.91,-0.4,9.4,0.08,8.18
293,17,2.48,-0.6,9.5,0.1,8.7
293,18,2.26,-0.7,9.8,0.13,9.2
293,19,2.2,-1.2,10.1,0.14,9.2
293,20,2.18,-1.4,10.4,0.41,9.66
293,21,2.0,-1.4,10.6,0.31,9.73
293,22,1.95,-1.4,10.8,0.17,10.15
293,23,1.85,-2.2,11.0,0.13,10.14
294,0,1.88,-2.6,10.9,0.16,9.66
294,1,1.99,-2.9,11.1,0.14,9.5
294,2,1.85,-3.1,10.9,0.16,9.41
294,3,1.82,-2.4,10.8,0.13,8.86
294,4,1.63,-2.4,11.1,0.11,8.47
294,5,1.55,-2.5,11.0,0.15,9.38
294,6,1.36,-3.2,11.3,0.08,10.22
294,7,1.36,-2.6,10.9,0.02,9.6
294,8,1.38,-2.6,11.0,0.07,9.8
294,9,1.62,-2.4,10.9,0.09,10.37
294,10,2.11,-2.0,10.8,0.06,10.85
294,11,2.76,-1.4,10.9,0.08,11.58
294,12,3.24,-0.9,10.7,0.16,11.72
294,13,3.62,-0.4,10.7,0.13,12.56
294,14,3.87,0.1,10.6,0.13,12.64
294,15,3.63,-0.1,10.3,0.02,12.16
294,16,3.62,-0.2,11.7,0.04,11.85
294,17,3.02,-1.7,11.2,0.09,12.8
294,18,2.79,-3.2,11.1,0.11,13.13
294,19,2.68,-3.3,10.9,0.13,12.98
294,20,2.57,-3.4,10.7,0.23,13.35
294,21,2.47,-3.5,10.6,0.14,13.01
294,22,2.46,-2.4,10.1,0.14,12.92
294,23,2.32,-3.0,9.8,0.15,13.01
295,0,2.25,-3.3,9.8,0.17,13.0
295,1,2.27,-3.6,9.8,0.15,12.7
295,2,2.27,-3.8,9.9,0.13,12.5
295,3,2.26,-5.4,9.9,0.18,13.52
295,4,2.06,-6.3,9.9,0.25,13.4
295,5,1.89,-6.7,10.1,0.21,14.03
295,6,1.86,-6.7,9.8,0.17,14.47
295,7,1.92,-6.5,9.4,0.11,14.22
295,8,1.84,-6.4,9.3,0.12,14.57
295,9,1.7,-6.3,9.1,0.15,14.62
295,10,1.99,-5.7,9.2,0.11,14.46
295,11,2.45,-5.1,9.3,0.08,14.25
295,12,2.96,-3.8,9.3,0.07,13.65
295,13,3.52,-2.4,9.2,0.06,13.91
295,14,3.81,-1.3,9.1,0.04,14.56
295,15,3.89,-0.6,8.8,0.04,14.68
295,16,3.64,-0.6,9.0,0.09,14.36
295,17,3.23,-1.3,8.5,0.15,15.01
295,18,3.06,-2.2,8.8,0.06,15.49
295,19,3.0,-2.7,9.0,0.09,16.47
295,20,2.65,-3.2,9.0,0.13,15.89
295,21,2.42,-3.4,8.5,0.07,15.67
295,22,2.5,-3.2,8.1,0.06,15.55
295,23,2.4,-3.5,7.7,0.07,15.25
296,0,2.28,-3.8,7.3,0.05,14.79
296,1,2.14,-4.2,7.2,0.04,14.6
296,2,2.01,-4.6,7.0,0.05,14.33
296,3,1.78,-4.5,6.9,0.1,14.48
296,4,1.41,-5.1,6.6,0.01,13.92
296,5,1.13,-5.4,6.1,0.0,13.51
296,6,1.02,-5.6,6.1,0.0,13.36
296,7,0.92,-5.6,6.0,0.01,12.8
296,8,0.94,-5.6,6.1,0.05,12.45
296,9,0.92,-5.7,5.6,0.03,12.61
296,10,1.36,-4.8,6.4,0.0,12.61
296,11,2.07,-3.7,7.4,0.0,11.86
296,12,2.6,-3.2,7.8,0.03,11.76
296,13,2.96,-2.7,8.0,0.04,12.02
296,14,3.13,-2.4,8.2,0.03,12.06
296,15,3.12,-1.8,8.3,0.02,12.2
296,16,2.76,-2.6,7.8,0.01,12.36
296,17,2.41,-3.2,8.2,0.0,12.64
296,18,1.8,-6.1,8.1,0.0,13.34
296,19,1.44,-8.0,8.1,0.0,13.79
296,20,1.19,-8.3,8.2,0.0,13.8
296,21,1.06,-7.9,8.2,0.0,13.57
296,22,1.08,-6.5,8.1,0.0,13.14
296,23,0.74,-8.1,8.0,0.0,12.85
297,0,0.38,-10.7,7.8,0.0,12.54
297,1,0.58,-8.2,7.7,0.0,11.79
297,2,0.33,-9.0,7.3,0.0,11.4
297,3,-0.04,-9.6,7.0,0.0,10.4
297,4,-0.61,-11.7,6.8,0.0,10.21
297,5,-0.74,-11.3,6.2,0.0,10.52
297,6,-0.81,-10.4,5.7,0.0,10.4
297,7,-0.66,-9.3,5.6,0.0,10.63
297,8,-0.55,-9.5,5.5,0.0,10.74
297,9,-0.35,-9.3,5.5,0.03,10.68
297,10,0.49,-7.1,6.0,0.04,10.29
297,11,1.3,-5.6,6.8,0.04,9.71
297,12,2.16,-4.1,7.4,0.07,9.68
297,13,2.66,-3.0,7.5,0.06,9.71
297,14,2.96,-2.4,7.4,0.06,9.24
297,15,3.06,-2.2,7.3,0.04,9.22
297,16,2.74,-2.8,7.0,0.03,9.02
297,17,2.29,-3.1,6.4,0.05,8.99
297,18,1.95,-3.3,6.7,0.04,9.23
297,19,1.66,-3.1,6.8,0.01,9.84
297,20,1.51,-3.2,6.4,0.0,10.41
297,21,1.41,-3.5,6.0,0.0,10.48
297,22,1.39,-3.7,5.9,0.01,10.35
297,23,1.3,-3.9,5.9,0.04,10.45
298,0,1.28,-3.9,5.8,0.03,10.35
298,1,1.18,-4.0,5.8,0.02,10.13
298,2,1.11,-4.1,5.9,0.0,9.91
298,3,1.136,-4.2,6.0,0.009,9.718
298,4,0.73,-5.0,5.9,0.05,10.23
298,5,0.75,-4.9,6.1,0.04,10.51
298,6,0.68,-5.0,6.7,0.08,11.04
298,7,0.81,-5.1,6.6,0.15,10.74
298,8,0.62,-5.2,6.7,0.23,11.27
298,9,0.79,-5.4,7.0,0.25,10.9
298,10,1.35,-5.2,7.3,0.14,11.12
298,11,1.88,-4.8,8.0,0.09,11.76
298,12,2.31,-4.3,8.5,0.11,11.51
298,13,2.78,-3.7,8.8,0.1,11.98
298,14,2.84,-3.2,9.0,0.07,11.93
298,15,3.11,-3.0,9.7,0.08,11.49
298,16,2.56,-3.5,9.8,0.09,12.04
298,17,2.24,-3.7,9.9,0.05,12.67
298,18,2.05,-3.9,9.8,0.1,12.89
298,19,1.99,-4.2,10.0,0.12,13.17
298,20,1.92,-4.4,10.1,0.09,13.76
298,21,1.91,-4.3,10.0,0.12,13.56
298,22,1.88,-4.3,9.8,0.28,13.99
298,23,1.91,-4.3,9.8,0.17,14.52
299,0,1.71,-4.1,9.1,0.09,14.52
299,1,1.56,-4.2,7.9,0.09,14.69
299,2,1.43,-4.2,6.9,0.15,14.46
299,3,2.109,-4.0,7.3,0.127,14.355
299,4,1.78,-3.1,6.8,0.29,12.67
299,5,1.93,-2.8,6.6,0.29,13.16
299,6,1.62,-3.0,6.6,0.29,14.23
299,7,1.4,-3.5,6.7,0.25,13.59
299,8,1.34,-3.5,6.8,0.31,12.93
299,9,1.41,-3.4,7.2,0.29,12.72
299,10,1.55,-2.8,7.3,0.33,12.46
299,11,1.9,-2.1,7.5,0.36,12.08
299,12,2.24,-1.5,7.9,0.29,11.09
299,13,2.49,-1.2,8.2,0.24,10.46
299,14,2.71,-1.0,7.5,0.19,10.21
299,15,3.02,-0.9,8.1,0.26,9.58
299,16,2.85,-1.5,8.1,0.21,9.2
299,17,2.53,-1.9,8.1,0.14,9.46
299,18,2.3,-2.3,8.2,0.25,9.42
299,19,1.98,-2.6,8.1,0.08,9.65
299,20,1.71,-2.9,8.0,0.09,10.58
299,21,1.57,-3.1,7.9,0.07,10.59
299,22,1.42,-3.2,7.8,0.1,10.62
299,23,1.28,-3.3,7.7,0.06,9.84
300,0,1.0,-3.2,7.5,0.03,9.81
300,1,0.72,-3.2,7.5,0.01,9.4
300,2,0.57,-3.4,7.5,0.0,9.97
300,3,0.342,-3.8,7.4,0.0,10.133
300,4,0.4,-4.5,7.3,0.0,9.58
300,5,0.34,-4.7,7.3,0.03,9.73
300,6,0.25,-5.0,7.3,0.1,10.33
300,7,0.26,-5.2,6.8,0.16,10.67
300,8,0.3,-5.2,7.0,0.15,10.95
300,9,0.47,-5.1,7.5,0.07,11.23
300,10,0.79,-4.0,7.8,0.05,11.86
300,11,1.37,-2.4,8.1,0.02,12.2
300,12,1.84,-1.6,8.2,0.09,12.61
300,13,2.13,-1.0,8.1,0.03,12.72
300,14,2.42,-0.7,8.9,0.04,13.24
300,15,2.5,-0.7,9.2,0.05,13.79
300,16,2.47,-1.7,9.6,0.02,13.94
300,17,2.34,-2.2,9.4,0.12,13.89
300,18,2.26,-2.5,9.4,0.04,13.99
300,19,2.13,-2.6,8.1,0.04,14.5
300,20,2.05,-2.6,7.8,0.05,14.37
300,21,2.04,-3.0,8.3,0.1,14.24
300,22,2.02,-3.2,8.3,0.2,14.31
300,23,1.86,-3.4,7.9,0.2,13.98
301,0,1.75,-3.4,7.9,0.16,13.79
301,1,1.66,-4.2,8.0,0.31,13.18
301,2,1.8,-4.3,8.0,0.32,12.7
301,3,1.255,-4.3,8.2,0.245,12.673
301,4,1.85,-4.5,8.1,0.15,12.59
301,5,1.79,-4.6,7.6,0.14,12.76
301,6,1.71,-4.5,6.9,0.02,12.89
301,7,1.51,-4.6,6.4,0.02,12.51
301,8,1.44,-5.3,6.7,0.03,12.09
301,9,1.53,-5.6,7.0,0.05,11.86
301,10,1.91,-5.3,7.4,0.08,11.9
301,11,2.33,-4.3,7.5,0.03,11.74
301,12,2.83,-3.1,7.7,0.02,11.48
301,13,3.03,-2.2,7.6,0.12,11.72
301,14,3.1,-2.0,7.4,0.14,11.63
301,15,2.99,-1.8,7.3,0.15,11.0
301,16,2.71,-2.8,7.5,0.16,10.99
301,17,2.5,-3.1,7.0,0.12,10.58
301,18,2.39,-3.6,7.1,0.13,10.73
301,19,2.28,-4.2,7.3,0.12,11.3
301,20,2.33,-4.6,7.2,0.11,11.26
301,21,2.28,-4.7,7.1,0.12,11.54
301,22,2.15,-4.8,6.9,0.11,11.53
301,23,1.89,-5.1,6.9,0.08,11.64
302,0,1.5,-5.5,6.6,0.15,11.66
302,1,1.23,-5.8,6.8,0.13,11.72
302,2,1.29,-6.6,7.5,0.12,11.16
302,3,0.433,-7.6,7.9,0.108,11.058
302,4,0.95,-7.8,7.9,0.09,11.62
302,5,1.0,-7.7,7.8,0.07,11.95
302,6,1.06,-7.4,7.5,0.11,12.38
302,7,1.12,-7.0,7.5,0.1,12.64
302,8,1.2,-6.4,7.4,0.07,12.68
302,9,1.42,-5.7,7.6,0.07,12.71
302,10,1.89,-5.1,7.8,0.15,12.8
302,11,2.33,-4.3,7.8,0.24,12.62
302,12,2.74,-3.4,7.8,0.33,12.61
302,13,3.0,-2.8,7.9,0.31,12.48
302,14,3.07,-2.5,8.3,0.28,13.05
302,15,2.68,-3.8,7.9,0.26,12.8
302,16,2.11,-3.9,7.7,0.27,13.27
302,17,1.74,-4.4,7.5,0.17,14.19
302,18,1.51,-4.9,7.3,0.14,14.77
302,19,1.35,-5.4,7.1,0.15,15.06
302,20,1.22,-5.7,6.8,0.11,15.34
302,21,1.1,-5.7,6.5,0.08,14.78
302,22,1.03,-5.4,6.3,0.06,14.2
302,23,0.93,-5.1,6.1,0.15,13.21
303,0,0.88,-5.1,6.1,0.09,12.99
303,1,0.84,-5.3,6.4,0.12,12.77
303,2,0.87,-6.2,6.5,0.04,12.75
303,3,0.708,-5.8,6.3,0.033,13.592
303,4,0.49,-6.7,7.0,0.01,12.49
303,5,0.34,-7.9,7.2,0.02,12.84
303,6,0.11,-9.3,7.1,0.03,12.67
303,7,0.04,-9.9,7.1,0.02,13.03
303,8,-0.17,-11.8,7.1,0.01,13.44
303,9,-0.07,-11.8,7.2,0.0,13.51
303,10,0.46,-9.9,7.4,0.01,13.4
303,11,0.96,-7.9,7.8,0.05,13.38
303,12,1.36,-6.3,8.0,0.02,13.92
303,13,1.72,-4.8,8.0,0.0,13.64
303,14,1.51,-4.6,8.0,0.0,13.35
303,15,1.2,-4.4,8.4,0.0,13.22
303,16,0.92,-4.1,8.2,0.01,13.79
303,17,0.85,-4.3,8.2,0.0,13.96
303,18,0.61,-4.7,8.2,0.01,14.04
303,19,0.33,-5.1,7.9,0.01,14.34
303,20,0.18,-5.5,7.8,0.06,13.98
303,21,0.04,-5.6,7.2,0.13,13.17
303,22,-0.08,-5.8,7.2,0.1,12.63
303,23,-0.14,-8.8,7.2,0.05,12.59
304,0,-0.03,-9.6,7.4,0.08,12.39
304,1,-0.07,-9.1,7.3,0.07,11.94
304,2,-0.5,-9.4,7.3,0.11,11.28
304,3,0.164,-9.8,7.0,0.109,11.436
304,4,-0.74,-10.2,6.2,0.08,9.86
304,5,-0.56,-9.0,5.8,0.11,9.91
304,6,-1.06,-10.6,5.5,0.06,9.81
304,7,-1.12,-9.7,5.5,0.08,10.01
304,8,-1.14,-10.0,5.5,0.1,9.49
304,9,-0.9,-9.7,5.6,0.12,8.92
304,10,-0.47,-10.5,5.8,0.14,9.76
304,11,-0.05,-9.6,6.1,0.06,10.26
304,12,0.44,-7.4,6.3,0.07,9.68
304,13,0.51,-7.8,6.6,0.03,9.83
304,14,0.71,-5.5,6.7,0.03,9.8
304,15,0.33,-6.8,6.8,0.02,9.83
304,16,-0.17,-8.1,6.7,0.03,10.18
304,17,-0.38,-8.6,6.7,0.06,10.07
304,18,-0.2,-8.2,7.1,0.02,9.82
304,19,-0.31,-7.9,7.1,0.04,10.21
304,20,-0.16,-8.6,6.9,0.16,10.06
304,21,-0.14,-8.6,6.8,0.19,10.45
304,22,-0.06,-8.3,6.7,0.08,10.48
304,23,-0.01,-8.4,6.5,0.04,10.49
305,0,0.05,-9.1,6.4,0.06,10.58
305,1,-0.04,-9.5,6.1,0.12,10.08
305,2,-0.18,-9.7,6.1,0.08,9.59
305,3,-0.64,-10.7,6.0,0.11,9.43
305,4,-0.63,-10.9,6.1,0.14,9.14
305,5,-0.7,-11.3,6.2,0.06,9.15
305,6,-0.71,-11.8,6.1,0.04,9.35
305,7,-0.69,-11.9,6.3,0.06,9.34
305,8,-0.7,-12.3,6.4,0.02,10.04
305,9,-0.65,-12.4,6.8,0.01,9.82
305,10,-0.18,-12.0,7.3,0.0,9.4
305,11,0.17,-11.7,7.6,0.01,9.34
305,12,0.45,-11.4,7.9,0.02,9.31
305,13,0.73,-10.9,7.9,0.03,9.31
305,14,0.89,-9.1,8.0,0.04,8.87
305,15,0.72,-9.1,7.8,0.03,9.35
305,16,0.28,-9.4,7.4,0.03,9.72
305,17,0.19,-9.6,7.2,0.02,10.64
305,18,-0.05,-9.9,6.8,0.02,10.64
305,19,-0.14,-10.1,6.0,0.06,10.89
305,20,-0.31,-10.5,5.4,0.12,10.98
305,21,-0.29,-10.9,5.3,0.12,11.45
305,22,-0.18,-11.0,6.1,0.07,11.67
305,23,-0.15,-11.3,6.7,0.09,12.13
306,0,-0.23,-11.2,6.4,0.07,12.42
306,1,-0.1,-11.3,7.0,0.08,13.07
306,2,0.03,-10.6,6.5,0.04,13.07
306,3,-0.09,-11.3,6.7,0.05,14.08
306,4,-0.19,-11.1,7.1,0.06,14.54
306,5,-0.31,-10.8,7.0,0.09,14.62
306,6,-0.42,-10.6,6.9,0.08,15.37
306,7,-0.48,-10.6,6.8,0.04,15.42
306,8,-0.43,-10.4,6.8,0.03,15.77
306,9,-0.28,-10.0,6.8,0.05,15.59
306,10,0.27,-8.7,6.9,0.03,15.8
306,11,0.87,-7.0,7.2,0.04,16.32
306,12,1.22,-5.3,7.3,0.11,16.37
306,13,1.36,-3.9,7.4,0.21,16.18
306,14,1.54,-2.9,7.1,0.31,16.41
306,15,1.38,-2.9,6.8,0.15,16.31
306,16,1.21,-4.0,6.6,0.27,16.97
306,17,1.26,-4.8,6.4,0.3,16.72
306,18,1.31,-5.3,5.9,0.25,16.28
306,19,1.61,-5.6,6.0,0.28,15.62
306,20,1.81,-5.3,6.3,0.23,15.39
306,21,1.91,-4.7,6.8,0.14,14.63
306,22,1.91,-4.3,7.0,0.34,13.77
306,23,1.94,-4.2,7.6,0.52,13.2
307,0,1.99,-4.1,8.1,0.27,12.1
307,1,2.11,-3.9,8.6,0.08,11.95
307,2,2.06,-3.9,8.4,0.02,11.48
307,3,2.09,-4.5,9.3,0.02,11.44
307,4,2.19,-4.6,9.0,0.07,11.43
307,5,2.25,-4.6,9.0,0.02,11.24
307,6,2.14,-4.8,8.7,0.03,11.26
307,7,2.13,-4.9,7.9,0.04,10.9
307,8,2.07,-5.0,7.1,0.02,11.07
307,9,1.83,-4.7,6.6,0.05,11.28
307,10,1.96,-4.4,6.1,0.11,12.04
307,11,2.16,-4.0,6.5,0.04,12.03
307,12,2.32,-3.8,6.7,0.05,12.63
307,13,2.24,-3.7,6.6,0.05,12.2
307,14,2.13,-3.7,6.6,0.03,12.46
307,15,1.71,-3.8,6.1,0.02,12.39
307,16,1.33,-3.9,5.9,0.01,12.75
307,17,1.2,-3.9,5.7,0.0,13.0
307,18,1.25,-3.7,6.4,0.01,12.84
307,19,1.08,-6.0,6.4,0.0,12.84
307,20,1.51,-3.3,6.6,0.0,12.53
307,21,1.57,-3.0,6.5,0.01,12.56
307,22,1.08,-7.0,6.3,0.06,13.0
307,23,1.08,-6.6,6.1,0.1,13.0
308,0,0.92,-7.4,5.7,0.06,13.7
308,1,0.76,-8.5,5.4,0.07,13.56
308,2,0.68,-9.5,5.3,0.12,13.42
308,3,0.64,-10.4,5.5,0.12,13.18
308,4,0.65,-10.5,5.5,0.08,13.17
308,5,0.64,-10.8,5.5,0.1,12.67
308,6,0.43,-11.5,5.6,0.02,12.52
308,7,0.32,-11.9,5.9,0.01,12.36
308,8,0.31,-12.1,6.2,0.03,12.49
308,9,0.28,-12.3,6.1,0.03,12.82
308,10,0.82,-10.7,6.3,0.01,13.43
308,11,1.31,-10.0,6.5,0.01,13.83
308,12,1.71,-9.5,6.9,0.01,13.67
308,13,1.95,-9.2,7.2,0.11,13.96
308,14,2.09,-7.8,7.5,0.02,13.59
308,15,1.9,-8.2,7.3,0.02,14.18
308,16,1.75,-8.5,7.4,0.01,13.95
308,17,1.62,-9.0,7.3,0.0,14.07
308,18,1.57,-9.3,7.3,0.01,13.98
308,19,1.38,-9.3,6.4,0.2,14.18
308,20,1.54,-9.4,7.0,0.26,14.03
308,21,1.41,-9.3,7.3,0.22,13.74
308,22,1.51,-9.2,7.9,0.14,13.33
308,23,1.51,-9.0,8.4,0.06,13.68
309,0,1.35,-9.1,8.3,0.05,13.64
309,1,1.19,-8.8,7.9,0.05,13.39
309,2,1.29,-7.7,7.4,0.03,13.25
309,3,1.29,-7.6,7.1,0.02,12.94
309,4,1.33,-7.0,6.7,0.01,13.26
309,5,1.34,-6.3,6.4,0.05,13.59
309,6,1.32,-5.8,6.4,0.06,13.75
309,7,1.42,-5.5,6.5,0.05,14.24
309,8,1.48,-5.5,6.6,0.14,13.92
309,9,1.51,-5.9,6.6,0.24,13.94
309,10,1.86,-5.5,7.1,0.25,14.6
309,11,2.26,-5.1,7.6,0.17,14.85
309,12,2.59,-4.7,8.0,0.04,13.92
309,13,2.87,-4.4,8.0,0.0,12.34
309,14,2.87,-4.3,8.2,0.0,11.85
309,15,2.66,-4.5,8.0,0.01,12.22
309,16,2.42,-4.8,7.4,0.0,12.11
309,17,2.36,-5.0,7.7,0.01,12.04
309,18,2.18,-5.4,7.8,0.03,12.19
309,19,2.13,-5.6,8.0,0.07,12.32
309,20,2.3,-5.9,8.4,0.04,12.23
309,21,2.01,-7.0,8.8,0.01,13.37
309,22,1.98,-7.1,8.3,0.0,13.46
309,23,1.92,-7.1,7.5,0.01,13.0
310,0,1.85,-6.9,6.8,0.24,13.03
310,1,1.67,-7.1,6.5,0.01,13.06
310,2,1.58,-8.2,6.6,0.03,13.12
310,3,1.45,-9.0,6.5,0.03,12.73
310,4,1.19,-9.4,6.4,0.1,12.91
310,5,1.18,-9.7,6.4,0.2,13.11
310,6,1.09,-10.2,6.3,0.06,13.11
310,7,1.12,-10.3,6.3,0.08,13.01
310,8,1.02,-10.5,6.0,0.02,12.65
310,9,0.84,-10.4,6.3,0.01,12.33
310,10,1.15,-9.9,6.4,0.02,11.52
310,11,1.55,-9.1,6.4,0.07,11.75
310,12,1.91,-8.5,6.6,0.08,12.02
310,13,2.02,-8.0,6.9,0.05,12.28
310,14,1.88,-8.3,6.6,0.02,12.28
310,15,1.42,-8.7,6.8,0.03,12.38
310,16,1.04,-8.7,7.7,0.07,12.31
310,17,0.97,-8.5,8.6,0.06,12.27
310,18,1.16,-8.3,9.0,0.04,12.83
310,19,1.23,-8.1,8.5,0.07,12.34
310,20,1.24,-8.0,8.6,0.14,12.21
310,21,1.43,-7.9,8.3,0.05,12.23
310,22,1.34,-7.7,8.0,0.02,12.37
310,23,1.16,-7.6,7.8,0.01,12.3
311,0,1.15,-7.4,7.7,0.02,11.81
311,1,1.05,-7.3,7.5,0.01,11.07
311,2,0.9,-8.8,7.3,0.01,10.62
311,3,1.05,-9.4,7.1,0.01,11.27
311,4,1.02,-9.2,6.9,0.01,10.65
311,5,1.05,-8.9,6.6,0.01,11.2
311,6,1.08,-8.9,7.1,0.01,11.37
311,7,1.12,-8.6,7.6,0.0,12.06
311,8,1.07,-8.7,7.8,0.0,12.5
311,9,0.97,-8.4,8.1,0.02,12.45
311,10,1.37,-8.1,8.5,0.0,12.93
311,11,1.72,-7.8,8.8,0.0,12.61
311,12,1.96,-7.4,8.9,0.0,12.3
311,13,2.07,-7.0,9.1,0.01,12.54
311,14,1.84,-6.8,9.0,0.01,12.27
311,15,1.58,-7.4,9.2,0.01,12.12
311,16,1.22,-7.6,8.7,0.0,11.9
311,17,0.9,-7.5,8.1,0.0,11.3
311,18,0.51,-7.5,7.2,0.0,10.93
311,19,0.41,-7.4,6.4,0.01,10.59
311,20,0.17,-7.3,5.8,0.02,10.81
311,21,-0.23,-7.1,5.5,0.03,10.22
311,22,-0.41,-7.0,5.1,0.05,9.87
311,23,-0.71,-7.4,4.8,0.06,9.87
312,0,-0.94,-7.8,4.5,0.05,10.35
312,1,-1.02,-7.1,4.2,0.05,9.91
312,2,-1.24,-8.5,4.2,0.03,10.11
312,3,-1.31,-9.2,4.9,0.01,10.13
312,4,-1.13,-8.9,5.7,0.0,10.69
312,5,-1.15,-9.6,6.0,0.0,10.79
312,6,-1.14,-9.9,6.2,0.01,11.01
312,7,-1.24,-10.7,6.5,0.01,11.18
312,8,-1.26,-10.5,6.5,0.02,11.17
312,9,-1.28,-10.5,6.7,0.03,11.13
312,10,-0.74,-8.8,7.0,0.02,11.63
312,11,-0.24,-7.9,7.5,0.01,12.11
312,12,0.18,-7.2,7.9,0.0,12.12
312,13,0.4,-7.0,8.0,0.01,12.52
312,14,0.28,-7.1,7.6,0.01,12.59
312,15,0.12,-7.6,7.8,0.02,12.46
312,16,-0.07,-7.9,7.7,0.06,12.26
312,17,-0.17,-7.9,7.5,0.1,12.37
312,18,-0.39,-8.4,7.3,0.07,12.33
312,19,-0.59,-8.2,7.2,0.07,12.07
312,20,-0.6,-8.2,7.1,0.03,12.26
312,21,-0.76,-8.4,7.0,0.04,11.78
312,22,-0.74,-8.4,6.9,0.04,12.1
312,23,-0.73,-8.4,6.9,0.04,12.22
313,0,-0.69,-8.6,7.3,0.03,12.08
313,1,-0.56,-8.7,8.1,0.0,12.33
313,2,-0.66,-9.5,8.4,0.0,12.99
313,3,-0.52,-9.3,8.5,0.01,13.19
313,4,-0.39,-9.0,8.4,0.01,13.75
313,5,-0.29,-8.8,8.0,0.02,13.5
313,6,-0.2,-8.9,7.7,0.11,14.1
313,7,-0.14,-9.0,7.0,0.07,14.53
313,8,-0.16,-8.7,6.2,0.04,15.34
313,9,-0.22,-8.3,5.9,0.03,15.09
313,10,-0.05,-7.4,5.9,0.03,15.04
313,11,0.24,-6.1,5.9,0.04,14.72
313,12,0.5,-5.0,5.8,0.03,14.82
313,13,0.65,-4.6,5.5,0.02,15.79
313,14,0.62,-4.8,5.6,0.03,14.88
313,15,0.36,-5.3,5.7,0.07,14.17
313,16,0.26,-5.7,5.9,0.07,14.93
313,17,0.24,-6.0,6.1,0.08,15.19
313,18,0.21,-6.2,6.2,0.05,14.79
313,19,0.14,-6.4,5.8,0.05,14.35
313,20,-0.14,-6.7,5.5,0.11,14.15
313,21,-0.15,-7.3,5.2,0.1,13.85
313,22,-0.18,-7.6,5.1,0.09,13.6
313,23,-0.22,-7.7,5.0,0.08,13.2
314,0,-0.38,-8.0,4.9,0.08,13.41
314,1,-0.34,-8.3,4.7,0.09,13.38
314,2,-0.43,-8.6,5.1,0.06,13.28
314,3,-0.64,-8.9,5.2,0.05,12.75
314,4,-0.75,-9.1,4.9,0.08,12.08
314,5,-0.98,-9.4,5.0,0.05,12.26
314,6,-1.14,-9.5,4.4,0.07,12.15
314,7,-1.26,-9.6,3.8,0.07,11.84
314,8,-1.23,-9.4,4.0,0.06,11.31
314,9,-1.28,-9.5,3.7,0.02,11.43
314,10,-0.95,-9.2,3.9,0.04,11.46
314,11,-0.58,-8.5,4.0,0.03,11.11
314,12,-0.31,-8.1,3.8,0.03,10.34
314,13,-0.24,-7.8,3.7,0.01,10.02
314,14,-0.5,-7.8,3.6,0.01,10.36
314,15,-0.88,-8.0,3.4,0.04,10.88
314,16,-1.25,-8.3,3.2,0.04,10.84
314,17,-1.41,-8.6,2.3,0.03,10.95
314,18,-1.46,-8.8,2.1,0.12,11.25
314,19,-1.64,-8.9,2.1,0.15,10.89
314,20,-1.86,-8.8,2.3,0.0,11.2
314,21,-2.05,-9.0,1.9,0.02,11.52
314,22,-2.08,-8.9,1.5,0.0,11.66
314,23,-1.99,-8.8,1.7,0.01,12.02
315,0,-1.97,-8.7,1.7,0.0,12.48
315,1,-1.92,-8.6,2.1,0.04,12.71
315,2,-1.89,-8.5,2.5,0.05,13.39
315,3,-1.97,-8.3,2.5,0.05,13.45
315,4,-1.79,-8.1,2.6,0.03,13.24
315,5,-1.58,-8.0,2.8,0.03,13.0
315,6,-1.4,-7.9,3.4,0.12,12.82
315,7,-1.24,-7.8,4.1,0.25,12.8
315,8,-1.22,-7.7,4.6,0.32,12.2
315,9,-1.19,-7.3,4.9,0.22,11.28
315,10,-1.04,-7.9,5.4,0.3,11.71
315,11,-0.65,-7.5,6.4,0.1,12.79
315,12,-0.42,-7.3,6.6,0.02,13.03
315,13,-0.34,-7.2,6.0,0.02,12.71
315,14,-0.28,-7.3,6.1,0.02,12.65
315,15,-0.34,-7.3,5.6,0.04,12.05
315,16,-0.36,-7.2,5.5,0.04,12.42
315,17,-0.36,-7.1,5.7,0.04,12.5
315,18,-0.45,-7.2,5.8,0.06,12.51
315,19,-0.42,-7.2,5.8,0.06,12.29
315,20,-0.44,-7.3,5.7,0.1,12.45
315,21,-0.23,-5.7,5.9,0.16,12.75
315,22,-0.01,-5.3,6.2,0.15,12.91
315,23,0.11,-4.9,6.5,0.13,12.52
316,0,0.16,-4.7,6.6,0.21,11.81
316,1,0.24,-4.6,6.6,0.14,11.64
316,2,0.42,-4.6,8.1,0.2,11.36
316,3,0.33,-4.9,7.7,0.21,11.25
316,4,0.38,-5.3,7.9,0.12,11.47
316,5,0.32,-6.2,7.1,0.07,11.05
316,6,0.26,-7.0,6.4,0.06,11.27
316,7,0.25,-8.0,5.8,0.12,11.19
316,8,0.16,-7.9,5.7,0.04,11.49
316,9,0.2,-8.5,5.9,0.06,12.15
316,10,0.62,-6.8,6.8,0.06,12.57
316,11,0.78,-7.1,7.6,0.06,12.43
316,12,0.91,-7.1,8.4,0.06,13.46
316,13,0.94,-6.7,7.6,0.03,13.44
316,14,1.04,-6.6,7.6,0.05,13.73
316,15,0.78,-6.7,6.7,0.02,13.5
316,16,0.47,-7.1,6.4,0.01,12.85
316,17,0.41,-6.9,6.4,0.02,13.23
316,18,0.42,-6.9,6.3,0.1,14.1
316,19,0.29,-7.2,5.7,0.06,15.06
316,20,0.23,-7.5,4.8,0.1,15.88
316,21,0.04,-9.0,4.9,0.21,15.49
316,22,0.13,-8.9,5.0,0.25,14.45
316,23,0.04,-9.0,5.2,0.28,13.62
317,0,-0.02,-9.1,5.6,0.09,13.55
317,1,-0.07,-9.2,5.8,0.05,13.78
317,2,0.22,-8.7,6.1,0.1,13.98
317,3,0.2,-8.5,6.4,0.12,13.9
317,4,0.3,-7.9,6.4,0.08,14.1
317,5,0.39,-7.9,6.5,0.11,13.39
317,6,0.59,-7.5,6.4,0.1,13.05
317,7,0.66,-7.2,6.1,0.09,12.5
317,8,0.26,-7.3,5.5,0.11,11.33
317,9,0.3,-7.1,5.7,0.0,12.06
317,10,0.52,-6.9,5.5,0.03,11.74
317,11,0.8,-6.6,5.5,0.07,11.99
317,12,0.97,-6.3,5.8,0.08,12.01
317,13,1.05,-6.0,5.9,0.07,11.52
317,14,0.96,-5.8,6.0,0.07,11.59
317,15,0.85,-5.9,6.0,0.02,11.28
317,16,0.61,-5.9,5.8,0.05,11.95
317,17,0.57,-6.2,5.6,0.07,11.95
317,18,0.59,-6.1,5.6,0.07,12.31
317,19,0.53,-6.1,5.7,0.09,12.15
317,20,0.28,-6.3,5.5,0.07,12.48
317,21,0.33,-5.6,5.2,0.07,12.67
317,22,0.33,-5.6,5.2,0.1,12.67
317,23,0.26,-5.4,5.1,0.08,13.07
318,0,0.18,-5.4,5.3,0.08,14.1
318,1,0.17,-5.5,5.4,0.06,14.78
318,2,0.02,-5.8,5.3,0.05,14.43
318,3,-0.14,-6.8,5.0,0.0,13.61
318,4,-0.33,-7.0,4.8,0.02,13.27
318,5,-0.55,-7.2,4.8,0.02,12.9
318,6,-0.66,-7.6,4.6,0.0,12.55
318,7,-0.76,-8.0,4.2,0.03,12.62
318,8,-1.02,-8.8,3.8,0.04,11.84
318,9,-1.14,-8.7,3.4,0.02,11.57
318,10,-1.01,-8.6,3.5,0.03,11.3
318,11,-0.74,-8.3,3.7,0.03,11.05
318,12,-0.62,-8.1,3.6,0.01,11.36
318,13,-0.6,-8.6,3.6,0.07,11.28
318,14,-0.93,-9.2,3.4,0.08,10.32
318,15,-1.19,-10.5,3.2,0.07,11.05
318,16,-1.31,-11.0,3.5,0.15,10.89
318,17,-1.38,-10.6,3.4,0.1,10.44
318,18,-1.52,-10.2,3.6,0.08,10.14
318,19,-1.61,-9.6,3.4,0.1,10.25
318,20,-1.81,-9.6,3.3,0.14,9.79
318,21,-1.82,-9.8,3.3,0.13,10.47
318,22,-1.57,-10.0,3.4,0.09,10.59
318,23,-1.7,-9.8,3.6,0.09,11.34
319,0,-1.32,-9.3,3.5,0.07,12.9
319,1,-1.28,-8.9,3.4,0.06,13.45
319,2,-1.1,-8.7,3.4,0.01,13.93
319,3,-1.11,-7.2,3.2,0.0,13.89
319,4,-1.16,-7.4,3.4,0.01,13.2
319,5,-1.12,-7.5,3.4,0.03,13.33
319,6,-1.08,-7.6,3.5,0.04,13.35
319,7,-0.99,-7.4,3.6,0.0,13.63
319,8,-0.84,-7.7,3.5,0.03,13.81
319,9,-0.64,-7.1,3.7,0.03,13.6
319,10,-0.16,-6.4,4.2,0.01,13.8
319,11,0.23,-6.0,4.5,0.0,14.46
319,12,0.63,-5.8,4.7,0.01,14.66
319,13,0.86,-5.5,5.0,0.02,14.56
319,14,0.87,-5.1,5.4,0.01,14.02
319,15,0.88,-4.0,5.7,0.04,15.15
319,16,0.9,-4.3,5.9,0.03,15.5
319,17,1.01,-5.0,6.2,0.02,15.3
319,18,1.22,-5.0,6.4,0.01,16.03
319,19,1.42,-4.3,6.9,0.01,16.77
319,20,1.29,-4.8,6.8,0.03,17.15
319,21,1.09,-6.3,6.7,0.07,16.7
319,22,1.02,-7.0,6.8,0.12,16.65
319,23,0.77,-8.3,6.8,0.14,16.7
320,0,0.62,-9.4,6.9,0.22,15.41
320,1,0.36,-10.0,6.4,0.24,14.42
320,2,0.63,-9.5,6.3,0.14,13.27
320,3,0.71,-9.2,7.1,0.08,13.34
320,4,0.71,-8.6,6.6,0.07,12.26
320,5,0.4,-10.5,6.5,0.02,11.71
320,6,-0.13,-12.4,7.0,0.0,11.56
320,7,-0.38,-13.6,7.2,0.0,11.31
320,8,-0.58,-13.5,7.4,0.0,10.86
320,9,-0.65,-13.1,7.6,0.01,9.81
320,10,-0.65,-13.5,7.7,0.25,9.93
320,11,-0.53,-13.3,7.8,0.17,10.09
320,12,-0.3,-12.7,8.0,0.02,9.91
320,13,-0.23,-12.3,8.2,0.02,10.0
320,14,-0.17,-12.7,8.3,0.02,10.16
320,15,-0.29,-12.1,8.0,0.03,10.99
320,16,-0.14,-8.6,7.3,0.01,11.58
320,17,-0.17,-7.7,6.6,0.0,11.63
320,18,-0.22,-7.5,5.9,0.01,12.16
320,19,-0.15,-7.2,5.5,0.01,12.39
320,20,-0.33,-7.7,5.3,0.02,12.09
320,21,-0.59,-8.9,5.2,0.01,12.12
320,22,-0.62,-9.7,5.8,0.01,11.81
320,23,-0.66,-9.8,6.3,0.0,12.03
321,0,-0.6,-9.1,5.9,0.0,12.39
321,1,-0.6,-8.3,6.1,0.01,12.69
321,2,-0.6,-7.7,6.4,0.04,13.42
321,3,-0.71,-7.0,6.6,0.04,13.17
321,4,-0.64,-6.9,6.4,0.04,13.8
321,5,-0.45,-6.8,6.3,0.04,13.89
321,6,-0.34,-6.7,6.4,0.1,14.4
321,7,-0.36,-6.7,6.3,0.07,14.33
321,8,-0.39,-7.2,6.4,0.07,13.76
321,9,-0.32,-7.5,6.8,0.1,14.2
321,10,-0.3,-7.5,6.5,0.1,13.79
321,11,-0.14,-7.3,6.8,0.15,13.78
321,12,0.05,-7.1,6.9,0.23,14.22
321,13,0.16,-7.0,6.9,0.17,14.02
321,14,0.23,-7.0,6.6,0.15,13.24
321,15,0.23,-7.3,6.1,0.12,13.45
321,16,0.24,-7.3,6.2,0.16,13.6
321,17,0.2,-7.4,6.4,0.14,13.58
321,18,0.14,-7.5,6.3,0.08,13.23
321,19,-0.01,-7.6,6.3,0.04,12.95
321,20,-0.05,-7.4,6.5,0.03,12.89
321,21,-0.15,-7.6,6.5,0.05,12.64
321,22,-0.1,-7.5,6.9,0.04,12.72
321,23,-0.09,-7.4,6.7,0.01,12.46
322,0,0.03,-7.2,5.9,0.03,11.95
322,1,0.21,-7.0,5.3,0.03,11.95
322,2,-0.02,-8.1,5.8,0.03,13.1
322,3,-0.17,-8.0,5.4,0.07,13.18
322,4,-0.16,-7.8,5.2,0.11,12.97
322,5,-0.32,-7.7,5.1,0.11,12.8
322,6,-0.52,-7.9,5.0,0.1,12.38
322,7,-0.7,-8.1,4.8,0.08,11.51
322,8,-0.85,-8.6,4.8,0.09,11.19
322,9,-0.86,-8.7,5.0,0.09,11.06
322,10,-0.98,-8.7,4.4,0.07,10.87
322,11,-0.99,-8.5,4.1,0.06,10.53
322,12,-0.93,-8.3,4.1,0.08,10.07
322,13,-0.79,-8.3,4.4,0.07,10.16
322,14,-0.75,-7.6,4.7,0.04,11.02
322,15,-1.03,-7.8,4.6,0.04,10.88
322,16,-1.11,-7.7,4.6,0.04,10.87
322,17,-1.31,-7.7,4.4,0.02,10.29
322,18,-1.44,-7.5,4.0,0.01,10.43
322,19,-1.65,-7.4,3.7,0.0,10.44
322,20,-1.75,-7.8,3.7,0.02,10.53
322,21,-1.68,-7.9,3.8,0.04,10.67
322,22,-1.68,-7.7,3.6,0.06,10.05
322,23,-1.51,-7.4,3.5,0.11,9.97
323,0,-1.49,-7.1,3.1,0.26,10.51
323,1,-1.33,-6.7,2.9,0.32,10.94
323,2,-1.37,-6.4,3.8,0.26,11.41
323,3,-1.56,-5.9,3.7,0.36,11.65
323,4,-1.36,-5.2,3.5,0.31,12.01
323,5,-1.19,-5.1,3.0,0.19,11.73
323,6,-1.17,-5.5,3.1,0.12,11.96
323,7,-1.16,-5.6,3.1,0.15,11.33
323,8,-1.3,-7.0,3.2,0.13,11.76
323,9,-1.19,-6.4,3.1,0.08,11.54
323,10,-0.97,-5.4,3.1,0.12,11.76
323,11,-0.77,-4.5,3.1,0.18,11.22
323,12,-0.43,-3.4,3.1,0.12,11.56
323,13,-0.34,-2.6,3.1,0.28,12.72
323,14,-0.68,-3.8,3.0,0.48,12.26
323,15,-1.01,-3.6,2.8,0.25,12.72
323,16,-0.92,-3.5,2.9,0.18,14.13
323,17,-0.9,-3.4,3.0,0.23,15.5
323,18,-0.91,-3.3,3.0,0.22,14.97
323,19,-0.92,-3.5,3.0,0.16,14.78
323,20,-0.9,-3.9,3.1,0.21,15.15
323,21,-0.89,-4.0,3.1,0.2,14.83
323,22,-0.82,-4.1,3.2,0.14,14.47
323,23,-0.71,-4.3,3.2,0.09,14.72
324,0,-0.64,-4.1,3.1,0.06,14.81
324,1,-0.67,-4.1,2.9,0.05,14.65
324,2,-0.75,-5.3,3.1,0.03,14.36
324,3,-1.03,-5.4,2.9,0.04,13.92
324,4,-0.99,-5.5,2.9,0.06,13.48
324,5,-1.09,-5.5,3.0,0.06,12.66
324,6,-1.3,-5.6,2.7,0.02,12.77
324,7,-1.36,-5.7,3.3,0.02,13.19
324,8,-1.34,-6.0,3.3,0.04,13.74
324,9,-1.31,-6.3,3.4,0.0,13.46
324,10,-1.47,-6.2,2.9,0.02,13.4
324,11,-1.32,-6.0,2.9,0.07,12.68
324,12,-1.27,-6.3,2.9,0.09,12.59
324,13,-1.25,-6.4,2.9,0.03,12.6
324,14,-1.51,-7.2,3.1,0.02,12.58
324,15,-2.12,-7.7,3.2,0.0,12.11
324,16,-2.54,-9.0,2.9,0.0,12.57
324,17,-2.86,-9.7,2.7,0.01,12.9
324,18,-3.11,-10.1,2.7,0.02,12.9
324,19,-3.39,-9.8,2.5,0.01,12.79
324,20,-3.41,-8.8,2.5,0.0,12.76
324,21,-3.45,-8.5,2.4,0.0,12.85
324,22,-3.49,-7.6,2.2,0.01,13.08
324,23,-3.39,-7.2,1.8,0.03,12.69
325,0,-3.43,-7.2,1.5,0.11,12.69
325,1,-3.15,-7.5,1.7,0.15,12.61
325,2,-3.32,-7.3,1.8,0.13,12.26
325,3,-3.64,-8.8,1.7,0.04,12.62
325,4,-3.71,-10.2,1.8,0.0,12.97
325,5,-3.46,-7.3,1.6,0.0,13.27
325,6,-3.4,-7.2,1.7,0.01,13.52
325,7,-3.45,-7.2,1.5,0.02,13.56
325,8,-3.6,-7.5,1.4,0.04,13.77
325,9,-3.54,-8.0,1.6,0.06,13.86
325,10,-3.45,-8.5,1.5,0.07,13.63
325,11,-3.35,-8.9,1.6,0.06,13.71
325,12,-3.2,-9.3,1.6,0.06,13.88
325,13,-3.13,-9.6,1.7,0.06,14.17
325,14,-3.26,-9.9,1.7,0.06,14.2
325,15,-3.32,-9.5,1.6,0.07,13.94
325,16,-3.26,-9.5,1.6,0.09,14.28
325,17,-3.23,-9.8,1.6,0.12,14.0
325,18,-3.23,-9.9,1.7,0.21,13.47
325,19,-3.19,-9.8,2.4,0.19,13.18
325,20,-3.12,-9.7,3.3,0.2,13.07
325,21,-2.97,-9.6,4.2,0.19,13.49
325,22,-2.72,-9.2,5.4,0.12,13.57
325,23,-2.66,-8.8,5.3,0.1,13.21
326,0,-2.72,-8.5,5.0,0.14,12.75
326,1,-2.68,-8.0,4.7,0.19,12.58
326,2,-2.81,-7.5,4.1,0.14,12.44
326,3,-3.02,-7.4,3.5,0.0,12.96
326,4,-3.03,-7.3,3.0,0.01,13.09
326,5,-3.13,-7.4,2.5,0.0,13.44
326,6,-3.14,-7.6,2.3,0.0,13.42
326,7,-3.15,-8.3,2.2,0.0,13.39
326,8,-3.12,-9.1,2.0,0.01,12.92
326,9,-3.42,-10.5,1.8,0.01,12.75
326,10,-3.37,-10.5,1.7,0.02,11.86
326,11,-3.15,-9.3,1.7,0.04,11.36
326,12,-3.0,-8.5,1.7,0.04,12.0
326,13,-2.86,-8.0,1.6,0.03,11.83
326,14,-2.9,-8.1,1.1,0.02,12.25
326,15,-2.89,-8.3,1.0,0.02,13.03
326,16,-2.73,-7.8,1.3,0.02,13.13
326,17,-2.68,-7.1,1.7,0.04,13.1
326,18,-2.47,-6.5,2.2,0.16,13.7
326,19,-2.24,-6.7,2.3,0.25,13.84
326,20,-2.29,-6.6,2.7,0.2,13.77
326,21,-2.0,-6.5,3.3,0.17,13.38
326,22,-1.81,-6.6,3.5,0.23,12.76
326,23,-1.75,-6.7,3.5,0.18,12.94
327,0,-1.89,-7.0,3.4,0.1,13.3
327,1,-1.92,-7.5,3.8,0.07,13.32
327,2,-2.17,-9.2,4.1,0.05,13.71
327,3,-2.35,-8.8,4.1,0.19,13.01
327,4,-2.34,-8.8,4.4,0.13,13.07
327,5,-2.2,-8.9,4.5,0.06,13.07
327,6,-2.08,-8.4,4.5,0.01,13.15
327,7,-1.9,-8.5,4.4,0.0,13.18
327,8,-1.91,-8.4,4.2,0.01,12.63
327,9,-1.89,-7.6,4.2,0.0,12.56
327,10,-1.91,-7.0,4.1,0.0,12.31
327,11,-1.8,-6.8,4.0,0.0,12.13
327,12,-1.62,-6.4,3.9,0.0,12.52
327,13,-1.58,-6.1,3.9,0.01,12.72
327,14,-1.69,-5.6,3.7,0.02,13.38
327,15,-1.71,-5.7,3.3,0.05,12.87
327,16,-1.51,-5.9,2.6,0.05,13.84
327,17,-1.46,-5.9,2.2,0.05,14.73
327,18,-1.56,-5.8,2.0,0.07,15.07
327,19,-1.56,-5.5,2.2,0.18,15.55
327,20,-1.5,-5.1,2.5,0.29,15.88
327,21,-1.54,-4.7,2.3,0.28,15.67
327,22,-1.47,-4.4,2.2,0.26,15.27
327,23,-1.41,-4.0,2.2,0.34,14.91
328,0,-1.3,-3.8,2.2,0.3,15.0
328,1,-1.25,-3.7,2.2,0.19,14.83
328,2,-1.33,-4.2,2.1,0.26,13.71
328,3,-1.51,-5.4,1.6,0.11,13.38
328,4,-1.44,-5.9,1.8,0.11,13.98
328,5,-1.35,-6.3,1.9,0.05,14.24
328,6,-1.29,-6.9,2.0,0.03,14.51
328,7,-1.31,-7.3,2.3,0.02,15.35
328,8,-1.44,-7.4,1.6,0.08,14.39
328,9,-1.68,-7.6,1.2,0.12,13.98
328,10,-1.92,-8.0,1.5,0.09,14.08
328,11,-2.04,-8.5,2.0,0.09,13.75
328,12,-2.07,-8.6,2.3,0.09,13.13
328,13,-2.1,-8.6,2.5,0.1,12.4
328,14,-2.36,-9.0,2.6,0.07,12.75
328,15,-2.56,-9.5,2.4,0.01,12.94
328,16,-2.74,-9.6,2.8,0.16,13.27
328,17,-2.88,-9.1,3.0,0.02,12.64
328,18,-2.99,-9.9,3.3,0.0,12.42
328,19,-3.17,-10.1,3.3,0.0,12.06
328,20,-3.34,-11.0,3.3,0.0,11.01
328,21,-3.7,-12.5,3.0,0.0,11.03
328,22,-3.62,-11.3,2.9,0.01,11.11
328,23,-3.82,-11.8,2.7,0.01,11.16
329,0,-3.87,-11.3,2.5,0.01,11.65
329,1,-3.94,-11.2,2.2,0.0,11.94
329,2,-3.78,-10.5,2.7,0.02,12.95
329,3,-3.72,-10.1,2.5,0.1,13.49
329,4,-3.67,-10.0,2.5,0.12,13.59
329,5,-3.59,-9.9,2.3,0.04,13.5
329,6,-3.56,-9.7,1.8,0.08,13.76
329,7,-3.55,-9.4,1.7,0.1,13.09
329,8,-3.54,-9.1,1.5,0.09,13.02
329,9,-3.43,-8.7,1.8,0.16,12.58
329,10,-3.33,-8.3,2.5,0.14,12.47
329,11,-2.95,-7.9,3.3,0.17,12.27
329,12,-2.65,-7.5,3.9,0.16,12.13
329,13,-2.52,-7.4,4.3,0.17,12.02
329,14,-2.74,-8.4,4.3,0.05,11.53
329,15,-2.96,-9.3,4.0,0.03,11.16
329,16,-2.87,-10.4,4.2,0.02,11.32
329,17,-2.93,-11.3,4.2,0.03,11.35
329,18,-3.06,-11.9,3.8,0.04,11.44
329,19,-3.01,-11.8,3.2,0.07,11.51
329,20,-3.05,-12.1,3.1,0.11,13.3
329,21,-2.99,-12.7,3.7,0.12,13.57
329,22,-2.99,-12.6,3.6,0.16,13.18
329,23,-2.96,-12.3,3.7,0.22,13.05
330,0,-3.07,-12.2,3.5,0.31,12.63
330,1,-3.24,-12.7,3.5,0.18,12.31
330,2,-3.57,-13.9,3.5,0.15,12.18
330,3,-3.53,-12.5,5.1,0.13,12.04
330,4,-3.09,-11.0,5.3,0.21,12.19
330,5,-3.02,-10.4,4.3,0.53,12.08
330,6,-2.98,-10.6,4.4,0.16,12.35
330,7,-2.85,-10.1,4.7,0.13,12.45
330,8,-2.69,-10.6,5.2,0.07,12.55
330,9,-2.76,-10.7,5.2,0.05,12.9
330,10,-3.01,-11.1,5.0,0.09,12.24
330,11,-2.88,-11.1,4.8,0.1,11.99
330,12,-2.69,-11.4,4.7,0.11,12.52
330,13,-2.51,-11.1,4.4,0.12,12.1
330,14,-2.65,-11.9,4.0,0.12,12.27
330,15,-2.79,-11.9,4.0,0.1,11.89
330,16,-2.82,-11.6,3.7,0.08,12.29
330,17,-2.78,-11.5,3.3,0.07,12.2
330,18,-2.71,-12.3,3.2,0.07,11.9
330,19,-3.05,-14.0,2.0,0.1,11.68
330,20,-3.47,-15.4,1.4,0.05,11.38
330,21,-3.82,-16.5,0.5,0.03,11.09
330,22,-4.06,-16.5,-0.2,0.03,11.44
330,23,-4.11,-16.0,-0.4,0.04,11.3
331,0,-4.15,-15.3,-0.5,0.01,11.27
331,1,-4.23,-14.9,-0.2,0.01,11.66
331,2,-4.1,-15.1,0.4,0.0,12.22
331,3,-4.42,-15.4,0.4,0.01,12.19
331,4,-4.79,-15.3,0.5,0.02,12.19
331,5,-5.06,-14.9,0.9,0.01,12.11
331,6,-5.25,-14.3,1.0,0.02,12.03
331,7,-5.38,-14.4,1.1,0.02,11.65
331,8,-5.57,-14.1,1.0,0.01,12.11
331,9,-5.55,-13.8,0.3,0.01,12.38
331,10,-5.77,-13.9,0.0,0.0,12.16
331,11,-5.74,-13.5,0.1,0.0,11.95
331,12,-5.51,-12.9,-0.3,0.0,11.78
331,13,-5.36,-12.7,-0.6,0.0,11.42
331,14,-5.31,-13.1,0.4,0.0,10.84
331,15,-5.35,-13.7,0.7,0.06,11.52
331,16,-5.37,-13.8,1.1,0.12,11.48
331,17,-5.18,-13.1,1.0,0.13,11.79
331,18,-5.06,-12.7,0.9,0.14,11.43
331,19,-5.12,-12.4,1.5,0.02,12.04
331,20,-5.15,-12.9,1.9,0.05,11.87
331,21,-5.33,-13.4,2.0,0.0,12.4
331,22,-5.71,-14.3,1.7,0.02,12.42
331,23,-5.73,-14.5,1.4,0.08,12.14
332,0,-5.48,-14.4,1.5,0.1,12.19
332,1,-5.36,-14.2,1.6,0.03,12.46
332,2,-5.27,-13.3,1.0,0.05,12.78
332,3,-4.93,-13.9,1.4,0.06,14.08
332,4,-4.62,-13.7,1.3,0.04,14.2
332,5,-4.32,-13.2,1.4,0.05,13.84
332,6,-4.2,-13.0,1.3,0.06,13.7
332,7,-4.05,-13.1,1.4,0.07,13.22
332,8,-4.06,-13.9,1.3,0.06,13.01
332,9,-4.0,-15.1,1.4,0.05,13.11
332,10,-3.87,-16.3,1.8,0.06,13.4
332,11,-3.71,-16.7,2.1,0.09,13.59
332,12,-3.49,-16.7,2.4,0.09,13.52
332,13,-3.29,-16.5,2.8,0.1,13.23
332,14,-3.28,-14.8,3.0,0.04,13.1
332,15,-3.53,-15.3,3.8,0.08,12.8
332,16,-3.32,-15.6,4.1,0.1,12.09
332,17,-3.17,-15.8,4.2,0.13,11.77
332,18,-3.05,-15.7,4.1,0.15,12.38
332,19,-2.98,-15.7,4.0,0.15,12.36
332,20,-3.0,-15.8,4.2,0.18,12.04
332,21,-3.06,-15.5,4.5,0.13,12.5
332,22,-3.2,-14.9,4.2,0.27,12.27
332,23,-3.2,-14.8,4.0,0.36,12.72
333,0,-2.82,-14.7,4.3,0.04,12.87
333,1,-2.76,-14.6,4.1,0.05,13.25
333,2,-2.61,-13.8,4.2,0.08,13.53
333,3,-2.79,-14.3,3.8,0.14,13.31
333,4,-3.05,-14.7,3.7,0.16,13.93
333,5,-3.36,-14.7,3.6,0.11,14.96
333,6,-3.23,-14.7,3.5,0.06,14.72
333,7,-3.08,-14.6,3.3,0.04,14.79
333,8,-3.02,-14.5,3.6,0.02,15.29
333,9,-2.93,-14.7,3.4,0.04,15.65
333,10,-2.92,-14.8,3.9,0.03,15.97
333,11,-2.85,-14.6,4.2,0.04,16.28
333,12,-2.76,-14.4,3.7,0.09,15.83
333,13,-2.59,-14.3,3.7,0.06,15.74
333,14,-2.6,-15.0,3.7,0.1,15.98
333,15,-2.58,-15.1,4.2,0.24,16.22
333,16,-2.56,-14.9,3.5,0.14,15.72
333,17,-2.51,-14.6,3.2,0.17,15.57
333,18,-2.32,-14.3,3.5,0.11,15.7
333,19,-2.2,-14.2,3.9,0.13,15.81
333,20,-2.21,-14.2,3.8,0.09,15.25
333,21,-2.14,-14.1,3.9,0.11,14.83
333,22,-1.98,-13.7,3.7,0.7,15.02
333,23,-2.03,-13.4,3.7,0.09,14.67
334,0,-2.13,-13.4,3.6,0.09,15.01
334,1,-2.16,-13.5,3.4,0.09,15.22
334,2,-2.23,-14.6,3.2,0.09,15.32
334,3,-2.32,-14.5,3.7,0.08,15.18
334,4,-2.56,-14.0,3.1,0.04,15.06
334,5,-2.61,-13.6,3.0,0.02,15.25
334,6,-2.69,-12.6,2.8,0.0,15.06
334,7,-2.77,-11.5,2.7,0.03,14.42
334,8,-2.86,-10.8,2.3,0.01,13.81
334,9,-2.84,-10.3,2.3,0.03,13.91
334,10,-2.76,-10.0,2.2,0.04,13.94
334,11,-2.57,-9.7,2.5,0.05,14.09
334,12,-2.5,-9.4,2.9,0.05,13.77
334,13,-2.44,-9.3,3.2,0.04,13.01
334,14,-2.59,-9.4,3.3,0.06,12.67
334,15,-2.8,-9.5,3.5,0.06,12.96
334,16,-2.74,-9.2,3.7,0.06,13.27
334,17,-2.68,-8.7,3.7,0.08,13.04
334,18,-2.73,-8.6,3.4,0.06,12.72
334,19,-2.79,-8.9,3.3,0.1,11.83
334,20,-2.81,-9.1,3.3,0.12,11.44
334,21,-2.76,-9.4,3.2,0.13,11.65
334,22,-2.72,-9.7,3.1,0.13,11.45
334,23,-2.7,-9.8,3.1,0.11,10.72
335,0,-2.82,-9.8,3.2,0.09,10.37
335,1,-2.85,-9.8,3.1,0.11,10.83
335,2,-2.83,-9.5,3.0,0.11,10.8
335,3,-2.75,-9.5,3.0,0.07,10.81
335,4,-2.54,-9.5,3.0,0.1,10.75
335,5,-2.43,-9.5,3.0,0.11,10.76
335,6,-2.36,-9.5,2.9,0.13,11.7
335,7,-2.27,-9.4,2.7,0.12,11.95
335,8,-2.28,-9.3,2.5,0.09,11.77
335,9,-2.18,-9.3,2.0,0.14,12.02
335,10,-2.11,-9.3,1.5,0.16,12.01
335,11,-1.94,-9.3,1.6,0.12,12.51
335,12,-1.89,-9.1,1.6,0.1,12.4
335,13,-1.89,-8.8,1.1,0.08,12.04
335,14,-2.09,-9.7,1.2,0.04,11.19
335,15,-2.0,-9.5,1.6,0.09,11.49
335,16,-1.98,-9.6,2.5,0.21,10.94
335,17,-2.02,-9.8,2.9,0.21,11.95
335,18,-2.05,-9.3,3.3,0.2,12.24
335,19,-1.91,-8.8,3.2,0.03,12.57
335,20,-1.88,-9.0,3.2,0.05,13.19
335,21,-2.2,-9.0,3.4,0.06,13.87
335,22,-2.38,-8.0,3.7,0.08,13.46
335,23,-2.32,-7.3,4.3,0.1,13.42
336,0,-2.82,-7.5,4.8,0.12,14.0
336,1,-3.03,-8.1,5.0,0.09,14.0
336,2,-3.09,-10.8,5.4,0.07,13.51
336,3,-3.29,-12.8,5.9,0.04,12.89
336,4,-3.55,-13.3,6.0,0.02,13.1
336,5,-3.61,-14.2,6.2,0.03,12.94
336,6,-3.46,-14.1,6.1,0.09,12.78
336,7,-3.48,-14.1,6.0,0.13,12.68
336,8,-3.48,-13.9,5.9,0.07,12.71
336,9,-3.5,-13.5,5.6,0.09,13.01
336,10,-3.41,-13.7,5.4,0.09,13.06
336,11,-3.17,-13.3,5.3,0.06,13.07
336,12,-2.97,-13.0,5.2,0.04,13.53
336,13,-2.93,-13.3,4.8,0.05,13.91
336,14,-3.07,-12.8,4.2,0.08,14.14
336,15,-3.32,-13.5,2.4,0.14,13.57
336,16,-3.41,-13.5,1.3,0.09,13.33
336,17,-3.35,-12.8,1.8,0.07,12.96
336,18,-3.2,-11.9,2.2,0.11,13.0
336,19,-3.0,-10.7,2.3,0.15,13.59
336,20,-2.91,-9.9,2.6,0.12,14.05
336,21,-2.73,-9.9,2.6,0.09,13.47
336,22,-2.59,-9.9,2.8,0.03,14.08
336,23,-2.5,-10.3,2.9,0.07,14.27
337,0,-2.43,-10.6,3.0,0.09,14.33
337,1,-2.24,-10.5,3.1,0.05,14.66
337,2,-2.25,-10.0,3.4,0.01,14.93
337,3,-2.42,-9.6,3.7,0.02,14.74
337,4,-2.39,-9.0,4.1,0.01,14.83
337,5,-2.46,-8.3,3.9,0.01,14.86
337,6,-2.61,-7.7,4.0,0.01,14.31
337,7,-2.88,-8.2,3.7,0.0,14.09
337,8,-2.93,-8.2,4.0,0.0,14.11
337,9,-2.99,-8.2,4.1,0.0,13.77
337,10,-3.08,-8.7,4.0,0.01,13.38
337,11,-3.03,-9.0,3.9,0.02,13.28
337,12,-2.88,-9.2,3.9,0.01,12.65
337,13,-2.94,-9.6,4.2,0.0,12.57
337,14,-3.08,-9.8,4.4,0.01,12.85
337,15,-3.47,-10.0,4.1,0.01,13.28
337,16,-3.58,-10.3,3.9,0.01,13.42
337,17,-3.81,-11.1,3.8,0.02,13.42
337,18,-4.05,-11.7,3.7,0.03,13.1
337,19,-4.12,-12.1,3.3,0.03,13.02
337,20,-4.12,-12.7,3.3,0.03,12.51
337,21,-4.11,-13.0,3.4,0.03,12.28
337,22,-4.12,-13.6,2.9,0.05,12.42
337,23,-4.24,-14.0,2.4,0.05,12.05
338,0,-4.42,-14.4,2.1,0.04,12.07
338,1,-4.58,-14.8,1.8,0.02,11.78
338,2,-4.38,-15.1,2.9,0.01,11.62
338,3,-4.47,-14.7,2.8,0.04,11.79
338,4,-4.46,-14.8,2.7,0.04,10.5
338,5,-4.6,-16.6,2.7,0.04,11.08
338,6,-4.59,-16.0,2.7,0.07,11.24
338,7,-4.54,-14.1,2.6,0.05,10.69
338,8,-4.63,-12.2,2.8,0.01,10.53
338,9,-4.73,-10.5,2.8,0.0,10.53
338,10,-4.59,-9.7,2.9,0.0,10.45
338,11,-4.62,-9.8,3.1,0.0,10.38
338,12,-4.38,-10.0,3.2,0.04,10.73
338,13,-4.37,-10.3,3.2,0.08,11.15
338,14,-4.74,-11.8,3.2,0.09,11.56
338,15,-4.85,-12.4,3.5,0.13,11.96
338,16,-4.65,-12.7,3.3,0.15,12.03
338,17,-4.91,-13.0,3.0,0.16,11.94
338,18,-4.84,-13.5,3.0,0.12,11.68
338,19,-4.92,-13.9,2.8,0.11,11.31
338,20,-4.87,-14.3,2.5,0.12,10.73
338,21,-4.8,-14.6,2.1,0.07,10.47
338,22,-4.56,-14.9,2.0,0.07,10.44
338,23,-4.34,-15.1,2.3,0.06,10.03
339,0,-3.99,-15.3,2.8,0.07,9.68
339,1,-4.06,-15.7,2.5,0.09,9.58
339,2,-4.2,-16.9,3.0,0.12,10.21
339,3,-4.87,-18.1,2.6,0.12,11.13
339,4,-4.99,-18.7,2.5,0.18,11.75
339,5,-5.0,-19.0,2.7,0.1,12.31
339,6,-5.21,-18.9,2.6,0.17,12.75
339,7,-5.12,-18.9,2.6,0.12,12.44
339,8,-4.99,-19.1,2.5,0.08,12.4
339,9,-5.0,-19.4,2.4,0.1,12.34
339,10,-5.19,-19.7,1.7,0.05,12.3
339,11,-5.24,-20.0,1.5,0.06,12.14
339,12,-5.17,-20.1,1.3,0.13,11.59
339,13,-5.04,-20.2,1.3,0.08,11.2
339,14,-4.88,-20.4,2.5,0.03,11.41
339,15,-4.96,-21.7,1.7,0.06,11.58
339,16,-5.04,-22.6,1.0,0.13,11.93
339,17,-5.03,-23.0,1.4,0.14,12.21
339,18,-4.89,-22.2,1.7,0.06,13.2
339,19,-4.9,-21.4,1.8,0.04,13.09
339,20,-4.85,-20.4,1.9,0.06,12.76
339,21,-4.73,-19.1,2.0,0.07,12.17
339,22,-4.62,-18.0,2.0,0.05,11.98
339,23,-4.56,-16.8,2.0,0.03,12.45
340,0,-4.74,-15.9,2.1,0.1,12.83
340,1,-4.73,-15.5,2.1,0.12,12.58
340,2,-4.46,-15.7,2.6,0.07,12.75
340,3,-4.83,-14.8,2.5,0.04,12.44
340,4,-4.76,-13.9,2.4,0.02,12.17
340,5,-4.71,-14.2,2.3,0.02,12.47
340,6,-4.74,-14.7,2.3,0.02,12.09
340,7,-4.71,-15.1,2.1,0.02,11.97
340,8,-4.76,-15.3,2.0,0.01,11.52
340,9,-4.71,-15.0,2.0,0.01,11.49
340,10,-4.78,-15.1,1.8,0.03,11.36
340,11,-4.85,-15.2,1.5,0.06,10.98
340,12,-4.74,-14.1,1.3,0.06,10.48
340,13,-4.6,-13.6,1.4,0.09,10.69
340,14,-4.6,-14.0,2.0,0.02,11.1
340,15,-4.75,-12.9,2.1,0.03,10.64
340,16,-4.57,-12.7,2.1,0.02,10.61
340,17,-4.48,-12.6,2.2,0.01,10.97
340,18,-4.32,-12.3,2.3,0.01,11.37
340,19,-4.21,-12.0,2.3,0.01,11.89
340,20,-4.06,-11.5,2.3,0.02,12.26
340,21,-3.88,-12.0,2.5,0.04,12.79
340,22,-3.64,-12.1,2.6,0.07,13.2
340,23,-3.52,-11.7,2.7,0.07,13.61
341,0,-3.49,-11.5,2.6,0.16,13.59
341,1,-3.31,-11.3,2.6,0.17,13.88
341,2,-2.88,-10.8,2.7,0.17,14.37
341,3,-2.95,-11.6,2.5,0.12,14.58
341,4,-2.91,-11.2,2.5,0.09,14.7
341,5,-2.89,-10.7,2.5,0.05,14.71
341,6,-2.86,-10.4,2.7,0.05,14.29
341,7,-2.76,-10.5,2.7,0.03,14.1
341,8,-2.84,-10.7,2.5,0.01,14.04
341,9,-3.17,-10.8,2.3,0.01,14.08
341,10,-3.32,-11.1,2.1,0.01,13.7
341,11,-3.42,-11.3,1.8,0.03,13.56
341,12,-3.55,-11.7,1.7,0.02,13.21
341,13,-3.73,-12.2,1.7,0.02,12.57
341,14,-3.49,-10.0,1.6,0.03,12.35
341,15,-3.58,-11.1,1.4,0.03,12.11
341,16,-3.55,-11.0,1.3,0.02,12.22
341,17,-3.54,-10.9,1.3,0.02,12.48
341,18,-3.59,-11.3,1.2,0.02,12.59
341,19,-3.63,-11.9,1.1,0.02,12.73
341,20,-3.84,-12.2,0.7,0.01,12.89
341,21,-4.07,-12.2,-0.1,0.0,12.75
341,22,-4.23,-12.0,-0.7,0.01,12.16
341,23,-4.2,-11.8,-0.8,0.05,12.1
342,0,-4.06,-11.7,-0.9,0.06,12.28
342,1,-3.88,-11.2,-0.7,0.05,13.25
342,2,-3.99,-12.0,-0.6,0.07,13.51
342,3,-4.32,-12.8,-0.6,0.08,13.47
342,4,-4.37,-13.1,-1.1,0.09,13.54
342,5,-4.43,-13.8,-1.3,0.08,13.62
342,6,-4.35,-13.8,-0.9,0.1,13.33
342,7,-4.27,-13.5,-0.6,0.14,13.2
342,8,-4.26,-13.4,-0.5,0.13,13.3
342,9,-4.19,-12.5,-0.1,0.12,13.67
342,10,-4.26,-12.6,-0.1,0.14,13.6
342,11,-4.21,-12.3,-0.1,0.13,13.46
342,12,-4.01,-11.1,-0.0,0.12,13.55
342,13,-3.96,-11.0,-0.0,0.09,13.24
342,14,-4.1,-14.7,-0.0,0.06,13.01
342,15,-4.4,-16.7,-0.1,0.05,12.58
342,16,-4.5,-19.2,-0.1,0.06,12.36
342,17,-4.37,-18.2,-0.4,0.06,12.51
342,18,-3.96,-14.5,-0.4,0.06,12.15
342,19,-3.61,-13.1,-0.1,0.04,11.64
342,20,-3.67,-13.7,0.3,0.04,11.75
342,21,-3.48,-12.8,0.5,0.03,11.35
342,22,-3.46,-12.8,0.3,0.06,12.1
342,23,-3.36,-11.7,-0.2,0.11,12.83
343,0,-3.42,-11.4,0.0,0.09,12.83
343,1,-3.38,-11.0,0.2,0.03,12.9
343,2,-3.52,-11.5,0.6,0.05,13.5
343,3,-3.64,-11.6,0.5,0.1,13.39
343,4,-3.57,-11.8,1.2,0.1,13.62
343,5,-3.52,-11.7,1.4,0.11,13.7
343,6,-3.48,-11.6,1.7,0.12,13.62
343,7,-3.45,-11.7,1.8,0.09,13.44
343,8,-3.45,-11.9,1.8,0.06,13.69
343,9,-3.56,-12.6,1.8,0.05,13.32
343,10,-3.68,-13.3,1.9,0.03,13.05
343,11,-3.8,-14.0,2.0,0.03,13.3
343,12,-3.83,-14.0,1.9,0.0,13.67
343,13,-3.83,-13.7,1.9,0.02,14.07
343,14,-4.2,-15.2,1.7,0.05,14.62
343,15,-4.27,-15.1,1.5,0.03,15.47
343,16,-4.17,-14.1,1.4,0.06,15.99
343,17,-4.04,-13.0,1.5,0.04,16.14
343,18,-4.03,-12.7,1.5,0.06,16.42
343,19,-4.12,-13.1,1.3,0.04,16.25
343,20,-4.25,-13.2,1.5,0.06,15.78
343,21,-4.19,-12.5,1.6,0.06,15.19
343,22,-4.11,-12.1,1.8,0.07,15.45
343,23,-4.09,-11.8,1.8,0.07,15.17
344,0,-4.03,-11.5,1.8,0.02,15.06
344,1,-3.99,-11.2,1.4,0.05,15.33
344,2,-3.91,-11.1,1.4,0.04,15.81
344,3,-3.92,-11.6,1.9,0.03,15.81
344,4,-3.87,-11.6,2.5,0.02,15.71
344,5,-3.88,-11.3,2.8,0.08,15.94
344,6,-3.73,-10.9,3.0,0.03,16.0
344,7,-3.69,-10.6,3.4,0.05,16.12
344,8,-3.93,-11.2,3.1,0.22,15.33
344,9,-4.0,-11.6,3.7,0.2,15.48
344,10,-4.08,-12.0,4.5,0.1,15.23
344,11,-3.95,-11.3,5.1,0.05,14.87
344,12,-4.19,-12.1,5.1,0.04,14.79
344,13,-4.14,-11.7,5.0,0.0,14.32
344,14,-3.96,-12.4,4.8,0.01,15.13
344,15,-3.57,-11.3,5.2,0.0,14.47
344,16,-3.58,-11.4,5.1,0.01,13.66
344,17,-3.99,-13.6,5.0,0.02,13.61
344,18,-4.03,-13.7,4.9,0.04,13.0
344,19,-3.92,-12.4,5.1,0.04,13.17
344,20,-4.13,-13.0,5.2,0.05,13.09
344,21,-4.02,-12.3,5.2,0.06,13.41
344,22,-4.04,-11.4,4.6,0.09,13.19
344,23,-3.95,-11.3,4.4,0.1,13.06
345,0,-4.0,-11.5,4.4,0.1,13.17
345,1,-4.18,-11.6,3.8,0.08,13.4
345,2,-4.56,-11.5,2.8,0.06,13.52
345,3,-4.7,-11.8,2.9,0.05,13.25
345,4,-4.7,-11.3,2.7,0.02,13.53
345,5,-4.63,-11.1,2.4,0.01,13.68
345,6,-4.7,-11.3,2.0,0.0,14.29
345,7,-4.72,-11.9,1.6,0.0,14.56
345,8,-4.73,-11.7,1.1,0.02,14.46
345,9,-4.62,-11.6,0.7,0.05,14.32
345,10,-4.55,-11.3,0.4,0.1,14.47
345,11,-4.46,-11.4,0.2,0.14,14.4
345,12,-4.46,-11.2,0.1,0.1,14.15
345,13,-4.41,-11.4,-0.2,0.06,14.29
345,14,-4.41,-11.6,-0.6,0.03,13.74
345,15,-4.42,-11.8,0.0,0.04,13.46
345,16,-4.4,-12.0,0.6,0.01,13.65
345,17,-4.5,-12.1,1.1,0.02,13.75
345,18,-4.66,-12.1,1.3,0.02,13.33
345,19,-4.82,-12.0,1.9,0.01,12.75
345,20,-4.95,-12.0,2.5,0.01,12.58
345,21,-5.15,-11.6,2.8,0.02,12.71
345,22,-5.27,-11.4,2.9,0.0,11.88
345,23,-5.34,-11.4,2.8,0.0,11.68
346,0,-5.48,-11.3,2.8,0.0,11.9
346,1,-5.6,-12.1,2.6,0.01,11.5
346,2,-5.61,-12.6,3.0,0.01,12.13
346,3,-5.6,-11.8,2.6,0.01,11.9
346,4,-5.61,-11.9,2.5,0.04,11.5
346,5,-5.68,-11.9,2.4,0.05,11.62
346,6,-5.85,-11.8,2.3,0.04,11.55
346,7,-6.03,-12.1,2.2,0.01,11.69
346,8,-6.32,-12.7,2.1,0.0,11.17
346,9,-6.43,-12.8,2.0,0.0,10.62
346,10,-6.54,-13.3,2.0,0.01,11.06
346,11,-6.7,-14.1,2.0,0.01,10.57
346,12,-6.83,-14.6,2.0,0.02,10.83
346,13,-6.84,-15.0,2.1,0.05,11.34
346,14,-7.0,-15.4,2.1,0.07,11.14
346,15,-7.31,-16.1,1.9,0.09,10.81
346,16,-7.26,-16.5,1.7,0.05,10.4
346,17,-7.29,-16.9,1.4,0.05,10.55
346,18,-7.31,-17.4,1.2,0.07,10.32
346,19,-7.46,-17.8,1.0,0.14,10.25
346,20,-7.73,-17.9,0.9,0.15,9.7
346,21,-7.75,-17.6,0.9,0.17,9.94
346,22,-7.72,-17.3,0.9,0.17,10.07
346,23,-7.68,-17.0,0.7,0.11,10.13
347,0,-7.57,-16.6,0.6,0.09,9.67
347,1,-7.4,-16.1,0.3,0.06,9.51
347,2,-7.2,-15.5,0.6,0.03,10.07
347,3,-7.15,-15.4,0.4,0.05,9.5
347,4,-6.77,-14.8,0.5,0.04,9.98
347,5,-6.36,-14.3,0.1,0.06,10.28
347,6,-6.01,-14.1,-0.1,0.08,10.69
347,7,-5.81,-13.8,0.1,0.07,10.79
347,8,-5.86,-15.4,0.2,0.09,11.13
347,9,-5.77,-15.0,0.1,0.11,11.43
347,10,-5.6,-14.3,0.4,0.1,11.99
347,11,-5.53,-13.8,0.6,0.06,12.34
347,12,-5.37,-13.4,0.9,0.07,12.37
347,13,-5.21,-13.0,0.4,0.05,12.5
347,14,-5.26,-13.2,0.7,0.02,12.36
347,15,-5.27,-13.4,0.7,0.02,12.26
347,16,-5.23,-13.1,0.7,0.02,12.32
347,17,-5.11,-12.6,0.7,0.02,11.67
347,18,-5.07,-12.1,0.6,0.03,11.05
347,19,-5.11,-11.7,0.6,0.05,10.82
347,20,-4.98,-10.9,0.8,0.07,10.4
347,21,-4.83,-10.5,0.7,0.06,10.26
347,22,-4.81,-10.0,0.8,0.04,10.22
347,23,-4.8,-10.0,0.7,0.03,10.41
348,0,-4.81,-10.2,0.6,0.03,10.45
348,1,-4.8,-10.0,0.4,0.04,10.33
348,2,-4.81,-9.6,0.7,0.04,10.71
348,3,-5.08,-11.4,0.9,0.04,11.13
348,4,-5.14,-11.3,0.6,0.02,10.77
348,5,-5.23,-11.2,0.4,0.04,10.94
348,6,-5.33,-11.4,0.4,0.06,11.04
348,7,-5.35,-11.2,0.7,0.08,11.15
348,8,-5.32,-11.2,0.6,0.13,10.86
348,9,-5.3,-11.4,0.4,0.1,10.94
348,10,-5.3,-11.8,0.7,0.05,11.44
348,11,-5.41,-12.4,0.8,0.05,11.68
348,12,-5.43,-13.7,0.8,0.08,11.44
348,13,-5.24,-13.7,1.0,0.07,11.91
348,14,-5.18,-13.9,1.1,0.06,12.75
348,15,-5.12,-14.0,0.8,0.05,12.83
348,16,-5.0,-13.5,0.8,0.03,12.56
348,17,-4.91,-13.6,0.8,0.02,12.37
348,18,-4.89,-13.3,0.7,0.1,12.71
348,19,-4.8,-13.0,0.6,0.07,12.84
348,20,-4.78,-12.8,0.7,0.04,12.48
348,21,-4.74,-13.1,0.9,0.05,12.03
348,22,-4.78,-13.5,1.0,0.07,12.04
348,23,-4.77,-13.8,0.9,0.12,11.96
349,0,-4.77,-14.3,0.9,0.07,11.93
349,1,-4.86,-14.6,0.9,0.02,11.78
349,2,-4.99,-14.8,0.8,0.02,11.91
349,3,-5.16,-15.6,0.8,0.05,11.97
349,4,-5.15,-15.8,0.9,0.02,11.85
349,5,-5.23,-16.0,0.9,0.01,11.84
349,6,-5.21,-16.1,0.9,0.01,11.64
349,7,-5.14,-16.3,0.9,0.01,11.78
349,8,-5.09,-16.1,0.9,0.02,11.63
349,9,-4.83,-16.0,1.0,0.02,12.6
349,10,-4.5,-15.8,1.0,0.02,12.66
349,11,-4.25,-15.4,1.0,0.05,12.95
349,12,-4.0,-14.5,0.9,0.17,13.1
349,13,-3.86,-14.0,0.8,0.08,13.51
349,14,-3.81,-13.6,1.0,0.03,13.92
349,15,-4.01,-16.3,1.2,0.03,13.47
349,16,-3.87,-16.2,1.1,0.02,13.57
349,17,-3.72,-16.1,0.9,0.11,13.76
349,18,-3.52,-16.0,1.1,0.19,13.23
349,19,-3.31,-15.8,1.4,0.2,13.24
349,20,-3.4,-15.3,1.0,0.11,13.29
349,21,-3.3,-14.8,1.5,0.09,13.48
349,22,-3.1,-14.6,1.9,0.09,13.73
349,23,-2.99,-13.7,2.4,0.11,13.98
350,0,-2.94,-13.3,2.1,0.17,13.65
350,1,-2.83,-13.0,2.2,0.26,13.41
350,2,-2.88,-12.6,2.0,0.13,12.9
350,3,-2.85,-11.1,1.8,0.08,12.6
350,4,-2.83,-10.2,1.8,0.15,12.29
350,5,-3.05,-10.2,1.7,0.2,11.56
350,6,-3.23,-10.1,1.7,0.15,11.38
350,7,-3.44,-9.8,1.0,0.2,11.62
350,8,-3.39,-9.6,0.7,0.18,10.75
350,9,-3.49,-9.5,0.5,0.21,10.7
350,10,-3.55,-9.5,0.4,0.17,10.38
350,11,-3.61,-9.6,0.3,0.13,10.43
350,12,-3.68,-9.9,0.3,0.11,10.63
350,13,-3.92,-10.3,0.2,0.08,10.1
350,14,-3.88,-10.6,0.2,0.06,10.08
350,15,-4.15,-10.9,0.1,0.03,10.35
350,16,-4.34,-11.1,0.2,0.03,10.4
350,17,-4.45,-11.7,0.3,0.05,10.7
350,18,-4.47,-12.6,0.4,0.06,10.69
350,19,-4.47,-13.2,0.4,0.13,10.64
350,20,-4.35,-13.5,0.0,0.18,11.34
350,21,-4.11,-13.7,-0.3,0.2,11.26
350,22,-3.91,-14.0,0.8,0.23,11.81
350,23,-3.94,-14.6,1.0,0.22,11.83
351,0,-3.93,-14.8,1.9,0.03,11.77
351,1,-3.86,-15.1,2.9,0.02,11.9
351,2,-4.17,-15.3,2.6,0.02,12.8
351,3,-4.65,-17.6,0.8,0.0,11.91
351,4,-4.71,-17.9,0.4,0.1,12.08
351,5,-4.62,-18.1,0.5,0.06,12.32
351,6,-4.69,-18.2,0.3,0.0,12.25
351,7,-4.71,-18.4,0.4,0.0,12.0
351,8,-4.89,-18.5,0.3,0.02,11.73
351,9,-5.15,-18.7,0.2,0.03,12.16
351,10,-5.12,-18.9,0.5,0.01,11.28
351,11,-4.88,-18.0,0.7,0.01,11.69
351,12,-4.72,-17.4,0.9,0.01,12.02
351,13,-4.64,-17.4,1.3,0.02,11.31
351,14,-4.34,-17.5,1.5,0.12,12.02
351,15,-4.42,-18.4,0.8,0.12,11.88
351,16,-4.33,-17.8,1.0,0.13,11.72
351,17,-4.2,-17.5,1.2,0.09,12.15
351,18,-4.22,-17.6,1.4,0.09,11.73
351,19,-4.38,-18.8,1.7,0.15,11.93
351,20,-4.35,-18.3,1.6,0.19,12.02
351,21,-4.37,-18.6,1.6,0.11,11.87
351,22,-4.51,-19.9,1.4,0.09,11.74
351,23,-4.45,-20.0,1.0,0.02,11.61
352,0,-4.55,-20.2,1.0,0.0,11.43
352,1,-4.42,-20.2,1.0,0.01,11.74
352,2,-4.48,-20.3,0.6,0.02,12.18
352,3,-4.51,-19.3,0.7,0.07,11.89
352,4,-4.57,-19.2,0.3,0.01,11.2
352,5,-4.53,-19.1,0.4,0.0,11.36
352,6,-4.53,-19.1,0.4,0.0,11.62
352,7,-4.43,-18.5,0.4,0.0,11.22
352,8,-4.33,-18.0,0.4,0.0,10.85
352,9,-4.2,-17.7,0.2,0.0,10.7
352,10,-4.22,-18.2,0.1,0.0,10.41
352,11,-3.84,-18.5,0.5,0.0,12.18
352,12,-3.64,-18.4,1.1,0.0,12.87
352,13,-3.37,-18.2,2.1,0.01,12.75
352,14,-3.29,-18.3,1.8,0.03,13.08
352,15,-3.39,-18.6,1.1,0.03,13.21
352,16,-3.4,-19.3,0.4,0.04,13.24
352,17,-3.23,-18.9,1.0,0.08,13.67
352,18,-3.09,-18.0,1.1,0.14,13.91
352,19,-2.97,-17.1,1.4,0.1,13.38
352,20,-3.01,-16.5,1.1,0.09,12.96
352,21,-2.99,-15.4,1.1,0.1,13.37
352,22,-2.97,-14.6,1.2,0.09,13.74
352,23,-3.0,-13.9,1.2,0.15,13.94
353,0,-3.11,-13.5,1.9,0.12,13.6
353,1,-3.29,-12.7,2.3,0.27,13.72
353,2,-3.06,-11.7,2.7,0.28,13.28
353,3,-3.22,-9.8,3.0,0.11,12.46
353,4,-3.08,-9.1,3.5,0.07,12.54
353,5,-3.28,-8.7,3.4,0.08,12.7
353,6,-3.25,-8.2,2.9,0.08,12.79
353,7,-3.27,-7.9,2.2,0.07,12.54
353,8,-3.19,-8.0,1.9,0.07,12.83
353,9,-2.94,-8.1,1.7,0.13,12.91
353,10,-2.87,-8.0,1.5,0.2,13.16
353,11,-2.79,-7.7,1.5,0.17,12.87
353,12,-2.66,-7.5,1.3,0.13,12.51
353,13,-2.59,-7.4,1.2,0.18,12.03
353,14,-2.61,-7.3,1.6,0.19,12.1
353,15,-2.58,-7.2,1.6,0.09,12.52
353,16,-2.58,-7.2,1.8,0.05,12.66
353,17,-2.61,-6.8,2.3,0.13,12.97
353,18,-2.62,-6.5,2.4,0.16,13.03
353,19,-2.61,-6.8,2.7,0.18,13.58
353,20,-2.65,-8.1,3.6,0.12,13.31
353,21,-2.98,-8.9,3.6,0.13,13.32
353,22,-3.14,-10.3,3.9,0.09,13.35
353,23,-2.91,-11.3,4.2,0.1,12.99
354,0,-3.05,-11.5,4.6,0.16,12.91
354,1,-3.1,-12.0,4.7,0.06,13.52
354,2,-3.24,-14.0,4.1,0.05,13.76
354,3,-3.42,-15.2,3.9,0.03,13.1
354,4,-3.41,-15.8,3.6,0.1,13.13
354,5,-3.45,-16.2,3.3,0.07,13.18
354,6,-3.38,-16.3,2.9,0.04,13.21
354,7,-3.2,-16.0,3.5,0.08,13.2
354,8,-3.06,-15.4,3.6,0.09,13.19
354,9,-3.01,-14.8,3.6,0.19,13.56
354,10,-3.0,-14.5,3.6,0.03,13.81
354,11,-2.93,-14.4,4.0,0.04,13.78
354,12,-2.87,-14.2,3.8,0.1,14.2
354,13,-2.94,-14.1,3.5,0.09,14.54
354,14,-2.8,-13.0,2.9,0.14,14.25
354,15,-3.01,-13.0,2.5,0.17,13.4
354,16,-2.98,-12.6,2.7,0.32,13.18
354,17,-2.94,-11.6,2.8,0.37,12.26
354,18,-2.85,-10.8,3.0,0.4,11.54
354,19,-2.83,-10.3,3.3,0.25,11.24
354,20,-2.99,-11.2,3.4,0.14,11.24
354,21,-3.26,-11.6,3.5,0.07,11.45
354,22,-3.4,-11.8,3.5,0.04,11.75
354,23,-3.45,-12.1,3.6,0.03,11.8
355,0,-3.63,-12.5,3.7,0.07,11.79
355,1,-3.69,-12.9,3.8,0.08,12.08
355,2,-4.15,-13.2,4.1,0.04,12.16
355,3,-4.23,-14.0,3.8,0.04,11.67
355,4,-4.22,-14.3,3.7,0.06,11.68
355,5,-4.12,-14.4,3.7,0.06,11.47
355,6,-4.05,-14.4,3.6,0.03,11.45
355,7,-3.98,-13.8,3.6,0.04,11.75
355,8,-3.99,-13.0,3.5,0.03,11.92
355,9,-3.93,-12.8,3.4,0.03,11.91
355,10,-3.79,-13.2,3.3,0.03,12.34
355,11,-3.49,-13.5,3.3,0.04,12.49
355,12,-3.19,-13.0,3.1,0.05,12.17
355,13,-3.06,-11.7,3.1,0.03,12.48
355,14,-2.96,-12.1,4.2,0.02,12.66
355,15,-3.17,-11.9,3.9,0.01,12.64
355,16,-3.34,-11.5,3.9,0.01,12.45
355,17,-3.46,-11.6,3.6,0.03,12.31
355,18,-3.61,-11.9,3.4,0.04,12.33
355,19,-3.6,-12.3,3.3,0.04,12.3
355,20,-3.53,-12.9,3.2,0.03,11.89
355,21,-3.69,-13.4,2.9,0.05,11.19
355,22,-3.68,-13.7,2.7,0.06,11.23
355,23,-3.75,-14.0,2.5,0.06,11.31
356,0,-3.8,-14.0,2.6,0.04,11.42
356,1,-3.81,-14.1,2.9,0.02,12.14
356,2,-3.49,-12.2,2.9,0.0,12.62
356,3,-3.92,-12.8,2.7,0.0,12.73
356,4,-3.95,-13.0,2.5,0.02,12.73
356,5,-4.03,-13.0,2.1,0.1,12.27
356,6,-4.02,-13.0,2.5,0.11,11.92
356,7,-3.97,-12.9,2.6,0.04,11.69
356,8,-4.08,-13.3,2.3,0.01,11.92
356,9,-4.32,-13.6,2.2,0.01,11.65
356,10,-4.45,-13.6,2.3,0.0,11.45
356,11,-4.56,-13.3,2.4,0.0,11.35
356,12,-4.72,-12.9,2.3,0.0,10.68
356,13,-4.87,-12.7,1.9,0.0,10.38
356,14,-4.76,-13.5,2.2,0.01,11.55
356,15,-4.9,-14.1,2.5,0.0,12.07
356,16,-4.98,-14.3,1.7,0.02,11.8
356,17,-5.02,-14.5,1.7,0.0,12.26
356,18,-5.12,-14.4,2.3,0.01,13.12
356,19,-4.93,-14.4,2.1,0.02,12.78
356,20,-5.04,-14.4,1.6,0.04,13.06
356,21,-4.81,-14.5,1.8,0.08,13.48
356,22,-4.63,-14.5,1.7,0.08,13.16
356,23,-4.64,-14.6,1.4,0.13,13.16
357,0,-4.73,-14.8,1.4,0.1,12.82
357,1,-4.79,-14.8,1.3,0.03,13.02
357,2,-4.95,-15.0,1.9,0.04,13.51
357,3,-5.04,-15.6,1.7,0.04,13.59
357,4,-4.87,-15.8,1.7,0.05,14.01
357,5,-4.69,-15.8,1.8,0.07,13.73
357,6,-4.57,-15.6,2.0,0.1,13.69
357,7,-4.41,-15.4,1.9,0.07,13.31
357,8,-4.43,-15.3,2.1,0.07,13.18
357,9,-4.25,-15.3,2.0,0.1,13.42
357,10,-4.25,-15.5,1.9,0.25,13.48
357,11,-4.25,-15.5,1.7,0.24,14.28
357,12,-4.25,-14.8,1.6,0.16,14.22
357,13,-4.29,-15.0,1.5,0.17,13.77
357,14,-4.02,-14.6,1.3,0.11,13.87
357,15,-4.49,-15.9,1.1,0.06,13.26
357,16,-4.56,-15.9,0.8,0.05,12.08
357,17,-4.82,-17.2,0.7,0.04,12.23
357,18,-4.83,-16.8,0.7,0.03,12.08
357,19,-4.99,-17.2,0.7,0.03,11.8
357,20,-5.07,-17.7,0.6,0.06,12.0
357,21,-5.25,-18.1,0.5,0.06,12.47
357,22,-5.31,-18.2,0.5,0.04,12.42
357,23,-5.19,-17.3,0.4,0.05,12.32
358,0,-5.04,-16.3,0.3,0.08,11.8
358,1,-4.9,-15.6,0.3,0.05,11.43
358,2,-4.89,-15.3,0.3,0.01,11.44
358,3,-5.2,-14.6,0.2,0.0,11.42
358,4,-5.36,-13.6,0.1,0.01,11.52
358,5,-5.49,-12.9,-0.1,0.01,11.25
358,6,-5.51,-12.2,0.0,0.01,11.36
358,7,-5.54,-11.4,0.3,0.01,11.12
358,8,-5.63,-10.9,0.2,0.02,11.6
358,9,-5.48,-10.7,-0.3,0.03,12.47
358,10,-5.35,-10.0,-0.6,0.02,12.02
358,11,-5.29,-10.1,-0.8,0.01,11.88
358,12,-5.22,-10.1,-0.8,0.01,11.82
358,13,-5.08,-10.3,-0.9,0.03,12.39
358,14,-4.94,-10.7,-0.8,0.05,13.14
358,15,-4.82,-11.6,-0.4,0.07,13.47
358,16,-4.69,-12.2,-0.0,0.08,13.46
358,17,-4.67,-13.2,0.4,0.07,12.96
358,18,-4.78,-14.6,0.7,0.06,12.66
358,19,-4.62,-14.6,1.0,0.04,12.21
358,20,-4.36,-14.2,1.1,0.05,12.17
358,21,-4.12,-13.6,0.6,0.06,12.98
358,22,-3.88,-12.7,0.6,0.05,13.6
358,23,-3.86,-11.9,0.7,0.04,13.64
359,0,-3.68,-10.8,1.0,0.02,13.32
359,1,-3.62,-10.4,1.1,0.0,13.18
359,2,-3.59,-10.4,1.5,0.0,13.87
359,3,-3.5,-10.2,2.4,0.01,13.93
359,4,-3.35,-9.7,2.9,0.0,13.52
359,5,-3.27,-9.4,3.3,0.02,13.77
359,6,-3.17,-9.3,3.6,0.02,13.83
359,7,-3.1,-9.5,4.0,0.02,14.05
359,8,-2.98,-10.1,4.1,0.03,14.02
359,9,-2.9,-10.8,4.5,0.03,14.07
359,10,-2.82,-10.5,4.6,0.06,13.73
359,11,-2.83,-10.4,4.5,0.08,14.15
359,12,-2.75,-10.4,4.6,0.1,14.04
359,13,-2.73,-11.4,4.7,0.17,13.52
359,14,-2.92,-13.2,4.4,0.06,12.34
359,15,-3.25,-14.4,3.2,0.02,11.96
359,16,-3.38,-15.9,3.0,0.01,11.62
359,17,-3.58,-16.8,3.5,0.01,11.91
359,18,-3.81,-17.1,4.0,0.02,12.13
359,19,-3.86,-17.1,3.7,0.03,12.59
359,20,-3.79,-16.4,3.4,0.04,12.87
359,21,-3.99,-15.6,3.4,0.03,12.2
359,22,-4.16,-15.3,3.2,0.02,12.38
359,23,-4.23,-15.1,3.2,0.03,12.57
360,0,-4.18,-14.4,3.3,0.04,12.51
360,1,-4.25,-13.7,3.1,0.03,12.12
360,2,-4.73,-14.3,2.6,0.01,12.43
360,3,-5.21,-15.4,1.4,0.04,11.93
360,4,-5.52,-15.9,0.8,0.03,11.3
360,5,-5.76,-16.1,0.4,0.03,11.67
360,6,-5.9,-16.2,0.5,0.03,11.75
360,7,-5.99,-16.4,0.5,0.03,11.38
360,8,-5.91,-16.6,1.0,0.03,11.92
360,9,-5.76,-16.7,1.9,0.05,12.25
360,10,-5.71,-16.7,2.9,0.06,12.5
360,11,-5.82,-16.8,3.3,0.05,11.92
360,12,-6.09,-16.5,3.8,0.06,12.28
360,13,-5.84,-16.6,4.0,0.06,11.9
360,14,-5.87,-15.8,3.8,0.06,11.73
360,15,-6.5,-15.2,3.1,0.08,11.21
360,16,-6.49,-16.3,2.4,0.09,11.19
360,17,-6.16,-15.1,3.0,0.07,12.36
360,18,-6.14,-15.4,3.1,0.03,13.19
360,19,-6.12,-15.7,2.9,0.04,13.22
360,20,-6.57,-16.5,2.6,0.02,12.59
360,21,-6.8,-16.4,2.3,0.04,12.56
360,22,-6.89,-16.8,2.1,0.02,12.78
360,23,-6.77,-16.7,1.9,0.02,12.76
361,0,-6.62,-16.1,1.8,0.03,13.06
361,1,-6.33,-15.1,1.8,0.05,13.25
361,2,-6.19,-14.2,1.9,0.06,13.49
361,3,-6.13,-13.7,2.0,0.08,13.81
361,4,-5.86,-12.8,2.0,0.08,13.98
361,5,-5.62,-12.2,2.0,0.07,13.68
361,6,-5.61,-12.0,1.9,0.06,12.98
361,7,-5.66,-11.7,2.2,0.14,13.61
361,8,-5.63,-11.5,2.7,0.14,13.79
361,9,-5.52,-11.2,2.5,0.01,14.66
361,10,-5.5,-11.2,2.2,0.01,15.14
361,11,-5.31,-10.9,2.1,0.03,15.07
361,12,-5.13,-10.6,2.2,0.01,14.85
361,13,-5.09,-10.5,2.3,0.02,14.58
361,14,-4.76,-10.2,2.4,0.04,14.85
361,15,-4.86,-10.7,2.5,0.05,15.73
361,16,-4.85,-11.1,2.5,0.07,16.06
361,17,-4.92,-11.9,2.5,0.09,16.84
361,18,-4.69,-10.8,2.5,0.1,16.64
361,19,-4.53,-10.7,2.2,0.08,16.37
361,20,-4.39,-10.9,2.2,0.03,16.31
361,21,-4.08,-10.0,2.1,0.02,16.23
361,22,-4.01,-10.1,1.9,0.02,15.86
361,23,-4.04,-9.8,1.8,0.03,15.78
362,0,-4.21,-10.2,1.6,0.02,14.89
362,1,-4.29,-9.7,1.4,0.04,14.32
362,2,-4.63,-11.4,1.2,0.03,14.11
362,3,-4.77,-12.6,0.8,0.03,13.87
362,4,-4.66,-11.6,0.6,0.04,13.2
362,5,-4.56,-11.3,0.5,0.02,12.89
362,6,-4.54,-11.3,0.4,0.02,12.1
362,7,-4.51,-11.0,0.2,0.01,11.28
362,8,-4.52,-10.5,-0.1,0.0,10.93
362,9,-4.52,-10.2,-0.3,0.0,10.19
362,10,-4.75,-9.9,-0.5,0.01,10.37
362,11,-4.6,-9.8,-0.6,0.01,10.73
362,12,-4.62,-9.6,-0.7,0.0,10.52
362,13,-4.64,-9.8,-0.9,0.0,10.63
362,14,-4.77,-10.6,-0.8,0.01,11.63
362,15,-4.9,-10.4,-0.4,0.01,11.32
362,16,-5.04,-10.3,-0.3,0.02,11.54
362,17,-4.75,-9.4,-0.7,0.01,12.08
362,18,-4.56,-8.9,-1.0,0.01,12.45
362,19,-4.24,-7.8,-1.3,0.01,12.31
362,20,-4.04,-6.9,-1.7,0.01,12.78
362,21,-3.83,-6.1,-1.9,0.02,13.23
362,22,-3.59,-5.9,-1.8,0.03,13.8
362,23,-3.25,-5.9,-1.5,0.07,13.6
363,0,-2.91,-6.3,-1.0,0.06,14.92
363,1,-2.76,-5.9,0.1,0.03,15.36
363,2,-2.38,-5.7,0.9,0.04,15.66
363,3,-2.34,-6.3,1.6,0.02,16.59
363,4,-2.4,-6.2,2.1,0.03,16.78
363,5,-2.4,-6.1,2.4,0.03,17.31
363,6,-2.26,-5.9,2.5,0.05,17.06
363,7,-2.15,-6.1,2.4,0.1,16.83
363,8,-2.04,-6.5,2.3,0.14,16.87
363,9,-1.98,-6.2,1.6,0.15,16.97
363,10,-1.86,-5.9,1.2,0.16,17.15
363,11,-1.9,-6.0,1.3,0.17,16.82
363,12,-1.87,-5.9,1.4,0.24,16.41
363,13,-1.95,-6.5,1.3,0.18,16.11
363,14,-1.92,-7.4,1.7,0.1,16.01
363,15,-2.13,-8.3,1.7,0.03,16.29
363,16,-2.15,-8.5,1.9,0.01,17.0
363,17,-2.14,-8.5,1.9,0.02,17.59
363,18,-2.26,-8.4,1.8,0.05,17.48
363,19,-2.22,-9.0,2.0,0.05,17.3
363,20,-2.2,-9.4,2.2,0.09,17.41
363,21,-2.16,-9.3,2.2,0.13,17.13
363,22,-2.15,-9.2,2.1,0.12,17.26
363,23,-2.36,-9.6,2.2,0.17,17.05
364,0,-2.36,-9.7,2.4,0.26,16.77
364,1,-2.29,-9.1,2.9,0.21,17.27
364,2,-2.13,-8.9,3.7,0.03,17.55
364,3,-2.08,-8.8,3.8,0.06,17.37
364,4,-2.23,-8.8,4.1,0.05,17.06
364,5,-2.37,-9.1,4.1,0.05,17.17
364,6,-2.5,-9.7,4.2,0.07,17.21
364,7,-2.51,-9.8,4.3,0.07,17.04
364,8,-2.65,-10.0,4.4,0.03,17.27
364,9,-2.84,-10.4,4.1,0.07,16.75
364,10,-2.74,-9.7,4.0,0.1,16.72
364,11,-2.62,-9.6,3.9,0.14,17.34
364,12,-2.67,-10.0,3.6,0.23,17.71
364,13,-2.82,-10.4,3.2,0.19,17.74
364,14,-3.24,-11.4,3.2,0.13,17.5
364,15,-3.19,-12.1,3.0,0.08,16.08
364,16,-3.27,-12.6,2.9,0.04,15.68
364,17,-3.17,-13.1,3.0,0.06,15.67
364,18,-3.38,-13.4,3.0,0.05,16.0
364,19,-3.38,-14.2,3.7,0.07,16.63
364,20,-3.73,-17.2,4.3,0.05,16.43
364,21,-3.93,-18.4,3.7,0.04,16.68
364,22,-3.95,-18.4,3.8,0.07,16.88
364,23,-3.57,-17.5,3.7,0.06,17.02
365,0,-3.01,-15.5,3.4,0.03,17.67
365,1,-2.77,-15.0,3.2,0.08,18.26
365,2,-3.09,-19.4,3.0,0.05,17.67
365,3,-3.45,-19.6,3.2,0.09,16.84
365,4,-3.49,-18.9,3.1,0.07,15.93
365,5,-3.53,-17.6,2.9,0.06,15.83
365,6,-3.45,-16.4,2.9,0.03,15.64
365,7,-3.47,-15.6,2.9,0.03,15.36
365,8,-3.8,-17.5,2.7,0.03,14.98
365,9,-4.05,-17.1,2.5,0.01,15.66
365,10,-4.3,-17.5,2.4,0.0,15.5
365,11,-4.37,-16.8,2.4,0.0,15.92
365,12,-4.22,-16.2,2.6,0.01,16.37
365,13,-4.2,-16.1,2.6,0.04,16.22
365,14,-4.21,-15.9,2.5,0.09,15.79
365,15,-4.11,-16.4,2.3,0.07,16.38
365,16,-3.91,-16.8,2.2,0.05,16.32
365,17,-3.95,-17.7,2.3,0.07,16.28
365,18,-4.22,-18.3,2.5,0.1,15.64
365,19,-4.21,-18.0,2.6,0.17,15.43
365,20,-4.38,-18.5,2.6,0.51,14.93
365,21,-4.45,-18.2,3.2,0.09,14.28
365,22,-4.58,-17.7,3.0,0.06,13.91
365,23,-3.18,-12.4,2.9,0.12,14.95
